appid,title_old,title_new,rank_old,rank_new,rank_delta,abs_rank_delta,movement_type,spike_type,price_text_old,price_text_new,price_changed,release_text_old,release_text_new,release_changed
3084810,Tower Lab,Tower Lab,909,877,32,32,up,upward_spike,Unpriced (Coming Soon),Unpriced (Coming Soon),False,"Sep 7, 2026","Sep 7, 2026",False
2643540,Age Twisters,Age Twisters,953,923,30,30,up,upward_spike,Unpriced (Coming Soon),Unpriced (Coming Soon),False,To be announced,To be announced,False
4498480,Hold My Thing,Hold My Thing,1152,1125,27,27,up,upward_spike,Free,Free,False,Coming soon,Coming soon,False
3180340,RIG Riot,RIG Riot,1031,1005,26,26,up,upward_spike,Unpriced (Coming Soon),Unpriced (Coming Soon),False,"Sep 14, 2026","Sep 14, 2026",False
3948160,Waste The Fallen,Waste The Fallen,875,852,23,23,up,upward_spike,Free,Free,False,Coming soon,Coming soon,False
2837690,Dungeons & Dragons: Long Rest Tavern,Dungeons & Dragons: Long Rest Tavern,817,796,21,21,up,upward_spike,Free,Free,False,2027,2027,False
2659410,Elta: Defy All Gods,Elta: Defy All Gods,1060,1039,21,21,up,upward_spike,Free,Free,False,Q1 2027,Q1 2027,False
4163960,Another Eden Begins,Another Eden Begins,926,909,17,17,up,none,Unpriced (Coming Soon),Unpriced (Coming Soon),False,"Sep 16, 2026","Sep 16, 2026",False
4822580,Kingdom III: Rising Realms,Kingdom III: Rising Realms,1070,1054,16,16,up,none,Unpriced (Coming Soon),Unpriced (Coming Soon),False,To be announced,To be announced,False
5056630,Last Ditch Effort,Last Ditch Effort,1119,1103,16,16,up,none,Free,Free,False,2027,2027,False
4216080,Wolcen 2,Wolcen 2,771,756,15,15,up,none,Unpriced (Coming Soon),Unpriced (Coming Soon),False,To be announced,To be announced,False
4715160,Finals Week ✍🏻,Finals Week ✍🏻,1168,1153,15,15,up,none,Free,Free,False,Coming soon,Coming soon,False
2870790,Dumpster Gang,Dumpster Gang,687,674,13,13,up,none,Unpriced (Coming Soon),Unpriced (Coming Soon),False,December 2026,December 2026,False
3788160,Terminal War,Terminal War,829,816,13,13,up,none,Free,Free,False,Coming soon,Coming soon,False
2087540,Escape from Playtime,Escape from Playtime,958,945,13,13,up,none,Free,Free,False,Coming soon,Coming soon,False
3947460,Creator Chronicles,Creator Chronicles,995,982,13,13,up,none,Unpriced (Coming Soon),Unpriced (Coming Soon),False,"Sep 14, 2026","Sep 14, 2026",False
3375110,Tiny Eden,Tiny Eden,542,531,11,11,up,none,Unpriced (Coming Soon),Unpriced (Coming Soon),False,"Sep 7, 2026","Sep 7, 2026",False
5123770,Ylem's Cat,Ylem's Cat,704,693,11,11,up,none,Free,Free,False,Coming soon,Coming soon,False
3123060,Warlord: Awaji,Warlord: Awaji,1133,1122,11,11,up,none,Unpriced (Coming Soon),Unpriced (Coming Soon),False,"Sep 9, 2026","Sep 9, 2026",False
3306920,Cosmic Fear,Cosmic Fear,1166,1155,11,11,up,none,Unpriced (Coming Soon),Unpriced (Coming Soon),False,"Sep 9, 2026","Sep 9, 2026",False
4348910,Probably Stolen - Cyberpunk Shopkeeper Sim,Probably Stolen - Cyberpunk Shopkeeper Sim,447,437,10,10,up,none,Unpriced (Coming Soon),Unpriced (Coming Soon),False,2026,2026,False
4061170,SlashZero,SlashZero,480,470,10,10,up,none,Free,Free,False,Q1 2027,Q1 2027,False
5064340,DinoBones: Tidy Up the Museum,DinoBones: Tidy Up the Museum,1087,1077,10,10,up,none,Unpriced (Coming Soon),Unpriced (Coming Soon),False,"Sep 22, 2026","Sep 22, 2026",False
4017880,ANOMALITH,ANOMALITH,715,706,9,9,up,none,Unpriced (Coming Soon),Unpriced (Coming Soon),False,"Oct 28, 2026","Oct 28, 2026",False
4200960,Thief: The Dark Project Remastered,Thief: The Dark Project Remastered,772,763,9,9,up,none,Unpriced (Coming Soon),Unpriced (Coming Soon),False,To be announced,To be announced,False
4890760,THE DEAD WE KNEW: Open World Survival,THE DEAD WE KNEW: Open World Survival,414,406,8,8,up,none,Unpriced (Coming Soon),Unpriced (Coming Soon),False,"Sep 17, 2026","Sep 17, 2026",False
3201730,Flamecraft,Flamecraft,617,609,8,8,up,none,Unpriced (Coming Soon),Unpriced (Coming Soon),False,"Sep 17, 2026","Sep 17, 2026",False
3498720,Rain98,Rain98,698,690,8,8,up,none,Unpriced (Coming Soon),Unpriced (Coming Soon),False,2026,2026,False
4150860,The Loopler,The Loopler,699,691,8,8,up,none,Unpriced (Coming Soon),Unpriced (Coming Soon),False,"Sep 11, 2026","Sep 11, 2026",False
4604540,TARAE: The Unbound,TARAE: The Unbound,466,459,7,7,up,none,Unpriced (Coming Soon),Unpriced (Coming Soon),False,To be announced,To be announced,False
4785110,Tulpa the Unseen Lover,Tulpa the Unseen Lover,502,495,7,7,up,none,Unpriced (Coming Soon),Unpriced (Coming Soon),False,To be announced,To be announced,False
3299300,Magicians: The Devil's Deal,Magicians: The Devil's Deal,518,511,7,7,up,none,Free,Free,False,2027,2027,False
4251460,Godzilla: Destroy All Monsters Melee Remastered,Godzilla: Destroy All Monsters Melee Remastered,581,574,7,7,up,none,Unpriced (Coming Soon),Unpriced (Coming Soon),False,"Nov 3, 2026","Nov 3, 2026",False
3971950,In Falsus,In Falsus,695,688,7,7,up,none,Unpriced (Coming Soon),Unpriced (Coming Soon),False,"Sep 9, 2026","Sep 9, 2026",False
2581850,HUMANKIND™ 2,HUMANKIND™ 2,796,789,7,7,up,none,Free,Free,False,2027,2027,False
3681610,DRAGON QUEST MONSTERS: The Withered World,DRAGON QUEST MONSTERS: The Withered World,834,827,7,7,up,none,$59.99,$59.99,False,"Dec 3, 2026","Dec 3, 2026",False
2743290,Lazy River,Lazy River,924,917,7,7,up,none,Unpriced (Coming Soon),Unpriced (Coming Soon),False,To be announced,To be announced,False
3544130,Soul Chained,Soul Chained,966,959,7,7,up,none,Unpriced (Coming Soon),Unpriced (Coming Soon),False,"Sep 7, 2026","Sep 7, 2026",False
3170490,Cat Me If You Can,Cat Me If You Can,980,973,7,7,up,none,Unpriced (Coming Soon),Unpriced (Coming Soon),False,"Sep 8, 2026","Sep 8, 2026",False
3639070,BLACKWOOD,BLACKWOOD,398,392,6,6,up,none,Unpriced (Coming Soon),Unpriced (Coming Soon),False,"Sep 16, 2026","Sep 16, 2026",False
3687090,Dice Hoarder,Dice Hoarder,592,586,6,6,up,none,Unpriced (Coming Soon),Unpriced (Coming Soon),False,Q4 2026,Q4 2026,False
3636930,Professional Ship Simulator,Professional Ship Simulator,657,651,6,6,up,none,Unpriced (Coming Soon),Unpriced (Coming Soon),False,"Sep 16, 2026","Sep 16, 2026",False
4039200,Exterminauts,Exterminauts,664,658,6,6,up,none,Free,Free,False,Coming soon,Coming soon,False
2082980,Persist Online,Persist Online,674,668,6,6,up,none,Free,Free,False,Coming soon,Coming soon,False
4163270,Half Grip,Half Grip,856,850,6,6,up,none,Unpriced (Coming Soon),Unpriced (Coming Soon),False,2026,2026,False
5019180,Epic Seven,Epic Seven,1107,1101,6,6,up,none,Free,Free,False,2026,2026,False
4080220,EA SPORTS FC™ 27,EA SPORTS FC™ 27,415,410,5,5,up,none,$69.99,$69.99,False,"Sep 24, 2026","Sep 24, 2026",False
2402680,Dimraeth,Dimraeth,437,432,5,5,up,none,Unpriced (Coming Soon),Unpriced (Coming Soon),False,"Sep 15, 2026","Sep 15, 2026",False
3195580,lily's world XD,lily's world XD,486,481,5,5,up,none,Unpriced (Coming Soon),Unpriced (Coming Soon),False,"Sep 17, 2026","Sep 17, 2026",False
4767090,Emergency Buddies,Emergency Buddies,573,568,5,5,up,none,Unpriced (Coming Soon),Unpriced (Coming Soon),False,To be announced,To be announced,False
4259360,Milki Delivery,Milki Delivery,690,695,-5,5,down,none,Unpriced (Coming Soon),Unpriced (Coming Soon),False,"Nov 17, 2026","Nov 17, 2026",False
3640200,Dawson Oaks Trailer Park,Dawson Oaks Trailer Park,709,704,5,5,up,none,Unpriced (Coming Soon),Unpriced (Coming Soon),False,"Sep 17, 2026","Sep 17, 2026",False
4218620,Double Dealers,Double Dealers,732,727,5,5,up,none,Unpriced (Coming Soon),Unpriced (Coming Soon),False,September 2026,September 2026,False
4821880,Roco Kingdom,Roco Kingdom,782,777,5,5,up,none,Free,Free,False,Coming soon,Coming soon,False
4892120,ROUTE,ROUTE,908,903,5,5,up,none,Free,Free,False,Coming soon,Coming soon,False
3905010,ONE PIECE: Grand Gourmet,ONE PIECE: Grand Gourmet,925,920,5,5,up,none,$19.99,$19.99,False,"Oct 22, 2026","Oct 22, 2026",False
3048060,Trivia Murder Party 3,Trivia Murder Party 3,932,927,5,5,up,none,Unpriced (Coming Soon),Unpriced (Coming Soon),False,"Sep 17, 2026","Sep 17, 2026",False
1205660,WOLFHOUND,WOLFHOUND,1066,1061,5,5,up,none,Unpriced (Coming Soon),Unpriced (Coming Soon),False,To be announced,To be announced,False
3510740,Normal Golf Game,Normal Golf Game,1075,1070,5,5,up,none,Unpriced (Coming Soon),Unpriced (Coming Soon),False,"Sep 21, 2026","Sep 21, 2026",False
3278930,Worms: Galactic Tactics,Worms: Galactic Tactics,1116,1111,5,5,up,none,Unpriced (Coming Soon),Unpriced (Coming Soon),False,To be announced,To be announced,False
3280240,Nailcrown,Nailcrown,1137,1132,5,5,up,none,Free,Free,False,Coming soon,Coming soon,False
3600170,Escape the Scam Compound,Escape the Scam Compound,1159,1164,-5,5,down,none,Free,Free,False,2027,2027,False
3259780,FINAL FANTASY RESONANCE,FINAL FANTASY RESONANCE,113,109,4,4,up,none,$49.99,$49.99,False,"Oct 22, 2026","Oct 22, 2026",False
3195440,Welcome to Elderfield,Welcome to Elderfield,207,203,4,4,up,none,Unpriced (Coming Soon),Unpriced (Coming Soon),False,"Sep 10, 2026","Sep 10, 2026",False
4659620,Touhou Koumakyou: New Classic - the Embodiment of Scarlet Devil,Touhou Koumakyou: New Classic - the Embodiment of Scarlet Devil,324,320,4,4,up,none,Unpriced (Coming Soon),Unpriced (Coming Soon),False,"Sep 9, 2026","Sep 9, 2026",False
2843060,Into the Wind,Into the Wind,452,448,4,4,up,none,Unpriced (Coming Soon),Unpriced (Coming Soon),False,To be announced,To be announced,False
4090260,Lifeguard Holic,Lifeguard Holic,494,490,4,4,up,none,Unpriced (Coming Soon),Unpriced (Coming Soon),False,"Sep 16, 2026","Sep 16, 2026",False
2593290,Dragon's Dogma 2: Dark Arisen Expansion,Dragon's Dogma 2: Dark Arisen Expansion,508,504,4,4,up,none,$29.99,$29.99,False,"Oct 8, 2026","Oct 8, 2026",False
5072700,Rerouted,Rerouted,577,573,4,4,up,none,Free,Free,False,Coming soon,Coming soon,False
2938460,Police Chief Simulator,Police Chief Simulator,714,710,4,4,up,none,Unpriced (Coming Soon),Unpriced (Coming Soon),False,"Sep 17, 2026","Sep 17, 2026",False
3846900,Sword Sage: Awakening,Sword Sage: Awakening,726,722,4,4,up,none,Free,Free,False,Coming soon,Coming soon,False
4438080,Call It a Day,Call It a Day,754,750,4,4,up,none,Unpriced (Coming Soon),Unpriced (Coming Soon),False,September 2026,September 2026,False
4280880,SHORE,SHORE,773,769,4,4,up,none,Unpriced (Coming Soon),Unpriced (Coming Soon),False,Q4 2026,Q4 2026,False
4734550,RollerCoaster Tycoon® Wonderworks,RollerCoaster Tycoon® Wonderworks,838,834,4,4,up,none,Free,Free,False,Coming soon,Coming soon,False
3335310,Remothered: Red Nun's Legacy,Remothered: Red Nun's Legacy,849,845,4,4,up,none,Unpriced (Coming Soon),Unpriced (Coming Soon),False,"Oct 27, 2026","Oct 27, 2026",False
3861710,Otterly Lost,Otterly Lost,882,878,4,4,up,none,Unpriced (Coming Soon),Unpriced (Coming Soon),False,"Sep 23, 2026","Sep 23, 2026",False
3804800,DUST: Origins,DUST: Origins,893,889,4,4,up,none,Unpriced (Coming Soon),Unpriced (Coming Soon),False,To be announced,To be announced,False
2822720,Echoes of Extinction,Echoes of Extinction,899,895,4,4,up,none,Unpriced (Coming Soon),Unpriced (Coming Soon),False,To be announced,To be announced,False
1498550,Infinity: HexaDome Tactics,Infinity: HexaDome Tactics,943,939,4,4,up,none,Unpriced (Coming Soon),Unpriced (Coming Soon),False,"Sep 10, 2026","Sep 10, 2026",False
4047270,Orc Incremental,Orc Incremental,1048,1044,4,4,up,none,Unpriced (Coming Soon),Unpriced (Coming Soon),False,"Sep 8, 2026","Sep 8, 2026",False
3618000,Hordeguard: Winds of the North,Hordeguard: Winds of the North,1059,1055,4,4,up,none,Unpriced (Coming Soon),Unpriced (Coming Soon),False,To be announced,To be announced,False
2363200,Fae & Fauna,Fae & Fauna,1055,1059,-4,4,down,none,Free,Free,False,Coming soon,Coming soon,False
2141160,Alien Deathstorm,Alien Deathstorm,1111,1107,4,4,up,none,Unpriced (Coming Soon),Unpriced (Coming Soon),False,To be announced,To be announced,False
2711690,VanLife Simulator,VanLife Simulator,1127,1131,-4,4,down,none,Free,Free,False,Coming soon,Coming soon,False
1905580,Kloa - Child of the Forest,Kloa - Child of the Forest,1161,1165,-4,4,down,none,Unpriced (Coming Soon),Unpriced (Coming Soon),False,2026,2026,False
4049170,Disney/Pixar Toy Story: Retro Roundup!,Disney/Pixar Toy Story: Retro Roundup!,1174,1170,4,4,up,none,Unpriced (Coming Soon),Unpriced (Coming Soon),False,"Oct 15, 2026","Oct 15, 2026",False
3216600,KINGDOM HEARTS IV,KINGDOM HEARTS IV,316,313,3,3,up,none,Free,Free,False,2027,2027,False
3393280,Anime Shop Simulator ✨,Anime Shop Simulator ✨,341,338,3,3,up,none,Unpriced (Coming Soon),Unpriced (Coming Soon),False,"Sep 11, 2026","Sep 11, 2026",False
4910490,Ignite the Depths,Ignite the Depths,350,347,3,3,up,none,Unpriced (Coming Soon),Unpriced (Coming Soon),False,2026,2026,False
4452700,STAGE TOUR,STAGE TOUR,357,354,3,3,up,none,Unpriced (Coming Soon),Unpriced (Coming Soon),False,2026,2026,False
1884870,The Wolf Among Us 2,The Wolf Among Us 2,373,370,3,3,up,none,Free,Free,False,Coming soon,Coming soon,False
2421750,Gunman Contracts - Stand Alone,Gunman Contracts - Stand Alone,382,379,3,3,up,none,Unpriced (Coming Soon),Unpriced (Coming Soon),False,"Sep 10, 2026","Sep 10, 2026",False
4669960,Dungeon Lurker,Dungeon Lurker,422,419,3,3,up,none,Unpriced (Coming Soon),Unpriced (Coming Soon),False,To be announced,To be announced,False
3621390,Tom Clancy’s Rainbow Six Tactics,Tom Clancy’s Rainbow Six Tactics,471,468,3,3,up,none,Free,Free,False,2027,2027,False
3748520,SPRAWL zero,SPRAWL zero,481,478,3,3,up,none,Unpriced (Coming Soon),Unpriced (Coming Soon),False,"Sep 8, 2026","Sep 8, 2026",False
3222640,Wild West Pioneers,Wild West Pioneers,490,487,3,3,up,none,Unpriced (Coming Soon),Unpriced (Coming Soon),False,"Sep 25, 2026","Sep 25, 2026",False
2902170,Kernel Hearts,Kernel Hearts,517,514,3,3,up,none,Unpriced (Coming Soon),Unpriced (Coming Soon),False,"Sep 17, 2026","Sep 17, 2026",False
4554250,Hellforged,Hellforged,528,525,3,3,up,none,Unpriced (Coming Soon),Unpriced (Coming Soon),False,2026,2026,False
4112270,Resilient,Resilient,557,554,3,3,up,none,Unpriced (Coming Soon),Unpriced (Coming Soon),False,To be announced,To be announced,False
2826790,Stormforge,Stormforge,594,591,3,3,up,none,Unpriced (Coming Soon),Unpriced (Coming Soon),False,2026,2026,False
4687860,Guns and Dragons,Guns and Dragons,598,595,3,3,up,none,Free,Free,False,Coming soon,Coming soon,False
2710040,Delverium,Delverium,628,625,3,3,up,none,Unpriced (Coming Soon),Unpriced (Coming Soon),False,"Sep 21, 2026","Sep 21, 2026",False
3135380,Verse Project,Verse Project,646,643,3,3,up,none,Unpriced (Coming Soon),Unpriced (Coming Soon),False,2026,2026,False
4151300,Sublustrum,Sublustrum,656,653,3,3,up,none,Free,Free,False,Coming soon,Coming soon,False
3960600,Warrior Cats: Clans of the Forest,Warrior Cats: Clans of the Forest,660,657,3,3,up,none,Unpriced (Coming Soon),Unpriced (Coming Soon),False,"Oct 23, 2026","Oct 23, 2026",False
4846360,Heatwarped,Heatwarped,668,665,3,3,up,none,Unpriced (Coming Soon),Unpriced (Coming Soon),False,To be announced,To be announced,False
2961860,Honcho,Honcho,693,696,-3,3,down,none,Unpriced (Coming Soon),Unpriced (Coming Soon),False,To be announced,To be announced,False
3268370,Tenkemo,Tenkemo,694,697,-3,3,down,none,Unpriced (Coming Soon),Unpriced (Coming Soon),False,To be announced,To be announced,False
3915840,Steel Ark,Steel Ark,721,718,3,3,up,none,Free,Free,False,Coming soon,Coming soon,False
3469910,Star Trek: Outposts Unknown,Star Trek: Outposts Unknown,743,740,3,3,up,none,Unpriced (Coming Soon),Unpriced (Coming Soon),False,"Oct 20, 2026","Oct 20, 2026",False
3470850,Void Martyrs,Void Martyrs,769,772,-3,3,down,none,Free,Free,False,2027,2027,False
3714000,Rogue Carrier,Rogue Carrier,786,783,3,3,up,none,Free,Free,False,Coming soon,Coming soon,False
3470960,Tales of Eternia Remastered,Tales of Eternia Remastered,810,807,3,3,up,none,Unpriced (Coming Soon),Unpriced (Coming Soon),False,"Oct 15, 2026","Oct 15, 2026",False
4190710,Shady job,Shady job,827,824,3,3,up,none,Unpriced (Coming Soon),Unpriced (Coming Soon),False,"Sep 10, 2026","Sep 10, 2026",False
1445880,ROCKBEASTS,ROCKBEASTS,825,828,-3,3,down,none,Free,Free,False,Coming soon,Coming soon,False
3845010,Lofsöng,Lofsöng,857,854,3,3,up,none,Unpriced (Coming Soon),Unpriced (Coming Soon),False,To be announced,To be announced,False
4824220,Meltdown Crew,Meltdown Crew,860,857,3,3,up,none,Unpriced (Coming Soon),Unpriced (Coming Soon),False,December 2026,December 2026,False
2936810,RUINER 2,RUINER 2,855,858,-3,3,down,none,Free,Free,False,Coming soon,Coming soon,False
2726580,PUBG: DED.NET,PUBG: DED.NET,862,859,3,3,up,none,Unpriced (Coming Soon),Unpriced (Coming Soon),False,To be announced,To be announced,False
2821390,HOT WHEELS™ Infinite Rush,HOT WHEELS™ Infinite Rush,874,871,3,3,up,none,Unpriced (Coming Soon),Unpriced (Coming Soon),False,"Sep 10, 2026","Sep 10, 2026",False
3262820,Uncanny Valley: Checkpoint,Uncanny Valley: Checkpoint,885,888,-3,3,down,none,Unpriced (Coming Soon),Unpriced (Coming Soon),False,November 2026,November 2026,False
4123800,The Road,The Road,887,890,-3,3,down,none,Unpriced (Coming Soon),Unpriced (Coming Soon),False,To be announced,To be announced,False
1688640,Isle Goblin,Isle Goblin,913,910,3,3,up,none,Unpriced (Coming Soon),Unpriced (Coming Soon),False,To be announced,To be announced,False
1803110,ASCENDANT,ASCENDANT,918,921,-3,3,down,none,Unpriced (Coming Soon),Unpriced (Coming Soon),False,2026,2026,False
1268790,Dark Fracture,Dark Fracture,919,922,-3,3,down,none,Unpriced (Coming Soon),Unpriced (Coming Soon),False,To be announced,To be announced,False
2929290,Stretchmancer,Stretchmancer,921,924,-3,3,down,none,Free,Free,False,Coming soon,Coming soon,False
2083660,Littlelands,Littlelands,922,925,-3,3,down,none,Unpriced (Coming Soon),Unpriced (Coming Soon),False,To be announced,To be announced,False
1879940,Dark Mass,Dark Mass,923,926,-3,3,down,none,Free,Free,False,Coming soon,Coming soon,False
3804370,The Piper of Dawn,The Piper of Dawn,973,970,3,3,up,none,Unpriced (Coming Soon),Unpriced (Coming Soon),False,"Sep 22, 2026","Sep 22, 2026",False
3208930,Galvatein : Adventurers' Guild,Galvatein : Adventurers' Guild,998,995,3,3,up,none,Unpriced (Coming Soon),Unpriced (Coming Soon),False,"Sep 22, 2026","Sep 22, 2026",False
1842040,Soul Split,Soul Split,1002,999,3,3,up,none,Free,Free,False,Coming soon,Coming soon,False
3464000,Eropsychosis: The Project Elysiara,Eropsychosis: The Project Elysiara,1032,1029,3,3,up,none,Unpriced (Coming Soon),Unpriced (Coming Soon),False,"Sep 29, 2026","Sep 29, 2026",False
3201450,SACRATA,SACRATA,1054,1057,-3,3,down,none,Free,Free,False,Coming soon,Coming soon,False
1376880,Ultimate Hunting®,Ultimate Hunting®,1109,1112,-3,3,down,none,Unpriced (Coming Soon),Unpriced (Coming Soon),False,To be announced,To be announced,False
3530630,Bless You Again,Bless You Again,1130,1133,-3,3,down,none,Unpriced (Coming Soon),Unpriced (Coming Soon),False,2026,2026,False
2455020,Sexorcism,Sexorcism,1147,1144,3,3,up,none,Unpriced (Coming Soon),Unpriced (Coming Soon),False,Q4 2026,Q4 2026,False
2932260,Trine 6: Together in Time,Trine 6: Together in Time,1163,1166,-3,3,down,none,Free,Free,False,"Mar 4, 2027","Mar 4, 2027",False
4193690,Terranigma,Terranigma,1171,1168,3,3,up,none,Free,Free,False,Coming soon,Coming soon,False
2849490,Outward 2,Outward 2,85,87,-2,2,down,none,Free,Free,False,2027,2027,False
3218230,ArcheAge Chronicles,ArcheAge Chronicles,121,119,2,2,up,none,Unpriced (Coming Soon),Unpriced (Coming Soon),False,To be announced,To be announced,False
2705130,Exoborne,Exoborne,151,153,-2,2,down,none,Unpriced (Coming Soon),Unpriced (Coming Soon),False,To be announced,To be announced,False
895160,Autonomica,Autonomica,203,205,-2,2,down,none,Free,Free,False,Coming soon,Coming soon,False
1510440,Honeycomb: The World Beyond,Honeycomb: The World Beyond,258,256,2,2,up,none,Unpriced (Coming Soon),Unpriced (Coming Soon),False,"Sep 8, 2026","Sep 8, 2026",False
4498220,Brotato: Primal Dread,Brotato: Primal Dread,263,261,2,2,up,none,Unpriced (Coming Soon),Unpriced (Coming Soon),False,2026,2026,False
3883570,Invokyr,Invokyr,269,267,2,2,up,none,Unpriced (Coming Soon),Unpriced (Coming Soon),False,2026,2026,False
3014650,.45 PARABELLUM BLOODHOUND - Cyberpunk Active Time Action,.45 PARABELLUM BLOODHOUND - Cyberpunk Active Time Action,307,305,2,2,up,none,Unpriced (Coming Soon),Unpriced (Coming Soon),False,To be announced,To be announced,False
3983000,Parasite Mutant,Parasite Mutant,313,311,2,2,up,none,Free,Free,False,Coming soon,Coming soon,False
4920230,Afterworld,Afterworld,318,316,2,2,up,none,Unpriced (Coming Soon),Unpriced (Coming Soon),False,To be announced,To be announced,False
3645050,Crop,Crop,325,323,2,2,up,none,Unpriced (Coming Soon),Unpriced (Coming Soon),False,To be announced,To be announced,False
4259190,Kingdom Rush 6: Genesis TD,Kingdom Rush 6: Genesis TD,330,328,2,2,up,none,Unpriced (Coming Soon),Unpriced (Coming Soon),False,"Sep 24, 2026","Sep 24, 2026",False
1332100,Starship Simulator,Starship Simulator,352,350,2,2,up,none,Free,Free,False,To be announced,To be announced,False
3937470,Sally Face 2,Sally Face 2,359,357,2,2,up,none,Unpriced (Coming Soon),Unpriced (Coming Soon),False,To be announced,To be announced,False
3569420,Chained Beasts,Chained Beasts,362,360,2,2,up,none,Unpriced (Coming Soon),Unpriced (Coming Soon),False,"Oct 15, 2026","Oct 15, 2026",False
4093320,Beastfolk Barber,Beastfolk Barber,367,365,2,2,up,none,Unpriced (Coming Soon),Unpriced (Coming Soon),False,To be announced,To be announced,False
4465790,Deadzone Rogue 2,Deadzone Rogue 2,385,383,2,2,up,none,Free,Free,False,Coming soon,Coming soon,False
1787230,Ahoy,Ahoy,411,413,-2,2,down,none,Unpriced (Coming Soon),Unpriced (Coming Soon),False,To be announced,To be announced,False
4119710,Give Us A Sign,Give Us A Sign,419,417,2,2,up,none,Free,Free,False,Coming soon,Coming soon,False
2572040,Woodo,Woodo,423,421,2,2,up,none,Unpriced (Coming Soon),Unpriced (Coming Soon),False,"Sep 16, 2026","Sep 16, 2026",False
862750,Lost Railway,Lost Railway,420,422,-2,2,down,none,Free,Free,False,Coming soon,Coming soon,False
4174160,Project: Doors,Project: Doors,428,426,2,2,up,none,Unpriced (Coming Soon),Unpriced (Coming Soon),False,To be announced,To be announced,False
2303200,DarkSwarm,DarkSwarm,442,444,-2,2,down,none,Unpriced (Coming Soon),Unpriced (Coming Soon),False,To be announced,To be announced,False
2744160,Construction Simulator: Evolution,Construction Simulator: Evolution,469,467,2,2,up,none,Free,Free,False,Coming soon,Coming soon,False
4928450,Grand Theft Timeline,Grand Theft Timeline,514,512,2,2,up,none,Unpriced (Coming Soon),Unpriced (Coming Soon),False,Q4 2026,Q4 2026,False
3166050,Quite a Ride,Quite a Ride,513,515,-2,2,down,none,Unpriced (Coming Soon),Unpriced (Coming Soon),False,To be announced,To be announced,False
3787050,It Works: Electronics Repair Simulator,It Works: Electronics Repair Simulator,520,518,2,2,up,none,Unpriced (Coming Soon),Unpriced (Coming Soon),False,2026,2026,False
3606970,Brass Rain,Brass Rain,538,536,2,2,up,none,Free,Free,False,December 2026,December 2026,False
2796220,Apogea,Apogea,536,538,-2,2,down,none,Free,Free,False,To be announced,To be announced,False
4253570,Reshine,Reshine,555,553,2,2,up,none,Unpriced (Coming Soon),Unpriced (Coming Soon),False,2026,2026,False
3699590,Well Dweller,Well Dweller,585,583,2,2,up,none,Unpriced (Coming Soon),Unpriced (Coming Soon),False,"Sep 22, 2026","Sep 22, 2026",False
4683260,Project Rabbit,Project Rabbit,632,630,2,2,up,none,Free,Free,False,Coming soon,Coming soon,False
4067370,Prospice: Anomalous Logistics,Prospice: Anomalous Logistics,633,631,2,2,up,none,Unpriced (Coming Soon),Unpriced (Coming Soon),False,To be announced,To be announced,False
2614370,Mr. Nomad,Mr. Nomad,635,633,2,2,up,none,Unpriced (Coming Soon),Unpriced (Coming Soon),False,To be announced,To be announced,False
2573060,Farmbotic,Farmbotic,639,637,2,2,up,none,Free,Free,False,Coming soon,Coming soon,False
2130800,Hisako and Shyla,Hisako and Shyla,654,656,-2,2,down,none,Free,Free,False,2027,2027,False
3176500,Wizard Cats,Wizard Cats,659,661,-2,2,down,none,Free,Free,False,Coming soon,Coming soon,False
4876650,Never Sort By Color,Never Sort By Color,692,694,-2,2,down,none,Unpriced (Coming Soon),Unpriced (Coming Soon),False,"Nov 10, 2026","Nov 10, 2026",False
443190,Project Haven,Project Haven,696,698,-2,2,down,none,Free,Free,False,Coming soon,Coming soon,False
2960250,Tempus Triad,Tempus Triad,697,699,-2,2,down,none,Unpriced (Coming Soon),Unpriced (Coming Soon),False,2026,2026,False
4049180,Disney/Pixar Toy Story 3 Complete Edition,Disney/Pixar Toy Story 3 Complete Edition,702,700,2,2,up,none,Unpriced (Coming Soon),Unpriced (Coming Soon),False,"Oct 15, 2026","Oct 15, 2026",False
2261560,We The People,We The People,707,709,-2,2,down,none,Free,Free,False,Coming soon,Coming soon,False
3925150,AUDIOMECH: your music transformed,AUDIOMECH: your music transformed,711,713,-2,2,down,none,Unpriced (Coming Soon),Unpriced (Coming Soon),False,To be announced,To be announced,False
2544820,The First Explorers®,The First Explorers®,712,714,-2,2,down,none,Unpriced (Coming Soon),Unpriced (Coming Soon),False,To be announced,To be announced,False
4687390,Abiotic Factor - Entropic Break,Abiotic Factor - Entropic Break,734,732,2,2,up,none,Unpriced (Coming Soon),Unpriced (Coming Soon),False,Q4 2026,Q4 2026,False
3255500,Ved: Recure,Ved: Recure,737,735,2,2,up,none,Unpriced (Coming Soon),Unpriced (Coming Soon),False,"Sep 21, 2026","Sep 21, 2026",False
3839180,POSTAL 2 Redux,POSTAL 2 Redux,761,759,2,2,up,none,Free,Free,False,2027,2027,False
3744040,Kaidan,Kaidan,768,770,-2,2,down,none,Unpriced (Coming Soon),Unpriced (Coming Soon),False,To be announced,To be announced,False
4186890,Kitman,Kitman,776,774,2,2,up,none,Free,Free,False,Q1 2027,Q1 2027,False
2248150,Gunmetal Gothic,Gunmetal Gothic,781,779,2,2,up,none,Free,Free,False,June 2027,June 2027,False
3481610,Hopetown,Hopetown,784,782,2,2,up,none,Unpriced (Coming Soon),Unpriced (Coming Soon),False,To be announced,To be announced,False
4114100,Inkblood,Inkblood,789,787,2,2,up,none,Unpriced (Coming Soon),Unpriced (Coming Soon),False,2026,2026,False
632950,SiN Reloaded,SiN Reloaded,792,790,2,2,up,none,Unpriced (Coming Soon),Unpriced (Coming Soon),False,"Sep 24, 2026","Sep 24, 2026",False
3470500,Ember and Blade,Ember and Blade,794,792,2,2,up,none,Free,Free,False,Coming soon,Coming soon,False
4090310,Primal Repairs,Primal Repairs,791,793,-2,2,down,none,Free,Free,False,Coming soon,Coming soon,False
2842310,Among Us Story: On Guard,Among Us Story: On Guard,806,804,2,2,up,none,Unpriced (Coming Soon),Unpriced (Coming Soon),False,To be announced,To be announced,False
2052300,Glaciered,Glaciered,804,806,-2,2,down,none,Unpriced (Coming Soon),Unpriced (Coming Soon),False,2026,2026,False
2541950,Sirens,Sirens,821,819,2,2,up,none,Unpriced (Coming Soon),Unpriced (Coming Soon),False,To be announced,To be announced,False
2528410,Price for Freedom: Gold and Sand,Price for Freedom: Gold and Sand,818,820,-2,2,down,none,Unpriced (Coming Soon),Unpriced (Coming Soon),False,2026,2026,False
4954970,No Body No Problem!,No Body No Problem!,823,821,2,2,up,none,Free,Free,False,Coming soon,Coming soon,False
4176460,Dungeons of DUSK,Dungeons of DUSK,820,822,-2,2,down,none,Free,Free,False,Coming soon,Coming soon,False
3602270,Whisk,Whisk,853,855,-2,2,down,none,Unpriced (Coming Soon),Unpriced (Coming Soon),False,2026,2026,False
2372340,THREEDAYS,THREEDAYS,854,856,-2,2,down,none,Free,Free,False,Coming soon,Coming soon,False
3376960,Nighthold,Nighthold,858,860,-2,2,down,none,Unpriced (Coming Soon),Unpriced (Coming Soon),False,To be announced,To be announced,False
4244770,Midnight Watcher: Village,Midnight Watcher: Village,859,861,-2,2,down,none,Unpriced (Coming Soon),Unpriced (Coming Soon),False,To be announced,To be announced,False
3867130,Rance 01 + 02,Rance 01 + 02,871,873,-2,2,down,none,Free,Free,False,Coming soon,Coming soon,False
1402820,Hostile Mars,Hostile Mars,879,881,-2,2,down,none,Free,Free,False,Coming soon,Coming soon,False
4200110,Nekome: Nazi Hunter,Nekome: Nazi Hunter,888,886,2,2,up,none,Free,Free,False,Q1 2027,Q1 2027,False
4327690,How to Train Your Spirit: The Exorcism of a Busty Ghost,How to Train Your Spirit: The Exorcism of a Busty Ghost,889,887,2,2,up,none,Free,Free,False,Coming soon,Coming soon,False
2322260,Don't Kill Them All,Don't Kill Them All,890,892,-2,2,down,none,Unpriced (Coming Soon),Unpriced (Coming Soon),False,Q4 2026,Q4 2026,False
3218100,I AM RIPPER,I AM RIPPER,891,893,-2,2,down,none,Unpriced (Coming Soon),Unpriced (Coming Soon),False,To be announced,To be announced,False
4241920,BRAZILIAN DRUG DEALER BEFORE 4: DEMONS FROM THE PORTAL TO HELL I OPENED ARE STILL IN THE FAVELA AND NOW I HAVE TO SAVE MAMADAS FROM RONALDO,BRAZILIAN DRUG DEALER BEFORE 4: DEMONS FROM THE PORTAL TO HELL I OPENED ARE STILL IN THE FAVELA AND NOW I HAVE TO SAVE MAMADAS FROM RONALDO,896,894,2,2,up,none,Unpriced (Coming Soon),Unpriced (Coming Soon),False,"Sep 16, 2026","Sep 16, 2026",False
2788210,DEEP STATE,DEEP STATE,894,896,-2,2,down,none,Free,Free,False,Coming soon,Coming soon,False
2228250,Endurance Motorsport Series,Endurance Motorsport Series,895,897,-2,2,down,none,Free,Free,False,Coming soon,Coming soon,False
3445250,Daydream,Daydream,904,906,-2,2,down,none,Unpriced (Coming Soon),Unpriced (Coming Soon),False,To be announced,To be announced,False
937450,Metropolisim,Metropolisim,905,907,-2,2,down,none,Free,Free,False,Coming soon,Coming soon,False
3758950,Death at Fleming Manor,Death at Fleming Manor,920,918,2,2,up,none,Unpriced (Coming Soon),Unpriced (Coming Soon),False,"Nov 3, 2026","Nov 3, 2026",False
3164230,THE IRONY,THE IRONY,917,919,-2,2,down,none,Free,Free,False,Coming soon,Coming soon,False
1577230,City of Atlantis,City of Atlantis,931,933,-2,2,down,none,Unpriced (Coming Soon),Unpriced (Coming Soon),False,To be announced,To be announced,False
2321960,Spirit Crossing,Spirit Crossing,938,936,2,2,up,none,Unpriced (Coming Soon),Unpriced (Coming Soon),False,2026,2026,False
2787850,Runa,Runa,942,944,-2,2,down,none,Unpriced (Coming Soon),Unpriced (Coming Soon),False,To be announced,To be announced,False
3755370,Pushu Pushu! Let's rescue the girls in danger!,Pushu Pushu! Let's rescue the girls in danger!,950,952,-2,2,down,none,Free,Free,False,Coming soon,Coming soon,False
1343010,Antimatter,Antimatter,986,984,2,2,up,none,Unpriced (Coming Soon),Unpriced (Coming Soon),False,To be announced,To be announced,False
2559840,Lust Kingdom,Lust Kingdom,984,986,-2,2,down,none,Free,Free,False,Coming soon,Coming soon,False
4928430,OUTER WATCH,OUTER WATCH,991,989,2,2,up,none,Free,Free,False,Coming soon,Coming soon,False
4400800,American Truck Simulator - Indiana,American Truck Simulator - Indiana,1027,1025,2,2,up,none,Unpriced (Coming Soon),Unpriced (Coming Soon),False,To be announced,To be announced,False
2665020,Milo,Milo,1038,1036,2,2,up,none,Unpriced (Coming Soon),Unpriced (Coming Soon),False,"Oct 29, 2026","Oct 29, 2026",False
1920290,Barkour,Barkour,1053,1051,2,2,up,none,Unpriced (Coming Soon),Unpriced (Coming Soon),False,Q4 2026,Q4 2026,False
3447460,Gravity Circuit 2,Gravity Circuit 2,1058,1060,-2,2,down,none,Free,Free,False,2027,2027,False
3788110,DungeonBox,DungeonBox,1076,1074,2,2,up,none,Unpriced (Coming Soon),Unpriced (Coming Soon),False,Q3 2026,Q3 2026,False
3109590,Cat Cafe Manager 2: Big City Bliss,Cat Cafe Manager 2: Big City Bliss,1106,1108,-2,2,down,none,Unpriced (Coming Soon),Unpriced (Coming Soon),False,To be announced,To be announced,False
2517940,Century of Steam,Century of Steam,1112,1114,-2,2,down,none,Unpriced (Coming Soon),Unpriced (Coming Soon),False,To be announced,To be announced,False
3688110,Kaiju Cleaner Simulator,Kaiju Cleaner Simulator,1115,1117,-2,2,down,none,Unpriced (Coming Soon),Unpriced (Coming Soon),False,To be announced,To be announced,False
1323140,Ninja Simulator,Ninja Simulator,1122,1120,2,2,up,none,Free,Free,False,Coming soon,Coming soon,False
4374950,KAREN,KAREN,1124,1126,-2,2,down,none,Unpriced (Coming Soon),Unpriced (Coming Soon),False,To be announced,To be announced,False
2920220,Terrible Lizards,Terrible Lizards,1131,1129,2,2,up,none,Unpriced (Coming Soon),Unpriced (Coming Soon),False,"Oct 29, 2026","Oct 29, 2026",False
3309550,Skarven,Skarven,1128,1130,-2,2,down,none,Unpriced (Coming Soon),Unpriced (Coming Soon),False,To be announced,To be announced,False
2744430,Nightmare House,Nightmare House,1132,1134,-2,2,down,none,Free,Free,False,Coming soon,Coming soon,False
4417410,Rush B: Esports Manager,Rush B: Esports Manager,1145,1147,-2,2,down,none,Unpriced (Coming Soon),Unpriced (Coming Soon),False,2026,2026,False
575020,Outerra World Sandbox,Outerra World Sandbox,1154,1156,-2,2,down,none,Free,Free,False,Coming soon,Coming soon,False
2334930,DEEPEST FEAR™,DEEPEST FEAR™,1155,1157,-2,2,down,none,Unpriced (Coming Soon),Unpriced (Coming Soon),False,To be announced,To be announced,False
2790850,Wing Haven,Wing Haven,1156,1158,-2,2,down,none,Free,Free,False,Coming soon,Coming soon,False
4784080,"Oh, My Doug!","Oh, My Doug!",1157,1159,-2,2,down,none,Unpriced (Coming Soon),Unpriced (Coming Soon),False,To be announced,To be announced,False
3460960,Echograph,Echograph,1158,1160,-2,2,down,none,Unpriced (Coming Soon),Unpriced (Coming Soon),False,To be announced,To be announced,False
2440760,GRAVHOUNDS,GRAVHOUNDS,1164,1162,2,2,up,none,Free,Free,False,Coming soon,Coming soon,False
4466940,Lost & Found,Lost & Found,1165,1167,-2,2,down,none,Free,Free,False,Coming soon,Coming soon,False
2949750,Margin of the Strange,Margin of the Strange,1167,1169,-2,2,down,none,Unpriced (Coming Soon),Unpriced (Coming Soon),False,To be announced,To be announced,False
2175180,Primitive,Primitive,1169,1171,-2,2,down,none,Unpriced (Coming Soon),Unpriced (Coming Soon),False,To be announced,To be announced,False
3436160,Cao Cao's Ambition--A Harem of MILFs,Cao Cao's Ambition--A Harem of MILFs,1170,1172,-2,2,down,none,Unpriced (Coming Soon),Unpriced (Coming Soon),False,Q4 2026,Q4 2026,False
1846700,Witchbrook,Witchbrook,12,11,1,1,up,none,Unpriced (Coming Soon),Unpriced (Coming Soon),False,2026,2026,False
1757350,ILL,ILL,11,12,-1,1,down,none,Free,Free,False,2027,2027,False
5006530,The Witcher 3: Wild Hunt — Songs of the Past,The Witcher 3: Wild Hunt — Songs of the Past,37,36,1,1,up,none,Free,Free,False,Coming soon,Coming soon,False
2340970,Railborn,Railborn,36,37,-1,1,down,none,Unpriced (Coming Soon),Unpriced (Coming Soon),False,To be announced,To be announced,False
4358690,Graveyard Keeper 2,Graveyard Keeper 2,41,40,1,1,up,none,$19.99,$19.99,False,"Sep 22, 2026","Sep 22, 2026",False
1280190,Falling Frontier,Falling Frontier,40,41,-1,1,down,none,Free,Free,False,Coming soon,Coming soon,False
3219630,Halloween: The Game,Halloween: The Game,86,85,1,1,up,none,$39.99,$39.99,False,"Sep 8, 2026","Sep 8, 2026",False
4354570,FINAL FANTASY VII REVELATION,FINAL FANTASY VII REVELATION,87,86,1,1,up,none,$69.99,$69.99,False,"Apr 8, 2027","Apr 8, 2027",False
2800370,30 Days on Ship,30 Days on Ship,109,110,-1,1,down,none,Free,Free,False,Coming soon,Coming soon,False
2855590,Knight's Path,Knight's Path,110,111,-1,1,down,none,Unpriced (Coming Soon),Unpriced (Coming Soon),False,To be announced,To be announced,False
2871520,Deep Dish Dungeon,Deep Dish Dungeon,111,112,-1,1,down,none,Unpriced (Coming Soon),Unpriced (Coming Soon),False,"Oct 13, 2026","Oct 13, 2026",False
3092530,Fate Trigger,Fate Trigger,112,113,-1,1,down,none,Free,Free,False,2026,2026,False
1667040,Under a Rock,Under a Rock,119,120,-1,1,down,none,Unpriced (Coming Soon),Unpriced (Coming Soon),False,To be announced,To be announced,False
3199500,My Time at Evershine,My Time at Evershine,120,121,-1,1,down,none,Free,Free,False,2027,2027,False
1731290,SPINE - This is Gun Fu,SPINE - This is Gun Fu,140,139,1,1,up,none,Free,Free,False,2027,2027,False
3669620,Warhammer Survivors,Warhammer Survivors,139,140,-1,1,down,none,Unpriced (Coming Soon),Unpriced (Coming Soon),False,2026,2026,False
2141130,Road Kings,Road Kings,143,142,1,1,up,none,Free,Free,False,"Mar 11, 2027","Mar 11, 2027",False
3516100,Tenebyss,Tenebyss,142,143,-1,1,down,none,Unpriced (Coming Soon),Unpriced (Coming Soon),False,To be announced,To be announced,False
3714800,Warlock: Dungeons & Dragons,Warlock: Dungeons & Dragons,146,145,1,1,up,none,Free,Free,False,2027,2027,False
3767320,Animula Nook,Animula Nook,145,146,-1,1,down,none,Free,Free,False,To be announced,To be announced,False
4814120,ANANTA,ANANTA,148,147,1,1,up,none,Free,Free,False,"Jan 15, 2027","Jan 15, 2027",False
1551980,Clive Barker's Hellraiser: Revival,Clive Barker's Hellraiser: Revival,147,148,-1,1,down,none,$39.99,$39.99,False,"Oct 8, 2026","Oct 8, 2026",False
1573550,LEGO® Skylines,LEGO® Skylines,152,151,1,1,up,none,Free,Free,False,Coming soon,Coming soon,False
4665290,Alien: Isolation 2,Alien: Isolation 2,153,152,1,1,up,none,Free,Free,False,Coming soon,Coming soon,False
1728620,IKUMA - The Frozen Compass,IKUMA - The Frozen Compass,159,158,1,1,up,none,Unpriced (Coming Soon),Unpriced (Coming Soon),False,2026,2026,False
3970690,Project Shadowglass,Project Shadowglass,158,159,-1,1,down,none,Unpriced (Coming Soon),Unpriced (Coming Soon),False,To be announced,To be announced,False
3563080,Swords & Slippers,Swords & Slippers,163,162,1,1,up,none,Unpriced (Coming Soon),Unpriced (Coming Soon),False,To be announced,To be announced,False
2595260,RECUR,RECUR,162,163,-1,1,down,none,Unpriced (Coming Soon),Unpriced (Coming Soon),False,To be announced,To be announced,False
1637460,TankRat,TankRat,175,174,1,1,up,none,Free,Free,False,"Jan 15, 2027","Jan 15, 2027",False
3260750,Stage Fright,Stage Fright,174,175,-1,1,down,none,Unpriced (Coming Soon),Unpriced (Coming Soon),False,To be announced,To be announced,False
3115160,"Warhammer 40,000: Boltgun 2","Warhammer 40,000: Boltgun 2",184,183,1,1,up,none,Unpriced (Coming Soon),Unpriced (Coming Soon),False,"Oct 14, 2026","Oct 14, 2026",False
3590650,OKU,OKU,183,184,-1,1,down,none,Unpriced (Coming Soon),Unpriced (Coming Soon),False,To be announced,To be announced,False
3271280,Shroom and Gloom,Shroom and Gloom,192,191,1,1,up,none,Unpriced (Coming Soon),Unpriced (Coming Soon),False,"Sep 10, 2026","Sep 10, 2026",False
1685310,The Wayward Realms,The Wayward Realms,191,192,-1,1,down,none,Free,Free,False,Coming soon,Coming soon,False
1857810,DRAGON BALL XENOVERSE 3,DRAGON BALL XENOVERSE 3,194,193,1,1,up,none,Free,Free,False,2027,2027,False
3079190,PACS - Post Apocalypse Courier Service: Co-op Delivery Simulator,PACS - Post Apocalypse Courier Service: Co-op Delivery Simulator,193,194,-1,1,down,none,Unpriced (Coming Soon),Unpriced (Coming Soon),False,2026,2026,False
3973300,Dark Craft,Dark Craft,205,206,-1,1,down,none,Free,Free,False,To be announced,To be announced,False
3875690,Totally Legit Wheeler Seller,Totally Legit Wheeler Seller,206,207,-1,1,down,none,Unpriced (Coming Soon),Unpriced (Coming Soon),False,To be announced,To be announced,False
1963680,GUNDAM ROGUE ORBIT,GUNDAM ROGUE ORBIT,212,211,1,1,up,none,$59.99,$59.99,False,"Mar 4, 2027","Mar 4, 2027",False
4328440,Cat Parents,Cat Parents,211,212,-1,1,down,none,Free,Free,False,Coming soon,Coming soon,False
4225980,Trails in the Sky 2nd Chapter,Trails in the Sky 2nd Chapter,225,224,1,1,up,none,Unpriced (Coming Soon),Unpriced (Coming Soon),False,"Sep 16, 2026","Sep 16, 2026",False
612400,The Last Night,The Last Night,224,225,-1,1,down,none,Unpriced (Coming Soon),Unpriced (Coming Soon),False,To be announced,To be announced,False
3327430,Carcass Clad,Carcass Clad,229,228,1,1,up,none,Unpriced (Coming Soon),Unpriced (Coming Soon),False,To be announced,To be announced,False
2948730,THE JOY OF CREATION,THE JOY OF CREATION,228,229,-1,1,down,none,Unpriced (Coming Soon),Unpriced (Coming Soon),False,To be announced,To be announced,False
499170,Order of the Sinking Star,Order of the Sinking Star,243,242,1,1,up,none,Unpriced (Coming Soon),Unpriced (Coming Soon),False,"Oct 8, 2026","Oct 8, 2026",False
2701030,MINDWAVE,MINDWAVE,242,243,-1,1,down,none,Unpriced (Coming Soon),Unpriced (Coming Soon),False,To be announced,To be announced,False
3809850,Heroes of Might and Magic III Remake,Heroes of Might and Magic III Remake,246,245,1,1,up,none,Free,Free,False,2027,2027,False
2865960,SAW: Genesis,SAW: Genesis,247,246,1,1,up,none,Unpriced (Coming Soon),Unpriced (Coming Soon),False,To be announced,To be announced,False
2411280,The Bornless,The Bornless,248,247,1,1,up,none,Unpriced (Coming Soon),Unpriced (Coming Soon),False,2026,2026,False
4019220,Dressmaker,Dressmaker,249,248,1,1,up,none,Unpriced (Coming Soon),Unpriced (Coming Soon),False,"Sep 21, 2026","Sep 21, 2026",False
2387670,As One We Survive,As One We Survive,250,249,1,1,up,none,Free,Free,False,Q1 2027,Q1 2027,False
3216520,Sandcastle,Sandcastle,251,250,1,1,up,none,Unpriced (Coming Soon),Unpriced (Coming Soon),False,To be announced,To be announced,False
4094350,Online: 404,Online: 404,252,251,1,1,up,none,Unpriced (Coming Soon),Unpriced (Coming Soon),False,"Oct 16, 2026","Oct 16, 2026",False
4005900,Froggin' Around,Froggin' Around,253,252,1,1,up,none,Unpriced (Coming Soon),Unpriced (Coming Soon),False,To be announced,To be announced,False
3238940,A Simple Life with My Unobtrusive Sister,A Simple Life with My Unobtrusive Sister,254,253,1,1,up,none,Unpriced (Coming Soon),Unpriced (Coming Soon),False,Q4 2026,Q4 2026,False
3767660,Embers of the Uncrowned,Embers of the Uncrowned,255,254,1,1,up,none,Free,Free,False,Coming soon,Coming soon,False
306910,Vaultbreakers,Vaultbreakers,256,255,1,1,up,none,Unpriced (Coming Soon),Unpriced (Coming Soon),False,To be announced,To be announced,False
3645160,Frostpunk: 1886,Frostpunk: 1886,259,258,1,1,up,none,Free,Free,False,2027,2027,False
1661330,SacriFire,SacriFire,260,259,1,1,up,none,Unpriced (Coming Soon),Unpriced (Coming Soon),False,2026,2026,False
3023930,UFL™,UFL™,261,260,1,1,up,none,Unpriced (Coming Soon),Unpriced (Coming Soon),False,To be announced,To be announced,False
4212050,Supreme Experiment,Supreme Experiment,264,263,1,1,up,none,Unpriced (Coming Soon),Unpriced (Coming Soon),False,To be announced,To be announced,False
3295000,ReVamp,ReVamp,265,264,1,1,up,none,Unpriced (Coming Soon),Unpriced (Coming Soon),False,To be announced,To be announced,False
763310,Projekt Z: Beyond Order,Projekt Z: Beyond Order,266,265,1,1,up,none,Unpriced (Coming Soon),Unpriced (Coming Soon),False,To be announced,To be announced,False
2239670,Glory To The Heroes™,Glory To The Heroes™,267,266,1,1,up,none,Unpriced (Coming Soon),Unpriced (Coming Soon),False,2026,2026,False
4894750,Paper Shredder,Paper Shredder,270,269,1,1,up,none,Free,Free,False,Coming soon,Coming soon,False
3486530,Stupid Never Dies,Stupid Never Dies,271,270,1,1,up,none,$49.99,$49.99,False,"Oct 21, 2026","Oct 21, 2026",False
3851260,Euro Truck Simulator 2 - Isle of Ireland,Euro Truck Simulator 2 - Isle of Ireland,272,271,1,1,up,none,Unpriced (Coming Soon),Unpriced (Coming Soon),False,To be announced,To be announced,False
4311530,Very Safe Dino Park 🦖,Very Safe Dino Park 🦖,273,272,1,1,up,none,Free,Free,False,Coming soon,Coming soon,False
939530,The Free Shepherd,The Free Shepherd,274,273,1,1,up,none,Free,Free,False,2027,2027,False
2365790,Let's Build a Dungeon,Let's Build a Dungeon,275,274,1,1,up,none,Unpriced (Coming Soon),Unpriced (Coming Soon),False,2026,2026,False
3355360,4:LOOP,4:LOOP,276,275,1,1,up,none,Free,Free,False,Coming soon,Coming soon,False
3062170,The Enigma Cases,The Enigma Cases,277,276,1,1,up,none,Free,Free,False,Coming soon,Coming soon,False
3677050,HABROMANIA,HABROMANIA,278,277,1,1,up,none,Unpriced (Coming Soon),Unpriced (Coming Soon),False,To be announced,To be announced,False
2796640,The Magus Circle,The Magus Circle,279,278,1,1,up,none,Unpriced (Coming Soon),Unpriced (Coming Soon),False,October 2026,October 2026,False
4651830,CINDER CITY,CINDER CITY,280,279,1,1,up,none,Free,Free,False,Coming soon,Coming soon,False
3512480,Drownlight,Drownlight,281,280,1,1,up,none,Free,Free,False,Coming soon,Coming soon,False
3847920,Wild n Chill,Wild n Chill,282,281,1,1,up,none,Unpriced (Coming Soon),Unpriced (Coming Soon),False,To be announced,To be announced,False
3102780,C-Beams,C-Beams,283,282,1,1,up,none,Free,Free,False,Coming soon,Coming soon,False
4221910,Plague Doctor: Life in Pestilence,Plague Doctor: Life in Pestilence,284,283,1,1,up,none,Free,Free,False,Coming soon,Coming soon,False
2326200,NEO BERLIN 2087,NEO BERLIN 2087,285,284,1,1,up,none,Free,Free,False,2028,2028,False
2967950,The Witch's Bakery,The Witch's Bakery,286,285,1,1,up,none,Unpriced (Coming Soon),Unpriced (Coming Soon),False,"Oct 14, 2026","Oct 14, 2026",False
3856530,About Fishing,About Fishing,287,286,1,1,up,none,Unpriced (Coming Soon),Unpriced (Coming Soon),False,2026,2026,False
4084710,Rayman Legends Retold,Rayman Legends Retold,288,287,1,1,up,none,$39.99,$39.99,False,"Oct 1, 2026","Oct 1, 2026",False
2223980,Nomad Drive,Nomad Drive,289,288,1,1,up,none,Unpriced (Coming Soon),Unpriced (Coming Soon),False,Q3 2026,Q3 2026,False
881940,Guns 'n Goblins,Guns 'n Goblins,290,289,1,1,up,none,Free,Free,False,Q2 2027,Q2 2027,False
3793200,American Truck Simulator - Road Trip: Ford,American Truck Simulator - Road Trip: Ford,291,290,1,1,up,none,Unpriced (Coming Soon),Unpriced (Coming Soon),False,To be announced,To be announced,False
3245140,Hello Sunshine,Hello Sunshine,292,291,1,1,up,none,Free,Free,False,Coming soon,Coming soon,False
2924540,Crazy Taxi: World Tour,Crazy Taxi: World Tour,293,292,1,1,up,none,Free,Free,False,2027,2027,False
1490930,Capital Command,Capital Command,294,293,1,1,up,none,Unpriced (Coming Soon),Unpriced (Coming Soon),False,2026,2026,False
3314580,Trash Day,Trash Day,295,294,1,1,up,none,Unpriced (Coming Soon),Unpriced (Coming Soon),False,2026,2026,False
2975260,PRISON OF HUSKS,PRISON OF HUSKS,296,295,1,1,up,none,Unpriced (Coming Soon),Unpriced (Coming Soon),False,2026,2026,False
2121510,Tenebris Somnia,Tenebris Somnia,297,296,1,1,up,none,Unpriced (Coming Soon),Unpriced (Coming Soon),False,"Oct 16, 2026","Oct 16, 2026",False
3708010,Darkwood 2,Darkwood 2,298,297,1,1,up,none,Free,Free,False,Coming soon,Coming soon,False
3345210,The Hidden Ones,The Hidden Ones,299,298,1,1,up,none,Free,Free,False,Coming soon,Coming soon,False
3757140,Of Peaks and Tides,Of Peaks and Tides,300,299,1,1,up,none,Unpriced (Coming Soon),Unpriced (Coming Soon),False,To be announced,To be announced,False
4253010,Scars of Honor,Scars of Honor,301,300,1,1,up,none,Unpriced (Coming Soon),Unpriced (Coming Soon),False,To be announced,To be announced,False
3564490,Hell Express,Hell Express,302,301,1,1,up,none,Unpriced (Coming Soon),Unpriced (Coming Soon),False,To be announced,To be announced,False
4729320,Swords of Legends,Swords of Legends,303,302,1,1,up,none,Unpriced (Coming Soon),Unpriced (Coming Soon),False,To be announced,To be announced,False
3714450,Barotrauma - Home & Harbor Expansion,Barotrauma - Home & Harbor Expansion,304,303,1,1,up,none,Unpriced (Coming Soon),Unpriced (Coming Soon),False,2026,2026,False
2193600,Paranormal Tales,Paranormal Tales,305,304,1,1,up,none,Unpriced (Coming Soon),Unpriced (Coming Soon),False,To be announced,To be announced,False
1374860,Nocturne,Nocturne,308,307,1,1,up,none,Unpriced (Coming Soon),Unpriced (Coming Soon),False,"Sep 22, 2026","Sep 22, 2026",False
3247960,Bergfried,Bergfried,309,308,1,1,up,none,Unpriced (Coming Soon),Unpriced (Coming Soon),False,To be announced,To be announced,False
1883810,Bloodstained: The Scarlet Engagement,Bloodstained: The Scarlet Engagement,310,309,1,1,up,none,Free,Free,False,2027,2027,False
2872300,ABYSS X ZERO,ABYSS X ZERO,311,310,1,1,up,none,Free,Free,False,Coming soon,Coming soon,False
2400840,Phantom Line,Phantom Line,319,318,1,1,up,none,Unpriced (Coming Soon),Unpriced (Coming Soon),False,To be announced,To be announced,False
4400930,Euro Truck Simulator 2 - Soul of Anatolia,Euro Truck Simulator 2 - Soul of Anatolia,320,319,1,1,up,none,Unpriced (Coming Soon),Unpriced (Coming Soon),False,To be announced,To be announced,False
2190700,Altered Alma,Altered Alma,323,324,-1,1,down,none,Free,Free,False,Coming soon,Coming soon,False
2753930,Vikings Dynasty,Vikings Dynasty,326,325,1,1,up,none,Unpriced (Coming Soon),Unpriced (Coming Soon),False,To be announced,To be announced,False
3765640,Car For Sale Together,Car For Sale Together,327,326,1,1,up,none,Unpriced (Coming Soon),Unpriced (Coming Soon),False,2026,2026,False
4094660,Rivage,Rivage,328,327,1,1,up,none,Unpriced (Coming Soon),Unpriced (Coming Soon),False,"Sep 22, 2026","Sep 22, 2026",False
2146290,The Big Catch,The Big Catch,331,330,1,1,up,none,Unpriced (Coming Soon),Unpriced (Coming Soon),False,To be announced,To be announced,False
4182190,Too Deep To Quit,Too Deep To Quit,332,331,1,1,up,none,Unpriced (Coming Soon),Unpriced (Coming Soon),False,2026,2026,False
3725190,There Are No Ghosts at the Grand,There Are No Ghosts at the Grand,333,332,1,1,up,none,Unpriced (Coming Soon),Unpriced (Coming Soon),False,Q4 2026,Q4 2026,False
3000460,The Path Into The Abyss,The Path Into The Abyss,334,333,1,1,up,none,Unpriced (Coming Soon),Unpriced (Coming Soon),False,To be announced,To be announced,False
2173930,NTRaholic Remix,NTRaholic Remix,335,334,1,1,up,none,Free,Free,False,Coming soon,Coming soon,False
2638690,Imperium  Eternal,Imperium  Eternal,336,335,1,1,up,none,Unpriced (Coming Soon),Unpriced (Coming Soon),False,To be announced,To be announced,False
2988120,Never Be Alone,Never Be Alone,337,336,1,1,up,none,Unpriced (Coming Soon),Unpriced (Coming Soon),False,"Dec 8, 2026","Dec 8, 2026",False
2402470,World of Anterra,World of Anterra,338,337,1,1,up,none,Unpriced (Coming Soon),Unpriced (Coming Soon),False,2026,2026,False
3734220,Guns of Eschaton,Guns of Eschaton,340,339,1,1,up,none,Unpriced (Coming Soon),Unpriced (Coming Soon),False,2026,2026,False
2957360,NIGHTMARE OPERATOR,NIGHTMARE OPERATOR,339,340,-1,1,down,none,Unpriced (Coming Soon),Unpriced (Coming Soon),False,To be announced,To be announced,False
3560670,OpenFront,OpenFront,342,341,1,1,up,none,Unpriced (Coming Soon),Unpriced (Coming Soon),False,"Sep 17, 2026","Sep 17, 2026",False
3485810,Kena: Scars of Kosmora,Kena: Scars of Kosmora,343,342,1,1,up,none,Free,Free,False,Coming soon,Coming soon,False
3752650,Tale's Edge,Tale's Edge,344,343,1,1,up,none,Unpriced (Coming Soon),Unpriced (Coming Soon),False,To be announced,To be announced,False
4189120,Debauchery & Magic,Debauchery & Magic,345,344,1,1,up,none,Unpriced (Coming Soon),Unpriced (Coming Soon),False,December 2026,December 2026,False
3077640,MIGHTREYA,MIGHTREYA,346,345,1,1,up,none,Unpriced (Coming Soon),Unpriced (Coming Soon),False,To be announced,To be announced,False
2786710,Zarya,Zarya,347,346,1,1,up,none,Unpriced (Coming Soon),Unpriced (Coming Soon),False,To be announced,To be announced,False
3545560,Ironclad,Ironclad,353,352,1,1,up,none,Unpriced (Coming Soon),Unpriced (Coming Soon),False,To be announced,To be announced,False
3581730,SHADE Protocol,SHADE Protocol,354,353,1,1,up,none,Unpriced (Coming Soon),Unpriced (Coming Soon),False,To be announced,To be announced,False
3884860,The Wolf Among Us Remastered,The Wolf Among Us Remastered,360,359,1,1,up,none,Unpriced (Coming Soon),Unpriced (Coming Soon),False,"Oct 29, 2026","Oct 29, 2026",False
1051440,Ship Builder,Ship Builder,363,362,1,1,up,none,Unpriced (Coming Soon),Unpriced (Coming Soon),False,To be announced,To be announced,False
1340380,Kitori Academy,Kitori Academy,364,363,1,1,up,none,Free,Free,False,Coming soon,Coming soon,False
4213030,Deadhikers,Deadhikers,365,364,1,1,up,none,Unpriced (Coming Soon),Unpriced (Coming Soon),False,To be announced,To be announced,False
4440650,KAGE,KAGE,368,367,1,1,up,none,Unpriced (Coming Soon),Unpriced (Coming Soon),False,Q4 2026,Q4 2026,False
4502890,CheatCheat,CheatCheat,369,368,1,1,up,none,Free,Free,False,Coming soon,Coming soon,False
1706510,Songs of Glimmerwick,Songs of Glimmerwick,370,369,1,1,up,none,Unpriced (Coming Soon),Unpriced (Coming Soon),False,"Sep 30, 2026","Sep 30, 2026",False
2203290,KaiJu Girls,KaiJu Girls,374,373,1,1,up,none,Unpriced (Coming Soon),Unpriced (Coming Soon),False,2026,2026,False
1675680,INSTINCTION,INSTINCTION,375,374,1,1,up,none,Unpriced (Coming Soon),Unpriced (Coming Soon),False,To be announced,To be announced,False
4048520,HAELE 3D - Pose Studio Max - Anatomy Drawing References,HAELE 3D - Pose Studio Max - Anatomy Drawing References,376,375,1,1,up,none,Free,Free,False,Q1 2027,Q1 2027,False
3470140,METAMORPHOSIS,METAMORPHOSIS,377,376,1,1,up,none,Unpriced (Coming Soon),Unpriced (Coming Soon),False,To be announced,To be announced,False
3010270,"Warhammer 40,000: Chaos Gate – Deathwatch","Warhammer 40,000: Chaos Gate – Deathwatch",378,377,1,1,up,none,Free,Free,False,Coming soon,Coming soon,False
3218570,TANUKI: Pon's Summer,TANUKI: Pon's Summer,379,378,1,1,up,none,Free,Free,False,Coming soon,Coming soon,False
2587620,Dinolords,Dinolords,383,382,1,1,up,none,Unpriced (Coming Soon),Unpriced (Coming Soon),False,To be announced,To be announced,False
4171660,PANLINE,PANLINE,386,385,1,1,up,none,Free,Free,False,2027,2027,False
3560050,Fourleaf Fields,Fourleaf Fields,387,386,1,1,up,none,Unpriced (Coming Soon),Unpriced (Coming Soon),False,To be announced,To be announced,False
2551550,Goodbye Seoul,Goodbye Seoul,388,387,1,1,up,none,Free,Free,False,Coming soon,Coming soon,False
3956640,Hero's Adventure: Another Tale,Hero's Adventure: Another Tale,389,388,1,1,up,none,Unpriced (Coming Soon),Unpriced (Coming Soon),False,2026,2026,False
3647010,DRUG Schedule,DRUG Schedule,390,389,1,1,up,none,Free,Free,False,2026,2026,False
3218350,Melvor Idle 2,Melvor Idle 2,391,390,1,1,up,none,Unpriced (Coming Soon),Unpriced (Coming Soon),False,2026,2026,False
3270430,Systemic War,Systemic War,392,391,1,1,up,none,Unpriced (Coming Soon),Unpriced (Coming Soon),False,To be announced,To be announced,False
2916700,Attack on Titan 3 / A.O.T. 3,Attack on Titan 3 / A.O.T. 3,395,394,1,1,up,none,$69.99,$69.99,False,"Dec 9, 2026","Dec 9, 2026",False
2287430,Metropolis 1998,Metropolis 1998,394,395,-1,1,down,none,Unpriced (Coming Soon),Unpriced (Coming Soon),False,2026,2026,False
4102480,Vampire: The Masquerade — ETERNAL WHISPERS,Vampire: The Masquerade — ETERNAL WHISPERS,399,398,1,1,up,none,Free,Free,False,Coming soon,Coming soon,False
2261380,Croakwood,Croakwood,400,399,1,1,up,none,Free,Free,False,Coming soon,Coming soon,False
3710210,Mandrake,Mandrake,401,400,1,1,up,none,Unpriced (Coming Soon),Unpriced (Coming Soon),False,To be announced,To be announced,False
771800,Deadstick - Bush Pilot Simulator,Deadstick - Bush Pilot Simulator,402,401,1,1,up,none,Unpriced (Coming Soon),Unpriced (Coming Soon),False,2026,2026,False
3061930,CLUTCH,CLUTCH,403,402,1,1,up,none,Free,Free,False,2027,2027,False
2566700,The Last General,The Last General,404,403,1,1,up,none,Free,Free,False,2027,2027,False
3895110,The Road of Dust and Sorrow,The Road of Dust and Sorrow,405,404,1,1,up,none,Unpriced (Coming Soon),Unpriced (Coming Soon),False,2026,2026,False
2468200,DDoD,DDoD,406,405,1,1,up,none,Unpriced (Coming Soon),Unpriced (Coming Soon),False,2026,2026,False
3910680,INARI,INARI,410,411,-1,1,down,none,Unpriced (Coming Soon),Unpriced (Coming Soon),False,To be announced,To be announced,False
4533950,Prove You're Human,Prove You're Human,413,414,-1,1,down,none,Unpriced (Coming Soon),Unpriced (Coming Soon),False,To be announced,To be announced,False
4223290,Mega Man: Dual Override,Mega Man: Dual Override,416,415,1,1,up,none,Free,Free,False,2027,2027,False
950660,WRAITH OPS,WRAITH OPS,417,416,1,1,up,none,Unpriced (Coming Soon),Unpriced (Coming Soon),False,2026,2026,False
2712590,Dragon Shelter,Dragon Shelter,421,420,1,1,up,none,Unpriced (Coming Soon),Unpriced (Coming Soon),False,"Sep 24, 2026","Sep 24, 2026",False
2353050,WTF - Waifu Tactical Force,WTF - Waifu Tactical Force,424,423,1,1,up,none,Free,Free,False,2027,2027,False
4664240,Hard Worker,Hard Worker,425,424,1,1,up,none,Unpriced (Coming Soon),Unpriced (Coming Soon),False,To be announced,To be announced,False
4111570,Gate Guard Simulator,Gate Guard Simulator,426,425,1,1,up,none,Free,Free,False,2027,2027,False
4253770,Muramasa: Revenant Blades,Muramasa: Revenant Blades,429,428,1,1,up,none,Free,Free,False,2027,2027,False
3639060,DELIVERY MUST COMPLETE,DELIVERY MUST COMPLETE,430,429,1,1,up,none,Unpriced (Coming Soon),Unpriced (Coming Soon),False,To be announced,To be announced,False
3090810,Truckful,Truckful,431,430,1,1,up,none,Unpriced (Coming Soon),Unpriced (Coming Soon),False,2026,2026,False
2578510,20MTD: Emberpath,20MTD: Emberpath,432,431,1,1,up,none,Unpriced (Coming Soon),Unpriced (Coming Soon),False,To be announced,To be announced,False
3749870,American Truck Simulator - South Dakota,American Truck Simulator - South Dakota,443,442,1,1,up,none,Unpriced (Coming Soon),Unpriced (Coming Soon),False,"Sep 24, 2026","Sep 24, 2026",False
4657920,War Fantasy,War Fantasy,444,443,1,1,up,none,Unpriced (Coming Soon),Unpriced (Coming Soon),False,To be announced,To be announced,False
1675260,Among the Trolls,Among the Trolls,448,447,1,1,up,none,Unpriced (Coming Soon),Unpriced (Coming Soon),False,"Oct 14, 2026","Oct 14, 2026",False
2785740,Diesel Knights,Diesel Knights,453,452,1,1,up,none,Unpriced (Coming Soon),Unpriced (Coming Soon),False,To be announced,To be announced,False
1631920,Super Zoo Story,Super Zoo Story,454,453,1,1,up,none,Free,Free,False,Coming soon,Coming soon,False
3223070,Thief Simulator 3,Thief Simulator 3,455,454,1,1,up,none,Unpriced (Coming Soon),Unpriced (Coming Soon),False,To be announced,To be announced,False
3749580,He-Man and the Masters of the Universe™: Dragon Pearl of Destruction,He-Man and the Masters of the Universe™: Dragon Pearl of Destruction,456,455,1,1,up,none,Free,Free,False,Coming soon,Coming soon,False
4536610,City Masterplan,City Masterplan,457,456,1,1,up,none,Free,Free,False,Coming soon,Coming soon,False
4739040,DISCIPLINE SIMULATOR,DISCIPLINE SIMULATOR,458,457,1,1,up,none,Unpriced (Coming Soon),Unpriced (Coming Soon),False,Q3 2026,Q3 2026,False
4492060,Crime Scene Cleaner - Biohazard,Crime Scene Cleaner - Biohazard,459,458,1,1,up,none,Unpriced (Coming Soon),Unpriced (Coming Soon),False,To be announced,To be announced,False
2710740,Lost Legions,Lost Legions,467,466,1,1,up,none,Free,Free,False,Coming soon,Coming soon,False
2439770,PROJECT MIX,PROJECT MIX,468,469,-1,1,down,none,Free,Free,False,Q1 2027,Q1 2027,False
3462190,PHASE ZERO,PHASE ZERO,470,471,-1,1,down,none,Unpriced (Coming Soon),Unpriced (Coming Soon),False,2026,2026,False
2189430,Gilded Destiny,Gilded Destiny,478,479,-1,1,down,none,Unpriced (Coming Soon),Unpriced (Coming Soon),False,2026,2026,False
4713940,Monster Fantasy,Monster Fantasy,479,480,-1,1,down,none,Free,Free,False,2027,2027,False
2680280,PAPERHEAD,PAPERHEAD,485,484,1,1,up,none,Unpriced (Coming Soon),Unpriced (Coming Soon),False,"Oct 9, 2026","Oct 9, 2026",False
3281970,Deep Snow Delivery,Deep Snow Delivery,484,485,-1,1,down,none,Unpriced (Coming Soon),Unpriced (Coming Soon),False,To be announced,To be announced,False
3499790,Ashes of the Singularity II,Ashes of the Singularity II,487,486,1,1,up,none,Free,Free,False,Coming soon,Coming soon,False
1976830,Vivaland,Vivaland,495,494,1,1,up,none,Unpriced (Coming Soon),Unpriced (Coming Soon),False,To be announced,To be announced,False
1166890,Necrofugitive,Necrofugitive,503,502,1,1,up,none,Unpriced (Coming Soon),Unpriced (Coming Soon),False,To be announced,To be announced,False
4393700,Elderfeast,Elderfeast,504,503,1,1,up,none,Free,Free,False,2027,2027,False
4518240,Commie Bobrs,Commie Bobrs,509,508,1,1,up,none,Free,Free,False,Coming soon,Coming soon,False
2239640,Earthblade,Earthblade,510,509,1,1,up,none,Free,Free,False,Coming soon,Coming soon,False
3680100,House Flipper 2 - Pets DLC,House Flipper 2 - Pets DLC,511,510,1,1,up,none,Unpriced (Coming Soon),Unpriced (Coming Soon),False,"Dec 3, 2026","Dec 3, 2026",False
3596430,Bancho the Chef,Bancho the Chef,512,513,-1,1,down,none,Unpriced (Coming Soon),Unpriced (Coming Soon),False,To be announced,To be announced,False
1215940,Forever Ago,Forever Ago,515,516,-1,1,down,none,Unpriced (Coming Soon),Unpriced (Coming Soon),False,"Oct 8, 2026","Oct 8, 2026",False
2556470,Fantastic Haven,Fantastic Haven,516,517,-1,1,down,none,Unpriced (Coming Soon),Unpriced (Coming Soon),False,Q4 2026,Q4 2026,False
1578940,Vampire Clans,Vampire Clans,521,520,1,1,up,none,Unpriced (Coming Soon),Unpriced (Coming Soon),False,To be announced,To be announced,False
4732690,Arknights: Endfield,Arknights: Endfield,522,521,1,1,up,none,Free,Free,False,Coming soon,Coming soon,False
3756700,Warhammer Age of Sigmar: Deathmaster,Warhammer Age of Sigmar: Deathmaster,523,522,1,1,up,none,Free,Free,False,2027,2027,False
3012600,Substructure,Substructure,524,523,1,1,up,none,Free,Free,False,Coming soon,Coming soon,False
1561740,Kriegsfront Tactics,Kriegsfront Tactics,525,524,1,1,up,none,Unpriced (Coming Soon),Unpriced (Coming Soon),False,To be announced,To be announced,False
2088020,UNDEFEATED: Genesis,UNDEFEATED: Genesis,529,528,1,1,up,none,Free,Free,False,2027,2027,False
4859110,Horn Of Africa,Horn Of Africa,530,529,1,1,up,none,Free,Free,False,Coming soon,Coming soon,False
3707530,The Vernyhorn,The Vernyhorn,531,530,1,1,up,none,Unpriced (Coming Soon),Unpriced (Coming Soon),False,To be announced,To be announced,False
3051160,Black State,Black State,543,542,1,1,up,none,Unpriced (Coming Soon),Unpriced (Coming Soon),False,To be announced,To be announced,False
1154960,Ardenfall,Ardenfall,544,543,1,1,up,none,Unpriced (Coming Soon),Unpriced (Coming Soon),False,2026,2026,False
3591510,Frutiger Space,Frutiger Space,545,544,1,1,up,none,Free,Free,False,Coming soon,Coming soon,False
2559370,The Scramble Vice,The Scramble Vice,546,545,1,1,up,none,Free,Free,False,Coming soon,Coming soon,False
3694600,Humblets,Humblets,547,546,1,1,up,none,Unpriced (Coming Soon),Unpriced (Coming Soon),False,To be announced,To be announced,False
3997960,Undead Chronicles,Undead Chronicles,548,547,1,1,up,none,Unpriced (Coming Soon),Unpriced (Coming Soon),False,To be announced,To be announced,False
3245640,Starfinder: Afterlight,Starfinder: Afterlight,549,548,1,1,up,none,Unpriced (Coming Soon),Unpriced (Coming Soon),False,2026,2026,False
3107870,Highland Keep,Highland Keep,550,549,1,1,up,none,Free,Free,False,Coming soon,Coming soon,False
3447280,Fantasy World Manager,Fantasy World Manager,551,550,1,1,up,none,Unpriced (Coming Soon),Unpriced (Coming Soon),False,2026,2026,False
1593010,The Store is Closed,The Store is Closed,552,551,1,1,up,none,Unpriced (Coming Soon),Unpriced (Coming Soon),False,To be announced,To be announced,False
4502750,Infamous Keepers,Infamous Keepers,553,552,1,1,up,none,Free,Free,False,2027,2027,False
3833280,Loulan: The Cursed Sand,Loulan: The Cursed Sand,554,555,-1,1,down,none,Unpriced (Coming Soon),Unpriced (Coming Soon),False,To be announced,To be announced,False
3802140,Cassette Beasts 2002,Cassette Beasts 2002,558,557,1,1,up,none,Free,Free,False,March 2027,March 2027,False
3405880,MR DONALD,MR DONALD,559,558,1,1,up,none,Unpriced (Coming Soon),Unpriced (Coming Soon),False,To be announced,To be announced,False
2593320,Catechesis,Catechesis,560,559,1,1,up,none,Unpriced (Coming Soon),Unpriced (Coming Soon),False,To be announced,To be announced,False
4244910,Horizon Hunters Gathering,Horizon Hunters Gathering,561,560,1,1,up,none,Free,Free,False,Coming soon,Coming soon,False
2509360,Water Me & You,Water Me & You,562,561,1,1,up,none,Unpriced (Coming Soon),Unpriced (Coming Soon),False,2026,2026,False
1447250,Junxions,Junxions,563,562,1,1,up,none,Unpriced (Coming Soon),Unpriced (Coming Soon),False,2026,2026,False
2915770,Rescue Ops: Wildfire,Rescue Ops: Wildfire,564,563,1,1,up,none,Free,Free,False,Coming soon,Coming soon,False
3015820,To Kill a God,To Kill a God,565,564,1,1,up,none,Unpriced (Coming Soon),Unpriced (Coming Soon),False,To be announced,To be announced,False
3574750,The Dark West,The Dark West,566,565,1,1,up,none,Free,Free,False,Coming soon,Coming soon,False
2914820,M.I.N.S.K.,M.I.N.S.K.,567,566,1,1,up,none,Unpriced (Coming Soon),Unpriced (Coming Soon),False,To be announced,To be announced,False
4418080,False Echo,False Echo,568,567,1,1,up,none,Free,Free,False,Coming soon,Coming soon,False
3107290,Minimo,Minimo,571,570,1,1,up,none,Unpriced (Coming Soon),Unpriced (Coming Soon),False,To be announced,To be announced,False
3001740,Pelican Harbor,Pelican Harbor,570,571,-1,1,down,none,Free,Free,False,Coming soon,Coming soon,False
2409320,Drill Keeper,Drill Keeper,574,575,-1,1,down,none,Unpriced (Coming Soon),Unpriced (Coming Soon),False,2026,2026,False
4175180,DREADNOUGHT TARTARUS,DREADNOUGHT TARTARUS,575,576,-1,1,down,none,Free,Free,False,Coming soon,Coming soon,False
4623290,Painland,Painland,576,577,-1,1,down,none,Unpriced (Coming Soon),Unpriced (Coming Soon),False,To be announced,To be announced,False
2434830,Surfpunk,Surfpunk,579,578,1,1,up,none,Unpriced (Coming Soon),Unpriced (Coming Soon),False,To be announced,To be announced,False
3141390,GRAFT,GRAFT,578,579,-1,1,down,none,Unpriced (Coming Soon),Unpriced (Coming Soon),False,To be announced,To be announced,False
1113400,Alliance of the Sacred Suns,Alliance of the Sacred Suns,582,581,1,1,up,none,Unpriced (Coming Soon),Unpriced (Coming Soon),False,To be announced,To be announced,False
2786760,Another Door,Another Door,583,582,1,1,up,none,Unpriced (Coming Soon),Unpriced (Coming Soon),False,2026,2026,False
1053900,Radio the Universe,Radio the Universe,586,585,1,1,up,none,Unpriced (Coming Soon),Unpriced (Coming Soon),False,To be announced,To be announced,False
2522120,Airframe Ultra,Airframe Ultra,590,589,1,1,up,none,Free,Free,False,Coming soon,Coming soon,False
4072240,Woman Simulator,Woman Simulator,589,590,-1,1,down,none,Unpriced (Coming Soon),Unpriced (Coming Soon),False,"Sep 22, 2026","Sep 22, 2026",False
4132480,Guilty Pleasures,Guilty Pleasures,591,592,-1,1,down,none,Free,Free,False,Q2 2027,Q2 2027,False
3871670,Ironwing Valiant: Record of Astera,Ironwing Valiant: Record of Astera,595,594,1,1,up,none,Free,Free,False,Coming soon,Coming soon,False
4267860,Ascenders: Beyond the Peak,Ascenders: Beyond the Peak,597,596,1,1,up,none,Unpriced (Coming Soon),Unpriced (Coming Soon),False,Q3 2026,Q3 2026,False
2251970,Tokyo Stories,Tokyo Stories,596,597,-1,1,down,none,Unpriced (Coming Soon),Unpriced (Coming Soon),False,To be announced,To be announced,False
1906190,BackRooms,BackRooms,599,598,1,1,up,none,Free,Free,False,Coming soon,Coming soon,False
1917990,Being and Becoming,Being and Becoming,600,599,1,1,up,none,Free,Free,False,Coming soon,Coming soon,False
4239670,Steel Soul Shaper,Steel Soul Shaper,601,600,1,1,up,none,Free,Free,False,Coming soon,Coming soon,False
3305930,Panzer Strike,Panzer Strike,602,601,1,1,up,none,Unpriced (Coming Soon),Unpriced (Coming Soon),False,Q4 2026,Q4 2026,False
4230950,Street-Spec: 日本,Street-Spec: 日本,603,602,1,1,up,none,Unpriced (Coming Soon),Unpriced (Coming Soon),False,To be announced,To be announced,False
1207360,Medieval Frontiers,Medieval Frontiers,604,603,1,1,up,none,Unpriced (Coming Soon),Unpriced (Coming Soon),False,2026,2026,False
2872240,Lost in the Roots,Lost in the Roots,605,604,1,1,up,none,Unpriced (Coming Soon),Unpriced (Coming Soon),False,Q3 2026,Q3 2026,False
2663960,Bendy: The Cage,Bendy: The Cage,606,605,1,1,up,none,Free,Free,False,Coming soon,Coming soon,False
3008640,Onikura,Onikura,607,606,1,1,up,none,Free,Free,False,Coming soon,Coming soon,False
3631230,CastleMiner Z : Resurrection,CastleMiner Z : Resurrection,608,607,1,1,up,none,Unpriced (Coming Soon),Unpriced (Coming Soon),False,2026,2026,False
1186430,I.G.I. Origins,I.G.I. Origins,609,608,1,1,up,none,Unpriced (Coming Soon),Unpriced (Coming Soon),False,To be announced,To be announced,False
2409660,Wardens of Avalon,Wardens of Avalon,612,611,1,1,up,none,Free,Free,False,2027,2027,False
4414560,CORDURA,CORDURA,611,612,-1,1,down,none,Unpriced (Coming Soon),Unpriced (Coming Soon),False,To be announced,To be announced,False
3094690,Elflock,Elflock,614,613,1,1,up,none,Unpriced (Coming Soon),Unpriced (Coming Soon),False,To be announced,To be announced,False
687440,In The Valley of Gods,In The Valley of Gods,613,614,-1,1,down,none,Free,Free,False,December 2029,December 2029,False
2640090,Arcane Eats,Arcane Eats,618,617,1,1,up,none,Unpriced (Coming Soon),Unpriced (Coming Soon),False,2026,2026,False
3058660,HARK THE GHOUL,HARK THE GHOUL,619,618,1,1,up,none,Unpriced (Coming Soon),Unpriced (Coming Soon),False,2026,2026,False
4358660,Hull Rupture,Hull Rupture,620,619,1,1,up,none,Unpriced (Coming Soon),Unpriced (Coming Soon),False,To be announced,To be announced,False
1779610,Farm Renovator,Farm Renovator,621,620,1,1,up,none,Unpriced (Coming Soon),Unpriced (Coming Soon),False,2026,2026,False
1779540,Starpath,Starpath,622,621,1,1,up,none,Unpriced (Coming Soon),Unpriced (Coming Soon),False,To be announced,To be announced,False
1792100,Motel Simulator,Motel Simulator,623,622,1,1,up,none,Unpriced (Coming Soon),Unpriced (Coming Soon),False,To be announced,To be announced,False
2781660,Dawn of Defense,Dawn of Defense,624,623,1,1,up,none,Unpriced (Coming Soon),Unpriced (Coming Soon),False,Q4 2026,Q4 2026,False
3115870,TrophyRC,TrophyRC,625,624,1,1,up,none,Unpriced (Coming Soon),Unpriced (Coming Soon),False,To be announced,To be announced,False
2893350,Liftlands,Liftlands,629,628,1,1,up,none,Unpriced (Coming Soon),Unpriced (Coming Soon),False,To be announced,To be announced,False
3883910,La Divina Commedia,La Divina Commedia,630,629,1,1,up,none,Unpriced (Coming Soon),Unpriced (Coming Soon),False,To be announced,To be announced,False
4108680,Nightholme,Nightholme,631,632,-1,1,down,none,Unpriced (Coming Soon),Unpriced (Coming Soon),False,To be announced,To be announced,False
4686110,Agents 404,Agents 404,636,635,1,1,up,none,Unpriced (Coming Soon),Unpriced (Coming Soon),False,To be announced,To be announced,False
4005870,FreshWomen - Season 3,FreshWomen - Season 3,637,636,1,1,up,none,Unpriced (Coming Soon),Unpriced (Coming Soon),False,"Oct 15, 2026","Oct 15, 2026",False
3799530,Eye of the Match: The VAR Game,Eye of the Match: The VAR Game,640,639,1,1,up,none,Unpriced (Coming Soon),Unpriced (Coming Soon),False,To be announced,To be announced,False
4413070,Red Chat Ritual  – TSUMIMI TIME,Red Chat Ritual  – TSUMIMI TIME,641,640,1,1,up,none,Unpriced (Coming Soon),Unpriced (Coming Soon),False,October 2026,October 2026,False
4119090,The Daughter,The Daughter,642,641,1,1,up,none,Free,Free,False,Coming soon,Coming soon,False
3669430,Twilight Imperium Digital,Twilight Imperium Digital,643,642,1,1,up,none,Unpriced (Coming Soon),Unpriced (Coming Soon),False,To be announced,To be announced,False
1622130,Our Life: Now & Forever,Our Life: Now & Forever,647,646,1,1,up,none,Free,Free,False,2026,2026,False
1149450,Tree of Life 2,Tree of Life 2,648,647,1,1,up,none,Free,Free,False,Coming soon,Coming soon,False
2262630,Wish Upon A Llama,Wish Upon A Llama,649,648,1,1,up,none,Unpriced (Coming Soon),Unpriced (Coming Soon),False,2026,2026,False
1590430,Snow Daze: Redaze,Snow Daze: Redaze,650,649,1,1,up,none,Unpriced (Coming Soon),Unpriced (Coming Soon),False,To be announced,To be announced,False
2974160,Blighted,Blighted,651,650,1,1,up,none,Unpriced (Coming Soon),Unpriced (Coming Soon),False,2026,2026,False
2630420,Elven Watcher,Elven Watcher,653,654,-1,1,down,none,Unpriced (Coming Soon),Unpriced (Coming Soon),False,Q4 2026,Q4 2026,False
4029090,Rizz Dungeon: Skeleton Key to My Heart,Rizz Dungeon: Skeleton Key to My Heart,658,659,-1,1,down,none,Free,Free,False,2027,2027,False
3983860,Nightwater,Nightwater,661,660,1,1,up,none,Unpriced (Coming Soon),Unpriced (Coming Soon),False,"Sep 18, 2026","Sep 18, 2026",False
3798860,Shutter Story,Shutter Story,665,664,1,1,up,none,Free,Free,False,Q1 2027,Q1 2027,False
4557380,Batomon Showdown,Batomon Showdown,677,676,1,1,up,none,Unpriced (Coming Soon),Unpriced (Coming Soon),False,"Sep 15, 2026","Sep 15, 2026",False
3185060,Ruina Remake,Ruina Remake,676,677,-1,1,down,none,Free,Free,False,Coming soon,Coming soon,False
2397320,Bus Simulator 27,Bus Simulator 27,688,687,1,1,up,none,$29.99,$29.99,False,"Sep 8, 2026","Sep 8, 2026",False
4115300,A Date with Death 2: REMNANTS,A Date with Death 2: REMNANTS,691,692,-1,1,down,none,Free,Free,False,Q1 2027,Q1 2027,False
2616540,Croak,Croak,700,701,-1,1,down,none,Unpriced (Coming Soon),Unpriced (Coming Soon),False,2026,2026,False
3456950,Pixel Gun 2,Pixel Gun 2,701,702,-1,1,down,none,Free,Free,False,Coming soon,Coming soon,False
969330,The Way of Wrath,The Way of Wrath,706,707,-1,1,down,none,Unpriced (Coming Soon),Unpriced (Coming Soon),False,2026,2026,False
1101370,Wind Runners,Wind Runners,710,711,-1,1,down,none,Free,Free,False,2027,2027,False
2530870,GARBAGE COUNTRY,GARBAGE COUNTRY,713,712,1,1,up,none,Unpriced (Coming Soon),Unpriced (Coming Soon),False,To be announced,To be announced,False
4626020,Happy Ending Simulator,Happy Ending Simulator,716,715,1,1,up,none,Unpriced (Coming Soon),Unpriced (Coming Soon),False,Q4 2026,Q4 2026,False
3812830,Tiny Delivery,Tiny Delivery,717,716,1,1,up,none,Free,Free,False,Coming soon,Coming soon,False
1937070,Engines Of Destruction,Engines Of Destruction,718,717,1,1,up,none,Free,Free,False,Coming soon,Coming soon,False
3154460,Office Party,Office Party,722,721,1,1,up,none,Unpriced (Coming Soon),Unpriced (Coming Soon),False,2026,2026,False
3864190,MISHA,MISHA,727,726,1,1,up,none,Unpriced (Coming Soon),Unpriced (Coming Soon),False,To be announced,To be announced,False
1443980,Roman Empire Wars,Roman Empire Wars,735,734,1,1,up,none,Free,Free,False,Coming soon,Coming soon,False
1104600,Rune Fencer Illyia,Rune Fencer Illyia,738,737,1,1,up,none,Unpriced (Coming Soon),Unpriced (Coming Soon),False,2026,2026,False
3743140,Battleplan,Battleplan,739,738,1,1,up,none,Unpriced (Coming Soon),Unpriced (Coming Soon),False,Q3 2026,Q3 2026,False
4358270,Pickmos,Pickmos,740,739,1,1,up,none,Unpriced (Coming Soon),Unpriced (Coming Soon),False,To be announced,To be announced,False
908770,Global Conflagration,Global Conflagration,744,743,1,1,up,none,Unpriced (Coming Soon),Unpriced (Coming Soon),False,To be announced,To be announced,False
3434920,SAGE,SAGE,745,744,1,1,up,none,Free,Free,False,Coming soon,Coming soon,False
1872970,Food Truck Empire,Food Truck Empire,746,745,1,1,up,none,Unpriced (Coming Soon),Unpriced (Coming Soon),False,2026,2026,False
2975680,Revelation of Decay,Revelation of Decay,747,746,1,1,up,none,Unpriced (Coming Soon),Unpriced (Coming Soon),False,2026,2026,False
3024130,PAO PAO,PAO PAO,748,747,1,1,up,none,Unpriced (Coming Soon),Unpriced (Coming Soon),False,Q4 2026,Q4 2026,False
3078140,Five Laps at Freddy's,Five Laps at Freddy's,749,748,1,1,up,none,Unpriced (Coming Soon),Unpriced (Coming Soon),False,2026,2026,False
3922000,Neighborhoods,Neighborhoods,750,749,1,1,up,none,Unpriced (Coming Soon),Unpriced (Coming Soon),False,To be announced,To be announced,False
4267870,Washington Prime,Washington Prime,755,754,1,1,up,none,Unpriced (Coming Soon),Unpriced (Coming Soon),False,To be announced,To be announced,False
4771290,"Hands Up, G!","Hands Up, G!",756,755,1,1,up,none,Free,Free,False,Coming soon,Coming soon,False
3144010,Usagi Shima: Bunny Island,Usagi Shima: Bunny Island,758,757,1,1,up,none,Unpriced (Coming Soon),Unpriced (Coming Soon),False,October 2026,October 2026,False
3370490,Giggleland,Giggleland,757,758,-1,1,down,none,Free,Free,False,Coming soon,Coming soon,False
1368050,La Mer La Guerre,La Mer La Guerre,759,760,-1,1,down,none,Unpriced (Coming Soon),Unpriced (Coming Soon),False,To be announced,To be announced,False
2666580,Pathfinder: Abomination Vaults,Pathfinder: Abomination Vaults,760,761,-1,1,down,none,Unpriced (Coming Soon),Unpriced (Coming Soon),False,To be announced,To be announced,False
2355020,Lost Hellden,Lost Hellden,763,764,-1,1,down,none,Unpriced (Coming Soon),Unpriced (Coming Soon),False,2026,2026,False
3399240,Buster JAM!,Buster JAM!,764,765,-1,1,down,none,Free,Free,False,Coming soon,Coming soon,False
2266890,BECROWNED,BECROWNED,765,766,-1,1,down,none,Unpriced (Coming Soon),Unpriced (Coming Soon),False,Q4 2026,Q4 2026,False
3123130,Moon Princess,Moon Princess,766,767,-1,1,down,none,Free,Free,False,2027,2027,False
3038500,Cooking Simulator 2: Prologue,Cooking Simulator 2: Prologue,767,768,-1,1,down,none,Free,Free,False,Coming soon,Coming soon,False
3644020,Cleaner Company,Cleaner Company,770,771,-1,1,down,none,Unpriced (Coming Soon),Unpriced (Coming Soon),False,2026,2026,False
2671300,Trailblazers: Into the March,Trailblazers: Into the March,774,773,1,1,up,none,Unpriced (Coming Soon),Unpriced (Coming Soon),False,To be announced,To be announced,False
2400980,AMONG THE WILD,AMONG THE WILD,777,776,1,1,up,none,Unpriced (Coming Soon),Unpriced (Coming Soon),False,To be announced,To be announced,False
3809080,Never Wither,Never Wither,779,780,-1,1,down,none,Free,Free,False,Coming soon,Coming soon,False
2275860,BAKUDO,BAKUDO,780,781,-1,1,down,none,Unpriced (Coming Soon),Unpriced (Coming Soon),False,To be announced,To be announced,False
2885330,Fractured Mind,Fractured Mind,783,784,-1,1,down,none,Free,Free,False,2026,2026,False
4364730,IGTAP: an Incremental Game That's Also a Platformer,IGTAP: an Incremental Game That's Also a Platformer,787,786,1,1,up,none,Unpriced (Coming Soon),Unpriced (Coming Soon),False,"Sep 21, 2026","Sep 21, 2026",False
2220860,TSURUGIHIME,TSURUGIHIME,790,791,-1,1,down,none,Unpriced (Coming Soon),Unpriced (Coming Soon),False,To be announced,To be announced,False
3473430,All Our Broken Parts,All Our Broken Parts,793,794,-1,1,down,none,Unpriced (Coming Soon),Unpriced (Coming Soon),False,To be announced,To be announced,False
4278970,Bad Magpie,Bad Magpie,807,808,-1,1,down,none,Free,Free,False,Coming soon,Coming soon,False
2065580,Kitsune: The Journey of Adashino,Kitsune: The Journey of Adashino,808,809,-1,1,down,none,Unpriced (Coming Soon),Unpriced (Coming Soon),False,Q4 2026,Q4 2026,False
4061090,Rift Fishing,Rift Fishing,809,810,-1,1,down,none,Unpriced (Coming Soon),Unpriced (Coming Soon),False,Q4 2026,Q4 2026,False
4030000,Goddess of Death,Goddess of Death,814,813,1,1,up,none,Unpriced (Coming Soon),Unpriced (Coming Soon),False,Q4 2026,Q4 2026,False
2413800,Samurai Pizza Cats: Blast from the Past!,Samurai Pizza Cats: Blast from the Past!,813,814,-1,1,down,none,Unpriced (Coming Soon),Unpriced (Coming Soon),False,To be announced,To be announced,False
4564150,Titan Hunters,Titan Hunters,816,817,-1,1,down,none,Unpriced (Coming Soon),Unpriced (Coming Soon),False,To be announced,To be announced,False
2487330,Stuntman: Hollywood,Stuntman: Hollywood,819,818,1,1,up,none,Unpriced (Coming Soon),Unpriced (Coming Soon),False,To be announced,To be announced,False
4096830,S.O.N.A.R. - Submarine Operators Not Actually Ready,S.O.N.A.R. - Submarine Operators Not Actually Ready,822,823,-1,1,down,none,Unpriced (Coming Soon),Unpriced (Coming Soon),False,To be announced,To be announced,False
3878760,Migration,Migration,824,825,-1,1,down,none,Unpriced (Coming Soon),Unpriced (Coming Soon),False,To be announced,To be announced,False
1606970,Ronin Trail,Ronin Trail,828,829,-1,1,down,none,Free,Free,False,Coming soon,Coming soon,False
3066300,Sky Dust,Sky Dust,832,831,1,1,up,none,Unpriced (Coming Soon),Unpriced (Coming Soon),False,To be announced,To be announced,False
2444760,Nexomon 3,Nexomon 3,831,832,-1,1,down,none,Unpriced (Coming Soon),Unpriced (Coming Soon),False,To be announced,To be announced,False
2895410,Monsterest,Monsterest,836,835,1,1,up,none,Unpriced (Coming Soon),Unpriced (Coming Soon),False,To be announced,To be announced,False
2679070,IRONHIVE,IRONHIVE,835,836,-1,1,down,none,Free,Free,False,Coming soon,Coming soon,False
1171980,Neverlooted Dungeon,Neverlooted Dungeon,839,838,1,1,up,none,Unpriced (Coming Soon),Unpriced (Coming Soon),False,2026,2026,False
3431300,Slow Roads,Slow Roads,840,839,1,1,up,none,Unpriced (Coming Soon),Unpriced (Coming Soon),False,September 2026,September 2026,False
2613150,Bendy and the Ink Factory,Bendy and the Ink Factory,841,840,1,1,up,none,Unpriced (Coming Soon),Unpriced (Coming Soon),False,To be announced,To be announced,False
4717850,Magical Girl Taboo Village,Magical Girl Taboo Village,842,841,1,1,up,none,Unpriced (Coming Soon),Unpriced (Coming Soon),False,2026,2026,False
2616100,Plague Lords,Plague Lords,843,842,1,1,up,none,Unpriced (Coming Soon),Unpriced (Coming Soon),False,2026,2026,False
1349300,Yakuza Empire,Yakuza Empire,844,843,1,1,up,none,Unpriced (Coming Soon),Unpriced (Coming Soon),False,To be announced,To be announced,False
3685570,FIGHT-QUEST,FIGHT-QUEST,845,844,1,1,up,none,Unpriced (Coming Soon),Unpriced (Coming Soon),False,Q4 2026,Q4 2026,False
4487060,Northgard Battlegrounds,Northgard Battlegrounds,850,849,1,1,up,none,Unpriced (Coming Soon),Unpriced (Coming Soon),False,2026,2026,False
2548880,Divine Frequency,Divine Frequency,852,853,-1,1,down,none,Unpriced (Coming Soon),Unpriced (Coming Soon),False,To be announced,To be announced,False
1403850,Mars Colony Builder,Mars Colony Builder,861,862,-1,1,down,none,Unpriced (Coming Soon),Unpriced (Coming Soon),False,To be announced,To be announced,False
4716160,Hitman Classic Trilogy Remastered,Hitman Classic Trilogy Remastered,870,869,1,1,up,none,Free,Free,False,Coming soon,Coming soon,False
3617990,Star Wrath,Star Wrath,869,870,-1,1,down,none,Free,Free,False,Q1 2027,Q1 2027,False
4049810,Lancer Tactics,Lancer Tactics,873,874,-1,1,down,none,Free,Free,False,Coming soon,Coming soon,False
395830,LOW-FI,LOW-FI,876,875,1,1,up,none,Free,Free,False,Coming soon,Coming soon,False
1877490,Projekt Melody: A Nut Between Worlds,Projekt Melody: A Nut Between Worlds,877,876,1,1,up,none,Unpriced (Coming Soon),Unpriced (Coming Soon),False,To be announced,To be announced,False
2676350,Pikuniku 2,Pikuniku 2,878,879,-1,1,down,none,Free,Free,False,Coming soon,Coming soon,False
2406140,AIKODE,AIKODE,881,882,-1,1,down,none,Free,Free,False,Coming soon,Coming soon,False
1361090,Restitched,Restitched,884,883,1,1,up,none,Unpriced (Coming Soon),Unpriced (Coming Soon),False,To be announced,To be announced,False
3804840,MILF's Plaza 2,MILF's Plaza 2,883,884,-1,1,down,none,Unpriced (Coming Soon),Unpriced (Coming Soon),False,2026,2026,False
4336170,Age of Empires IV: Raiders of the North,Age of Empires IV: Raiders of the North,886,885,1,1,up,none,Unpriced (Coming Soon),Unpriced (Coming Soon),False,Q4 2026,Q4 2026,False
4574370,Sword & Banner,Sword & Banner,892,891,1,1,up,none,Free,Free,False,Q1 2027,Q1 2027,False
2156390,WorldShards,WorldShards,897,898,-1,1,down,none,Free,Free,False,2027,2027,False
4040060,Model Kit Studio,Model Kit Studio,898,899,-1,1,down,none,Free,Free,False,2027,2027,False
3891160,CRYMELIGHT,CRYMELIGHT,901,900,1,1,up,none,Unpriced (Coming Soon),Unpriced (Coming Soon),False,"Nov 4, 2026","Nov 4, 2026",False
1046920,Bushiden,Bushiden,900,901,-1,1,down,none,Unpriced (Coming Soon),Unpriced (Coming Soon),False,To be announced,To be announced,False
2085080,Princess Hunter,Princess Hunter,903,904,-1,1,down,none,Free,Free,False,Coming soon,Coming soon,False
3296060,Escape Academy 2: Back 2 School,Escape Academy 2: Back 2 School,906,905,1,1,up,none,Unpriced (Coming Soon),Unpriced (Coming Soon),False,November 2026,November 2026,False
3564500,Lambda Fortress,Lambda Fortress,907,908,-1,1,down,none,Free,Free,False,Coming soon,Coming soon,False
2389020,Dreadwoods Gatekeeper,Dreadwoods Gatekeeper,910,911,-1,1,down,none,Unpriced (Coming Soon),Unpriced (Coming Soon),False,To be announced,To be announced,False
3905500,Beware of the Cartographer!,Beware of the Cartographer!,911,912,-1,1,down,none,Unpriced (Coming Soon),Unpriced (Coming Soon),False,To be announced,To be announced,False
1108600,Last Moon,Last Moon,912,913,-1,1,down,none,Free,Free,False,Coming soon,Coming soon,False
3459340,Lacey's Flash Games,Lacey's Flash Games,927,928,-1,1,down,none,Unpriced (Coming Soon),Unpriced (Coming Soon),False,2026,2026,False
3764400,LIMIT ZERO BREAKERS,LIMIT ZERO BREAKERS,928,929,-1,1,down,none,Free,Free,False,Coming soon,Coming soon,False
3758090,Necrofane,Necrofane,929,930,-1,1,down,none,Free,Free,False,2027,2027,False
1415230,For The Stars,For The Stars,930,931,-1,1,down,none,Free,Free,False,Coming soon,Coming soon,False
4540840,DIOXIDE,DIOXIDE,933,932,1,1,up,none,Free,Free,False,Coming soon,Coming soon,False
2591790,ANIMAL USE PROTOCOL,ANIMAL USE PROTOCOL,936,937,-1,1,down,none,Unpriced (Coming Soon),Unpriced (Coming Soon),False,To be announced,To be announced,False
2405340,Dead On Arrival,Dead On Arrival,937,938,-1,1,down,none,Unpriced (Coming Soon),Unpriced (Coming Soon),False,To be announced,To be announced,False
2303850,Toxic Crusaders,Toxic Crusaders,939,940,-1,1,down,none,Unpriced (Coming Soon),Unpriced (Coming Soon),False,2026,2026,False
925500,Innkeep,Innkeep,940,941,-1,1,down,none,Unpriced (Coming Soon),Unpriced (Coming Soon),False,To be announced,To be announced,False
3340880,Silicone Heart,Silicone Heart,941,942,-1,1,down,none,Unpriced (Coming Soon),Unpriced (Coming Soon),False,"Dec 1, 2026","Dec 1, 2026",False
4413210,Tachyon Flow,Tachyon Flow,944,943,1,1,up,none,Free,Free,False,Coming soon,Coming soon,False
2106730,Phantom Hellcat,Phantom Hellcat,945,946,-1,1,down,none,Unpriced (Coming Soon),Unpriced (Coming Soon),False,To be announced,To be announced,False
3440200,The Holy Fool,The Holy Fool,946,947,-1,1,down,none,Unpriced (Coming Soon),Unpriced (Coming Soon),False,To be announced,To be announced,False
4618570,Booster Pack Heroes,Booster Pack Heroes,947,948,-1,1,down,none,Free,Free,False,Coming soon,Coming soon,False
3464670,Dead Watch,Dead Watch,948,949,-1,1,down,none,Free,Free,False,Coming soon,Coming soon,False
3523120,AEROMACHINA,AEROMACHINA,949,950,-1,1,down,none,Free,Free,False,Coming soon,Coming soon,False
1403030,Wanderlost,Wanderlost,952,953,-1,1,down,none,Free,Free,False,Coming soon,Coming soon,False
1163020,The Looter,The Looter,959,958,1,1,up,none,Unpriced (Coming Soon),Unpriced (Coming Soon),False,To be announced,To be announced,False
4623570,Deskrawl: Idle ARPG,Deskrawl: Idle ARPG,963,962,1,1,up,none,Unpriced (Coming Soon),Unpriced (Coming Soon),False,"Sep 28, 2026","Sep 28, 2026",False
4012150,BREKEKEKEX,BREKEKEKEX,962,963,-1,1,down,none,Unpriced (Coming Soon),Unpriced (Coming Soon),False,To be announced,To be announced,False
1680780,Big Boy Boxing,Big Boy Boxing,967,966,1,1,up,none,Unpriced (Coming Soon),Unpriced (Coming Soon),False,To be announced,To be announced,False
4373620,Fresco,Fresco,968,967,1,1,up,none,Unpriced (Coming Soon),Unpriced (Coming Soon),False,To be announced,To be announced,False
4045480,Drawquarium,Drawquarium,969,968,1,1,up,none,Free,Free,False,Coming soon,Coming soon,False
3699910,Lines of Battle,Lines of Battle,970,969,1,1,up,none,Unpriced (Coming Soon),Unpriced (Coming Soon),False,To be announced,To be announced,False
2184280,Vexlands,Vexlands,981,980,1,1,up,none,Free,Free,False,Coming soon,Coming soon,False
1722610,Unawake,Unawake,982,981,1,1,up,none,Unpriced (Coming Soon),Unpriced (Coming Soon),False,To be announced,To be announced,False
1394650,Detained: Too Good for School,Detained: Too Good for School,989,990,-1,1,down,none,Unpriced (Coming Soon),Unpriced (Coming Soon),False,2026,2026,False
2750400,Spearhead 2,Spearhead 2,990,991,-1,1,down,none,Free,Free,False,Coming soon,Coming soon,False
2059980,Oriental Immortal,Oriental Immortal,999,998,1,1,up,none,Unpriced (Coming Soon),Unpriced (Coming Soon),False,To be announced,To be announced,False
3408450,Tiny Hero Courier,Tiny Hero Courier,1003,1002,1,1,up,none,Unpriced (Coming Soon),Unpriced (Coming Soon),False,To be announced,To be announced,False
1968940,Nazralath: The Fallen World,Nazralath: The Fallen World,1004,1003,1,1,up,none,Free,Free,False,Coming soon,Coming soon,False
2571410,500 CALIBER CONTRACTZ,500 CALIBER CONTRACTZ,1005,1004,1,1,up,none,Unpriced (Coming Soon),Unpriced (Coming Soon),False,2026,2026,False
3419080,The Regreening,The Regreening,1011,1010,1,1,up,none,Free,Free,False,Coming soon,Coming soon,False
2545200,Animaloid Girl,Animaloid Girl,1010,1011,-1,1,down,none,Unpriced (Coming Soon),Unpriced (Coming Soon),False,To be announced,To be announced,False
2962520,Violet Saga,Violet Saga,1020,1019,1,1,up,none,Free,Free,False,Q2 2027,Q2 2027,False
3068720,I Am Security,I Am Security,1019,1020,-1,1,down,none,Free,Free,False,Coming soon,Coming soon,False
3411810,Cobra Strike,Cobra Strike,1025,1026,-1,1,down,none,Unpriced (Coming Soon),Unpriced (Coming Soon),False,To be announced,To be announced,False
3850550,Isekai: Waifu Overlord,Isekai: Waifu Overlord,1026,1027,-1,1,down,none,Free,Free,False,"Sep 22, 2026","Sep 22, 2026",False
2999670,Front Edge,Front Edge,1029,1030,-1,1,down,none,Free,Free,False,2026,2026,False
3264980,HELL YEAH simulator,HELL YEAH simulator,1030,1031,-1,1,down,none,Free,Free,False,Coming soon,Coming soon,False
2749920,The Transylvania Adventure of Simon Quest,The Transylvania Adventure of Simon Quest,1033,1032,1,1,up,none,Free,Free,False,Coming soon,Coming soon,False
4328840,Tideborne Haven,Tideborne Haven,1034,1033,1,1,up,none,Unpriced (Coming Soon),Unpriced (Coming Soon),False,To be announced,To be announced,False
2824520,Displacement,Displacement,1035,1034,1,1,up,none,Unpriced (Coming Soon),Unpriced (Coming Soon),False,To be announced,To be announced,False
3908100,Steam To Electric,Steam To Electric,1036,1035,1,1,up,none,Free,Free,False,Coming soon,Coming soon,False
3125320,Isadora's Edge,Isadora's Edge,1039,1038,1,1,up,none,Free,Free,False,Coming soon,Coming soon,False
3251540,Oil Rig Simulator,Oil Rig Simulator,1044,1045,-1,1,down,none,Unpriced (Coming Soon),Unpriced (Coming Soon),False,To be announced,To be announced,False
4563860,KAIJECT,KAIJECT,1045,1046,-1,1,down,none,Free,Free,False,Coming soon,Coming soon,False
4623300,Open Waters,Open Waters,1046,1047,-1,1,down,none,Unpriced (Coming Soon),Unpriced (Coming Soon),False,To be announced,To be announced,False
3846360,The Goblin Tavern,The Goblin Tavern,1047,1048,-1,1,down,none,Unpriced (Coming Soon),Unpriced (Coming Soon),False,To be announced,To be announced,False
1359270,Pirate Commander,Pirate Commander,1051,1052,-1,1,down,none,Unpriced (Coming Soon),Unpriced (Coming Soon),False,To be announced,To be announced,False
1732910,Photography Simulator,Photography Simulator,1052,1053,-1,1,down,none,Free,Free,False,Coming soon,Coming soon,False
2962470,Corruption of Belrand - Princess Knight Lysithea,Corruption of Belrand - Princess Knight Lysithea,1057,1058,-1,1,down,none,Unpriced (Coming Soon),Unpriced (Coming Soon),False,Q4 2026,Q4 2026,False
2831170,Color Fear,Color Fear,1061,1062,-1,1,down,none,Free,Free,False,Coming soon,Coming soon,False
4308600,Age of Empires III: Definitive Edition - The Baltic Powers,Age of Empires III: Definitive Edition - The Baltic Powers,1062,1063,-1,1,down,none,$16.99,$16.99,False,"Sep 10, 2026","Sep 10, 2026",False
3195360,Coromon: Rogue Planet,Coromon: Rogue Planet,1063,1064,-1,1,down,none,Free,Free,False,Coming soon,Coming soon,False
4982920,The Watcher,The Watcher,1064,1065,-1,1,down,none,Unpriced (Coming Soon),Unpriced (Coming Soon),False,To be announced,To be announced,False
3620610,Primal Survival,Primal Survival,1065,1066,-1,1,down,none,Unpriced (Coming Soon),Unpriced (Coming Soon),False,2026,2026,False
3534150,POSTAL 2 VR,POSTAL 2 VR,1073,1072,1,1,up,none,Free,Free,False,2027,2027,False
2681560,Train Station Project,Train Station Project,1072,1073,-1,1,down,none,Free,Free,False,Coming soon,Coming soon,False
2513270,UvsU: You vs You,UvsU: You vs You,1074,1075,-1,1,down,none,Unpriced (Coming Soon),Unpriced (Coming Soon),False,2026,2026,False
1355900,Tattered Banners,Tattered Banners,1077,1076,1,1,up,none,Unpriced (Coming Soon),Unpriced (Coming Soon),False,Q4 2026,Q4 2026,False
3122600,Glintseeker Island,Glintseeker Island,1079,1078,1,1,up,none,Free,Free,False,2027,2027,False
3475880,Train Goes Right,Train Goes Right,1078,1079,-1,1,down,none,Unpriced (Coming Soon),Unpriced (Coming Soon),False,2026,2026,False
4143000,FERRA,FERRA,1088,1087,1,1,up,none,Unpriced (Coming Soon),Unpriced (Coming Soon),False,To be announced,To be announced,False
2390130,Design and Conjure,Design and Conjure,1089,1088,1,1,up,none,Free,Free,False,Coming soon,Coming soon,False
2713380,Shadows of Chroma Tower,Shadows of Chroma Tower,1090,1089,1,1,up,none,Free,Free,False,Q1 2027,Q1 2027,False
2159260,Vampire Rancher,Vampire Rancher,1091,1090,1,1,up,none,Unpriced (Coming Soon),Unpriced (Coming Soon),False,2026,2026,False
2471680,Risimon,Risimon,1092,1091,1,1,up,none,Free,Free,False,Coming soon,Coming soon,False
3175790,Mecha Legends,Mecha Legends,1093,1092,1,1,up,none,Unpriced (Coming Soon),Unpriced (Coming Soon),False,To be announced,To be announced,False
4703930,Grilluminati,Grilluminati,1094,1093,1,1,up,none,Unpriced (Coming Soon),Unpriced (Coming Soon),False,Q4 2026,Q4 2026,False
1630450,EDEN.schemata();,EDEN.schemata();,1095,1094,1,1,up,none,Unpriced (Coming Soon),Unpriced (Coming Soon),False,2026,2026,False
3018390,PSYCHO DEAD,PSYCHO DEAD,1096,1095,1,1,up,none,Unpriced (Coming Soon),Unpriced (Coming Soon),False,Q4 2026,Q4 2026,False
2370280,Nobody's Left,Nobody's Left,1097,1096,1,1,up,none,Unpriced (Coming Soon),Unpriced (Coming Soon),False,To be announced,To be announced,False
1927360,Mira and the Legend of the Djinns,Mira and the Legend of the Djinns,1098,1097,1,1,up,none,Unpriced (Coming Soon),Unpriced (Coming Soon),False,2026,2026,False
2201470,Remnant Protocol,Remnant Protocol,1099,1098,1,1,up,none,Free,Free,False,Coming soon,Coming soon,False
1196230,Book of Aliens,Book of Aliens,1100,1099,1,1,up,none,Unpriced (Coming Soon),Unpriced (Coming Soon),False,To be announced,To be announced,False
1818660,Kalyskah,Kalyskah,1101,1100,1,1,up,none,Unpriced (Coming Soon),Unpriced (Coming Soon),False,2026,2026,False
669270,Momentum Mod,Momentum Mod,1103,1104,-1,1,down,none,Free,Free,False,To be announced,To be announced,False
2415030,Crimson Hollow,Crimson Hollow,1104,1105,-1,1,down,none,Free,Free,False,Coming soon,Coming soon,False
3106270,HELLCARD II,HELLCARD II,1105,1106,-1,1,down,none,Unpriced (Coming Soon),Unpriced (Coming Soon),False,Q4 2026,Q4 2026,False
4123070,MonCraft 199X,MonCraft 199X,1108,1109,-1,1,down,none,Unpriced (Coming Soon),Unpriced (Coming Soon),False,To be announced,To be announced,False
3519480,Carthage: Bellum Punicum,Carthage: Bellum Punicum,1114,1115,-1,1,down,none,Unpriced (Coming Soon),Unpriced (Coming Soon),False,To be announced,To be announced,False
3545200,Space Dingus,Space Dingus,1117,1116,1,1,up,none,Unpriced (Coming Soon),Unpriced (Coming Soon),False,To be announced,To be announced,False
2738660,Mecha Simultactics,Mecha Simultactics,1120,1119,1,1,up,none,Unpriced (Coming Soon),Unpriced (Coming Soon),False,To be announced,To be announced,False
3962420,Futa Slug EX,Futa Slug EX,1125,1124,1,1,up,none,Unpriced (Coming Soon),Unpriced (Coming Soon),False,"Sep 24, 2026","Sep 24, 2026",False
3722130,Indigo Park: Chapter 2,Indigo Park: Chapter 2,1126,1127,-1,1,down,none,Unpriced (Coming Soon),Unpriced (Coming Soon),False,To be announced,To be announced,False
3275050,Ex Sanguis,Ex Sanguis,1129,1128,1,1,up,none,Unpriced (Coming Soon),Unpriced (Coming Soon),False,"Sep 10, 2026","Sep 10, 2026",False
3867170,Sengoku Rance,Sengoku Rance,1134,1135,-1,1,down,none,Unpriced (Coming Soon),Unpriced (Coming Soon),False,Q3 2026,Q3 2026,False
4009490,Arctic Drive,Arctic Drive,1135,1136,-1,1,down,none,Unpriced (Coming Soon),Unpriced (Coming Soon),False,November 2026,November 2026,False
2526200,Eyes Never Wake,Eyes Never Wake,1136,1137,-1,1,down,none,Free,Free,False,Coming soon,Coming soon,False
3500810,DreadOut 3,DreadOut 3,1141,1140,1,1,up,none,Free,Free,False,Coming soon,Coming soon,False
4633090,Misa Online,Misa Online,1140,1141,-1,1,down,none,Free,Free,False,To be announced,To be announced,False
2852140,Dumb Ways to Party,Dumb Ways to Party,1143,1142,1,1,up,none,Unpriced (Coming Soon),Unpriced (Coming Soon),False,2026,2026,False
1116390,Negative Atmosphere,Negative Atmosphere,1142,1143,-1,1,down,none,Unpriced (Coming Soon),Unpriced (Coming Soon),False,To be announced,To be announced,False
2271050,RESISTOR,RESISTOR,1144,1145,-1,1,down,none,Free,Free,False,Coming soon,Coming soon,False
2620450,Highreach,Highreach,1153,1154,-1,1,down,none,Unpriced (Coming Soon),Unpriced (Coming Soon),False,Q4 2026,Q4 2026,False
3829400,Grand Tactician: Napoleonic Wars (1792-1815),Grand Tactician: Napoleonic Wars (1792-1815),1160,1161,-1,1,down,none,Unpriced (Coming Soon),Unpriced (Coming Soon),False,To be announced,To be announced,False
1531180,Lost Isle,Lost Isle,1162,1163,-1,1,down,none,Unpriced (Coming Soon),Unpriced (Coming Soon),False,2026,2026,False
4295810,A Whisper of Fall: Jinyiwei,A Whisper of Fall: Jinyiwei,1172,1173,-1,1,down,none,Unpriced (Coming Soon),Unpriced (Coming Soon),False,To be announced,To be announced,False
4121600,Psychopomp 2,Psychopomp 2,1173,1174,-1,1,down,none,Free,Free,False,Coming soon,Coming soon,False
1422450,Deadlock,Deadlock,1,1,0,0,stable,none,Unpriced (Coming Soon),Unpriced (Coming Soon),False,To be announced,To be announced,False
2719590,Light No Fire,Light No Fire,2,2,0,0,stable,none,Unpriced (Coming Soon),Unpriced (Coming Soon),False,To be announced,To be announced,False
4534960,Dear Passengers,Dear Passengers,3,3,0,0,stable,none,Unpriced (Coming Soon),Unpriced (Coming Soon),False,2026,2026,False
2769570,Fable,Fable,4,4,0,0,stable,none,$69.99,$69.99,False,"Feb 23, 2027","Feb 23, 2027",False
1774880,Blight: Survival,Blight: Survival,5,5,0,0,stable,none,Unpriced (Coming Soon),Unpriced (Coming Soon),False,To be announced,To be announced,False
4115450,Phantom Blade Zero,Phantom Blade Zero,6,6,0,0,stable,none,$59.99,$59.99,False,"Oct 28, 2026","Oct 28, 2026",False
4199910,"Total War: WARHAMMER 40,000","Total War: WARHAMMER 40,000",7,7,0,0,stable,none,Unpriced (Coming Soon),Unpriced (Coming Soon),False,To be announced,To be announced,False
"2054970,2593180,2593190,2593290",Dragon's Dogma 2: Dark Arisen,Dragon's Dogma 2: Dark Arisen,8,8,0,0,stable,none,$49.99,$49.99,False,"Oct 8, 2026","Oct 8, 2026",False
2109770,Kingmakers,Kingmakers,9,9,0,0,stable,none,Free,Free,False,Coming soon,Coming soon,False
4824610,Resident Evil Veronica,Resident Evil Veronica,10,10,0,0,stable,none,Free,Free,False,2027,2027,False
2050420,ARK 2,ARK 2,13,13,0,0,stable,none,Unpriced (Coming Soon),Unpriced (Coming Soon),False,To be announced,To be announced,False
4165890,Steam Frame,Steam Frame,14,14,0,0,stable,none,Free,Free,False,Coming soon,Coming soon,False
2381520,Unrecord,Unrecord,15,15,0,0,stable,none,Unpriced (Coming Soon),Unpriced (Coming Soon),False,To be announced,To be announced,False
4095380,Soulframe,Soulframe,16,16,0,0,stable,none,Free,Free,False,Coming soon,Coming soon,False
1867240,WARDOGS,WARDOGS,17,17,0,0,stable,none,$39.99,$39.99,False,"Sep 10, 2026","Sep 10, 2026",False
2590240,METRO 2039,METRO 2039,18,18,0,0,stable,none,Free,Free,False,"Feb 4, 2027","Feb 4, 2027",False
2963950,Persona 4 Revival,Persona 4 Revival,19,19,0,0,stable,none,$69.99,$69.99,False,"Feb 17, 2027","Feb 17, 2027",False
2272360,"Warhammer 40,000: Dawn of War IV","Warhammer 40,000: Dawn of War IV",20,20,0,0,stable,none,$53.99,$53.99,False,"Dec 3, 2026","Dec 3, 2026",False
3292470,Tides of Annihilation,Tides of Annihilation,21,21,0,0,stable,none,Free,Free,False,Coming soon,Coming soon,False
2929250,over the hill,over the hill,22,22,0,0,stable,none,Unpriced (Coming Soon),Unpriced (Coming Soon),False,"Oct 14, 2026","Oct 14, 2026",False
3558670,Tomb Raider: Legacy of Atlantis,Tomb Raider: Legacy of Atlantis,23,23,0,0,stable,none,$59.99,$59.99,False,"Feb 12, 2027","Feb 12, 2027",False
3727390,The Expanse: Osiris Reborn,The Expanse: Osiris Reborn,24,24,0,0,stable,none,Free,Free,False,Q2 2027,Q2 2027,False
2873440,Chrono Odyssey,Chrono Odyssey,25,25,0,0,stable,none,Unpriced (Coming Soon),Unpriced (Coming Soon),False,To be announced,To be announced,False
3669870,CONTROL Resonant,CONTROL Resonant,26,26,0,0,stable,none,$59.99,$59.99,False,"Sep 24, 2026","Sep 24, 2026",False
1488490,Nivalis Nights,Nivalis Nights,27,27,0,0,stable,none,Unpriced (Coming Soon),Unpriced (Coming Soon),False,"Sep 29, 2026","Sep 29, 2026",False
3710600,"Warhammer 40,000: Dark Heresy","Warhammer 40,000: Dark Heresy",28,28,0,0,stable,none,Free,Free,False,Coming soon,Coming soon,False
2814860,Vindictus: Defying Fate,Vindictus: Defying Fate,29,29,0,0,stable,none,Free,Free,False,2027,2027,False
1340720,State of Decay 3,State of Decay 3,30,30,0,0,stable,none,Unpriced (Coming Soon),Unpriced (Coming Soon),False,To be announced,To be announced,False
2582960,NAKWON: LAST PARADISE,NAKWON: LAST PARADISE,31,31,0,0,stable,none,Unpriced (Coming Soon),Unpriced (Coming Soon),False,To be announced,To be announced,False
4126040,Aniimo,Aniimo,32,32,0,0,stable,none,Free,Free,False,"Sep 15, 2026","Sep 15, 2026",False
4077740,PUBG: Black Budget,PUBG: Black Budget,33,33,0,0,stable,none,Unpriced (Coming Soon),Unpriced (Coming Soon),False,To be announced,To be announced,False
2231020,Chronicles: Medieval,Chronicles: Medieval,34,34,0,0,stable,none,Free,Free,False,2027,2027,False
1940080,Rooted,Rooted,35,35,0,0,stable,none,Free,Free,False,2027,2027,False
3978820,Rules of Engagement: The Grey State,Rules of Engagement: The Grey State,38,38,0,0,stable,none,Free,Free,False,To be announced,To be announced,False
3016620,Alkahest,Alkahest,39,39,0,0,stable,none,Unpriced (Coming Soon),Unpriced (Coming Soon),False,To be announced,To be announced,False
1687540,Showa American Story,Showa American Story,42,42,0,0,stable,none,Unpriced (Coming Soon),Unpriced (Coming Soon),False,2026,2026,False
2288340,ACE COMBAT 8: WINGS OF THEVE,ACE COMBAT 8: WINGS OF THEVE,43,43,0,0,stable,none,$69.99,$69.99,False,"Oct 1, 2026","Oct 1, 2026",False
3010850,Gears of War: E-Day,Gears of War: E-Day,44,44,0,0,stable,none,$69.99,$69.99,False,"Oct 6, 2026","Oct 6, 2026",False
2724650,The Bustling World,The Bustling World,45,45,0,0,stable,none,Unpriced (Coming Soon),Unpriced (Coming Soon),False,To be announced,To be announced,False
1313230,Beautiful Light,Beautiful Light,46,46,0,0,stable,none,Unpriced (Coming Soon),Unpriced (Coming Soon),False,December 2026,December 2026,False
2179480,Ardem,Ardem,47,47,0,0,stable,none,Unpriced (Coming Soon),Unpriced (Coming Soon),False,2026,2026,False
2828710,Valor Mortis,Valor Mortis,48,48,0,0,stable,none,Unpriced (Coming Soon),Unpriced (Coming Soon),False,"Oct 13, 2026","Oct 13, 2026",False
1685960,Operation Lovecraft: Fallen Doll,Operation Lovecraft: Fallen Doll,49,49,0,0,stable,none,Free,Free,False,Coming soon,Coming soon,False
2956040,PVKK: Planetenverteidigungskanonenkommandant,PVKK: Planetenverteidigungskanonenkommandant,50,50,0,0,stable,none,Free,Free,False,2027,2027,False
4743930,Guild Wars 3™,Guild Wars 3™,51,51,0,0,stable,none,Unpriced (Coming Soon),Unpriced (Coming Soon),False,To be announced,To be announced,False
2161710,NO LAW,NO LAW,52,52,0,0,stable,none,Free,Free,False,2027,2027,False
2649560,Persona 6,Persona 6,53,53,0,0,stable,none,Unpriced (Coming Soon),Unpriced (Coming Soon),False,To be announced,To be announced,False
3864580,P.O.N.,P.O.N.,54,54,0,0,stable,none,Free,Free,False,Coming soon,Coming soon,False
3255110,Grave Seasons,Grave Seasons,55,55,0,0,stable,none,Unpriced (Coming Soon),Unpriced (Coming Soon),False,2026,2026,False
2861080,Haunted Paws,Haunted Paws,56,56,0,0,stable,none,Unpriced (Coming Soon),Unpriced (Coming Soon),False,To be announced,To be announced,False
2439280,Clockwork Revolution,Clockwork Revolution,57,57,0,0,stable,none,Free,Free,False,2027,2027,False
3393110,AION 2,AION 2,58,58,0,0,stable,none,Free,Free,False,"Oct 5, 2026","Oct 5, 2026",False
4231820,Castlevania: Belmont's Curse,Castlevania: Belmont's Curse,59,59,0,0,stable,none,$29.99,$29.99,False,"Oct 14, 2026","Oct 14, 2026",False
2610770,Dust Front RTS,Dust Front RTS,60,60,0,0,stable,none,Unpriced (Coming Soon),Unpriced (Coming Soon),False,To be announced,To be announced,False
1228610,KARLSON,KARLSON,61,61,0,0,stable,none,Free,Free,False,Coming soon,Coming soon,False
2318330,Neverway,Neverway,62,62,0,0,stable,none,Free,Free,False,2027,2027,False
3161310,Hela: of Mice & Magic,Hela: of Mice & Magic,63,63,0,0,stable,none,Unpriced (Coming Soon),Unpriced (Coming Soon),False,Q4 2026,Q4 2026,False
3337850,KYORA,KYORA,64,64,0,0,stable,none,Free,Free,False,Coming soon,Coming soon,False
1952620,The Lost Wild,The Lost Wild,65,65,0,0,stable,none,Free,Free,False,2027,2027,False
3073940,God Save Birmingham,God Save Birmingham,66,66,0,0,stable,none,Unpriced (Coming Soon),Unpriced (Coming Soon),False,To be announced,To be announced,False
4078430,STAR WARS: Galactic Racer™,STAR WARS: Galactic Racer™,67,67,0,0,stable,none,$59.99,$59.99,False,"Oct 6, 2026","Oct 6, 2026",False
1752080,HUNGER,HUNGER,68,68,0,0,stable,none,Free,Free,False,Coming soon,Coming soon,False
4260840,STRANGER THAN HEAVEN,STRANGER THAN HEAVEN,69,69,0,0,stable,none,$69.99,$69.99,False,"Jan 14, 2027","Jan 14, 2027",False
1373910,Anvil Empires,Anvil Empires,70,70,0,0,stable,none,Unpriced (Coming Soon),Unpriced (Coming Soon),False,To be announced,To be announced,False
3809270,Euro Truck Simulator 2 - Coaches,Euro Truck Simulator 2 - Coaches,71,71,0,0,stable,none,Unpriced (Coming Soon),Unpriced (Coming Soon),False,To be announced,To be announced,False
2692660,Car Mechanic Simulator 2026,Car Mechanic Simulator 2026,72,72,0,0,stable,none,Unpriced (Coming Soon),Unpriced (Coming Soon),False,2026,2026,False
3230960,EXODUS,EXODUS,73,73,0,0,stable,none,Free,Free,False,"Apr 7, 2027","Apr 7, 2027",False
1586260,BLACKFROST: The Long Dark 2,BLACKFROST: The Long Dark 2,74,74,0,0,stable,none,Free,Free,False,2027,2027,False
3624140,Wanderburg,Wanderburg,75,75,0,0,stable,none,Unpriced (Coming Soon),Unpriced (Coming Soon),False,"Sep 8, 2026","Sep 8, 2026",False
4435490,Call of Duty®: Modern Warfare® 4,Call of Duty®: Modern Warfare® 4,76,76,0,0,stable,none,$69.99,$69.99,False,"Oct 22, 2026","Oct 22, 2026",False
3281420,Paradise,Paradise,77,77,0,0,stable,none,Free,Free,False,Coming soon,Coming soon,False
2454980,Drakantos,Drakantos,78,78,0,0,stable,none,Free,Free,False,Coming soon,Coming soon,False
1536500,Euro Truck Simulator 2 - Heart of Russia,Euro Truck Simulator 2 - Heart of Russia,79,79,0,0,stable,none,Free,Free,False,Coming soon,Coming soon,False
2887580,Active Matter,Active Matter,80,80,0,0,stable,none,Unpriced (Coming Soon),Unpriced (Coming Soon),False,"Sep 15, 2026","Sep 15, 2026",False
4228810,Fourteen Years of Flames,Fourteen Years of Flames,81,81,0,0,stable,none,Unpriced (Coming Soon),Unpriced (Coming Soon),False,To be announced,To be announced,False
2239770,Don't Starve Elsewhere,Don't Starve Elsewhere,82,82,0,0,stable,none,Unpriced (Coming Soon),Unpriced (Coming Soon),False,To be announced,To be announced,False
2090210,Threads of Time,Threads of Time,83,83,0,0,stable,none,Unpriced (Coming Soon),Unpriced (Coming Soon),False,To be announced,To be announced,False
2153760,Stronghold 4,Stronghold 4,84,84,0,0,stable,none,Unpriced (Coming Soon),Unpriced (Coming Soon),False,2026,2026,False
1818140,Den of Wolves,Den of Wolves,88,88,0,0,stable,none,Unpriced (Coming Soon),Unpriced (Coming Soon),False,To be announced,To be announced,False
3493540,Transport Fever 3,Transport Fever 3,89,89,0,0,stable,none,$49.99,$49.99,False,"Sep 29, 2026","Sep 29, 2026",False
3788800,Atomic Heart 2,Atomic Heart 2,90,90,0,0,stable,none,Unpriced (Coming Soon),Unpriced (Coming Soon),False,To be announced,To be announced,False
4031890,Palworld: Palfarm,Palworld: Palfarm,91,91,0,0,stable,none,Unpriced (Coming Soon),Unpriced (Coming Soon),False,To be announced,To be announced,False
3517740,Frostrail,Frostrail,92,92,0,0,stable,none,Unpriced (Coming Soon),Unpriced (Coming Soon),False,Q4 2026,Q4 2026,False
2165810,Streets of Rogue 2,Streets of Rogue 2,93,93,0,0,stable,none,Free,Free,False,Coming soon,Coming soon,False
2235430,Holstin,Holstin,94,94,0,0,stable,none,Unpriced (Coming Soon),Unpriced (Coming Soon),False,To be announced,To be announced,False
2295170,Emberville,Emberville,95,95,0,0,stable,none,Unpriced (Coming Soon),Unpriced (Coming Soon),False,"Oct 27, 2026","Oct 27, 2026",False
1257610,Prison Architect 2,Prison Architect 2,96,96,0,0,stable,none,Unpriced (Coming Soon),Unpriced (Coming Soon),False,To be announced,To be announced,False
1614330,Crowsworn,Crowsworn,97,97,0,0,stable,none,Unpriced (Coming Soon),Unpriced (Coming Soon),False,To be announced,To be announced,False
1416070,beta decay,beta decay,98,98,0,0,stable,none,Unpriced (Coming Soon),Unpriced (Coming Soon),False,To be announced,To be announced,False
2924520,ONTOS,ONTOS,99,99,0,0,stable,none,Free,Free,False,2027,2027,False
4150720,Drunken Goddess Reflux,Drunken Goddess Reflux,100,100,0,0,stable,none,Unpriced (Coming Soon),Unpriced (Coming Soon),False,To be announced,To be announced,False
3283240,THE LIFT: Supernatural Handyman Simulator,THE LIFT: Supernatural Handyman Simulator,101,101,0,0,stable,none,Free,Free,False,2027,2027,False
4767480,Lords of the Fallen II,Lords of the Fallen II,102,102,0,0,stable,none,Free,Free,False,Coming soon,Coming soon,False
1636440,SILENT HILL: Townfall,SILENT HILL: Townfall,103,103,0,0,stable,none,$49.99,$49.99,False,"Sep 23, 2026","Sep 23, 2026",False
2254990,Permafrost,Permafrost,104,104,0,0,stable,none,Unpriced (Coming Soon),Unpriced (Coming Soon),False,"Oct 9, 2026","Oct 9, 2026",False
2437390,Enginefall,Enginefall,105,105,0,0,stable,none,Free,Free,False,2027,2027,False
3078150,Hawthorn,Hawthorn,106,106,0,0,stable,none,Unpriced (Coming Soon),Unpriced (Coming Soon),False,To be announced,To be announced,False
1579420,Guardians of the Wild Sky,Guardians of the Wild Sky,107,107,0,0,stable,none,Free,Free,False,Coming soon,Coming soon,False
4614080,Cartel Pilots Wanted,Cartel Pilots Wanted,108,108,0,0,stable,none,Unpriced (Coming Soon),Unpriced (Coming Soon),False,To be announced,To be announced,False
1572000,Derelicts,Derelicts,114,114,0,0,stable,none,Unpriced (Coming Soon),Unpriced (Coming Soon),False,To be announced,To be announced,False
3426150,I Have No Change,I Have No Change,115,115,0,0,stable,none,Free,Free,False,2027,2027,False
4258290,We Are So Cooked,We Are So Cooked,116,116,0,0,stable,none,Unpriced (Coming Soon),Unpriced (Coming Soon),False,"Oct 15, 2026","Oct 15, 2026",False
2838950,Game of Thrones: War for Westeros,Game of Thrones: War for Westeros,117,117,0,0,stable,none,Free,Free,False,2027,2027,False
2376260,Mariachi Legends,Mariachi Legends,118,118,0,0,stable,none,Free,Free,False,"Apr 27, 2027","Apr 27, 2027",False
3633680,Sea of Remnants,Sea of Remnants,122,122,0,0,stable,none,Free,Free,False,2027,2027,False
2055770,Bloody Hell Hotel,Bloody Hell Hotel,123,123,0,0,stable,none,Unpriced (Coming Soon),Unpriced (Coming Soon),False,2026,2026,False
3401960,JOIN US,JOIN US,124,124,0,0,stable,none,Free,Free,False,March 2027,March 2027,False
3629430,DREADMOOR,DREADMOOR,125,125,0,0,stable,none,Unpriced (Coming Soon),Unpriced (Coming Soon),False,Q4 2026,Q4 2026,False
2208810,Jurassic Park: Survival,Jurassic Park: Survival,126,126,0,0,stable,none,Unpriced (Coming Soon),Unpriced (Coming Soon),False,To be announced,To be announced,False
3642910,Wyldheart,Wyldheart,127,127,0,0,stable,none,Free,Free,False,Coming soon,Coming soon,False
4293910,XenoFeels,XenoFeels,128,128,0,0,stable,none,Unpriced (Coming Soon),Unpriced (Coming Soon),False,2026,2026,False
4348760,Totally Secure Airport,Totally Secure Airport,129,129,0,0,stable,none,Free,Free,False,Coming soon,Coming soon,False
3669200,Guildrun,Guildrun,130,130,0,0,stable,none,Unpriced (Coming Soon),Unpriced (Coming Soon),False,To be announced,To be announced,False
1388550,Human Fall Flat 2,Human Fall Flat 2,131,131,0,0,stable,none,Unpriced (Coming Soon),Unpriced (Coming Soon),False,To be announced,To be announced,False
3126410,Expedition: Into Darkness,Expedition: Into Darkness,132,132,0,0,stable,none,Unpriced (Coming Soon),Unpriced (Coming Soon),False,Q4 2026,Q4 2026,False
2254950,The Eternal Life of Goldman,The Eternal Life of Goldman,133,133,0,0,stable,none,Free,Free,False,Coming soon,Coming soon,False
388860,Judas,Judas,134,134,0,0,stable,none,Free,Free,False,Coming soon,Coming soon,False
2063390,V.A Proxy,V.A Proxy,135,135,0,0,stable,none,Free,Free,False,Coming soon,Coming soon,False
4369620,Last Harbor,Last Harbor,136,136,0,0,stable,none,Free,Free,False,Coming soon,Coming soon,False
3230430,The CUBE,The CUBE,137,137,0,0,stable,none,Unpriced (Coming Soon),Unpriced (Coming Soon),False,To be announced,To be announced,False
2617340,Terminator: Survivors,Terminator: Survivors,138,138,0,0,stable,none,Unpriced (Coming Soon),Unpriced (Coming Soon),False,To be announced,To be announced,False
1400830,Billie Bust Up,Billie Bust Up,141,141,0,0,stable,none,Unpriced (Coming Soon),Unpriced (Coming Soon),False,To be announced,To be announced,False
3219030,Planet Zoo 2,Planet Zoo 2,144,144,0,0,stable,none,$49.99,$49.99,False,"Oct 13, 2026","Oct 13, 2026",False
1701840,ExeKiller,ExeKiller,149,149,0,0,stable,none,Unpriced (Coming Soon),Unpriced (Coming Soon),False,To be announced,To be announced,False
3371050,Zeverland,Zeverland,150,150,0,0,stable,none,Free,Free,False,Coming soon,Coming soon,False
2708860,Canyons,Canyons,154,154,0,0,stable,none,Unpriced (Coming Soon),Unpriced (Coming Soon),False,To be announced,To be announced,False
1977610,Long Gone,Long Gone,155,155,0,0,stable,none,Free,Free,False,2027,2027,False
1203170,Darksiders 4,Darksiders 4,156,156,0,0,stable,none,Unpriced (Coming Soon),Unpriced (Coming Soon),False,To be announced,To be announced,False
4198090,Bradley the Badger,Bradley the Badger,157,157,0,0,stable,none,Unpriced (Coming Soon),Unpriced (Coming Soon),False,To be announced,To be announced,False
3581230,Cozy Game Restoration,Cozy Game Restoration,160,160,0,0,stable,none,Unpriced (Coming Soon),Unpriced (Coming Soon),False,"Nov 4, 2026","Nov 4, 2026",False
2315050,We Were Here Tomorrow,We Were Here Tomorrow,161,161,0,0,stable,none,Unpriced (Coming Soon),Unpriced (Coming Soon),False,October 2026,October 2026,False
3751230,Danganronpa 2x2,Danganronpa 2x2,164,164,0,0,stable,none,Free,Free,False,2027,2027,False
4829700,Monster Hunter Wilds: Ascendance,Monster Hunter Wilds: Ascendance,165,165,0,0,stable,none,Free,Free,False,2027,2027,False
3209660,Golf With Your Friends 2,Golf With Your Friends 2,166,166,0,0,stable,none,Free,Free,False,Coming soon,Coming soon,False
4146000,GANG OF DRAGON,GANG OF DRAGON,167,167,0,0,stable,none,Free,Free,False,Coming soon,Coming soon,False
1912410,Minecraft Dungeons II,Minecraft Dungeons II,168,168,0,0,stable,none,$29.99,$29.99,False,"Sep 29, 2026","Sep 29, 2026",False
3796990,Euro Truck Simulator 2 - Iceland,Euro Truck Simulator 2 - Iceland,169,169,0,0,stable,none,Unpriced (Coming Soon),Unpriced (Coming Soon),False,To be announced,To be announced,False
2977260,The Guild 1 Remake: Europa 1410,The Guild 1 Remake: Europa 1410,170,170,0,0,stable,none,Unpriced (Coming Soon),Unpriced (Coming Soon),False,"Sep 17, 2026","Sep 17, 2026",False
2339840,Enter the Gungeon 2,Enter the Gungeon 2,171,171,0,0,stable,none,Unpriced (Coming Soon),Unpriced (Coming Soon),False,To be announced,To be announced,False
1967610,Turok: Origins,Turok: Origins,172,172,0,0,stable,none,Unpriced (Coming Soon),Unpriced (Coming Soon),False,To be announced,To be announced,False
1559720,We Harvest Shadows,We Harvest Shadows,173,173,0,0,stable,none,Unpriced (Coming Soon),Unpriced (Coming Soon),False,To be announced,To be announced,False
3571870,Darkhaven,Darkhaven,176,176,0,0,stable,none,Free,Free,False,Coming soon,Coming soon,False
3620480,Pal♡world! ~More Than Just Pals~,Pal♡world! ~More Than Just Pals~,177,177,0,0,stable,none,Unpriced (Coming Soon),Unpriced (Coming Soon),False,To be announced,To be announced,False
1209970,Blind Descent,Blind Descent,178,178,0,0,stable,none,Unpriced (Coming Soon),Unpriced (Coming Soon),False,To be announced,To be announced,False
1173980,Shadow of the Road,Shadow of the Road,179,179,0,0,stable,none,Unpriced (Coming Soon),Unpriced (Coming Soon),False,"Nov 12, 2026","Nov 12, 2026",False
3942260,KingFish,KingFish,180,180,0,0,stable,none,Unpriced (Coming Soon),Unpriced (Coming Soon),False,To be announced,To be announced,False
1670650,Espiocracy,Espiocracy,181,181,0,0,stable,none,Free,Free,False,2027,2027,False
1373530,Militsioner,Militsioner,182,182,0,0,stable,none,Free,Free,False,2027,2027,False
2885380,Gold Mining Simulator 2,Gold Mining Simulator 2,185,185,0,0,stable,none,Unpriced (Coming Soon),Unpriced (Coming Soon),False,To be announced,To be announced,False
4576490,Casualties: Unknown,Casualties: Unknown,186,186,0,0,stable,none,Unpriced (Coming Soon),Unpriced (Coming Soon),False,2026,2026,False
1739080,Sword Hero,Sword Hero,187,187,0,0,stable,none,Unpriced (Coming Soon),Unpriced (Coming Soon),False,To be announced,To be announced,False
3041680,Coven of the Chicken Foot,Coven of the Chicken Foot,188,188,0,0,stable,none,Unpriced (Coming Soon),Unpriced (Coming Soon),False,To be announced,To be announced,False
2828020,Citystate Metropolis,Citystate Metropolis,189,189,0,0,stable,none,Unpriced (Coming Soon),Unpriced (Coming Soon),False,2026,2026,False
2470010,DEFECT,DEFECT,190,190,0,0,stable,none,Unpriced (Coming Soon),Unpriced (Coming Soon),False,To be announced,To be announced,False
2177510,EthrA,EthrA,195,195,0,0,stable,none,Unpriced (Coming Soon),Unpriced (Coming Soon),False,To be announced,To be announced,False
3184960,The Defiant,The Defiant,196,196,0,0,stable,none,Free,Free,False,Coming soon,Coming soon,False
2359600,Perfect New World,Perfect New World,197,197,0,0,stable,none,Free,Free,False,Coming soon,Coming soon,False
1401370,Viking City Builder,Viking City Builder,198,198,0,0,stable,none,Unpriced (Coming Soon),Unpriced (Coming Soon),False,To be announced,To be announced,False
2024600,Into The Unwell,Into The Unwell,199,199,0,0,stable,none,Free,Free,False,2027,2027,False
1723610,The Parasites,The Parasites,200,200,0,0,stable,none,Free,Free,False,Coming soon,Coming soon,False
2768300,SCP,SCP,201,201,0,0,stable,none,Free,Free,False,Coming soon,Coming soon,False
2017940,Pony Island 2: Panda Circus,Pony Island 2: Panda Circus,202,202,0,0,stable,none,Free,Free,False,"Apr 27, 2027","Apr 27, 2027",False
3055670,Risk of Rain 2: Hallowed Concepts,Risk of Rain 2: Hallowed Concepts,204,204,0,0,stable,none,Unpriced (Coming Soon),Unpriced (Coming Soon),False,To be announced,To be announced,False
1327040,Truck World: Australia,Truck World: Australia,208,208,0,0,stable,none,Unpriced (Coming Soon),Unpriced (Coming Soon),False,To be announced,To be announced,False
3524720,HAEX,HAEX,209,209,0,0,stable,none,Unpriced (Coming Soon),Unpriced (Coming Soon),False,To be announced,To be announced,False
1672320,Fragile Existence,Fragile Existence,210,210,0,0,stable,none,Unpriced (Coming Soon),Unpriced (Coming Soon),False,2026,2026,False
2320980,Loftia,Loftia,213,213,0,0,stable,none,Unpriced (Coming Soon),Unpriced (Coming Soon),False,2026,2026,False
2333000,Silver Pines,Silver Pines,214,214,0,0,stable,none,Unpriced (Coming Soon),Unpriced (Coming Soon),False,"Oct 8, 2026","Oct 8, 2026",False
1798230,ATMOSFAR,ATMOSFAR,215,215,0,0,stable,none,Free,Free,False,Coming soon,Coming soon,False
2536510,The God Slayer,The God Slayer,216,216,0,0,stable,none,Unpriced (Coming Soon),Unpriced (Coming Soon),False,To be announced,To be announced,False
2947860,Untitled John Wick Game,Untitled John Wick Game,217,217,0,0,stable,none,Free,Free,False,Coming soon,Coming soon,False
3333850,Arkheron,Arkheron,218,218,0,0,stable,none,Unpriced (Coming Soon),Unpriced (Coming Soon),False,To be announced,To be announced,False
2131860,Ashfall,Ashfall,219,219,0,0,stable,none,Free,Free,False,Coming soon,Coming soon,False
1032980,Wild Life,Wild Life,220,220,0,0,stable,none,Free,Free,False,"Feb 8, 2027","Feb 8, 2027",False
2388620,D.O.R.F. Real-Time Strategic Conflict,D.O.R.F. Real-Time Strategic Conflict,221,221,0,0,stable,none,Unpriced (Coming Soon),Unpriced (Coming Soon),False,To be announced,To be announced,False
4687500,Crossfire,Crossfire,222,222,0,0,stable,none,Free,Free,False,Coming soon,Coming soon,False
914210,N1RV Ann-A: Cyberpunk Bartender Action,N1RV Ann-A: Cyberpunk Bartender Action,223,223,0,0,stable,none,Unpriced (Coming Soon),Unpriced (Coming Soon),False,To be announced,To be announced,False
4210060,ZERO Sievert 2,ZERO Sievert 2,226,226,0,0,stable,none,Unpriced (Coming Soon),Unpriced (Coming Soon),False,To be announced,To be announced,False
3031890,Acts of Blood,Acts of Blood,227,227,0,0,stable,none,Unpriced (Coming Soon),Unpriced (Coming Soon),False,To be announced,To be announced,False
4171850,Trees Hate You,Trees Hate You,230,230,0,0,stable,none,Unpriced (Coming Soon),Unpriced (Coming Soon),False,"Nov 16, 2026","Nov 16, 2026",False
3424730,ORMOD: Directive,ORMOD: Directive,231,231,0,0,stable,none,Unpriced (Coming Soon),Unpriced (Coming Soon),False,2026,2026,False
3816030,DayZ Badlands,DayZ Badlands,232,232,0,0,stable,none,Unpriced (Coming Soon),Unpriced (Coming Soon),False,2026,2026,False
3438920,VOID DIVER: Escape from the Abyss,VOID DIVER: Escape from the Abyss,233,233,0,0,stable,none,Unpriced (Coming Soon),Unpriced (Coming Soon),False,2026,2026,False
2168390,Away Team,Away Team,234,234,0,0,stable,none,Unpriced (Coming Soon),Unpriced (Coming Soon),False,To be announced,To be announced,False
3660710,Armatus,Armatus,235,235,0,0,stable,none,Free,Free,False,"Jan 7, 2027","Jan 7, 2027",False
2295060,Beyond These Stars,Beyond These Stars,236,236,0,0,stable,none,Unpriced (Coming Soon),Unpriced (Coming Soon),False,"Oct 15, 2026","Oct 15, 2026",False
311810,Operation: Black Mesa,Operation: Black Mesa,237,237,0,0,stable,none,Unpriced (Coming Soon),Unpriced (Coming Soon),False,To be announced,To be announced,False
2550530,The Legend of California,The Legend of California,238,238,0,0,stable,none,Free,Free,False,Coming soon,Coming soon,False
1853440,Tropico 7,Tropico 7,239,239,0,0,stable,none,Free,Free,False,"Jan 28, 2027","Jan 28, 2027",False
3423280,Shark Dentist,Shark Dentist,240,240,0,0,stable,none,Free,Free,False,Coming soon,Coming soon,False
3729700,Kaiju Cleanup,Kaiju Cleanup,241,241,0,0,stable,none,Free,Free,False,Coming soon,Coming soon,False
2192380,Begone Beast,Begone Beast,244,244,0,0,stable,none,Free,Free,False,Coming soon,Coming soon,False
1727760,Mars Tactics,Mars Tactics,257,257,0,0,stable,none,Unpriced (Coming Soon),Unpriced (Coming Soon),False,2026,2026,False
1699050,Sanctuary: Shattered Sun,Sanctuary: Shattered Sun,262,262,0,0,stable,none,Free,Free,False,August 2027,August 2027,False
3522600,Demon Bluff,Demon Bluff,268,268,0,0,stable,none,Unpriced (Coming Soon),Unpriced (Coming Soon),False,Q4 2026,Q4 2026,False
1363940,Tenjutsu,Tenjutsu,306,306,0,0,stable,none,Unpriced (Coming Soon),Unpriced (Coming Soon),False,To be announced,To be announced,False
1994000,Rogue Soulstone,Rogue Soulstone,312,312,0,0,stable,none,Unpriced (Coming Soon),Unpriced (Coming Soon),False,To be announced,To be announced,False
1799840,Queen's Domain,Queen's Domain,314,314,0,0,stable,none,Free,Free,False,Coming soon,Coming soon,False
3211720,Erosion,Erosion,315,315,0,0,stable,none,Free,Free,False,Coming soon,Coming soon,False
2675650,Decrepit,Decrepit,317,317,0,0,stable,none,Unpriced (Coming Soon),Unpriced (Coming Soon),False,2026,2026,False
3204330,County of Fortune,County of Fortune,321,321,0,0,stable,none,Unpriced (Coming Soon),Unpriced (Coming Soon),False,Q4 2026,Q4 2026,False
3086590,"Gods, Death & Reapers","Gods, Death & Reapers",322,322,0,0,stable,none,Free,Free,False,2026,2026,False
2512880,CrisisX,CrisisX,329,329,0,0,stable,none,Free,Free,False,2026,2026,False
3617830,Scary Cargo,Scary Cargo,348,348,0,0,stable,none,Free,Free,False,Coming soon,Coming soon,False
2152500,Dig In,Dig In,349,349,0,0,stable,none,Unpriced (Coming Soon),Unpriced (Coming Soon),False,To be announced,To be announced,False
2487190,Main Sequence,Main Sequence,351,351,0,0,stable,none,Free,Free,False,Coming soon,Coming soon,False
2882720,Koshmar: The Last Reverie,Koshmar: The Last Reverie,355,355,0,0,stable,none,Free,Free,False,Coming soon,Coming soon,False
3224600,Am I Nima,Am I Nima,356,356,0,0,stable,none,Unpriced (Coming Soon),Unpriced (Coming Soon),False,"Oct 8, 2026","Oct 8, 2026",False
3499590,Code RAPID,Code RAPID,358,358,0,0,stable,none,Unpriced (Coming Soon),Unpriced (Coming Soon),False,To be announced,To be announced,False
1255460,Space Station 14,Space Station 14,361,361,0,0,stable,none,Free,Free,False,Coming soon,Coming soon,False
1540720,Forgery Craft,Forgery Craft,366,366,0,0,stable,none,Free,Free,False,Q4 2027,Q4 2027,False
2889030,MUDANG: Two Hearts,MUDANG: Two Hearts,371,371,0,0,stable,none,Unpriced (Coming Soon),Unpriced (Coming Soon),False,2026,2026,False
2805070,Screenbound,Screenbound,372,372,0,0,stable,none,Unpriced (Coming Soon),Unpriced (Coming Soon),False,To be announced,To be announced,False
888780,Adapt,Adapt,380,380,0,0,stable,none,Unpriced (Coming Soon),Unpriced (Coming Soon),False,To be announced,To be announced,False
4788240,Night Shift Hospital,Night Shift Hospital,381,381,0,0,stable,none,Free,Free,False,Coming soon,Coming soon,False
2988030,Into the Fire,Into the Fire,384,384,0,0,stable,none,Unpriced (Coming Soon),Unpriced (Coming Soon),False,2026,2026,False
2638080,Annihilated,Annihilated,393,393,0,0,stable,none,Unpriced (Coming Soon),Unpriced (Coming Soon),False,Q4 2026,Q4 2026,False
3841510,DYNASTY WARRIORS 3: Complete Edition Remastered,DYNASTY WARRIORS 3: Complete Edition Remastered,396,396,0,0,stable,none,$39.99,$39.99,False,"Sep 30, 2026","Sep 30, 2026",False
3131640,Deus Ex Remastered,Deus Ex Remastered,397,397,0,0,stable,none,Unpriced (Coming Soon),Unpriced (Coming Soon),False,To be announced,To be announced,False
3392040,OMEGA PHENEX COMMENCED PROJECT SIX,OMEGA PHENEX COMMENCED PROJECT SIX,407,407,0,0,stable,none,Free,Free,False,2027,2027,False
3509420,Planetbase 2,Planetbase 2,408,408,0,0,stable,none,Free,Free,False,"Mar 19, 2027","Mar 19, 2027",False
2185510,TOUCHSTARVED,TOUCHSTARVED,409,409,0,0,stable,none,Unpriced (Coming Soon),Unpriced (Coming Soon),False,To be announced,To be announced,False
3886530,Westlanders,Westlanders,412,412,0,0,stable,none,Free,Free,False,2027,2027,False
2302470,Full Fathom,Full Fathom,418,418,0,0,stable,none,Unpriced (Coming Soon),Unpriced (Coming Soon),False,To be announced,To be announced,False
1872800,EVE Vanguard,EVE Vanguard,427,427,0,0,stable,none,Unpriced (Coming Soon),Unpriced (Coming Soon),False,Q3 2026,Q3 2026,False
1891280,Everbloom,Everbloom,433,433,0,0,stable,none,Free,Free,False,2027,2027,False
3276190,The War of the Worlds: Siberia,The War of the Worlds: Siberia,434,434,0,0,stable,none,Free,Free,False,2027,2027,False
3333990,Covenant,Covenant,435,435,0,0,stable,none,Unpriced (Coming Soon),Unpriced (Coming Soon),False,To be announced,To be announced,False
2175840,Sunkissed City,Sunkissed City,436,436,0,0,stable,none,Unpriced (Coming Soon),Unpriced (Coming Soon),False,2026,2026,False
1747470,Road Diner Simulator,Road Diner Simulator,438,438,0,0,stable,none,Unpriced (Coming Soon),Unpriced (Coming Soon),False,Q4 2026,Q4 2026,False
4982940,Ringwyrm,Ringwyrm,439,439,0,0,stable,none,Free,Free,False,2027,2027,False
1792460,We Kill Monsters,We Kill Monsters,440,440,0,0,stable,none,Unpriced (Coming Soon),Unpriced (Coming Soon),False,To be announced,To be announced,False
1256270,Kinstrife,Kinstrife,441,441,0,0,stable,none,Free,Free,False,Coming soon,Coming soon,False
3668850,Suikoden STAR LEAP,Suikoden STAR LEAP,445,445,0,0,stable,none,Free,Free,False,To be announced,To be announced,False
1840880,Freaked Fleapit,Freaked Fleapit,446,446,0,0,stable,none,Free,Free,False,Coming soon,Coming soon,False
2738170,Edge of Memories,Edge of Memories,449,449,0,0,stable,none,Unpriced (Coming Soon),Unpriced (Coming Soon),False,Q4 2026,Q4 2026,False
3793190,American Truck Simulator - Road Trip: RAM & Dodge,American Truck Simulator - Road Trip: RAM & Dodge,450,450,0,0,stable,none,Unpriced (Coming Soon),Unpriced (Coming Soon),False,To be announced,To be announced,False
2067820,RetroSpace,RetroSpace,451,451,0,0,stable,none,Unpriced (Coming Soon),Unpriced (Coming Soon),False,"Oct 1, 2026","Oct 1, 2026",False
3511540,Veil of Ashes,Veil of Ashes,460,460,0,0,stable,none,Unpriced (Coming Soon),Unpriced (Coming Soon),False,To be announced,To be announced,False
2526570,Band of Crusaders,Band of Crusaders,461,461,0,0,stable,none,Unpriced (Coming Soon),Unpriced (Coming Soon),False,To be announced,To be announced,False
4245560,Spyro™: A Realm Beyond,Spyro™: A Realm Beyond,462,462,0,0,stable,none,Unpriced (Coming Soon),Unpriced (Coming Soon),False,To be announced,To be announced,False
3651540,Peeping Office Worker,Peeping Office Worker,463,463,0,0,stable,none,Unpriced (Coming Soon),Unpriced (Coming Soon),False,2026,2026,False
3702100,The Secret of Weepstone,The Secret of Weepstone,464,464,0,0,stable,none,Free,Free,False,2027,2027,False
3582810,Dandelion Void,Dandelion Void,465,465,0,0,stable,none,Unpriced (Coming Soon),Unpriced (Coming Soon),False,To be announced,To be announced,False
3730310,Fractured Blooms,Fractured Blooms,472,472,0,0,stable,none,Unpriced (Coming Soon),Unpriced (Coming Soon),False,To be announced,To be announced,False
3299050,No Such Place,No Such Place,473,473,0,0,stable,none,Unpriced (Coming Soon),Unpriced (Coming Soon),False,2026,2026,False
3031880,Car Park Capital,Car Park Capital,474,474,0,0,stable,none,Unpriced (Coming Soon),Unpriced (Coming Soon),False,"Oct 9, 2026","Oct 9, 2026",False
3703360,WORLD OF DOGS,WORLD OF DOGS,475,475,0,0,stable,none,Unpriced (Coming Soon),Unpriced (Coming Soon),False,To be announced,To be announced,False
2915730,Travelling At Night,Travelling At Night,476,476,0,0,stable,none,Unpriced (Coming Soon),Unpriced (Coming Soon),False,To be announced,To be announced,False
792610,King of the Dwarves: Underground City Builder,King of the Dwarves: Underground City Builder,477,477,0,0,stable,none,Unpriced (Coming Soon),Unpriced (Coming Soon),False,To be announced,To be announced,False
4162340,Verdant,Verdant,482,482,0,0,stable,none,Unpriced (Coming Soon),Unpriced (Coming Soon),False,To be announced,To be announced,False
3763840,Felt That: Boxing,Felt That: Boxing,483,483,0,0,stable,none,Unpriced (Coming Soon),Unpriced (Coming Soon),False,To be announced,To be announced,False
1752990,Class Zero Seven,Class Zero Seven,488,488,0,0,stable,none,Unpriced (Coming Soon),Unpriced (Coming Soon),False,To be announced,To be announced,False
3489340,ReBlade: The Death Spiral,ReBlade: The Death Spiral,489,489,0,0,stable,none,Unpriced (Coming Soon),Unpriced (Coming Soon),False,To be announced,To be announced,False
3918200,港警成雙：來自城寨 Dual Fire Walled City,港警成雙：來自城寨 Dual Fire Walled City,491,491,0,0,stable,none,Unpriced (Coming Soon),Unpriced (Coming Soon),False,Q3 2026,Q3 2026,False
3081510,Gang of Frogs,Gang of Frogs,492,492,0,0,stable,none,Free,Free,False,2027,2027,False
3274530,Epitome,Epitome,493,493,0,0,stable,none,Free,Free,False,Coming soon,Coming soon,False
3299920,Liminal Point,Liminal Point,496,496,0,0,stable,none,Unpriced (Coming Soon),Unpriced (Coming Soon),False,2026,2026,False
2742920,Silent Planet - Elegy of a Dying World,Silent Planet - Elegy of a Dying World,497,497,0,0,stable,none,Free,Free,False,Q2 2027,Q2 2027,False
1777480,Pathbreakers: Roaming Blades,Pathbreakers: Roaming Blades,498,498,0,0,stable,none,Free,Free,False,2027,2027,False
4057480,American Truck Simulator - British Columbia,American Truck Simulator - British Columbia,499,499,0,0,stable,none,Unpriced (Coming Soon),Unpriced (Coming Soon),False,To be announced,To be announced,False
1979810,AdventureQuest Worlds: Infinity,AdventureQuest Worlds: Infinity,500,500,0,0,stable,none,Free,Free,False,Coming soon,Coming soon,False
3668330,ShatterRush,ShatterRush,501,501,0,0,stable,none,Free,Free,False,Q3 2027,Q3 2027,False
3710850,Become,Become,505,505,0,0,stable,none,Unpriced (Coming Soon),Unpriced (Coming Soon),False,2026,2026,False
2362260,Decadent,Decadent,506,506,0,0,stable,none,Free,Free,False,Coming soon,Coming soon,False
1547540,They Are Here: Alien Abduction Horror,They Are Here: Alien Abduction Horror,507,507,0,0,stable,none,Free,Free,False,Coming soon,Coming soon,False
2669060,Beyond Astra,Beyond Astra,519,519,0,0,stable,none,Unpriced (Coming Soon),Unpriced (Coming Soon),False,2026,2026,False
2961930,Temtem: Pioneers,Temtem: Pioneers,526,526,0,0,stable,none,Unpriced (Coming Soon),Unpriced (Coming Soon),False,To be announced,To be announced,False
2348250,13Z: The Zodiac Trials,13Z: The Zodiac Trials,527,527,0,0,stable,none,Free,Free,False,Q1 2027,Q1 2027,False
4124340,Perceptum,Perceptum,532,532,0,0,stable,none,Free,Free,False,2027,2027,False
2979810,POLYARIS,POLYARIS,533,533,0,0,stable,none,Unpriced (Coming Soon),Unpriced (Coming Soon),False,2026,2026,False
1159390,Taxi Simulator,Taxi Simulator,534,534,0,0,stable,none,Unpriced (Coming Soon),Unpriced (Coming Soon),False,To be announced,To be announced,False
1146670,Beauty And Violence: Valkyries,Beauty And Violence: Valkyries,535,535,0,0,stable,none,Free,Free,False,Coming soon,Coming soon,False
2601540,Drowned Lake,Drowned Lake,537,537,0,0,stable,none,Free,Free,False,Coming soon,Coming soon,False
3439880,Contraband Police - Crimson Fall,Contraband Police - Crimson Fall,539,539,0,0,stable,none,Unpriced (Coming Soon),Unpriced (Coming Soon),False,2026,2026,False
2210150,At Fate's End,At Fate's End,540,540,0,0,stable,none,Unpriced (Coming Soon),Unpriced (Coming Soon),False,2026,2026,False
4632350,"Hot Dogs, Horseshoes & Hand Grenades 2","Hot Dogs, Horseshoes & Hand Grenades 2",541,541,0,0,stable,none,Unpriced (Coming Soon),Unpriced (Coming Soon),False,To be announced,To be announced,False
2478130,Wild Wild Eden,Wild Wild Eden,556,556,0,0,stable,none,Free,Free,False,Q1 2027,Q1 2027,False
3183480,HYPERFUNK,HYPERFUNK,569,569,0,0,stable,none,Unpriced (Coming Soon),Unpriced (Coming Soon),False,To be announced,To be announced,False
4434610,Hunter: The Reckoning – Deathwish,Hunter: The Reckoning – Deathwish,572,572,0,0,stable,none,Free,Free,False,Q3 2027,Q3 2027,False
2852700,BUS: Bro u Survived,BUS: Bro u Survived,580,580,0,0,stable,none,Unpriced (Coming Soon),Unpriced (Coming Soon),False,2026,2026,False
2960460,Spaceflight Simulator 2,Spaceflight Simulator 2,584,584,0,0,stable,none,Unpriced (Coming Soon),Unpriced (Coming Soon),False,To be announced,To be announced,False
3595450,Object Impermanence,Object Impermanence,587,587,0,0,stable,none,Unpriced (Coming Soon),Unpriced (Coming Soon),False,Q4 2026,Q4 2026,False
4533250,GrassChopper,GrassChopper,588,588,0,0,stable,none,Free,Free,False,Coming soon,Coming soon,False
2900640,TOEM 2,TOEM 2,593,593,0,0,stable,none,Unpriced (Coming Soon),Unpriced (Coming Soon),False,"Sep 29, 2026","Sep 29, 2026",False
1624930,Ad Mortem,Ad Mortem,610,610,0,0,stable,none,Unpriced (Coming Soon),Unpriced (Coming Soon),False,To be announced,To be announced,False
2600920,When Sirens Fall Silent,When Sirens Fall Silent,615,615,0,0,stable,none,Unpriced (Coming Soon),Unpriced (Coming Soon),False,To be announced,To be announced,False
1220650,My Forest Home!,My Forest Home!,616,616,0,0,stable,none,Unpriced (Coming Soon),Unpriced (Coming Soon),False,To be announced,To be announced,False
860210,Return to Nangrim,Return to Nangrim,626,626,0,0,stable,none,Free,Free,False,Coming soon,Coming soon,False
1479780,Our Apartment,Our Apartment,627,627,0,0,stable,none,Free,Free,False,Coming soon,Coming soon,False
2987350,Catly,Catly,634,634,0,0,stable,none,Unpriced (Coming Soon),Unpriced (Coming Soon),False,To be announced,To be announced,False
4089140,Engine Of Sin,Engine Of Sin,638,638,0,0,stable,none,Unpriced (Coming Soon),Unpriced (Coming Soon),False,To be announced,To be announced,False
3676410,Senua,Senua,644,644,0,0,stable,none,Free,Free,False,Coming soon,Coming soon,False
2160070,Forge of the Fae,Forge of the Fae,645,645,0,0,stable,none,Unpriced (Coming Soon),Unpriced (Coming Soon),False,To be announced,To be announced,False
4753290,JUJUTSU KAISEN RUMBLE: SURVIVATON,JUJUTSU KAISEN RUMBLE: SURVIVATON,652,652,0,0,stable,none,Unpriced (Coming Soon),Unpriced (Coming Soon),False,2026,2026,False
4661070,HANDS OVER,HANDS OVER,655,655,0,0,stable,none,Unpriced (Coming Soon),Unpriced (Coming Soon),False,To be announced,To be announced,False
2302120,Infinitum: The Backrooms Story,Infinitum: The Backrooms Story,662,662,0,0,stable,none,Unpriced (Coming Soon),Unpriced (Coming Soon),False,To be announced,To be announced,False
4459590,Slotbound,Slotbound,663,663,0,0,stable,none,Unpriced (Coming Soon),Unpriced (Coming Soon),False,November 2026,November 2026,False
1748280,Gate Zero,Gate Zero,666,666,0,0,stable,none,Free,Free,False,Coming soon,Coming soon,False
4317460,Bel's Fanfare,Bel's Fanfare,667,667,0,0,stable,none,Free,Free,False,Coming soon,Coming soon,False
1040260,Arouse,Arouse,669,669,0,0,stable,none,Free,Free,False,Coming soon,Coming soon,False
2589980,Eden's Guardian,Eden's Guardian,670,670,0,0,stable,none,Free,Free,False,Coming soon,Coming soon,False
2193150,Kibu,Kibu,671,671,0,0,stable,none,Unpriced (Coming Soon),Unpriced (Coming Soon),False,To be announced,To be announced,False
1460210,Compound Fracture,Compound Fracture,672,672,0,0,stable,none,Unpriced (Coming Soon),Unpriced (Coming Soon),False,To be announced,To be announced,False
3587020,Dream Eaters.exe,Dream Eaters.exe,673,673,0,0,stable,none,Free,Free,False,Coming soon,Coming soon,False
1505940,Orc Warchief: Strategy Story,Orc Warchief: Strategy Story,675,675,0,0,stable,none,Unpriced (Coming Soon),Unpriced (Coming Soon),False,2026,2026,False
3778820,Architect of Ruin,Architect of Ruin,678,678,0,0,stable,none,Free,Free,False,Coming soon,Coming soon,False
1260940,Core Decay,Core Decay,679,679,0,0,stable,none,Unpriced (Coming Soon),Unpriced (Coming Soon),False,To be announced,To be announced,False
3664440,Red Rust Pioneers,Red Rust Pioneers,680,680,0,0,stable,none,Unpriced (Coming Soon),Unpriced (Coming Soon),False,2026,2026,False
4328820,Iron Bramble,Iron Bramble,681,681,0,0,stable,none,Free,Free,False,2027,2027,False
2789680,Hello Neighbor 3,Hello Neighbor 3,682,682,0,0,stable,none,Unpriced (Coming Soon),Unpriced (Coming Soon),False,To be announced,To be announced,False
2946850,Streets of Fortuna,Streets of Fortuna,683,683,0,0,stable,none,Unpriced (Coming Soon),Unpriced (Coming Soon),False,To be announced,To be announced,False
3367820,My Femboy Roommate: Special Weekend,My Femboy Roommate: Special Weekend,684,684,0,0,stable,none,Unpriced (Coming Soon),Unpriced (Coming Soon),False,2026,2026,False
2251170,ZWAARD,ZWAARD,685,685,0,0,stable,none,Unpriced (Coming Soon),Unpriced (Coming Soon),False,2026,2026,False
4461460,Fantasy Blacksmith Simulator,Fantasy Blacksmith Simulator,686,686,0,0,stable,none,Unpriced (Coming Soon),Unpriced (Coming Soon),False,2026,2026,False
4664840,In the Van,In the Van,689,689,0,0,stable,none,Unpriced (Coming Soon),Unpriced (Coming Soon),False,To be announced,To be announced,False
3596040,Time Takers,Time Takers,703,703,0,0,stable,none,Free,Free,False,Coming soon,Coming soon,False
4346690,Genigods: Nezha,Genigods: Nezha,705,705,0,0,stable,none,Unpriced (Coming Soon),Unpriced (Coming Soon),False,To be announced,To be announced,False
4738100,10 Million Pixels,10 Million Pixels,708,708,0,0,stable,none,Free,Free,False,Coming soon,Coming soon,False
4413130,Battlespace Command,Battlespace Command,719,719,0,0,stable,none,Free,Free,False,2027,2027,False
2244700,Glasshouse,Glasshouse,720,720,0,0,stable,none,Free,Free,False,Coming soon,Coming soon,False
4745600,Motorsport Manager 2,Motorsport Manager 2,723,723,0,0,stable,none,Free,Free,False,2027,2027,False
4065120,Host Club Harem - Making Every Woman Mine,Host Club Harem - Making Every Woman Mine,724,724,0,0,stable,none,Free,Free,False,Q1 2027,Q1 2027,False
4170840,Akina,Akina,725,725,0,0,stable,none,Unpriced (Coming Soon),Unpriced (Coming Soon),False,2026,2026,False
2708040,Keelblade (formerly Triarchy),Keelblade (formerly Triarchy),728,728,0,0,stable,none,Free,Free,False,2027,2027,False
3225880,Lenin Street Geek Shop,Lenin Street Geek Shop,729,729,0,0,stable,none,Free,Free,False,Coming soon,Coming soon,False
3989240,FPS Quest,FPS Quest,730,730,0,0,stable,none,Unpriced (Coming Soon),Unpriced (Coming Soon),False,To be announced,To be announced,False
2464520,Surviving Deponia,Surviving Deponia,731,731,0,0,stable,none,Unpriced (Coming Soon),Unpriced (Coming Soon),False,2026,2026,False
3838790,The Twilight Project,The Twilight Project,733,733,0,0,stable,none,Unpriced (Coming Soon),Unpriced (Coming Soon),False,To be announced,To be announced,False
3257270,Haunted by Femboy,Haunted by Femboy,736,736,0,0,stable,none,Unpriced (Coming Soon),Unpriced (Coming Soon),False,2026,2026,False
3348640,TSAREVNA. Age of Tales,TSAREVNA. Age of Tales,741,741,0,0,stable,none,Free,Free,False,2027,2027,False
994680,The Dungeon Experience,The Dungeon Experience,742,742,0,0,stable,none,Unpriced (Coming Soon),Unpriced (Coming Soon),False,To be announced,To be announced,False
3078760,LIVING HELL,LIVING HELL,751,751,0,0,stable,none,Unpriced (Coming Soon),Unpriced (Coming Soon),False,2026,2026,False
4735760,Vivarium,Vivarium,752,752,0,0,stable,none,Unpriced (Coming Soon),Unpriced (Coming Soon),False,To be announced,To be announced,False
4504970,AetherCycle,AetherCycle,753,753,0,0,stable,none,Unpriced (Coming Soon),Unpriced (Coming Soon),False,November 2026,November 2026,False
4430020,Hamsteria,Hamsteria,762,762,0,0,stable,none,Free,Free,False,Q1 2027,Q1 2027,False
1511480,AlterLife,AlterLife,775,775,0,0,stable,none,Unpriced (Coming Soon),Unpriced (Coming Soon),False,To be announced,To be announced,False
4626070,SUPERS,SUPERS,778,778,0,0,stable,none,Unpriced (Coming Soon),Unpriced (Coming Soon),False,Q4 2026,Q4 2026,False
4018380,Chronoscript: The Endless End,Chronoscript: The Endless End,785,785,0,0,stable,none,Unpriced (Coming Soon),Unpriced (Coming Soon),False,2026,2026,False
3867570,Stellar Trader,Stellar Trader,788,788,0,0,stable,none,Unpriced (Coming Soon),Unpriced (Coming Soon),False,To be announced,To be announced,False
4043740,Hero's Hour 2,Hero's Hour 2,795,795,0,0,stable,none,Unpriced (Coming Soon),Unpriced (Coming Soon),False,2026,2026,False
3183080,Kyoryu,Kyoryu,797,797,0,0,stable,none,Unpriced (Coming Soon),Unpriced (Coming Soon),False,To be announced,To be announced,False
2411200,Underkeep,Underkeep,798,798,0,0,stable,none,Unpriced (Coming Soon),Unpriced (Coming Soon),False,Q4 2026,Q4 2026,False
3100690,Dust & Diesel: Deadland Delivery,Dust & Diesel: Deadland Delivery,799,799,0,0,stable,none,Unpriced (Coming Soon),Unpriced (Coming Soon),False,To be announced,To be announced,False
1879250,Teatopia,Teatopia,800,800,0,0,stable,none,Unpriced (Coming Soon),Unpriced (Coming Soon),False,To be announced,To be announced,False
3264150,Paloma Island,Paloma Island,801,801,0,0,stable,none,Free,Free,False,Coming soon,Coming soon,False
3477910,The Willowmist Emporium of Antiques & Curiosities,The Willowmist Emporium of Antiques & Curiosities,802,802,0,0,stable,none,Unpriced (Coming Soon),Unpriced (Coming Soon),False,To be announced,To be announced,False
3810050,Rabona,Rabona,803,803,0,0,stable,none,Unpriced (Coming Soon),Unpriced (Coming Soon),False,2026,2026,False
2346870,The Big Lez Video Game,The Big Lez Video Game,805,805,0,0,stable,none,Free,Free,False,Coming soon,Coming soon,False
4383190,Intravenous 3,Intravenous 3,811,811,0,0,stable,none,Unpriced (Coming Soon),Unpriced (Coming Soon),False,To be announced,To be announced,False
1167820,Airport Contraband,Airport Contraband,812,812,0,0,stable,none,Unpriced (Coming Soon),Unpriced (Coming Soon),False,Q4 2026,Q4 2026,False
694320,UnderRail 2: Infusion,UnderRail 2: Infusion,815,815,0,0,stable,none,Unpriced (Coming Soon),Unpriced (Coming Soon),False,To be announced,To be announced,False
3551140,Hoarder,Hoarder,826,826,0,0,stable,none,Unpriced (Coming Soon),Unpriced (Coming Soon),False,To be announced,To be announced,False
3219360,SOL Shogunate,SOL Shogunate,830,830,0,0,stable,none,Unpriced (Coming Soon),Unpriced (Coming Soon),False,To be announced,To be announced,False
2937940,Desert Island Debauchery: Stranded Broads and Underhanded Plots,Desert Island Debauchery: Stranded Broads and Underhanded Plots,833,833,0,0,stable,none,Free,Free,False,2027,2027,False
1963690,ENENRA: DΔEMON CORE,ENENRA: DΔEMON CORE,837,837,0,0,stable,none,Unpriced (Coming Soon),Unpriced (Coming Soon),False,To be announced,To be announced,False
1048250,Bowlbo: The Quest for Bing Bing,Bowlbo: The Quest for Bing Bing,846,846,0,0,stable,none,Free,Free,False,Coming soon,Coming soon,False
2313380,Vicious Red,Vicious Red,847,847,0,0,stable,none,Unpriced (Coming Soon),Unpriced (Coming Soon),False,To be announced,To be announced,False
1871640,The Backworld,The Backworld,848,848,0,0,stable,none,Free,Free,False,2027,2027,False
1238190,Ant Colony: Wild Forest,Ant Colony: Wild Forest,851,851,0,0,stable,none,Unpriced (Coming Soon),Unpriced (Coming Soon),False,Q4 2026,Q4 2026,False
2702430,Usual June,Usual June,863,863,0,0,stable,none,Unpriced (Coming Soon),Unpriced (Coming Soon),False,"Oct 28, 2026","Oct 28, 2026",False
3325070,Forest Reigns,Forest Reigns,864,864,0,0,stable,none,Unpriced (Coming Soon),Unpriced (Coming Soon),False,To be announced,To be announced,False
3266110,Black Pine: Incident Response,Black Pine: Incident Response,865,865,0,0,stable,none,Free,Free,False,Coming soon,Coming soon,False
3036260,Wylde Society,Wylde Society,866,866,0,0,stable,none,Unpriced (Coming Soon),Unpriced (Coming Soon),False,To be announced,To be announced,False
2792320,Critter Crosser,Critter Crosser,867,867,0,0,stable,none,Unpriced (Coming Soon),Unpriced (Coming Soon),False,To be announced,To be announced,False
3348370,Ship Graveyard Simulator 3,Ship Graveyard Simulator 3,868,868,0,0,stable,none,Unpriced (Coming Soon),Unpriced (Coming Soon),False,To be announced,To be announced,False
2945040,Shot One Fighters,Shot One Fighters,872,872,0,0,stable,none,Free,Free,False,Coming soon,Coming soon,False
4704000,Shark Mart,Shark Mart,880,880,0,0,stable,none,Free,Free,False,Coming soon,Coming soon,False
2362070,Hollow Home,Hollow Home,902,902,0,0,stable,none,Unpriced (Coming Soon),Unpriced (Coming Soon),False,2026,2026,False
4420980,Drunkslop: Pub crawl COOP,Drunkslop: Pub crawl COOP,914,914,0,0,stable,none,Free,Free,False,Coming soon,Coming soon,False
2869850,Lorn Vale,Lorn Vale,915,915,0,0,stable,none,Unpriced (Coming Soon),Unpriced (Coming Soon),False,To be announced,To be announced,False
2420570,Portal BAGLEY,Portal BAGLEY,916,916,0,0,stable,none,Free,Free,False,To be announced,To be announced,False
3893290,Stray Dog: nobody cares,Stray Dog: nobody cares,934,934,0,0,stable,none,Free,Free,False,Coming soon,Coming soon,False
2378230,Neo Junk City,Neo Junk City,935,935,0,0,stable,none,Unpriced (Coming Soon),Unpriced (Coming Soon),False,Q3 2026,Q3 2026,False
3695930,Penguin Colony,Penguin Colony,951,951,0,0,stable,none,Unpriced (Coming Soon),Unpriced (Coming Soon),False,"Oct 8, 2026","Oct 8, 2026",False
4244460,Sealbreakers,Sealbreakers,954,954,0,0,stable,none,Free,Free,False,Coming soon,Coming soon,False
1362000,Skyclimbers,Skyclimbers,955,955,0,0,stable,none,Unpriced (Coming Soon),Unpriced (Coming Soon),False,2026,2026,False
3660260,Out Fishing,Out Fishing,956,956,0,0,stable,none,Free,Free,False,Coming soon,Coming soon,False
2359660,Arisen Force: Vonimir,Arisen Force: Vonimir,957,957,0,0,stable,none,Free,Free,False,Coming soon,Coming soon,False
4532500,Atelier Karia: The Night Kingdom & the Guide of Memories,Atelier Karia: The Night Kingdom & the Guide of Memories,960,960,0,0,stable,none,Unpriced (Coming Soon),Unpriced (Coming Soon),False,To be announced,To be announced,False
4691270,Company of Heroes - Definitive Edition,Company of Heroes - Definitive Edition,961,961,0,0,stable,none,Unpriced (Coming Soon),Unpriced (Coming Soon),False,To be announced,To be announced,False
3386780,Trials of the Demonic Seal,Trials of the Demonic Seal,964,964,0,0,stable,none,Unpriced (Coming Soon),Unpriced (Coming Soon),False,2026,2026,False
3035270,Backrooms,Backrooms,965,965,0,0,stable,none,Free,Free,False,2026,2026,False
3919900,Dead Zone Revive,Dead Zone Revive,971,971,0,0,stable,none,Free,Free,False,Coming soon,Coming soon,False
811760,The Last Exterminator,The Last Exterminator,972,972,0,0,stable,none,Unpriced (Coming Soon),Unpriced (Coming Soon),False,To be announced,To be announced,False
3356660,Game Quest: The Backlog Battler,Game Quest: The Backlog Battler,974,974,0,0,stable,none,Unpriced (Coming Soon),Unpriced (Coming Soon),False,2026,2026,False
4507990,Wo Long 2: Wings of Ember,Wo Long 2: Wings of Ember,975,975,0,0,stable,none,Free,Free,False,Q1 2027,Q1 2027,False
2561460,Burning Sword: Death Sun,Burning Sword: Death Sun,976,976,0,0,stable,none,Free,Free,False,Coming soon,Coming soon,False
3620530,Police Stories 2,Police Stories 2,977,977,0,0,stable,none,Unpriced (Coming Soon),Unpriced (Coming Soon),False,To be announced,To be announced,False
3726180,In Hope Voiden,In Hope Voiden,978,978,0,0,stable,none,Free,Free,False,Coming soon,Coming soon,False
3113580,Kaido Genkai: An Anime Racing RPG,Kaido Genkai: An Anime Racing RPG,979,979,0,0,stable,none,Unpriced (Coming Soon),Unpriced (Coming Soon),False,To be announced,To be announced,False
2134470,34EVERLAST,34EVERLAST,983,983,0,0,stable,none,Unpriced (Coming Soon),Unpriced (Coming Soon),False,To be announced,To be announced,False
2231980,HELLREAPER,HELLREAPER,985,985,0,0,stable,none,Unpriced (Coming Soon),Unpriced (Coming Soon),False,To be announced,To be announced,False
3080520,Farsight,Farsight,987,987,0,0,stable,none,Unpriced (Coming Soon),Unpriced (Coming Soon),False,To be announced,To be announced,False
3301510,Tomo: Endless Blue,Tomo: Endless Blue,988,988,0,0,stable,none,Unpriced (Coming Soon),Unpriced (Coming Soon),False,To be announced,To be announced,False
1894140,Seed of Nostalgia,Seed of Nostalgia,992,992,0,0,stable,none,Unpriced (Coming Soon),Unpriced (Coming Soon),False,To be announced,To be announced,False
4258880,Basement To The Sky,Basement To The Sky,993,993,0,0,stable,none,Free,Free,False,Q2 2027,Q2 2027,False
2538870,False Hero,False Hero,994,994,0,0,stable,none,Unpriced (Coming Soon),Unpriced (Coming Soon),False,"Sep 22, 2026","Sep 22, 2026",False
4269150,Campwood,Campwood,996,996,0,0,stable,none,Free,Free,False,Coming soon,Coming soon,False
4247140,Everlasting Summer 2,Everlasting Summer 2,997,997,0,0,stable,none,Unpriced (Coming Soon),Unpriced (Coming Soon),False,To be announced,To be announced,False
4271520,The Pines,The Pines,1000,1000,0,0,stable,none,Free,Free,False,2027,2027,False
2740750,Rollin' Rascal,Rollin' Rascal,1001,1001,0,0,stable,none,Free,Free,False,Coming soon,Coming soon,False
1158190,Do Not Buy This Game,Do Not Buy This Game,1006,1006,0,0,stable,none,Free,Free,False,2027,2027,False
2700560,Expedition: Backrooms,Expedition: Backrooms,1007,1007,0,0,stable,none,Free,Free,False,Coming soon,Coming soon,False
1707680,Referee Simulator,Referee Simulator,1008,1008,0,0,stable,none,Free,Free,False,Coming soon,Coming soon,False
1774190,Elysian Eclipse,Elysian Eclipse,1009,1009,0,0,stable,none,Unpriced (Coming Soon),Unpriced (Coming Soon),False,To be announced,To be announced,False
3370970,Star Garden,Star Garden,1012,1012,0,0,stable,none,Unpriced (Coming Soon),Unpriced (Coming Soon),False,To be announced,To be announced,False
1257480,American Motorcycle Simulator,American Motorcycle Simulator,1013,1013,0,0,stable,none,Unpriced (Coming Soon),Unpriced (Coming Soon),False,To be announced,To be announced,False
4435340,Anymaker,Anymaker,1014,1014,0,0,stable,none,Unpriced (Coming Soon),Unpriced (Coming Soon),False,2026,2026,False
2861090,War Mechanic,War Mechanic,1015,1015,0,0,stable,none,Free,Free,False,Coming soon,Coming soon,False
1659360,Townseek,Townseek,1016,1016,0,0,stable,none,Unpriced (Coming Soon),Unpriced (Coming Soon),False,2026,2026,False
3681260,Frostliner,Frostliner,1017,1017,0,0,stable,none,Unpriced (Coming Soon),Unpriced (Coming Soon),False,To be announced,To be announced,False
4261180,Ascension: The Hehuan Sect & 66 Waifus,Ascension: The Hehuan Sect & 66 Waifus,1018,1018,0,0,stable,none,Free,Free,False,Coming soon,Coming soon,False
2559740,Tower Of Tears,Tower Of Tears,1021,1021,0,0,stable,none,Unpriced (Coming Soon),Unpriced (Coming Soon),False,2026,2026,False
1390760,Nanzou: The Divine Court,Nanzou: The Divine Court,1022,1022,0,0,stable,none,Free,Free,False,Coming soon,Coming soon,False
1815150,NIGHT OF THE CONSUMERS,NIGHT OF THE CONSUMERS,1023,1023,0,0,stable,none,Free,Free,False,Coming soon,Coming soon,False
2494020,Samurai Unicorn,Samurai Unicorn,1024,1024,0,0,stable,none,Unpriced (Coming Soon),Unpriced (Coming Soon),False,To be announced,To be announced,False
2601530,Regular Home Renovation Simulator,Regular Home Renovation Simulator,1028,1028,0,0,stable,none,Free,Free,False,Coming soon,Coming soon,False
2155140,Police Station Simulator,Police Station Simulator,1037,1037,0,0,stable,none,Free,Free,False,Coming soon,Coming soon,False
2601980,Space Scum,Space Scum,1040,1040,0,0,stable,none,Free,Free,False,2027,2027,False
4042070,Angels In Orbit,Angels In Orbit,1041,1041,0,0,stable,none,Free,Free,False,Coming soon,Coming soon,False
3322630,Culdcept BEGINS,Culdcept BEGINS,1042,1042,0,0,stable,none,Unpriced (Coming Soon),Unpriced (Coming Soon),False,Q4 2026,Q4 2026,False
4024440,Haunted Heist,Haunted Heist,1043,1043,0,0,stable,none,Unpriced (Coming Soon),Unpriced (Coming Soon),False,"Oct 12, 2026","Oct 12, 2026",False
2795110,Petal Runner,Petal Runner,1049,1049,0,0,stable,none,Unpriced (Coming Soon),Unpriced (Coming Soon),False,To be announced,To be announced,False
2421000,BANDIT KNIGHT,BANDIT KNIGHT,1050,1050,0,0,stable,none,Unpriced (Coming Soon),Unpriced (Coming Soon),False,To be announced,To be announced,False
4414620,Book Nook,Book Nook,1056,1056,0,0,stable,none,Unpriced (Coming Soon),Unpriced (Coming Soon),False,2026,2026,False
1761210,The Touhou Empires,The Touhou Empires,1067,1067,0,0,stable,none,Free,Free,False,Coming soon,Coming soon,False
2664600,The Last Hour of an Epic TO THE MOON RPG,The Last Hour of an Epic TO THE MOON RPG,1068,1068,0,0,stable,none,Free,Free,False,2027,2027,False
2168070,Sorceress,Sorceress,1069,1069,0,0,stable,none,Unpriced (Coming Soon),Unpriced (Coming Soon),False,To be announced,To be announced,False
3048190,Bubbles & Babes,Bubbles & Babes,1071,1071,0,0,stable,none,Unpriced (Coming Soon),Unpriced (Coming Soon),False,2026,2026,False
3261450,Tangerine Antarctic,Tangerine Antarctic,1080,1080,0,0,stable,none,Unpriced (Coming Soon),Unpriced (Coming Soon),False,To be announced,To be announced,False
2847780,Nocturnal 2,Nocturnal 2,1081,1081,0,0,stable,none,Unpriced (Coming Soon),Unpriced (Coming Soon),False,2026,2026,False
3695350,Hounded,Hounded,1082,1082,0,0,stable,none,Unpriced (Coming Soon),Unpriced (Coming Soon),False,To be announced,To be announced,False
2583660,Fractured Alliance,Fractured Alliance,1083,1083,0,0,stable,none,Unpriced (Coming Soon),Unpriced (Coming Soon),False,To be announced,To be announced,False
2441590,Ark：Release,Ark：Release,1084,1084,0,0,stable,none,Free,Free,False,Coming soon,Coming soon,False
2841710,Vermin,Vermin,1085,1085,0,0,stable,none,Unpriced (Coming Soon),Unpriced (Coming Soon),False,To be announced,To be announced,False
3561320,Open Fortress,Open Fortress,1086,1086,0,0,stable,none,Free,Free,False,2026,2026,False
4020810,NTL: No Time Left,NTL: No Time Left,1102,1102,0,0,stable,none,Free,Free,False,Coming soon,Coming soon,False
2166730,Electrokinetic,Electrokinetic,1110,1110,0,0,stable,none,Unpriced (Coming Soon),Unpriced (Coming Soon),False,To be announced,To be announced,False
4754550,Medieval Dynasty - The Backwood,Medieval Dynasty - The Backwood,1113,1113,0,0,stable,none,Free,Free,False,2027,2027,False
3130220,Sagas of Lumin,Sagas of Lumin,1118,1118,0,0,stable,none,Free,Free,False,"Feb 4, 2027","Feb 4, 2027",False
1808160,Demon Spore,Demon Spore,1121,1121,0,0,stable,none,Unpriced (Coming Soon),Unpriced (Coming Soon),False,2026,2026,False
3439410,HellHeart Breaker,HellHeart Breaker,1123,1123,0,0,stable,none,Free,Free,False,Q2 2027,Q2 2027,False
4096880,Raji: Kaliyuga,Raji: Kaliyuga,1138,1138,0,0,stable,none,Free,Free,False,Coming soon,Coming soon,False
3546610,Wielders of the Essence,Wielders of the Essence,1139,1139,0,0,stable,none,Unpriced (Coming Soon),Unpriced (Coming Soon),False,"Nov 5, 2026","Nov 5, 2026",False
1287610,Nirvana Noir,Nirvana Noir,1146,1146,0,0,stable,none,Free,Free,False,Coming soon,Coming soon,False
2706400,A Silent Desolation,A Silent Desolation,1148,1148,0,0,stable,none,Free,Free,False,Coming soon,Coming soon,False
3355070,Ambroise Niflette & the Gleaned Bell,Ambroise Niflette & the Gleaned Bell,1149,1149,0,0,stable,none,Free,Free,False,Coming soon,Coming soon,False
3275120,Wasteland Travelers,Wasteland Travelers,1150,1150,0,0,stable,none,Free,Free,False,Coming soon,Coming soon,False
1918830,The Time I Have Left,The Time I Have Left,1151,1151,0,0,stable,none,Unpriced (Coming Soon),Unpriced (Coming Soon),False,To be announced,To be announced,False
