snapshot_id,captured_at_utc,rank,appid,title,release_text,price_text,game_url,page_number,position_on_page
a0ad2ce5-d542-4b2f-80e1-4367e0904848,2026-08-30T16:25:36.706419+00:00,1,1422450,Deadlock,To be announced,Unpriced (Coming Soon),https://store.steampowered.com/app/1422450/Deadlock/,1,1
a0ad2ce5-d542-4b2f-80e1-4367e0904848,2026-08-30T16:25:36.706419+00:00,2,2719590,Light No Fire,To be announced,Unpriced (Coming Soon),https://store.steampowered.com/app/2719590/Light_No_Fire/,1,2
a0ad2ce5-d542-4b2f-80e1-4367e0904848,2026-08-30T16:25:36.706419+00:00,3,2769570,Fable,"Feb 23, 2027",$69.99,https://store.steampowered.com/app/2769570/Fable/,1,3
a0ad2ce5-d542-4b2f-80e1-4367e0904848,2026-08-30T16:25:36.706419+00:00,4,4534960,Dear Passengers,2026,Unpriced (Coming Soon),https://store.steampowered.com/app/4534960/Dear_Passengers/,1,4
a0ad2ce5-d542-4b2f-80e1-4367e0904848,2026-08-30T16:25:36.706419+00:00,5,1774880,Blight: Survival,To be announced,Unpriced (Coming Soon),https://store.steampowered.com/app/1774880/Blight_Survival/,1,5
a0ad2ce5-d542-4b2f-80e1-4367e0904848,2026-08-30T16:25:36.706419+00:00,6,4115450,Phantom Blade Zero,"Oct 28, 2026",$59.99,https://store.steampowered.com/app/4115450/Phantom_Blade_Zero/,1,6
a0ad2ce5-d542-4b2f-80e1-4367e0904848,2026-08-30T16:25:36.706419+00:00,7,4199910,"Total War: WARHAMMER 40,000",To be announced,Unpriced (Coming Soon),https://store.steampowered.com/app/4199910/Total_War_WARHAMMER_40000/,1,7
a0ad2ce5-d542-4b2f-80e1-4367e0904848,2026-08-30T16:25:36.706419+00:00,8,2109770,Kingmakers,Coming soon,Free,https://store.steampowered.com/app/2109770/Kingmakers/,1,8
a0ad2ce5-d542-4b2f-80e1-4367e0904848,2026-08-30T16:25:36.706419+00:00,9,"2054970,2593180,2593190,2593290",Dragon's Dogma 2: Dark Arisen,"Oct 8, 2026",$49.99,https://store.steampowered.com/sub/1686522/,1,9
a0ad2ce5-d542-4b2f-80e1-4367e0904848,2026-08-30T16:25:36.706419+00:00,10,3751260,The Blood of Dawnwalker,"Sep 2, 2026",$69.99,https://store.steampowered.com/app/3751260/The_Blood_of_Dawnwalker/,1,10
a0ad2ce5-d542-4b2f-80e1-4367e0904848,2026-08-30T16:25:36.706419+00:00,11,4824610,Resident Evil Veronica,2027,Free,https://store.steampowered.com/app/4824610/Resident_Evil_Veronica/,1,11
a0ad2ce5-d542-4b2f-80e1-4367e0904848,2026-08-30T16:25:36.706419+00:00,12,1846700,Witchbrook,2026,Unpriced (Coming Soon),https://store.steampowered.com/app/1846700/Witchbrook/,1,12
a0ad2ce5-d542-4b2f-80e1-4367e0904848,2026-08-30T16:25:36.706419+00:00,13,1757350,ILL,2027,Free,https://store.steampowered.com/app/1757350/ILL/,1,13
a0ad2ce5-d542-4b2f-80e1-4367e0904848,2026-08-30T16:25:36.706419+00:00,14,2050420,ARK 2,To be announced,Unpriced (Coming Soon),https://store.steampowered.com/app/2050420/ARK_2/,1,14
a0ad2ce5-d542-4b2f-80e1-4367e0904848,2026-08-30T16:25:36.706419+00:00,15,4165890,Steam Frame,Coming soon,Free,https://store.steampowered.com/app/4165890/Steam_Frame/,1,15
a0ad2ce5-d542-4b2f-80e1-4367e0904848,2026-08-30T16:25:36.706419+00:00,16,2381520,Unrecord,To be announced,Unpriced (Coming Soon),https://store.steampowered.com/app/2381520/Unrecord/,1,16
a0ad2ce5-d542-4b2f-80e1-4367e0904848,2026-08-30T16:25:36.706419+00:00,17,4095380,Soulframe,Coming soon,Free,https://store.steampowered.com/app/4095380/Soulframe/,1,17
a0ad2ce5-d542-4b2f-80e1-4367e0904848,2026-08-30T16:25:36.706419+00:00,18,1867240,WARDOGS,"Sep 10, 2026",$39.99,https://store.steampowered.com/app/1867240/WARDOGS/,1,18
a0ad2ce5-d542-4b2f-80e1-4367e0904848,2026-08-30T16:25:36.706419+00:00,19,2963950,Persona 4 Revival,"Feb 17, 2027",$69.99,https://store.steampowered.com/app/2963950/Persona_4_Revival/,1,19
a0ad2ce5-d542-4b2f-80e1-4367e0904848,2026-08-30T16:25:36.706419+00:00,20,2638890,Onimusha: Way of the Sword,"Sep 3, 2026",$69.99,https://store.steampowered.com/app/2638890/Onimusha_Way_of_the_Sword/,1,20
a0ad2ce5-d542-4b2f-80e1-4367e0904848,2026-08-30T16:25:36.706419+00:00,21,2272360,"Warhammer 40,000: Dawn of War IV","Dec 3, 2026",$53.99,https://store.steampowered.com/app/2272360/Warhammer_40000_Dawn_of_War_IV/,1,21
a0ad2ce5-d542-4b2f-80e1-4367e0904848,2026-08-30T16:25:36.706419+00:00,22,2590240,METRO 2039,February 2027,Free,https://store.steampowered.com/app/2590240/METRO_2039/,1,22
a0ad2ce5-d542-4b2f-80e1-4367e0904848,2026-08-30T16:25:36.706419+00:00,23,2929250,over the hill,"Oct 14, 2026",Unpriced (Coming Soon),https://store.steampowered.com/app/2929250/over_the_hill/,1,23
a0ad2ce5-d542-4b2f-80e1-4367e0904848,2026-08-30T16:25:36.706419+00:00,24,3292470,Tides of Annihilation,Coming soon,Free,https://store.steampowered.com/app/3292470/Tides_of_Annihilation/,1,24
a0ad2ce5-d542-4b2f-80e1-4367e0904848,2026-08-30T16:25:36.706419+00:00,25,3558670,Tomb Raider: Legacy of Atlantis,"Feb 12, 2027",$59.99,https://store.steampowered.com/app/3558670/Tomb_Raider_Legacy_of_Atlantis/,1,25
a0ad2ce5-d542-4b2f-80e1-4367e0904848,2026-08-30T16:25:36.706419+00:00,26,3727390,The Expanse: Osiris Reborn,Q2 2027,Free,https://store.steampowered.com/app/3727390/The_Expanse_Osiris_Reborn/,2,1
a0ad2ce5-d542-4b2f-80e1-4367e0904848,2026-08-30T16:25:36.706419+00:00,27,2873440,Chrono Odyssey,To be announced,Unpriced (Coming Soon),https://store.steampowered.com/app/2873440/Chrono_Odyssey/,2,2
a0ad2ce5-d542-4b2f-80e1-4367e0904848,2026-08-30T16:25:36.706419+00:00,28,3669870,CONTROL Resonant,"Sep 24, 2026",$59.99,https://store.steampowered.com/app/3669870/CONTROL_Resonant/,2,3
a0ad2ce5-d542-4b2f-80e1-4367e0904848,2026-08-30T16:25:36.706419+00:00,29,3710600,"Warhammer 40,000: Dark Heresy",Coming soon,Free,https://store.steampowered.com/app/3710600/Warhammer_40000_Dark_Heresy/,2,4
a0ad2ce5-d542-4b2f-80e1-4367e0904848,2026-08-30T16:25:36.706419+00:00,30,1488490,Nivalis Nights,"Sep 29, 2026",Unpriced (Coming Soon),https://store.steampowered.com/app/1488490/Nivalis_Nights/,2,5
a0ad2ce5-d542-4b2f-80e1-4367e0904848,2026-08-30T16:25:36.706419+00:00,31,2814860,Vindictus: Defying Fate,2027,Free,https://store.steampowered.com/app/2814860/Vindictus_Defying_Fate/,2,6
a0ad2ce5-d542-4b2f-80e1-4367e0904848,2026-08-30T16:25:36.706419+00:00,32,2582960,NAKWON: LAST PARADISE,To be announced,Unpriced (Coming Soon),https://store.steampowered.com/app/2582960/NAKWON_LAST_PARADISE/,2,7
a0ad2ce5-d542-4b2f-80e1-4367e0904848,2026-08-30T16:25:36.706419+00:00,33,1340720,State of Decay 3,To be announced,Unpriced (Coming Soon),https://store.steampowered.com/app/1340720/State_of_Decay_3/,2,8
a0ad2ce5-d542-4b2f-80e1-4367e0904848,2026-08-30T16:25:36.706419+00:00,34,4077740,PUBG: Black Budget,To be announced,Unpriced (Coming Soon),https://store.steampowered.com/app/4077740/PUBG_Black_Budget/,2,9
a0ad2ce5-d542-4b2f-80e1-4367e0904848,2026-08-30T16:25:36.706419+00:00,35,2231020,Chronicles: Medieval,2027,Free,https://store.steampowered.com/app/2231020/Chronicles_Medieval/,2,10
a0ad2ce5-d542-4b2f-80e1-4367e0904848,2026-08-30T16:25:36.706419+00:00,36,1940080,Rooted,2027,Free,https://store.steampowered.com/app/1940080/Rooted/,2,11
a0ad2ce5-d542-4b2f-80e1-4367e0904848,2026-08-30T16:25:36.706419+00:00,37,4656000,BOMBANANA!,"Sep 2, 2026",Unpriced (Coming Soon),https://store.steampowered.com/app/4656000/BOMBANANA/,2,12
a0ad2ce5-d542-4b2f-80e1-4367e0904848,2026-08-30T16:25:36.706419+00:00,38,4126040,Aniimo,"Sep 15, 2026",Free,https://store.steampowered.com/app/4126040/Aniimo/,2,13
a0ad2ce5-d542-4b2f-80e1-4367e0904848,2026-08-30T16:25:36.706419+00:00,39,3978820,Rules of Engagement: The Grey State,To be announced,Free,https://store.steampowered.com/app/3978820/Rules_of_Engagement_The_Grey_State/,2,14
a0ad2ce5-d542-4b2f-80e1-4367e0904848,2026-08-30T16:25:36.706419+00:00,40,3016620,Alkahest,To be announced,Unpriced (Coming Soon),https://store.steampowered.com/app/3016620/Alkahest/,2,15
a0ad2ce5-d542-4b2f-80e1-4367e0904848,2026-08-30T16:25:36.706419+00:00,41,2340970,Railborn,To be announced,Unpriced (Coming Soon),https://store.steampowered.com/app/2340970/Railborn/,2,16
a0ad2ce5-d542-4b2f-80e1-4367e0904848,2026-08-30T16:25:36.706419+00:00,42,1280190,Falling Frontier,Coming soon,Free,https://store.steampowered.com/app/1280190/Falling_Frontier/,2,17
a0ad2ce5-d542-4b2f-80e1-4367e0904848,2026-08-30T16:25:36.706419+00:00,43,4358690,Graveyard Keeper 2,"Sep 22, 2026",$19.99,https://store.steampowered.com/app/4358690/Graveyard_Keeper_2/,2,18
a0ad2ce5-d542-4b2f-80e1-4367e0904848,2026-08-30T16:25:36.706419+00:00,44,1687540,Showa American Story,2026,Unpriced (Coming Soon),https://store.steampowered.com/app/1687540/Showa_American_Story/,2,19
a0ad2ce5-d542-4b2f-80e1-4367e0904848,2026-08-30T16:25:36.706419+00:00,45,2288340,ACE COMBAT 8: WINGS OF THEVE,"Oct 1, 2026",$69.99,https://store.steampowered.com/app/2288340/ACE_COMBAT_8_WINGS_OF_THEVE/,2,20
a0ad2ce5-d542-4b2f-80e1-4367e0904848,2026-08-30T16:25:36.706419+00:00,46,3010850,Gears of War: E-Day,"Oct 6, 2026",$69.99,https://store.steampowered.com/app/3010850/Gears_of_War_EDay/,2,21
a0ad2ce5-d542-4b2f-80e1-4367e0904848,2026-08-30T16:25:36.706419+00:00,47,2724650,The Bustling World,To be announced,Unpriced (Coming Soon),https://store.steampowered.com/app/2724650/The_Bustling_World/,2,22
a0ad2ce5-d542-4b2f-80e1-4367e0904848,2026-08-30T16:25:36.706419+00:00,48,1313230,Beautiful Light,December 2026,Unpriced (Coming Soon),https://store.steampowered.com/app/1313230/Beautiful_Light/,2,23
a0ad2ce5-d542-4b2f-80e1-4367e0904848,2026-08-30T16:25:36.706419+00:00,49,2956040,PVKK: Planetenverteidigungskanonenkommandant,2027,Free,https://store.steampowered.com/app/2956040/PVKK_Planetenverteidigungskanonenkommandant/,2,24
a0ad2ce5-d542-4b2f-80e1-4367e0904848,2026-08-30T16:25:36.706419+00:00,50,2828710,Valor Mortis,"Oct 13, 2026",Unpriced (Coming Soon),https://store.steampowered.com/app/2828710/Valor_Mortis/,2,25
a0ad2ce5-d542-4b2f-80e1-4367e0904848,2026-08-30T16:25:36.706419+00:00,51,5006530,The Witcher 3: Wild Hunt — Songs of the Past,Coming soon,Free,https://store.steampowered.com/app/5006530/The_Witcher_3_Wild_Hunt__Songs_of_the_Past/,3,1
a0ad2ce5-d542-4b2f-80e1-4367e0904848,2026-08-30T16:25:36.706419+00:00,52,4743930,Guild Wars 3™,To be announced,Unpriced (Coming Soon),https://store.steampowered.com/app/4743930/Guild_Wars_3/,3,2
a0ad2ce5-d542-4b2f-80e1-4367e0904848,2026-08-30T16:25:36.706419+00:00,53,2179480,Ardem,2026,Unpriced (Coming Soon),https://store.steampowered.com/app/2179480/Ardem/,3,3
a0ad2ce5-d542-4b2f-80e1-4367e0904848,2026-08-30T16:25:36.706419+00:00,54,2161710,NO LAW,2027,Free,https://store.steampowered.com/app/2161710/NO_LAW/,3,4
a0ad2ce5-d542-4b2f-80e1-4367e0904848,2026-08-30T16:25:36.706419+00:00,55,3864580,P.O.N.,Coming soon,Free,https://store.steampowered.com/app/3864580/PON/,3,5
a0ad2ce5-d542-4b2f-80e1-4367e0904848,2026-08-30T16:25:36.706419+00:00,56,2649560,Persona 6,To be announced,Unpriced (Coming Soon),https://store.steampowered.com/app/2649560/Persona_6/,3,6
a0ad2ce5-d542-4b2f-80e1-4367e0904848,2026-08-30T16:25:36.706419+00:00,57,3255110,Grave Seasons,2026,Unpriced (Coming Soon),https://store.steampowered.com/app/3255110/Grave_Seasons/,3,7
a0ad2ce5-d542-4b2f-80e1-4367e0904848,2026-08-30T16:25:36.706419+00:00,58,2861080,Haunted Paws,To be announced,Unpriced (Coming Soon),https://store.steampowered.com/app/2861080/Haunted_Paws/,3,8
a0ad2ce5-d542-4b2f-80e1-4367e0904848,2026-08-30T16:25:36.706419+00:00,59,2439280,Clockwork Revolution,2027,Free,https://store.steampowered.com/app/2439280/Clockwork_Revolution/,3,9
a0ad2ce5-d542-4b2f-80e1-4367e0904848,2026-08-30T16:25:36.706419+00:00,60,2610770,Dust Front RTS,To be announced,Unpriced (Coming Soon),https://store.steampowered.com/app/2610770/Dust_Front_RTS/,3,10
a0ad2ce5-d542-4b2f-80e1-4367e0904848,2026-08-30T16:25:36.706419+00:00,61,1228610,KARLSON,Coming soon,Free,https://store.steampowered.com/app/1228610/KARLSON/,3,11
a0ad2ce5-d542-4b2f-80e1-4367e0904848,2026-08-30T16:25:36.706419+00:00,62,4231820,Castlevania: Belmont's Curse,"Oct 14, 2026",$29.99,https://store.steampowered.com/app/4231820/Castlevania_Belmonts_Curse/,3,12
a0ad2ce5-d542-4b2f-80e1-4367e0904848,2026-08-30T16:25:36.706419+00:00,63,3393110,AION 2,"Oct 5, 2026",Free,https://store.steampowered.com/app/3393110/AION_2/,3,13
a0ad2ce5-d542-4b2f-80e1-4367e0904848,2026-08-30T16:25:36.706419+00:00,64,2318330,Neverway,2027,Free,https://store.steampowered.com/app/2318330/Neverway/,3,14
a0ad2ce5-d542-4b2f-80e1-4367e0904848,2026-08-30T16:25:36.706419+00:00,65,3161310,Hela: of Mice & Magic,Q4 2026,Unpriced (Coming Soon),https://store.steampowered.com/app/3161310/Hela_of_Mice__Magic/,3,15
a0ad2ce5-d542-4b2f-80e1-4367e0904848,2026-08-30T16:25:36.706419+00:00,66,3337850,KYORA,Coming soon,Free,https://store.steampowered.com/app/3337850/KYORA/,3,16
a0ad2ce5-d542-4b2f-80e1-4367e0904848,2026-08-30T16:25:36.706419+00:00,67,1952620,The Lost Wild,2027,Free,https://store.steampowered.com/app/1952620/The_Lost_Wild/,3,17
a0ad2ce5-d542-4b2f-80e1-4367e0904848,2026-08-30T16:25:36.706419+00:00,68,1752080,HUNGER,Coming soon,Free,https://store.steampowered.com/app/1752080/HUNGER/,3,18
a0ad2ce5-d542-4b2f-80e1-4367e0904848,2026-08-30T16:25:36.706419+00:00,69,3073940,God Save Birmingham,To be announced,Unpriced (Coming Soon),https://store.steampowered.com/app/3073940/God_Save_Birmingham/,3,19
a0ad2ce5-d542-4b2f-80e1-4367e0904848,2026-08-30T16:25:36.706419+00:00,70,1373910,Anvil Empires,To be announced,Unpriced (Coming Soon),https://store.steampowered.com/app/1373910/Anvil_Empires/,3,20
a0ad2ce5-d542-4b2f-80e1-4367e0904848,2026-08-30T16:25:36.706419+00:00,71,4078430,STAR WARS: Galactic Racer™,"Oct 6, 2026",$59.99,https://store.steampowered.com/app/4078430/STAR_WARS_Galactic_Racer/,3,21
a0ad2ce5-d542-4b2f-80e1-4367e0904848,2026-08-30T16:25:36.706419+00:00,72,4260840,STRANGER THAN HEAVEN,"Jan 14, 2027",$69.99,https://store.steampowered.com/app/4260840/STRANGER_THAN_HEAVEN/,3,22
a0ad2ce5-d542-4b2f-80e1-4367e0904848,2026-08-30T16:25:36.706419+00:00,73,3809270,Euro Truck Simulator 2 - Coaches,To be announced,Unpriced (Coming Soon),https://store.steampowered.com/app/3809270/Euro_Truck_Simulator_2__Coaches/,3,23
a0ad2ce5-d542-4b2f-80e1-4367e0904848,2026-08-30T16:25:36.706419+00:00,74,2692660,Car Mechanic Simulator 2026,2026,Unpriced (Coming Soon),https://store.steampowered.com/app/2692660/Car_Mechanic_Simulator_2026/,3,24
a0ad2ce5-d542-4b2f-80e1-4367e0904848,2026-08-30T16:25:36.706419+00:00,75,3230960,EXODUS,"Apr 7, 2027",Free,https://store.steampowered.com/app/3230960/EXODUS/,3,25
a0ad2ce5-d542-4b2f-80e1-4367e0904848,2026-08-30T16:25:36.706419+00:00,76,1586260,BLACKFROST: The Long Dark 2,2027,Free,https://store.steampowered.com/app/1586260/BLACKFROST_The_Long_Dark_2/,4,1
a0ad2ce5-d542-4b2f-80e1-4367e0904848,2026-08-30T16:25:36.706419+00:00,77,3281420,Paradise,Coming soon,Free,https://store.steampowered.com/app/3281420/Paradise/,4,2
a0ad2ce5-d542-4b2f-80e1-4367e0904848,2026-08-30T16:25:36.706419+00:00,78,1536500,Euro Truck Simulator 2 - Heart of Russia,Coming soon,Free,https://store.steampowered.com/app/1536500/Euro_Truck_Simulator_2__Heart_of_Russia/,4,3
a0ad2ce5-d542-4b2f-80e1-4367e0904848,2026-08-30T16:25:36.706419+00:00,79,2454980,Drakantos,Coming soon,Free,https://store.steampowered.com/app/2454980/Drakantos/,4,4
a0ad2ce5-d542-4b2f-80e1-4367e0904848,2026-08-30T16:25:36.706419+00:00,80,4435490,Call of Duty®: Modern Warfare® 4,"Oct 22, 2026",$69.99,https://store.steampowered.com/app/4435490/Call_of_Duty_Modern_Warfare_4/,4,5
a0ad2ce5-d542-4b2f-80e1-4367e0904848,2026-08-30T16:25:36.706419+00:00,81,4228810,Fourteen Years of Flames,To be announced,Unpriced (Coming Soon),https://store.steampowered.com/app/4228810/Fourteen_Years_of_Flames/,4,6
a0ad2ce5-d542-4b2f-80e1-4367e0904848,2026-08-30T16:25:36.706419+00:00,82,2239770,Don't Starve Elsewhere,To be announced,Unpriced (Coming Soon),https://store.steampowered.com/app/2239770/Dont_Starve_Elsewhere/,4,7
a0ad2ce5-d542-4b2f-80e1-4367e0904848,2026-08-30T16:25:36.706419+00:00,83,3624140,Wanderburg,"Sep 8, 2026",Unpriced (Coming Soon),https://store.steampowered.com/app/3624140/Wanderburg/,4,8
a0ad2ce5-d542-4b2f-80e1-4367e0904848,2026-08-30T16:25:36.706419+00:00,84,2090210,Threads of Time,To be announced,Unpriced (Coming Soon),https://store.steampowered.com/app/2090210/Threads_of_Time/,4,9
a0ad2ce5-d542-4b2f-80e1-4367e0904848,2026-08-30T16:25:36.706419+00:00,85,2153760,Stronghold 4,2026,Unpriced (Coming Soon),https://store.steampowered.com/app/2153760/Stronghold_4/,4,10
a0ad2ce5-d542-4b2f-80e1-4367e0904848,2026-08-30T16:25:36.706419+00:00,86,2887580,Active Matter,"Sep 15, 2026",Unpriced (Coming Soon),https://store.steampowered.com/app/2887580/Active_Matter/,4,11
a0ad2ce5-d542-4b2f-80e1-4367e0904848,2026-08-30T16:25:36.706419+00:00,87,2849490,Outward 2,2027,Free,https://store.steampowered.com/app/2849490/Outward_2/,4,12
a0ad2ce5-d542-4b2f-80e1-4367e0904848,2026-08-30T16:25:36.706419+00:00,88,1818140,Den of Wolves,To be announced,Unpriced (Coming Soon),https://store.steampowered.com/app/1818140/Den_of_Wolves/,4,13
a0ad2ce5-d542-4b2f-80e1-4367e0904848,2026-08-30T16:25:36.706419+00:00,89,3493540,Transport Fever 3,"Sep 29, 2026",$49.99,https://store.steampowered.com/app/3493540/Transport_Fever_3/,4,14
a0ad2ce5-d542-4b2f-80e1-4367e0904848,2026-08-30T16:25:36.706419+00:00,90,3788800,Atomic Heart 2,To be announced,Unpriced (Coming Soon),https://store.steampowered.com/app/3788800/Atomic_Heart_2/,4,15
a0ad2ce5-d542-4b2f-80e1-4367e0904848,2026-08-30T16:25:36.706419+00:00,91,4031890,Palworld: Palfarm,To be announced,Unpriced (Coming Soon),https://store.steampowered.com/app/4031890/Palworld_Palfarm/,4,16
a0ad2ce5-d542-4b2f-80e1-4367e0904848,2026-08-30T16:25:36.706419+00:00,92,2165810,Streets of Rogue 2,Coming soon,Free,https://store.steampowered.com/app/2165810/Streets_of_Rogue_2/,4,17
a0ad2ce5-d542-4b2f-80e1-4367e0904848,2026-08-30T16:25:36.706419+00:00,93,1257610,Prison Architect 2,To be announced,Unpriced (Coming Soon),https://store.steampowered.com/app/1257610/Prison_Architect_2/,4,18
a0ad2ce5-d542-4b2f-80e1-4367e0904848,2026-08-30T16:25:36.706419+00:00,94,2295170,Emberville,"Oct 27, 2026",Unpriced (Coming Soon),https://store.steampowered.com/app/2295170/Emberville/,4,19
a0ad2ce5-d542-4b2f-80e1-4367e0904848,2026-08-30T16:25:36.706419+00:00,95,2235430,Holstin,To be announced,Unpriced (Coming Soon),https://store.steampowered.com/app/2235430/Holstin/,4,20
a0ad2ce5-d542-4b2f-80e1-4367e0904848,2026-08-30T16:25:36.706419+00:00,96,3517740,Frostrail,Q4 2026,Unpriced (Coming Soon),https://store.steampowered.com/app/3517740/Frostrail/,4,21
a0ad2ce5-d542-4b2f-80e1-4367e0904848,2026-08-30T16:25:36.706419+00:00,97,1614330,Crowsworn,To be announced,Unpriced (Coming Soon),https://store.steampowered.com/app/1614330/Crowsworn/,4,22
a0ad2ce5-d542-4b2f-80e1-4367e0904848,2026-08-30T16:25:36.706419+00:00,98,1416070,beta decay,To be announced,Unpriced (Coming Soon),https://store.steampowered.com/app/1416070/beta_decay/,4,23
a0ad2ce5-d542-4b2f-80e1-4367e0904848,2026-08-30T16:25:36.706419+00:00,99,4150720,Drunken Goddess Reflux,To be announced,Unpriced (Coming Soon),https://store.steampowered.com/app/4150720/Drunken_Goddess_Reflux/,4,24
a0ad2ce5-d542-4b2f-80e1-4367e0904848,2026-08-30T16:25:36.706419+00:00,100,3283240,THE LIFT: Supernatural Handyman Simulator,2027,Free,https://store.steampowered.com/app/3283240/THE_LIFT_Supernatural_Handyman_Simulator/,4,25
a0ad2ce5-d542-4b2f-80e1-4367e0904848,2026-08-30T16:25:36.706419+00:00,101,4317690,Crimson Moon,"Sep 1, 2026",Unpriced (Coming Soon),https://store.steampowered.com/app/4317690/Crimson_Moon/,5,1
a0ad2ce5-d542-4b2f-80e1-4367e0904848,2026-08-30T16:25:36.706419+00:00,102,2924520,ONTOS,2027,Free,https://store.steampowered.com/app/2924520/ONTOS/,5,2
a0ad2ce5-d542-4b2f-80e1-4367e0904848,2026-08-30T16:25:36.706419+00:00,103,4354570,FINAL FANTASY VII REVELATION,2027,Free,https://store.steampowered.com/app/4354570/FINAL_FANTASY_VII_REVELATION/,5,3
a0ad2ce5-d542-4b2f-80e1-4367e0904848,2026-08-30T16:25:36.706419+00:00,104,2412960,Breathedge 2,"Aug 31, 2026",Unpriced (Coming Soon),https://store.steampowered.com/app/2412960/Breathedge_2/,5,4
a0ad2ce5-d542-4b2f-80e1-4367e0904848,2026-08-30T16:25:36.706419+00:00,105,2437390,Enginefall,2027,Free,https://store.steampowered.com/app/2437390/Enginefall/,5,5
a0ad2ce5-d542-4b2f-80e1-4367e0904848,2026-08-30T16:25:36.706419+00:00,106,4767480,Lords of the Fallen II,Coming soon,Free,https://store.steampowered.com/app/4767480/Lords_of_the_Fallen_II/,5,6
a0ad2ce5-d542-4b2f-80e1-4367e0904848,2026-08-30T16:25:36.706419+00:00,107,3078150,Hawthorn,To be announced,Unpriced (Coming Soon),https://store.steampowered.com/app/3078150/Hawthorn/,5,7
a0ad2ce5-d542-4b2f-80e1-4367e0904848,2026-08-30T16:25:36.706419+00:00,108,2254990,Permafrost,"Oct 9, 2026",Unpriced (Coming Soon),https://store.steampowered.com/app/2254990/Permafrost/,5,8
a0ad2ce5-d542-4b2f-80e1-4367e0904848,2026-08-30T16:25:36.706419+00:00,109,1579420,Guardians of the Wild Sky,Coming soon,Free,https://store.steampowered.com/app/1579420/Guardians_of_the_Wild_Sky/,5,9
a0ad2ce5-d542-4b2f-80e1-4367e0904848,2026-08-30T16:25:36.706419+00:00,110,4614080,Cartel Pilots Wanted,To be announced,Unpriced (Coming Soon),https://store.steampowered.com/app/4614080/Cartel_Pilots_Wanted/,5,10
a0ad2ce5-d542-4b2f-80e1-4367e0904848,2026-08-30T16:25:36.706419+00:00,111,1636440,SILENT HILL: Townfall,"Sep 23, 2026",$49.99,https://store.steampowered.com/app/1636440/SILENT_HILL_Townfall/,5,11
a0ad2ce5-d542-4b2f-80e1-4367e0904848,2026-08-30T16:25:36.706419+00:00,112,2800370,30 Days on Ship,Coming soon,Free,https://store.steampowered.com/app/2800370/30_Days_on_Ship/,5,12
a0ad2ce5-d542-4b2f-80e1-4367e0904848,2026-08-30T16:25:36.706419+00:00,113,2855590,Knight's Path,To be announced,Unpriced (Coming Soon),https://store.steampowered.com/app/2855590/Knights_Path/,5,13
a0ad2ce5-d542-4b2f-80e1-4367e0904848,2026-08-30T16:25:36.706419+00:00,114,3092530,Fate Trigger,2026,Free,https://store.steampowered.com/app/3092530/Fate_Trigger/,5,14
a0ad2ce5-d542-4b2f-80e1-4367e0904848,2026-08-30T16:25:36.706419+00:00,115,2871520,Deep Dish Dungeon,"Oct 13, 2026",Unpriced (Coming Soon),https://store.steampowered.com/app/2871520/Deep_Dish_Dungeon/,5,15
a0ad2ce5-d542-4b2f-80e1-4367e0904848,2026-08-30T16:25:36.706419+00:00,116,3219630,Halloween: The Game,"Sep 8, 2026",$39.99,https://store.steampowered.com/app/3219630/Halloween_The_Game/,5,16
a0ad2ce5-d542-4b2f-80e1-4367e0904848,2026-08-30T16:25:36.706419+00:00,117,1572000,Derelicts,To be announced,Unpriced (Coming Soon),https://store.steampowered.com/app/1572000/Derelicts/,5,17
a0ad2ce5-d542-4b2f-80e1-4367e0904848,2026-08-30T16:25:36.706419+00:00,118,3426150,I Have No Change,2027,Free,https://store.steampowered.com/app/3426150/I_Have_No_Change/,5,18
a0ad2ce5-d542-4b2f-80e1-4367e0904848,2026-08-30T16:25:36.706419+00:00,119,3199500,My Time at Evershine,2027,Free,https://store.steampowered.com/app/3199500/My_Time_at_Evershine/,5,19
a0ad2ce5-d542-4b2f-80e1-4367e0904848,2026-08-30T16:25:36.706419+00:00,120,2376260,Mariachi Legends,"Apr 27, 2027",Free,https://store.steampowered.com/app/2376260/Mariachi_Legends/,5,20
a0ad2ce5-d542-4b2f-80e1-4367e0904848,2026-08-30T16:25:36.706419+00:00,121,2055770,Bloody Hell Hotel,2026,Unpriced (Coming Soon),https://store.steampowered.com/app/2055770/Bloody_Hell_Hotel/,5,21
a0ad2ce5-d542-4b2f-80e1-4367e0904848,2026-08-30T16:25:36.706419+00:00,122,1667040,Under a Rock,To be announced,Unpriced (Coming Soon),https://store.steampowered.com/app/1667040/Under_a_Rock/,5,22
a0ad2ce5-d542-4b2f-80e1-4367e0904848,2026-08-30T16:25:36.706419+00:00,123,3218230,ArcheAge Chronicles,To be announced,Unpriced (Coming Soon),https://store.steampowered.com/app/3218230/ArcheAge_Chronicles/,5,23
a0ad2ce5-d542-4b2f-80e1-4367e0904848,2026-08-30T16:25:36.706419+00:00,124,4258290,We Are So Cooked,"Oct 15, 2026",Unpriced (Coming Soon),https://store.steampowered.com/app/4258290/We_Are_So_Cooked/,5,24
a0ad2ce5-d542-4b2f-80e1-4367e0904848,2026-08-30T16:25:36.706419+00:00,125,3633680,Sea of Remnants,2027,Free,https://store.steampowered.com/app/3633680/Sea_of_Remnants/,5,25
a0ad2ce5-d542-4b2f-80e1-4367e0904848,2026-08-30T16:25:36.706419+00:00,126,2208810,Jurassic Park: Survival,To be announced,Unpriced (Coming Soon),https://store.steampowered.com/app/2208810/Jurassic_Park_Survival/,6,1
a0ad2ce5-d542-4b2f-80e1-4367e0904848,2026-08-30T16:25:36.706419+00:00,127,3401960,JOIN US,March 2027,Free,https://store.steampowered.com/app/3401960/JOIN_US/,6,2
a0ad2ce5-d542-4b2f-80e1-4367e0904848,2026-08-30T16:25:36.706419+00:00,128,3642910,Wyldheart,Coming soon,Free,https://store.steampowered.com/app/3642910/Wyldheart/,6,3
a0ad2ce5-d542-4b2f-80e1-4367e0904848,2026-08-30T16:25:36.706419+00:00,129,3629430,DREADMOOR,Q4 2026,Unpriced (Coming Soon),https://store.steampowered.com/app/3629430/DREADMOOR/,6,4
a0ad2ce5-d542-4b2f-80e1-4367e0904848,2026-08-30T16:25:36.706419+00:00,130,2838950,Game of Thrones: War for Westeros,2027,Free,https://store.steampowered.com/app/2838950/Game_of_Thrones_War_for_Westeros/,6,5
a0ad2ce5-d542-4b2f-80e1-4367e0904848,2026-08-30T16:25:36.706419+00:00,131,4348760,Totally Secure Airport,Coming soon,Free,https://store.steampowered.com/app/4348760/Totally_Secure_Airport/,6,6
a0ad2ce5-d542-4b2f-80e1-4367e0904848,2026-08-30T16:25:36.706419+00:00,132,4293910,XenoFeels,2026,Unpriced (Coming Soon),https://store.steampowered.com/app/4293910/XenoFeels/,6,7
a0ad2ce5-d542-4b2f-80e1-4367e0904848,2026-08-30T16:25:36.706419+00:00,133,1388550,Human Fall Flat 2,To be announced,Unpriced (Coming Soon),https://store.steampowered.com/app/1388550/Human_Fall_Flat_2/,6,8
a0ad2ce5-d542-4b2f-80e1-4367e0904848,2026-08-30T16:25:36.706419+00:00,134,2254950,The Eternal Life of Goldman,Coming soon,Free,https://store.steampowered.com/app/2254950/The_Eternal_Life_of_Goldman/,6,9
a0ad2ce5-d542-4b2f-80e1-4367e0904848,2026-08-30T16:25:36.706419+00:00,135,388860,Judas,Coming soon,Free,https://store.steampowered.com/app/388860/Judas/,6,10
a0ad2ce5-d542-4b2f-80e1-4367e0904848,2026-08-30T16:25:36.706419+00:00,136,3259780,FINAL FANTASY RESONANCE,"Oct 22, 2026",$49.99,https://store.steampowered.com/app/3259780/FINAL_FANTASY_RESONANCE/,6,11
a0ad2ce5-d542-4b2f-80e1-4367e0904848,2026-08-30T16:25:36.706419+00:00,137,2063390,V.A Proxy,Coming soon,Free,https://store.steampowered.com/app/2063390/VA_Proxy/,6,12
a0ad2ce5-d542-4b2f-80e1-4367e0904848,2026-08-30T16:25:36.706419+00:00,138,3669200,Guildrun,To be announced,Unpriced (Coming Soon),https://store.steampowered.com/app/3669200/Guildrun/,6,13
a0ad2ce5-d542-4b2f-80e1-4367e0904848,2026-08-30T16:25:36.706419+00:00,139,4369620,Last Harbor,Coming soon,Free,https://store.steampowered.com/app/4369620/Last_Harbor/,6,14
a0ad2ce5-d542-4b2f-80e1-4367e0904848,2026-08-30T16:25:36.706419+00:00,140,3230430,The CUBE,To be announced,Unpriced (Coming Soon),https://store.steampowered.com/app/3230430/The_CUBE/,6,15
a0ad2ce5-d542-4b2f-80e1-4367e0904848,2026-08-30T16:25:36.706419+00:00,141,2617340,Terminator: Survivors,To be announced,Unpriced (Coming Soon),https://store.steampowered.com/app/2617340/Terminator_Survivors/,6,16
a0ad2ce5-d542-4b2f-80e1-4367e0904848,2026-08-30T16:25:36.706419+00:00,142,3669620,Warhammer Survivors,2026,Unpriced (Coming Soon),https://store.steampowered.com/app/3669620/Warhammer_Survivors/,6,17
a0ad2ce5-d542-4b2f-80e1-4367e0904848,2026-08-30T16:25:36.706419+00:00,143,1400830,Billie Bust Up,To be announced,Unpriced (Coming Soon),https://store.steampowered.com/app/1400830/Billie_Bust_Up/,6,18
a0ad2ce5-d542-4b2f-80e1-4367e0904848,2026-08-30T16:25:36.706419+00:00,144,3516100,Tenebyss,To be announced,Unpriced (Coming Soon),https://store.steampowered.com/app/3516100/Tenebyss/,6,19
a0ad2ce5-d542-4b2f-80e1-4367e0904848,2026-08-30T16:25:36.706419+00:00,145,3126410,Expedition: Into Darkness,Q4 2026,Unpriced (Coming Soon),https://store.steampowered.com/app/3126410/Expedition_Into_Darkness/,6,20
a0ad2ce5-d542-4b2f-80e1-4367e0904848,2026-08-30T16:25:36.706419+00:00,146,3767320,Animula Nook,To be announced,Free,https://store.steampowered.com/app/3767320/Animula_Nook/,6,21
a0ad2ce5-d542-4b2f-80e1-4367e0904848,2026-08-30T16:25:36.706419+00:00,147,3219030,Planet Zoo 2,"Oct 13, 2026",$49.99,https://store.steampowered.com/app/3219030/Planet_Zoo_2/,6,22
a0ad2ce5-d542-4b2f-80e1-4367e0904848,2026-08-30T16:25:36.706419+00:00,148,2141130,Road Kings,"Mar 11, 2027",Free,https://store.steampowered.com/app/2141130/Road_Kings/,6,23
a0ad2ce5-d542-4b2f-80e1-4367e0904848,2026-08-30T16:25:36.706419+00:00,149,1731290,SPINE - This is Gun Fu,2027,Free,https://store.steampowered.com/app/1731290/SPINE__This_is_Gun_Fu/,6,24
a0ad2ce5-d542-4b2f-80e1-4367e0904848,2026-08-30T16:25:36.706419+00:00,150,1701840,ExeKiller,To be announced,Unpriced (Coming Soon),https://store.steampowered.com/app/1701840/ExeKiller/,6,25
a0ad2ce5-d542-4b2f-80e1-4367e0904848,2026-08-30T16:25:36.706419+00:00,151,1551980,Clive Barker's Hellraiser: Revival,"Oct 8, 2026",$39.99,https://store.steampowered.com/app/1551980/Clive_Barkers_Hellraiser_Revival/,7,1
a0ad2ce5-d542-4b2f-80e1-4367e0904848,2026-08-30T16:25:36.706419+00:00,152,2705130,Exoborne,To be announced,Unpriced (Coming Soon),https://store.steampowered.com/app/2705130/Exoborne/,7,2
a0ad2ce5-d542-4b2f-80e1-4367e0904848,2026-08-30T16:25:36.706419+00:00,153,1977610,Long Gone,2027,Free,https://store.steampowered.com/app/1977610/Long_Gone/,7,3
a0ad2ce5-d542-4b2f-80e1-4367e0904848,2026-08-30T16:25:36.706419+00:00,154,2708860,Canyons,To be announced,Unpriced (Coming Soon),https://store.steampowered.com/app/2708860/Canyons/,7,4
a0ad2ce5-d542-4b2f-80e1-4367e0904848,2026-08-30T16:25:36.706419+00:00,155,1203170,Darksiders 4,To be announced,Unpriced (Coming Soon),https://store.steampowered.com/app/1203170/Darksiders_4/,7,5
a0ad2ce5-d542-4b2f-80e1-4367e0904848,2026-08-30T16:25:36.706419+00:00,156,3970690,Project Shadowglass,To be announced,Unpriced (Coming Soon),https://store.steampowered.com/app/3970690/Project_Shadowglass/,7,6
a0ad2ce5-d542-4b2f-80e1-4367e0904848,2026-08-30T16:25:36.706419+00:00,157,4665290,Alien: Isolation 2,Coming soon,Free,https://store.steampowered.com/app/4665290/Alien_Isolation_2/,7,7
a0ad2ce5-d542-4b2f-80e1-4367e0904848,2026-08-30T16:25:36.706419+00:00,158,4198090,Bradley the Badger,To be announced,Unpriced (Coming Soon),https://store.steampowered.com/app/4198090/Bradley_the_Badger/,7,8
a0ad2ce5-d542-4b2f-80e1-4367e0904848,2026-08-30T16:25:36.706419+00:00,159,1728620,IKUMA - The Frozen Compass,2026,Unpriced (Coming Soon),https://store.steampowered.com/app/1728620/IKUMA__The_Frozen_Compass/,7,9
a0ad2ce5-d542-4b2f-80e1-4367e0904848,2026-08-30T16:25:36.706419+00:00,160,3371050,Zeverland,Coming soon,Free,https://store.steampowered.com/app/3371050/Zeverland/,7,10
a0ad2ce5-d542-4b2f-80e1-4367e0904848,2026-08-30T16:25:36.706419+00:00,161,3581230,Cozy Game Restoration,"Nov 4, 2026",Unpriced (Coming Soon),https://store.steampowered.com/app/3581230/Cozy_Game_Restoration/,7,11
a0ad2ce5-d542-4b2f-80e1-4367e0904848,2026-08-30T16:25:36.706419+00:00,162,2595260,RECUR,To be announced,Unpriced (Coming Soon),https://store.steampowered.com/app/2595260/RECUR/,7,12
a0ad2ce5-d542-4b2f-80e1-4367e0904848,2026-08-30T16:25:36.706419+00:00,163,3751230,Danganronpa 2x2,2027,Free,https://store.steampowered.com/app/3751230/Danganronpa_2x2/,7,13
a0ad2ce5-d542-4b2f-80e1-4367e0904848,2026-08-30T16:25:36.706419+00:00,164,2315050,We Were Here Tomorrow,October 2026,Unpriced (Coming Soon),https://store.steampowered.com/app/2315050/We_Were_Here_Tomorrow/,7,14
a0ad2ce5-d542-4b2f-80e1-4367e0904848,2026-08-30T16:25:36.706419+00:00,165,4146000,GANG OF DRAGON,Coming soon,Free,https://store.steampowered.com/app/4146000/GANG_OF_DRAGON/,7,15
a0ad2ce5-d542-4b2f-80e1-4367e0904848,2026-08-30T16:25:36.706419+00:00,166,3209660,Golf With Your Friends 2,Coming soon,Free,https://store.steampowered.com/app/3209660/Golf_With_Your_Friends_2/,7,16
a0ad2ce5-d542-4b2f-80e1-4367e0904848,2026-08-30T16:25:36.706419+00:00,167,3796990,Euro Truck Simulator 2 - Iceland,To be announced,Unpriced (Coming Soon),https://store.steampowered.com/app/3796990/Euro_Truck_Simulator_2__Iceland/,7,17
a0ad2ce5-d542-4b2f-80e1-4367e0904848,2026-08-30T16:25:36.706419+00:00,168,3714800,Warlock: Dungeons & Dragons,2027,Free,https://store.steampowered.com/app/3714800/Warlock_Dungeons__Dragons/,7,18
a0ad2ce5-d542-4b2f-80e1-4367e0904848,2026-08-30T16:25:36.706419+00:00,169,3563080,Swords & Slippers,To be announced,Unpriced (Coming Soon),https://store.steampowered.com/app/3563080/Swords__Slippers/,7,19
a0ad2ce5-d542-4b2f-80e1-4367e0904848,2026-08-30T16:25:36.706419+00:00,170,1912410,Minecraft Dungeons II,"Sep 29, 2026",$29.99,https://store.steampowered.com/app/1912410/Minecraft_Dungeons_II/,7,20
a0ad2ce5-d542-4b2f-80e1-4367e0904848,2026-08-30T16:25:36.706419+00:00,171,2339840,Enter the Gungeon 2,To be announced,Unpriced (Coming Soon),https://store.steampowered.com/app/2339840/Enter_the_Gungeon_2/,7,21
a0ad2ce5-d542-4b2f-80e1-4367e0904848,2026-08-30T16:25:36.706419+00:00,172,1967610,Turok: Origins,To be announced,Unpriced (Coming Soon),https://store.steampowered.com/app/1967610/Turok_Origins/,7,22
a0ad2ce5-d542-4b2f-80e1-4367e0904848,2026-08-30T16:25:36.706419+00:00,173,1559720,We Harvest Shadows,To be announced,Unpriced (Coming Soon),https://store.steampowered.com/app/1559720/We_Harvest_Shadows/,7,23
a0ad2ce5-d542-4b2f-80e1-4367e0904848,2026-08-30T16:25:36.706419+00:00,174,4814120,ANANTA,"Jan 15, 2027",Free,https://store.steampowered.com/app/4814120/ANANTA/,7,24
a0ad2ce5-d542-4b2f-80e1-4367e0904848,2026-08-30T16:25:36.706419+00:00,175,3260750,Stage Fright,To be announced,Unpriced (Coming Soon),https://store.steampowered.com/app/3260750/Stage_Fright/,7,25
a0ad2ce5-d542-4b2f-80e1-4367e0904848,2026-08-30T16:25:36.706419+00:00,176,2977260,The Guild 1 Remake: Europa 1410,"Sep 17, 2026",Unpriced (Coming Soon),https://store.steampowered.com/app/2977260/The_Guild_1_Remake_Europa_1410/,8,1
a0ad2ce5-d542-4b2f-80e1-4367e0904848,2026-08-30T16:25:36.706419+00:00,177,3571870,Darkhaven,Coming soon,Free,https://store.steampowered.com/app/3571870/Darkhaven/,8,2
a0ad2ce5-d542-4b2f-80e1-4367e0904848,2026-08-30T16:25:36.706419+00:00,178,3620480,Pal♡world! ~More Than Just Pals~,To be announced,Unpriced (Coming Soon),https://store.steampowered.com/app/3620480/Pal3world_More_Than_Just_Pals/,8,3
a0ad2ce5-d542-4b2f-80e1-4367e0904848,2026-08-30T16:25:36.706419+00:00,179,3905450,WheelMates,"Sep 1, 2026",Unpriced (Coming Soon),https://store.steampowered.com/app/3905450/WheelMates/,8,4
a0ad2ce5-d542-4b2f-80e1-4367e0904848,2026-08-30T16:25:36.706419+00:00,180,1173980,Shadow of the Road,"Nov 12, 2026",Unpriced (Coming Soon),https://store.steampowered.com/app/1173980/Shadow_of_the_Road/,8,5
a0ad2ce5-d542-4b2f-80e1-4367e0904848,2026-08-30T16:25:36.706419+00:00,181,1670650,Espiocracy,2027,Free,https://store.steampowered.com/app/1670650/Espiocracy/,8,6
a0ad2ce5-d542-4b2f-80e1-4367e0904848,2026-08-30T16:25:36.706419+00:00,182,3942260,KingFish,To be announced,Unpriced (Coming Soon),https://store.steampowered.com/app/3942260/KingFish/,8,7
a0ad2ce5-d542-4b2f-80e1-4367e0904848,2026-08-30T16:25:36.706419+00:00,183,3590650,OKU,To be announced,Unpriced (Coming Soon),https://store.steampowered.com/app/3590650/OKU/,8,8
a0ad2ce5-d542-4b2f-80e1-4367e0904848,2026-08-30T16:25:36.706419+00:00,184,1373530,Militsioner,2027,Free,https://store.steampowered.com/app/1373530/Militsioner/,8,9
a0ad2ce5-d542-4b2f-80e1-4367e0904848,2026-08-30T16:25:36.706419+00:00,185,1637460,TankRat,"Jan 15, 2027",Free,https://store.steampowered.com/app/1637460/TankRat/,8,10
a0ad2ce5-d542-4b2f-80e1-4367e0904848,2026-08-30T16:25:36.706419+00:00,186,2885380,Gold Mining Simulator 2,To be announced,Unpriced (Coming Soon),https://store.steampowered.com/app/2885380/Gold_Mining_Simulator_2/,8,11
a0ad2ce5-d542-4b2f-80e1-4367e0904848,2026-08-30T16:25:36.706419+00:00,187,1573550,LEGO® Skylines,Coming soon,Free,https://store.steampowered.com/app/1573550/LEGO_Skylines/,8,12
a0ad2ce5-d542-4b2f-80e1-4367e0904848,2026-08-30T16:25:36.706419+00:00,188,1209970,Blind Descent,To be announced,Unpriced (Coming Soon),https://store.steampowered.com/app/1209970/Blind_Descent/,8,13
a0ad2ce5-d542-4b2f-80e1-4367e0904848,2026-08-30T16:25:36.706419+00:00,189,4829700,Monster Hunter Wilds: Ascendance,2027,Free,https://store.steampowered.com/app/4829700/Monster_Hunter_Wilds_Ascendance/,8,14
a0ad2ce5-d542-4b2f-80e1-4367e0904848,2026-08-30T16:25:36.706419+00:00,190,1739080,Sword Hero,To be announced,Unpriced (Coming Soon),https://store.steampowered.com/app/1739080/Sword_Hero/,8,15
a0ad2ce5-d542-4b2f-80e1-4367e0904848,2026-08-30T16:25:36.706419+00:00,191,3041680,Coven of the Chicken Foot,To be announced,Unpriced (Coming Soon),https://store.steampowered.com/app/3041680/Coven_of_the_Chicken_Foot/,8,16
a0ad2ce5-d542-4b2f-80e1-4367e0904848,2026-08-30T16:25:36.706419+00:00,192,4576490,Casualties: Unknown,2026,Unpriced (Coming Soon),https://store.steampowered.com/app/4576490/Casualties_Unknown/,8,17
a0ad2ce5-d542-4b2f-80e1-4367e0904848,2026-08-30T16:25:36.706419+00:00,193,3115160,"Warhammer 40,000: Boltgun 2","Oct 14, 2026",Unpriced (Coming Soon),https://store.steampowered.com/app/3115160/Warhammer_40000_Boltgun_2/,8,18
a0ad2ce5-d542-4b2f-80e1-4367e0904848,2026-08-30T16:25:36.706419+00:00,194,2470010,DEFECT,To be announced,Unpriced (Coming Soon),https://store.steampowered.com/app/2470010/DEFECT/,8,19
a0ad2ce5-d542-4b2f-80e1-4367e0904848,2026-08-30T16:25:36.706419+00:00,195,2828020,Citystate Metropolis,2026,Unpriced (Coming Soon),https://store.steampowered.com/app/2828020/Citystate_Metropolis/,8,20
a0ad2ce5-d542-4b2f-80e1-4367e0904848,2026-08-30T16:25:36.706419+00:00,196,2798330,Dungeon Settlers,"Sep 4, 2026",Unpriced (Coming Soon),https://store.steampowered.com/app/2798330/Dungeon_Settlers/,8,21
a0ad2ce5-d542-4b2f-80e1-4367e0904848,2026-08-30T16:25:36.706419+00:00,197,1685310,The Wayward Realms,Coming soon,Free,https://store.steampowered.com/app/1685310/The_Wayward_Realms/,8,22
a0ad2ce5-d542-4b2f-80e1-4367e0904848,2026-08-30T16:25:36.706419+00:00,198,3079190,PACS - Post Apocalypse Courier Service: Co-op Delivery Simulator,2026,Unpriced (Coming Soon),https://store.steampowered.com/app/3079190/PACS__Post_Apocalypse_Courier_Service_Coop_Delivery_Simulator/,8,23
a0ad2ce5-d542-4b2f-80e1-4367e0904848,2026-08-30T16:25:36.706419+00:00,199,2359600,Perfect New World,Coming soon,Free,https://store.steampowered.com/app/2359600/Perfect_New_World/,8,24
a0ad2ce5-d542-4b2f-80e1-4367e0904848,2026-08-30T16:25:36.706419+00:00,200,1401370,Viking City Builder,To be announced,Unpriced (Coming Soon),https://store.steampowered.com/app/1401370/Viking_City_Builder/,8,25
a0ad2ce5-d542-4b2f-80e1-4367e0904848,2026-08-30T16:25:36.706419+00:00,201,2177510,EthrA,To be announced,Unpriced (Coming Soon),https://store.steampowered.com/app/2177510/EthrA/,9,1
a0ad2ce5-d542-4b2f-80e1-4367e0904848,2026-08-30T16:25:36.706419+00:00,202,2024600,Into The Unwell,2027,Free,https://store.steampowered.com/app/2024600/Into_The_Unwell/,9,2
a0ad2ce5-d542-4b2f-80e1-4367e0904848,2026-08-30T16:25:36.706419+00:00,203,2768300,SCP,Coming soon,Free,https://store.steampowered.com/app/2768300/SCP/,9,3
a0ad2ce5-d542-4b2f-80e1-4367e0904848,2026-08-30T16:25:36.706419+00:00,204,1723610,The Parasites,Coming soon,Free,https://store.steampowered.com/app/1723610/The_Parasites/,9,4
a0ad2ce5-d542-4b2f-80e1-4367e0904848,2026-08-30T16:25:36.706419+00:00,205,1857810,DRAGON BALL XENOVERSE 3,2027,Free,https://store.steampowered.com/app/1857810/DRAGON_BALL_XENOVERSE_3/,9,5
a0ad2ce5-d542-4b2f-80e1-4367e0904848,2026-08-30T16:25:36.706419+00:00,206,3184960,The Defiant,Coming soon,Free,https://store.steampowered.com/app/3184960/The_Defiant/,9,6
a0ad2ce5-d542-4b2f-80e1-4367e0904848,2026-08-30T16:25:36.706419+00:00,207,895160,Autonomica,Coming soon,Free,https://store.steampowered.com/app/895160/Autonomica/,9,7
a0ad2ce5-d542-4b2f-80e1-4367e0904848,2026-08-30T16:25:36.706419+00:00,208,2017940,Pony Island 2: Panda Circus,"Apr 27, 2027",Free,https://store.steampowered.com/app/2017940/Pony_Island_2_Panda_Circus/,9,8
a0ad2ce5-d542-4b2f-80e1-4367e0904848,2026-08-30T16:25:36.706419+00:00,209,3875690,Totally Legit Wheeler Seller,To be announced,Unpriced (Coming Soon),https://store.steampowered.com/app/3875690/Totally_Legit_Wheeler_Seller/,9,9
a0ad2ce5-d542-4b2f-80e1-4367e0904848,2026-08-30T16:25:36.706419+00:00,210,3973300,Dark Craft,To be announced,Free,https://store.steampowered.com/app/3973300/Dark_Craft/,9,10
a0ad2ce5-d542-4b2f-80e1-4367e0904848,2026-08-30T16:25:36.706419+00:00,211,3055670,Risk of Rain 2: Hallowed Concepts,To be announced,Unpriced (Coming Soon),https://store.steampowered.com/app/3055670/Risk_of_Rain_2_Hallowed_Concepts/,9,11
a0ad2ce5-d542-4b2f-80e1-4367e0904848,2026-08-30T16:25:36.706419+00:00,212,1327040,Truck World: Australia,To be announced,Unpriced (Coming Soon),https://store.steampowered.com/app/1327040/Truck_World_Australia/,9,12
a0ad2ce5-d542-4b2f-80e1-4367e0904848,2026-08-30T16:25:36.706419+00:00,213,1672320,Fragile Existence,2026,Unpriced (Coming Soon),https://store.steampowered.com/app/1672320/Fragile_Existence/,9,13
a0ad2ce5-d542-4b2f-80e1-4367e0904848,2026-08-30T16:25:36.706419+00:00,214,3524720,HAEX,To be announced,Unpriced (Coming Soon),https://store.steampowered.com/app/3524720/HAEX/,9,14
a0ad2ce5-d542-4b2f-80e1-4367e0904848,2026-08-30T16:25:36.706419+00:00,215,3271280,Shroom and Gloom,"Sep 10, 2026",Unpriced (Coming Soon),https://store.steampowered.com/app/3271280/Shroom_and_Gloom/,9,15
a0ad2ce5-d542-4b2f-80e1-4367e0904848,2026-08-30T16:25:36.706419+00:00,216,2320980,Loftia,2026,Unpriced (Coming Soon),https://store.steampowered.com/app/2320980/Loftia/,9,16
a0ad2ce5-d542-4b2f-80e1-4367e0904848,2026-08-30T16:25:36.706419+00:00,217,1798230,ATMOSFAR,Coming soon,Free,https://store.steampowered.com/app/1798230/ATMOSFAR/,9,17
a0ad2ce5-d542-4b2f-80e1-4367e0904848,2026-08-30T16:25:36.706419+00:00,218,2536510,The God Slayer,To be announced,Unpriced (Coming Soon),https://store.steampowered.com/app/2536510/The_God_Slayer/,9,18
a0ad2ce5-d542-4b2f-80e1-4367e0904848,2026-08-30T16:25:36.706419+00:00,219,2333000,Silver Pines,"Oct 8, 2026",Unpriced (Coming Soon),https://store.steampowered.com/app/2333000/Silver_Pines/,9,19
a0ad2ce5-d542-4b2f-80e1-4367e0904848,2026-08-30T16:25:36.706419+00:00,220,4328440,Cat Parents,Coming soon,Free,https://store.steampowered.com/app/4328440/Cat_Parents/,9,20
a0ad2ce5-d542-4b2f-80e1-4367e0904848,2026-08-30T16:25:36.706419+00:00,221,3333850,Arkheron,To be announced,Unpriced (Coming Soon),https://store.steampowered.com/app/3333850/Arkheron/,9,21
a0ad2ce5-d542-4b2f-80e1-4367e0904848,2026-08-30T16:25:36.706419+00:00,222,2131860,Ashfall,Coming soon,Free,https://store.steampowered.com/app/2131860/Ashfall/,9,22
a0ad2ce5-d542-4b2f-80e1-4367e0904848,2026-08-30T16:25:36.706419+00:00,223,2947860,Untitled John Wick Game,Coming soon,Free,https://store.steampowered.com/app/2947860/Untitled_John_Wick_Game/,9,23
a0ad2ce5-d542-4b2f-80e1-4367e0904848,2026-08-30T16:25:36.706419+00:00,224,2388620,D.O.R.F. Real-Time Strategic Conflict,To be announced,Unpriced (Coming Soon),https://store.steampowered.com/app/2388620/DORF_RealTime_Strategic_Conflict/,9,24
a0ad2ce5-d542-4b2f-80e1-4367e0904848,2026-08-30T16:25:36.706419+00:00,225,4687500,Crossfire,Coming soon,Free,https://store.steampowered.com/app/4687500/Crossfire/,9,25
a0ad2ce5-d542-4b2f-80e1-4367e0904848,2026-08-30T16:25:36.706419+00:00,226,914210,N1RV Ann-A: Cyberpunk Bartender Action,To be announced,Unpriced (Coming Soon),https://store.steampowered.com/app/914210/N1RV_AnnA_Cyberpunk_Bartender_Action/,10,1
a0ad2ce5-d542-4b2f-80e1-4367e0904848,2026-08-30T16:25:36.706419+00:00,227,612400,The Last Night,To be announced,Unpriced (Coming Soon),https://store.steampowered.com/app/612400/The_Last_Night/,10,2
a0ad2ce5-d542-4b2f-80e1-4367e0904848,2026-08-30T16:25:36.706419+00:00,228,3183760,SpeedRunners 2: King of Speed,"Sep 3, 2026",Unpriced (Coming Soon),https://store.steampowered.com/app/3183760/SpeedRunners_2_King_of_Speed/,10,3
a0ad2ce5-d542-4b2f-80e1-4367e0904848,2026-08-30T16:25:36.706419+00:00,229,2948730,THE JOY OF CREATION,To be announced,Unpriced (Coming Soon),https://store.steampowered.com/app/2948730/THE_JOY_OF_CREATION/,10,4
a0ad2ce5-d542-4b2f-80e1-4367e0904848,2026-08-30T16:25:36.706419+00:00,230,3031890,Acts of Blood,To be announced,Unpriced (Coming Soon),https://store.steampowered.com/app/3031890/Acts_of_Blood/,10,5
a0ad2ce5-d542-4b2f-80e1-4367e0904848,2026-08-30T16:25:36.706419+00:00,231,3195440,Welcome to Elderfield,"Sep 10, 2026",Unpriced (Coming Soon),https://store.steampowered.com/app/3195440/Welcome_to_Elderfield/,10,6
a0ad2ce5-d542-4b2f-80e1-4367e0904848,2026-08-30T16:25:36.706419+00:00,232,4171850,Trees Hate You,"Nov 16, 2026",Unpriced (Coming Soon),https://store.steampowered.com/app/4171850/Trees_Hate_You/,10,7
a0ad2ce5-d542-4b2f-80e1-4367e0904848,2026-08-30T16:25:36.706419+00:00,233,3424730,ORMOD: Directive,2026,Unpriced (Coming Soon),https://store.steampowered.com/app/3424730/ORMOD_Directive/,10,8
a0ad2ce5-d542-4b2f-80e1-4367e0904848,2026-08-30T16:25:36.706419+00:00,234,3327430,Carcass Clad,To be announced,Unpriced (Coming Soon),https://store.steampowered.com/app/3327430/Carcass_Clad/,10,9
a0ad2ce5-d542-4b2f-80e1-4367e0904848,2026-08-30T16:25:36.706419+00:00,235,4210060,ZERO Sievert 2,To be announced,Unpriced (Coming Soon),https://store.steampowered.com/app/4210060/ZERO_Sievert_2/,10,10
a0ad2ce5-d542-4b2f-80e1-4367e0904848,2026-08-30T16:25:36.706419+00:00,236,3438920,VOID DIVER: Escape from the Abyss,2026,Unpriced (Coming Soon),https://store.steampowered.com/app/3438920/VOID_DIVER_Escape_from_the_Abyss/,10,11
a0ad2ce5-d542-4b2f-80e1-4367e0904848,2026-08-30T16:25:36.706419+00:00,237,3816030,DayZ Badlands,2026,Unpriced (Coming Soon),https://store.steampowered.com/app/3816030/DayZ_Badlands/,10,12
a0ad2ce5-d542-4b2f-80e1-4367e0904848,2026-08-30T16:25:36.706419+00:00,238,2168390,Away Team,To be announced,Unpriced (Coming Soon),https://store.steampowered.com/app/2168390/Away_Team/,10,13
a0ad2ce5-d542-4b2f-80e1-4367e0904848,2026-08-30T16:25:36.706419+00:00,239,3660710,Armatus,"Jan 7, 2027",Free,https://store.steampowered.com/app/3660710/Armatus/,10,14
a0ad2ce5-d542-4b2f-80e1-4367e0904848,2026-08-30T16:25:36.706419+00:00,240,4225980,Trails in the Sky 2nd Chapter,"Sep 16, 2026",Unpriced (Coming Soon),https://store.steampowered.com/app/4225980/Trails_in_the_Sky_2nd_Chapter/,10,15
a0ad2ce5-d542-4b2f-80e1-4367e0904848,2026-08-30T16:25:36.706419+00:00,241,2295060,Beyond These Stars,"Oct 15, 2026",Unpriced (Coming Soon),https://store.steampowered.com/app/2295060/Beyond_These_Stars/,10,16
a0ad2ce5-d542-4b2f-80e1-4367e0904848,2026-08-30T16:25:36.706419+00:00,242,311810,Operation: Black Mesa,To be announced,Unpriced (Coming Soon),https://store.steampowered.com/app/311810/Operation_Black_Mesa/,10,17
a0ad2ce5-d542-4b2f-80e1-4367e0904848,2026-08-30T16:25:36.706419+00:00,243,1963680,GUNDAM ROGUE ORBIT,2027,Free,https://store.steampowered.com/app/1963680/GUNDAM_ROGUE_ORBIT/,10,18
a0ad2ce5-d542-4b2f-80e1-4367e0904848,2026-08-30T16:25:36.706419+00:00,244,2550530,The Legend of California,Coming soon,Free,https://store.steampowered.com/app/2550530/The_Legend_of_California/,10,19
a0ad2ce5-d542-4b2f-80e1-4367e0904848,2026-08-30T16:25:36.706419+00:00,245,3423280,Shark Dentist,Coming soon,Free,https://store.steampowered.com/app/3423280/Shark_Dentist/,10,20
a0ad2ce5-d542-4b2f-80e1-4367e0904848,2026-08-30T16:25:36.706419+00:00,246,3729700,Kaiju Cleanup,Coming soon,Free,https://store.steampowered.com/app/3729700/Kaiju_Cleanup/,10,21
a0ad2ce5-d542-4b2f-80e1-4367e0904848,2026-08-30T16:25:36.706419+00:00,247,2192380,Begone Beast,Coming soon,Free,https://store.steampowered.com/app/2192380/Begone_Beast/,10,22
a0ad2ce5-d542-4b2f-80e1-4367e0904848,2026-08-30T16:25:36.706419+00:00,248,1853440,Tropico 7,"Jan 28, 2027",Free,https://store.steampowered.com/app/1853440/Tropico_7/,10,23
a0ad2ce5-d542-4b2f-80e1-4367e0904848,2026-08-30T16:25:36.706419+00:00,249,2701030,MINDWAVE,To be announced,Unpriced (Coming Soon),https://store.steampowered.com/app/2701030/MINDWAVE/,10,24
a0ad2ce5-d542-4b2f-80e1-4367e0904848,2026-08-30T16:25:36.706419+00:00,250,499170,Order of the Sinking Star,"Oct 8, 2026",Unpriced (Coming Soon),https://store.steampowered.com/app/499170/Order_of_the_Sinking_Star/,10,25
a0ad2ce5-d542-4b2f-80e1-4367e0904848,2026-08-30T16:25:36.706419+00:00,251,2411280,The Bornless,2026,Unpriced (Coming Soon),https://store.steampowered.com/app/2411280/The_Bornless/,11,1
a0ad2ce5-d542-4b2f-80e1-4367e0904848,2026-08-30T16:25:36.706419+00:00,252,2865960,SAW: Genesis,To be announced,Unpriced (Coming Soon),https://store.steampowered.com/app/2865960/SAW_Genesis/,11,2
a0ad2ce5-d542-4b2f-80e1-4367e0904848,2026-08-30T16:25:36.706419+00:00,253,2387670,As One We Survive,Q1 2027,Free,https://store.steampowered.com/app/2387670/As_One_We_Survive/,11,3
a0ad2ce5-d542-4b2f-80e1-4367e0904848,2026-08-30T16:25:36.706419+00:00,254,4094350,Online: 404,"Oct 16, 2026",Unpriced (Coming Soon),https://store.steampowered.com/app/4094350/Online_404/,11,4
a0ad2ce5-d542-4b2f-80e1-4367e0904848,2026-08-30T16:25:36.706419+00:00,255,3216520,Sandcastle,To be announced,Unpriced (Coming Soon),https://store.steampowered.com/app/3216520/Sandcastle/,11,5
a0ad2ce5-d542-4b2f-80e1-4367e0904848,2026-08-30T16:25:36.706419+00:00,256,3238940,A Simple Life with My Unobtrusive Sister,Q4 2026,Unpriced (Coming Soon),https://store.steampowered.com/app/3238940/A_Simple_Life_with_My_Unobtrusive_Sister/,11,6
a0ad2ce5-d542-4b2f-80e1-4367e0904848,2026-08-30T16:25:36.706419+00:00,257,4019220,Dressmaker,"Sep 21, 2026",Unpriced (Coming Soon),https://store.steampowered.com/app/4019220/Dressmaker/,11,7
a0ad2ce5-d542-4b2f-80e1-4367e0904848,2026-08-30T16:25:36.706419+00:00,258,306910,Vaultbreakers,To be announced,Unpriced (Coming Soon),https://store.steampowered.com/app/306910/Vaultbreakers/,11,8
a0ad2ce5-d542-4b2f-80e1-4367e0904848,2026-08-30T16:25:36.706419+00:00,259,4005900,Froggin' Around,Coming soon,Free,https://store.steampowered.com/app/4005900/Froggin_Around/,11,9
a0ad2ce5-d542-4b2f-80e1-4367e0904848,2026-08-30T16:25:36.706419+00:00,260,3767660,Embers of the Uncrowned,Coming soon,Free,https://store.steampowered.com/app/3767660/Embers_of_the_Uncrowned/,11,10
a0ad2ce5-d542-4b2f-80e1-4367e0904848,2026-08-30T16:25:36.706419+00:00,261,1727760,Mars Tactics,2026,Unpriced (Coming Soon),https://store.steampowered.com/app/1727760/Mars_Tactics/,11,11
a0ad2ce5-d542-4b2f-80e1-4367e0904848,2026-08-30T16:25:36.706419+00:00,262,3023930,UFL™,To be announced,Unpriced (Coming Soon),https://store.steampowered.com/app/3023930/UFL/,11,12
a0ad2ce5-d542-4b2f-80e1-4367e0904848,2026-08-30T16:25:36.706419+00:00,263,1661330,SacriFire,2026,Unpriced (Coming Soon),https://store.steampowered.com/app/1661330/SacriFire/,11,13
a0ad2ce5-d542-4b2f-80e1-4367e0904848,2026-08-30T16:25:36.706419+00:00,264,3645160,Frostpunk: 1886,2027,Free,https://store.steampowered.com/app/3645160/Frostpunk_1886/,11,14
a0ad2ce5-d542-4b2f-80e1-4367e0904848,2026-08-30T16:25:36.706419+00:00,265,1699050,Sanctuary: Shattered Sun,August 2027,Free,https://store.steampowered.com/app/1699050/Sanctuary_Shattered_Sun/,11,15
a0ad2ce5-d542-4b2f-80e1-4367e0904848,2026-08-30T16:25:36.706419+00:00,266,4212050,Supreme Experiment,To be announced,Unpriced (Coming Soon),https://store.steampowered.com/app/4212050/Supreme_Experiment/,11,16
a0ad2ce5-d542-4b2f-80e1-4367e0904848,2026-08-30T16:25:36.706419+00:00,267,4498220,Brotato: Primal Dread,2026,Unpriced (Coming Soon),https://store.steampowered.com/app/4498220/Brotato_Primal_Dread/,11,17
a0ad2ce5-d542-4b2f-80e1-4367e0904848,2026-08-30T16:25:36.706419+00:00,268,763310,Projekt Z: Beyond Order,To be announced,Unpriced (Coming Soon),https://store.steampowered.com/app/763310/Projekt_Z_Beyond_Order/,11,18
a0ad2ce5-d542-4b2f-80e1-4367e0904848,2026-08-30T16:25:36.706419+00:00,269,3295000,ReVamp,To be announced,Unpriced (Coming Soon),https://store.steampowered.com/app/3295000/ReVamp/,11,19
a0ad2ce5-d542-4b2f-80e1-4367e0904848,2026-08-30T16:25:36.706419+00:00,270,2239670,Glory To The Heroes™,2026,Unpriced (Coming Soon),https://store.steampowered.com/app/2239670/Glory_To_The_Heroes/,11,20
a0ad2ce5-d542-4b2f-80e1-4367e0904848,2026-08-30T16:25:36.706419+00:00,271,1510440,Honeycomb: The World Beyond,"Sep 8, 2026",Unpriced (Coming Soon),https://store.steampowered.com/app/1510440/Honeycomb_The_World_Beyond/,11,21
a0ad2ce5-d542-4b2f-80e1-4367e0904848,2026-08-30T16:25:36.706419+00:00,272,3522600,Demon Bluff,2026,Unpriced (Coming Soon),https://store.steampowered.com/app/3522600/Demon_Bluff/,11,22
a0ad2ce5-d542-4b2f-80e1-4367e0904848,2026-08-30T16:25:36.706419+00:00,273,3883570,Invokyr,2026,Unpriced (Coming Soon),https://store.steampowered.com/app/3883570/Invokyr/,11,23
a0ad2ce5-d542-4b2f-80e1-4367e0904848,2026-08-30T16:25:36.706419+00:00,274,4894750,Paper Shredder,Coming soon,Free,https://store.steampowered.com/app/4894750/Paper_Shredder/,11,24
a0ad2ce5-d542-4b2f-80e1-4367e0904848,2026-08-30T16:25:36.706419+00:00,275,939530,The Free Shepherd,2027,Free,https://store.steampowered.com/app/939530/The_Free_Shepherd/,11,25
a0ad2ce5-d542-4b2f-80e1-4367e0904848,2026-08-30T16:25:36.706419+00:00,276,3851260,Euro Truck Simulator 2 - Isle of Ireland,To be announced,Unpriced (Coming Soon),https://store.steampowered.com/app/3851260/Euro_Truck_Simulator_2__Isle_of_Ireland/,12,1
a0ad2ce5-d542-4b2f-80e1-4367e0904848,2026-08-30T16:25:36.706419+00:00,277,2365790,Let's Build a Dungeon,2026,Unpriced (Coming Soon),https://store.steampowered.com/app/2365790/Lets_Build_a_Dungeon/,12,2
a0ad2ce5-d542-4b2f-80e1-4367e0904848,2026-08-30T16:25:36.706419+00:00,278,3809850,Heroes of Might and Magic III Remake,2027,Free,https://store.steampowered.com/app/3809850/Heroes_of_Might_and_Magic_III_Remake/,12,3
a0ad2ce5-d542-4b2f-80e1-4367e0904848,2026-08-30T16:25:36.706419+00:00,279,3355360,4:LOOP,Coming soon,Free,https://store.steampowered.com/app/3355360/4LOOP/,12,4
a0ad2ce5-d542-4b2f-80e1-4367e0904848,2026-08-30T16:25:36.706419+00:00,280,4311530,Very Safe Dino Park 🦖,Coming soon,Free,https://store.steampowered.com/app/4311530/Very_Safe_Dino_Park/,12,5
a0ad2ce5-d542-4b2f-80e1-4367e0904848,2026-08-30T16:25:36.706419+00:00,281,3677050,HABROMANIA,To be announced,Unpriced (Coming Soon),https://store.steampowered.com/app/3677050/HABROMANIA/,12,6
a0ad2ce5-d542-4b2f-80e1-4367e0904848,2026-08-30T16:25:36.706419+00:00,282,3062170,The Enigma Cases,Coming soon,Free,https://store.steampowered.com/app/3062170/The_Enigma_Cases/,12,7
a0ad2ce5-d542-4b2f-80e1-4367e0904848,2026-08-30T16:25:36.706419+00:00,283,3512480,Drownlight,Coming soon,Free,https://store.steampowered.com/app/3512480/Drownlight/,12,8
a0ad2ce5-d542-4b2f-80e1-4367e0904848,2026-08-30T16:25:36.706419+00:00,284,4221910,Plague Doctor: Life in Pestilence,Coming soon,Free,https://store.steampowered.com/app/4221910/Plague_Doctor_Life_in_Pestilence/,12,9
a0ad2ce5-d542-4b2f-80e1-4367e0904848,2026-08-30T16:25:36.706419+00:00,285,3102780,C-Beams,Coming soon,Free,https://store.steampowered.com/app/3102780/CBeams/,12,10
a0ad2ce5-d542-4b2f-80e1-4367e0904848,2026-08-30T16:25:36.706419+00:00,286,4651830,CINDER CITY,Coming soon,Free,https://store.steampowered.com/app/4651830/CINDER_CITY/,12,11
a0ad2ce5-d542-4b2f-80e1-4367e0904848,2026-08-30T16:25:36.706419+00:00,287,3847920,Wild n Chill,To be announced,Unpriced (Coming Soon),https://store.steampowered.com/app/3847920/Wild_n_Chill/,12,12
a0ad2ce5-d542-4b2f-80e1-4367e0904848,2026-08-30T16:25:36.706419+00:00,288,1898920,War of the Worlds,To be announced,Unpriced (Coming Soon),https://store.steampowered.com/app/1898920/War_of_the_Worlds/,12,13
a0ad2ce5-d542-4b2f-80e1-4367e0904848,2026-08-30T16:25:36.706419+00:00,289,2796640,The Magus Circle,October 2026,Unpriced (Coming Soon),https://store.steampowered.com/app/2796640/The_Magus_Circle/,12,14
a0ad2ce5-d542-4b2f-80e1-4367e0904848,2026-08-30T16:25:36.706419+00:00,290,2326200,NEO BERLIN 2087,2028,Free,https://store.steampowered.com/app/2326200/NEO_BERLIN_2087/,12,15
a0ad2ce5-d542-4b2f-80e1-4367e0904848,2026-08-30T16:25:36.706419+00:00,291,3486530,Stupid Never Dies,"Oct 21, 2026",Unpriced (Coming Soon),https://store.steampowered.com/app/3486530/Stupid_Never_Dies/,12,16
a0ad2ce5-d542-4b2f-80e1-4367e0904848,2026-08-30T16:25:36.706419+00:00,292,2967950,The Witch's Bakery,"Oct 14, 2026",Unpriced (Coming Soon),https://store.steampowered.com/app/2967950/The_Witchs_Bakery/,12,17
a0ad2ce5-d542-4b2f-80e1-4367e0904848,2026-08-30T16:25:36.706419+00:00,293,3856530,About Fishing,2026,Unpriced (Coming Soon),https://store.steampowered.com/app/3856530/About_Fishing/,12,18
a0ad2ce5-d542-4b2f-80e1-4367e0904848,2026-08-30T16:25:36.706419+00:00,294,3793200,American Truck Simulator - Ford Car Pack,To be announced,Unpriced (Coming Soon),https://store.steampowered.com/app/3793200/American_Truck_Simulator__Ford_Car_Pack/,12,19
a0ad2ce5-d542-4b2f-80e1-4367e0904848,2026-08-30T16:25:36.706419+00:00,295,1490930,Capital Command,2026,Unpriced (Coming Soon),https://store.steampowered.com/app/1490930/Capital_Command/,12,20
a0ad2ce5-d542-4b2f-80e1-4367e0904848,2026-08-30T16:25:36.706419+00:00,296,3245140,Hello Sunshine,Coming soon,Free,https://store.steampowered.com/app/3245140/Hello_Sunshine/,12,21
a0ad2ce5-d542-4b2f-80e1-4367e0904848,2026-08-30T16:25:36.706419+00:00,297,4084710,Rayman Legends Retold,"Oct 1, 2026",$39.99,https://store.steampowered.com/app/4084710/Rayman_Legends_Retold/,12,22
a0ad2ce5-d542-4b2f-80e1-4367e0904848,2026-08-30T16:25:36.706419+00:00,298,881940,Guns 'n Goblins,Q2 2027,Free,https://store.steampowered.com/app/881940/Guns_n_Goblins/,12,23
a0ad2ce5-d542-4b2f-80e1-4367e0904848,2026-08-30T16:25:36.706419+00:00,299,2975260,PRISON OF HUSKS,2026,Unpriced (Coming Soon),https://store.steampowered.com/app/2975260/PRISON_OF_HUSKS/,12,24
a0ad2ce5-d542-4b2f-80e1-4367e0904848,2026-08-30T16:25:36.706419+00:00,300,3345210,The Hidden Ones,Coming soon,Free,https://store.steampowered.com/app/3345210/The_Hidden_Ones/,12,25
a0ad2ce5-d542-4b2f-80e1-4367e0904848,2026-08-30T16:25:36.706419+00:00,301,2924540,Crazy Taxi: World Tour,2027,Free,https://store.steampowered.com/app/2924540/Crazy_Taxi_World_Tour/,13,1
a0ad2ce5-d542-4b2f-80e1-4367e0904848,2026-08-30T16:25:36.706419+00:00,302,3708010,Darkwood 2,Coming soon,Free,https://store.steampowered.com/app/3708010/Darkwood_2/,13,2
a0ad2ce5-d542-4b2f-80e1-4367e0904848,2026-08-30T16:25:36.706419+00:00,303,4253010,Scars of Honor,To be announced,Unpriced (Coming Soon),https://store.steampowered.com/app/4253010/Scars_of_Honor/,13,3
a0ad2ce5-d542-4b2f-80e1-4367e0904848,2026-08-30T16:25:36.706419+00:00,304,2223980,Nomad Drive,Q3 2026,Unpriced (Coming Soon),https://store.steampowered.com/app/2223980/Nomad_Drive/,13,4
a0ad2ce5-d542-4b2f-80e1-4367e0904848,2026-08-30T16:25:36.706419+00:00,305,2121510,Tenebris Somnia,"Oct 16, 2026",Unpriced (Coming Soon),https://store.steampowered.com/app/2121510/Tenebris_Somnia/,13,5
a0ad2ce5-d542-4b2f-80e1-4367e0904848,2026-08-30T16:25:36.706419+00:00,306,3757140,Of Peaks and Tides,To be announced,Unpriced (Coming Soon),https://store.steampowered.com/app/3757140/Of_Peaks_and_Tides/,13,6
a0ad2ce5-d542-4b2f-80e1-4367e0904848,2026-08-30T16:25:36.706419+00:00,307,3564490,Hell Express,To be announced,Unpriced (Coming Soon),https://store.steampowered.com/app/3564490/Hell_Express/,13,7
a0ad2ce5-d542-4b2f-80e1-4367e0904848,2026-08-30T16:25:36.706419+00:00,308,2193600,Paranormal Tales,To be announced,Unpriced (Coming Soon),https://store.steampowered.com/app/2193600/Paranormal_Tales/,13,8
a0ad2ce5-d542-4b2f-80e1-4367e0904848,2026-08-30T16:25:36.706419+00:00,309,4729320,Swords of Legends,To be announced,Unpriced (Coming Soon),https://store.steampowered.com/app/4729320/Swords_of_Legends/,13,9
a0ad2ce5-d542-4b2f-80e1-4367e0904848,2026-08-30T16:25:36.706419+00:00,310,3714450,Barotrauma - Home & Harbor Expansion,2026,Unpriced (Coming Soon),https://store.steampowered.com/app/3714450/Barotrauma__Home__Harbor_Expansion/,13,10
a0ad2ce5-d542-4b2f-80e1-4367e0904848,2026-08-30T16:25:36.706419+00:00,311,1363940,Tenjutsu,To be announced,Unpriced (Coming Soon),https://store.steampowered.com/app/1363940/Tenjutsu/,13,11
a0ad2ce5-d542-4b2f-80e1-4367e0904848,2026-08-30T16:25:36.706419+00:00,312,3314580,Trash Day,2026,Unpriced (Coming Soon),https://store.steampowered.com/app/3314580/Trash_Day/,13,12
a0ad2ce5-d542-4b2f-80e1-4367e0904848,2026-08-30T16:25:36.706419+00:00,313,3014650,.45 PARABELLUM BLOODHOUND - Cyberpunk Active Time Action,To be announced,Unpriced (Coming Soon),https://store.steampowered.com/app/3014650/45_PARABELLUM_BLOODHOUND__Cyberpunk_Active_Time_Action/,13,13
a0ad2ce5-d542-4b2f-80e1-4367e0904848,2026-08-30T16:25:36.706419+00:00,314,1994000,Rogue Soulstone,To be announced,Unpriced (Coming Soon),https://store.steampowered.com/app/1994000/Rogue_Soulstone/,13,14
a0ad2ce5-d542-4b2f-80e1-4367e0904848,2026-08-30T16:25:36.706419+00:00,315,3247960,Bergfried,To be announced,Unpriced (Coming Soon),https://store.steampowered.com/app/3247960/Bergfried/,13,15
a0ad2ce5-d542-4b2f-80e1-4367e0904848,2026-08-30T16:25:36.706419+00:00,316,2872300,ABYSS X ZERO,Coming soon,Free,https://store.steampowered.com/app/2872300/ABYSS_X_ZERO/,13,16
a0ad2ce5-d542-4b2f-80e1-4367e0904848,2026-08-30T16:25:36.706419+00:00,317,1883810,Bloodstained: The Scarlet Engagement,2027,Free,https://store.steampowered.com/app/1883810/Bloodstained_The_Scarlet_Engagement/,13,17
a0ad2ce5-d542-4b2f-80e1-4367e0904848,2026-08-30T16:25:36.706419+00:00,318,3983000,Parasite Mutant,Coming soon,Free,https://store.steampowered.com/app/3983000/Parasite_Mutant/,13,18
a0ad2ce5-d542-4b2f-80e1-4367e0904848,2026-08-30T16:25:36.706419+00:00,319,1374860,Nocturne,"Sep 22, 2026",Unpriced (Coming Soon),https://store.steampowered.com/app/1374860/Nocturne/,13,19
a0ad2ce5-d542-4b2f-80e1-4367e0904848,2026-08-30T16:25:36.706419+00:00,320,3211720,Erosion,Coming soon,Free,https://store.steampowered.com/app/3211720/Erosion/,13,20
a0ad2ce5-d542-4b2f-80e1-4367e0904848,2026-08-30T16:25:36.706419+00:00,321,2675650,Decrepit,2026,Unpriced (Coming Soon),https://store.steampowered.com/app/2675650/Decrepit/,13,21
a0ad2ce5-d542-4b2f-80e1-4367e0904848,2026-08-30T16:25:36.706419+00:00,322,1799840,Queen's Domain,Coming soon,Free,https://store.steampowered.com/app/1799840/Queens_Domain/,13,22
a0ad2ce5-d542-4b2f-80e1-4367e0904848,2026-08-30T16:25:36.706419+00:00,323,2400840,Phantom Line,To be announced,Unpriced (Coming Soon),https://store.steampowered.com/app/2400840/Phantom_Line/,13,23
a0ad2ce5-d542-4b2f-80e1-4367e0904848,2026-08-30T16:25:36.706419+00:00,324,4400930,Euro Truck Simulator 2 - Soul of Anatolia,To be announced,Unpriced (Coming Soon),https://store.steampowered.com/app/4400930/Euro_Truck_Simulator_2__Soul_of_Anatolia/,13,24
a0ad2ce5-d542-4b2f-80e1-4367e0904848,2026-08-30T16:25:36.706419+00:00,325,3204330,County of Fortune,Q4 2026,Unpriced (Coming Soon),https://store.steampowered.com/app/3204330/County_of_Fortune/,13,25
a0ad2ce5-d542-4b2f-80e1-4367e0904848,2026-08-30T16:25:36.706419+00:00,326,2190700,Altered Alma,Coming soon,Free,https://store.steampowered.com/app/2190700/Altered_Alma/,14,1
a0ad2ce5-d542-4b2f-80e1-4367e0904848,2026-08-30T16:25:36.706419+00:00,327,3086590,"Gods, Death & Reapers",2026,Free,https://store.steampowered.com/app/3086590/Gods_Death__Reapers/,14,2
a0ad2ce5-d542-4b2f-80e1-4367e0904848,2026-08-30T16:25:36.706419+00:00,328,3645050,Crop,To be announced,Unpriced (Coming Soon),https://store.steampowered.com/app/3645050/Crop/,14,3
a0ad2ce5-d542-4b2f-80e1-4367e0904848,2026-08-30T16:25:36.706419+00:00,329,2753930,Vikings Dynasty,To be announced,Unpriced (Coming Soon),https://store.steampowered.com/app/2753930/Vikings_Dynasty/,14,4
a0ad2ce5-d542-4b2f-80e1-4367e0904848,2026-08-30T16:25:36.706419+00:00,330,2512880,CrisisX,2026,Free,https://store.steampowered.com/app/2512880/CrisisX/,14,5
a0ad2ce5-d542-4b2f-80e1-4367e0904848,2026-08-30T16:25:36.706419+00:00,331,4182190,Too Deep To Quit,2026,Unpriced (Coming Soon),https://store.steampowered.com/app/4182190/Too_Deep_To_Quit/,14,6
a0ad2ce5-d542-4b2f-80e1-4367e0904848,2026-08-30T16:25:36.706419+00:00,332,3765640,Car For Sale Together,2026,Unpriced (Coming Soon),https://store.steampowered.com/app/3765640/Car_For_Sale_Together/,14,7
a0ad2ce5-d542-4b2f-80e1-4367e0904848,2026-08-30T16:25:36.706419+00:00,333,2146290,The Big Catch,To be announced,Unpriced (Coming Soon),https://store.steampowered.com/app/2146290/The_Big_Catch/,14,8
a0ad2ce5-d542-4b2f-80e1-4367e0904848,2026-08-30T16:25:36.706419+00:00,334,3000460,The Path Into The Abyss,To be announced,Unpriced (Coming Soon),https://store.steampowered.com/app/3000460/The_Path_Into_The_Abyss/,14,9
a0ad2ce5-d542-4b2f-80e1-4367e0904848,2026-08-30T16:25:36.706419+00:00,335,3216600,KINGDOM HEARTS IV,2027,Free,https://store.steampowered.com/app/3216600/KINGDOM_HEARTS_IV/,14,10
a0ad2ce5-d542-4b2f-80e1-4367e0904848,2026-08-30T16:25:36.706419+00:00,336,4094660,Rivage,"Sep 22, 2026",Unpriced (Coming Soon),https://store.steampowered.com/app/4094660/Rivage/,14,11
a0ad2ce5-d542-4b2f-80e1-4367e0904848,2026-08-30T16:25:36.706419+00:00,337,2638690,Imperium  Eternal,To be announced,Unpriced (Coming Soon),https://store.steampowered.com/app/2638690/Imperium__Eternal/,14,12
a0ad2ce5-d542-4b2f-80e1-4367e0904848,2026-08-30T16:25:36.706419+00:00,338,3725190,There Are No Ghosts at the Grand,Q4 2026,Unpriced (Coming Soon),https://store.steampowered.com/app/3725190/There_Are_No_Ghosts_at_the_Grand/,14,13
a0ad2ce5-d542-4b2f-80e1-4367e0904848,2026-08-30T16:25:36.706419+00:00,339,4259190,Kingdom Rush 6: Genesis TD,"Sep 24, 2026",Unpriced (Coming Soon),https://store.steampowered.com/app/4259190/Kingdom_Rush_6_Genesis_TD/,14,14
a0ad2ce5-d542-4b2f-80e1-4367e0904848,2026-08-30T16:25:36.706419+00:00,340,2988120,Never Be Alone,"Dec 8, 2026",Unpriced (Coming Soon),https://store.steampowered.com/app/2988120/Never_Be_Alone/,14,15
a0ad2ce5-d542-4b2f-80e1-4367e0904848,2026-08-30T16:25:36.706419+00:00,341,2402470,World of Anterra,2026,Unpriced (Coming Soon),https://store.steampowered.com/app/2402470/World_of_Anterra/,14,16
a0ad2ce5-d542-4b2f-80e1-4367e0904848,2026-08-30T16:25:36.706419+00:00,342,2957360,NIGHTMARE OPERATOR,To be announced,Unpriced (Coming Soon),https://store.steampowered.com/app/2957360/NIGHTMARE_OPERATOR/,14,17
a0ad2ce5-d542-4b2f-80e1-4367e0904848,2026-08-30T16:25:36.706419+00:00,343,4659620,Touhou Koumakyou: New Classic - the Embodiment of Scarlet Devil,"Sep 9, 2026",Unpriced (Coming Soon),https://store.steampowered.com/app/4659620/Touhou_Koumakyou_New_Classic__the_Embodiment_of_Scarlet_Devil/,14,18
a0ad2ce5-d542-4b2f-80e1-4367e0904848,2026-08-30T16:25:36.706419+00:00,344,3077640,MIGHTREYA,To be announced,Unpriced (Coming Soon),https://store.steampowered.com/app/3077640/MIGHTREYA/,14,19
a0ad2ce5-d542-4b2f-80e1-4367e0904848,2026-08-30T16:25:36.706419+00:00,345,3752650,Tale's Edge,To be announced,Unpriced (Coming Soon),https://store.steampowered.com/app/3752650/Tales_Edge/,14,20
a0ad2ce5-d542-4b2f-80e1-4367e0904848,2026-08-30T16:25:36.706419+00:00,346,2786710,Zarya,To be announced,Unpriced (Coming Soon),https://store.steampowered.com/app/2786710/Zarya/,14,21
a0ad2ce5-d542-4b2f-80e1-4367e0904848,2026-08-30T16:25:36.706419+00:00,347,4189120,Debauchery & Magic,December 2026,Unpriced (Coming Soon),https://store.steampowered.com/app/4189120/Debauchery__Magic/,14,22
a0ad2ce5-d542-4b2f-80e1-4367e0904848,2026-08-30T16:25:36.706419+00:00,348,3617830,Scary Cargo,Coming soon,Free,https://store.steampowered.com/app/3617830/Scary_Cargo/,14,23
a0ad2ce5-d542-4b2f-80e1-4367e0904848,2026-08-30T16:25:36.706419+00:00,349,3485810,Kena: Scars of Kosmora,Coming soon,Free,https://store.steampowered.com/app/3485810/Kena_Scars_of_Kosmora/,14,24
a0ad2ce5-d542-4b2f-80e1-4367e0904848,2026-08-30T16:25:36.706419+00:00,350,2152500,Dig In,To be announced,Unpriced (Coming Soon),https://store.steampowered.com/app/2152500/Dig_In/,14,25
a0ad2ce5-d542-4b2f-80e1-4367e0904848,2026-08-30T16:25:36.706419+00:00,351,2487190,Main Sequence,Coming soon,Free,https://store.steampowered.com/app/2487190/Main_Sequence/,15,1
a0ad2ce5-d542-4b2f-80e1-4367e0904848,2026-08-30T16:25:36.706419+00:00,352,1332100,Starship Simulator,To be announced,Free,https://store.steampowered.com/app/1332100/Starship_Simulator/,15,2
a0ad2ce5-d542-4b2f-80e1-4367e0904848,2026-08-30T16:25:36.706419+00:00,353,3545560,Ironclad,To be announced,Unpriced (Coming Soon),https://store.steampowered.com/app/3545560/Ironclad/,15,3
a0ad2ce5-d542-4b2f-80e1-4367e0904848,2026-08-30T16:25:36.706419+00:00,354,3581730,SHADE Protocol,To be announced,Unpriced (Coming Soon),https://store.steampowered.com/app/3581730/SHADE_Protocol/,15,4
a0ad2ce5-d542-4b2f-80e1-4367e0904848,2026-08-30T16:25:36.706419+00:00,355,3373500,Scavland,"Sep 4, 2026",Unpriced (Coming Soon),https://store.steampowered.com/app/3373500/Scavland/,15,5
a0ad2ce5-d542-4b2f-80e1-4367e0904848,2026-08-30T16:25:36.706419+00:00,356,2882720,Koshmar: The Last Reverie,Coming soon,Free,https://store.steampowered.com/app/2882720/Koshmar_The_Last_Reverie/,15,6
a0ad2ce5-d542-4b2f-80e1-4367e0904848,2026-08-30T16:25:36.706419+00:00,357,1051440,Ship Builder,To be announced,Unpriced (Coming Soon),https://store.steampowered.com/app/1051440/Ship_Builder/,15,7
a0ad2ce5-d542-4b2f-80e1-4367e0904848,2026-08-30T16:25:36.706419+00:00,358,1255460,Space Station 14,Coming soon,Free,https://store.steampowered.com/app/1255460/Space_Station_14/,15,8
a0ad2ce5-d542-4b2f-80e1-4367e0904848,2026-08-30T16:25:36.706419+00:00,359,1340380,Kitori Academy,Coming soon,Free,https://store.steampowered.com/app/1340380/Kitori_Academy/,15,9
a0ad2ce5-d542-4b2f-80e1-4367e0904848,2026-08-30T16:25:36.706419+00:00,360,3499590,Code RAPID,To be announced,Unpriced (Coming Soon),https://store.steampowered.com/app/3499590/Code_RAPID/,15,10
a0ad2ce5-d542-4b2f-80e1-4367e0904848,2026-08-30T16:25:36.706419+00:00,361,3224600,Am I Nima,"Oct 8, 2026",Unpriced (Coming Soon),https://store.steampowered.com/app/3224600/Am_I_Nima/,15,11
a0ad2ce5-d542-4b2f-80e1-4367e0904848,2026-08-30T16:25:36.706419+00:00,362,4213030,Deadhikers,To be announced,Unpriced (Coming Soon),https://store.steampowered.com/app/4213030/Deadhikers/,15,12
a0ad2ce5-d542-4b2f-80e1-4367e0904848,2026-08-30T16:25:36.706419+00:00,363,3569420,Chained Beasts,"Oct 15, 2026",Unpriced (Coming Soon),https://store.steampowered.com/app/3569420/Chained_Beasts/,15,13
a0ad2ce5-d542-4b2f-80e1-4367e0904848,2026-08-30T16:25:36.706419+00:00,364,1540720,Forgery Craft,Q4 2027,Free,https://store.steampowered.com/app/1540720/Forgery_Craft/,15,14
a0ad2ce5-d542-4b2f-80e1-4367e0904848,2026-08-30T16:25:36.706419+00:00,365,3884860,The Wolf Among Us Remastered,"Oct 29, 2026",Unpriced (Coming Soon),https://store.steampowered.com/app/3884860/The_Wolf_Among_Us_Remastered/,15,15
a0ad2ce5-d542-4b2f-80e1-4367e0904848,2026-08-30T16:25:36.706419+00:00,366,3734220,Guns of Eschaton,2026,Unpriced (Coming Soon),https://store.steampowered.com/app/3734220/Guns_of_Eschaton/,15,16
a0ad2ce5-d542-4b2f-80e1-4367e0904848,2026-08-30T16:25:36.706419+00:00,367,4440650,KAGE,Q4 2026,Unpriced (Coming Soon),https://store.steampowered.com/app/4440650/KAGE/,15,17
a0ad2ce5-d542-4b2f-80e1-4367e0904848,2026-08-30T16:25:36.706419+00:00,368,4502890,CheatCheat,Coming soon,Free,https://store.steampowered.com/app/4502890/CheatCheat/,15,18
a0ad2ce5-d542-4b2f-80e1-4367e0904848,2026-08-30T16:25:36.706419+00:00,369,2889030,MUDANG: Two Hearts,2026,Unpriced (Coming Soon),https://store.steampowered.com/app/2889030/MUDANG_Two_Hearts/,15,19
a0ad2ce5-d542-4b2f-80e1-4367e0904848,2026-08-30T16:25:36.706419+00:00,370,1675680,INSTINCTION,To be announced,Unpriced (Coming Soon),https://store.steampowered.com/app/1675680/INSTINCTION/,15,20
a0ad2ce5-d542-4b2f-80e1-4367e0904848,2026-08-30T16:25:36.706419+00:00,371,2805070,Screenbound,To be announced,Unpriced (Coming Soon),https://store.steampowered.com/app/2805070/Screenbound/,15,21
a0ad2ce5-d542-4b2f-80e1-4367e0904848,2026-08-30T16:25:36.706419+00:00,372,3560670,OpenFront,"Sep 17, 2026",Unpriced (Coming Soon),https://store.steampowered.com/app/3560670/OpenFront/,15,22
a0ad2ce5-d542-4b2f-80e1-4367e0904848,2026-08-30T16:25:36.706419+00:00,373,3470140,METAMORPHOSIS,To be announced,Unpriced (Coming Soon),https://store.steampowered.com/app/3470140/METAMORPHOSIS/,15,23
a0ad2ce5-d542-4b2f-80e1-4367e0904848,2026-08-30T16:25:36.706419+00:00,374,4048520,HAELE 3D - Pose Studio Max - Anatomy Drawing References,Q1 2027,Free,https://store.steampowered.com/app/4048520/HAELE_3D__Pose_Studio_Max__Anatomy_Drawing_References/,15,24
a0ad2ce5-d542-4b2f-80e1-4367e0904848,2026-08-30T16:25:36.706419+00:00,375,3010270,"Warhammer 40,000: Chaos Gate – Deathwatch",Coming soon,Free,https://store.steampowered.com/app/3010270/Warhammer_40000_Chaos_Gate__Deathwatch/,15,25
a0ad2ce5-d542-4b2f-80e1-4367e0904848,2026-08-30T16:25:36.706419+00:00,376,888780,Adapt,To be announced,Unpriced (Coming Soon),https://store.steampowered.com/app/888780/Adapt/,16,1
a0ad2ce5-d542-4b2f-80e1-4367e0904848,2026-08-30T16:25:36.706419+00:00,377,1706510,Songs of Glimmerwick,"Sep 30, 2026",Unpriced (Coming Soon),https://store.steampowered.com/app/1706510/Songs_of_Glimmerwick/,16,2
a0ad2ce5-d542-4b2f-80e1-4367e0904848,2026-08-30T16:25:36.706419+00:00,378,4452700,STAGE TOUR,2026,Unpriced (Coming Soon),https://store.steampowered.com/app/4452700/STAGE_TOUR/,16,3
a0ad2ce5-d542-4b2f-80e1-4367e0904848,2026-08-30T16:25:36.706419+00:00,379,3218570,TANUKI: Pon's Summer,Coming soon,Free,https://store.steampowered.com/app/3218570/TANUKI_Pons_Summer/,16,4
a0ad2ce5-d542-4b2f-80e1-4367e0904848,2026-08-30T16:25:36.706419+00:00,380,4910490,Ignite the Depths,2026,Unpriced (Coming Soon),https://store.steampowered.com/app/4910490/Ignite_the_Depths/,16,5
a0ad2ce5-d542-4b2f-80e1-4367e0904848,2026-08-30T16:25:36.706419+00:00,381,2587620,Dinolords,To be announced,Unpriced (Coming Soon),https://store.steampowered.com/app/2587620/Dinolords/,16,6
a0ad2ce5-d542-4b2f-80e1-4367e0904848,2026-08-30T16:25:36.706419+00:00,382,1884870,The Wolf Among Us 2,Coming soon,Free,https://store.steampowered.com/app/1884870/The_Wolf_Among_Us_2/,16,7
a0ad2ce5-d542-4b2f-80e1-4367e0904848,2026-08-30T16:25:36.706419+00:00,383,3937470,Sally Face 2,To be announced,Unpriced (Coming Soon),https://store.steampowered.com/app/3937470/Sally_Face_2/,16,8
a0ad2ce5-d542-4b2f-80e1-4367e0904848,2026-08-30T16:25:36.706419+00:00,384,4788240,Night Shift Hospital,Coming soon,Free,https://store.steampowered.com/app/4788240/Night_Shift_Hospital/,16,9
a0ad2ce5-d542-4b2f-80e1-4367e0904848,2026-08-30T16:25:36.706419+00:00,385,4171660,PANLINE,2027,Free,https://store.steampowered.com/app/4171660/PANLINE/,16,10
a0ad2ce5-d542-4b2f-80e1-4367e0904848,2026-08-30T16:25:36.706419+00:00,386,2551550,Goodbye Seoul,Coming soon,Free,https://store.steampowered.com/app/2551550/Goodbye_Seoul/,16,11
a0ad2ce5-d542-4b2f-80e1-4367e0904848,2026-08-30T16:25:36.706419+00:00,387,3560050,Fourleaf Fields,To be announced,Unpriced (Coming Soon),https://store.steampowered.com/app/3560050/Fourleaf_Fields/,16,12
a0ad2ce5-d542-4b2f-80e1-4367e0904848,2026-08-30T16:25:36.706419+00:00,388,3647010,DRUG Schedule,2026,Free,https://store.steampowered.com/app/3647010/DRUG_Schedule/,16,13
a0ad2ce5-d542-4b2f-80e1-4367e0904848,2026-08-30T16:25:36.706419+00:00,389,2988030,Into the Fire,2026,Unpriced (Coming Soon),https://store.steampowered.com/app/2988030/Into_the_Fire/,16,14
a0ad2ce5-d542-4b2f-80e1-4367e0904848,2026-08-30T16:25:36.706419+00:00,390,3956640,Hero's Adventure: Another Tale,2026,Unpriced (Coming Soon),https://store.steampowered.com/app/3956640/Heros_Adventure_Another_Tale/,16,15
a0ad2ce5-d542-4b2f-80e1-4367e0904848,2026-08-30T16:25:36.706419+00:00,391,3270430,Systemic War,To be announced,Unpriced (Coming Soon),https://store.steampowered.com/app/3270430/Systemic_War/,16,16
a0ad2ce5-d542-4b2f-80e1-4367e0904848,2026-08-30T16:25:36.706419+00:00,392,2638080,Annihilated,Q4 2026,Unpriced (Coming Soon),https://store.steampowered.com/app/2638080/Annihilated/,16,17
a0ad2ce5-d542-4b2f-80e1-4367e0904848,2026-08-30T16:25:36.706419+00:00,393,2287430,Metropolis 1998,2026,Unpriced (Coming Soon),https://store.steampowered.com/app/2287430/Metropolis_1998/,16,18
a0ad2ce5-d542-4b2f-80e1-4367e0904848,2026-08-30T16:25:36.706419+00:00,394,3218350,Melvor Idle 2,2026,Unpriced (Coming Soon),https://store.steampowered.com/app/3218350/Melvor_Idle_2/,16,19
a0ad2ce5-d542-4b2f-80e1-4367e0904848,2026-08-30T16:25:36.706419+00:00,395,3131640,Deus Ex Remastered,To be announced,Unpriced (Coming Soon),https://store.steampowered.com/app/3131640/Deus_Ex_Remastered/,16,20
a0ad2ce5-d542-4b2f-80e1-4367e0904848,2026-08-30T16:25:36.706419+00:00,396,2916700,Attack on Titan 3 / A.O.T. 3,"Dec 9, 2026",$69.99,https://store.steampowered.com/app/2916700/Attack_on_Titan_3__AOT_3/,16,21
a0ad2ce5-d542-4b2f-80e1-4367e0904848,2026-08-30T16:25:36.706419+00:00,397,2261380,Croakwood,Coming soon,Free,https://store.steampowered.com/app/2261380/Croakwood/,16,22
a0ad2ce5-d542-4b2f-80e1-4367e0904848,2026-08-30T16:25:36.706419+00:00,398,4102480,Vampire: The Masquerade — ETERNAL WHISPERS,Coming soon,Free,https://store.steampowered.com/app/4102480/Vampire_The_Masquerade__ETERNAL_WHISPERS/,16,23
a0ad2ce5-d542-4b2f-80e1-4367e0904848,2026-08-30T16:25:36.706419+00:00,399,3710210,Mandrake,To be announced,Unpriced (Coming Soon),https://store.steampowered.com/app/3710210/Mandrake/,16,24
a0ad2ce5-d542-4b2f-80e1-4367e0904848,2026-08-30T16:25:36.706419+00:00,400,3841510,DYNASTY WARRIORS 3: Complete Edition Remastered,"Sep 30, 2026",$39.99,https://store.steampowered.com/app/3841510/DYNASTY_WARRIORS_3_Complete_Edition_Remastered/,16,25
a0ad2ce5-d542-4b2f-80e1-4367e0904848,2026-08-30T16:25:36.706419+00:00,401,771800,Deadstick - Bush Pilot Simulator,2026,Unpriced (Coming Soon),https://store.steampowered.com/app/771800/Deadstick__Bush_Pilot_Simulator/,17,1
a0ad2ce5-d542-4b2f-80e1-4367e0904848,2026-08-30T16:25:36.706419+00:00,402,3393280,Anime Shop Simulator ✨,"Sep 11, 2026",Unpriced (Coming Soon),https://store.steampowered.com/app/3393280/Anime_Shop_Simulator/,17,2
a0ad2ce5-d542-4b2f-80e1-4367e0904848,2026-08-30T16:25:36.706419+00:00,403,4093320,Beastfolk Barber,To be announced,Unpriced (Coming Soon),https://store.steampowered.com/app/4093320/Beastfolk_Barber/,17,3
a0ad2ce5-d542-4b2f-80e1-4367e0904848,2026-08-30T16:25:36.706419+00:00,404,2421750,Gunman Contracts - Stand Alone,Coming soon,Free,https://store.steampowered.com/app/2421750/Gunman_Contracts__Stand_Alone/,17,4
a0ad2ce5-d542-4b2f-80e1-4367e0904848,2026-08-30T16:25:36.706419+00:00,405,4465790,Deadzone Rogue 2,Coming soon,Free,https://store.steampowered.com/app/4465790/Deadzone_Rogue_2/,17,5
a0ad2ce5-d542-4b2f-80e1-4367e0904848,2026-08-30T16:25:36.706419+00:00,406,4279630,Friendly Steps,"Sep 3, 2026",Unpriced (Coming Soon),https://store.steampowered.com/app/4279630/Friendly_Steps/,17,6
a0ad2ce5-d542-4b2f-80e1-4367e0904848,2026-08-30T16:25:36.706419+00:00,407,3895110,The Road of Dust and Sorrow,2026,Unpriced (Coming Soon),https://store.steampowered.com/app/3895110/The_Road_of_Dust_and_Sorrow/,17,7
a0ad2ce5-d542-4b2f-80e1-4367e0904848,2026-08-30T16:25:36.706419+00:00,408,3392040,OMEGA PHENEX COMMENCED PROJECT SIX,2027,Free,https://store.steampowered.com/app/3392040/OMEGA_PHENEX_COMMENCED_PROJECT_SIX/,17,8
a0ad2ce5-d542-4b2f-80e1-4367e0904848,2026-08-30T16:25:36.706419+00:00,409,2468200,DDoD,2026,Unpriced (Coming Soon),https://store.steampowered.com/app/2468200/DDoD/,17,9
a0ad2ce5-d542-4b2f-80e1-4367e0904848,2026-08-30T16:25:36.706419+00:00,410,3509420,Planetbase 2,"Mar 19, 2027",Free,https://store.steampowered.com/app/3509420/Planetbase_2/,17,10
a0ad2ce5-d542-4b2f-80e1-4367e0904848,2026-08-30T16:25:36.706419+00:00,411,2566700,The Last General,2027,Free,https://store.steampowered.com/app/2566700/The_Last_General/,17,11
a0ad2ce5-d542-4b2f-80e1-4367e0904848,2026-08-30T16:25:36.706419+00:00,412,1787230,Ahoy,To be announced,Unpriced (Coming Soon),https://store.steampowered.com/app/1787230/Ahoy/,17,12
a0ad2ce5-d542-4b2f-80e1-4367e0904848,2026-08-30T16:25:36.706419+00:00,413,3910680,INARI,To be announced,Unpriced (Coming Soon),https://store.steampowered.com/app/3910680/INARI/,17,13
a0ad2ce5-d542-4b2f-80e1-4367e0904848,2026-08-30T16:25:36.706419+00:00,414,2185510,TOUCHSTARVED,To be announced,Unpriced (Coming Soon),https://store.steampowered.com/app/2185510/TOUCHSTARVED/,17,14
a0ad2ce5-d542-4b2f-80e1-4367e0904848,2026-08-30T16:25:36.706419+00:00,415,950660,WRAITH OPS,2026,Unpriced (Coming Soon),https://store.steampowered.com/app/950660/WRAITH_OPS/,17,15
a0ad2ce5-d542-4b2f-80e1-4367e0904848,2026-08-30T16:25:36.706419+00:00,416,4533950,Prove You're Human,To be announced,Unpriced (Coming Soon),https://store.steampowered.com/app/4533950/Prove_Youre_Human/,17,16
a0ad2ce5-d542-4b2f-80e1-4367e0904848,2026-08-30T16:25:36.706419+00:00,417,3061930,CLUTCH,2027,Free,https://store.steampowered.com/app/3061930/CLUTCH/,17,17
a0ad2ce5-d542-4b2f-80e1-4367e0904848,2026-08-30T16:25:36.706419+00:00,418,3886530,Westlanders,2027,Free,https://store.steampowered.com/app/3886530/Westlanders/,17,18
a0ad2ce5-d542-4b2f-80e1-4367e0904848,2026-08-30T16:25:36.706419+00:00,419,2302470,Full Fathom,To be announced,Unpriced (Coming Soon),https://store.steampowered.com/app/2302470/Full_Fathom/,17,19
a0ad2ce5-d542-4b2f-80e1-4367e0904848,2026-08-30T16:25:36.706419+00:00,420,4920230,Afterworld,To be announced,Unpriced (Coming Soon),https://store.steampowered.com/app/4920230/Afterworld/,17,20
a0ad2ce5-d542-4b2f-80e1-4367e0904848,2026-08-30T16:25:36.706419+00:00,421,862750,Lost Railway,Coming soon,Free,https://store.steampowered.com/app/862750/Lost_Railway/,17,21
a0ad2ce5-d542-4b2f-80e1-4367e0904848,2026-08-30T16:25:36.706419+00:00,422,2353050,WTF - Waifu Tactical Force,2027,Free,https://store.steampowered.com/app/2353050/WTF__Waifu_Tactical_Force/,17,22
a0ad2ce5-d542-4b2f-80e1-4367e0904848,2026-08-30T16:25:36.706419+00:00,423,4111570,Gate Guard Simulator,2027,Free,https://store.steampowered.com/app/4111570/Gate_Guard_Simulator/,17,23
a0ad2ce5-d542-4b2f-80e1-4367e0904848,2026-08-30T16:25:36.706419+00:00,424,4223290,Mega Man: Dual Override,2027,Free,https://store.steampowered.com/app/4223290/Mega_Man_Dual_Override/,17,24
a0ad2ce5-d542-4b2f-80e1-4367e0904848,2026-08-30T16:25:36.706419+00:00,425,4664240,Hard Worker,To be announced,Unpriced (Coming Soon),https://store.steampowered.com/app/4664240/Hard_Worker/,17,25
a0ad2ce5-d542-4b2f-80e1-4367e0904848,2026-08-30T16:25:36.706419+00:00,426,2712590,Dragon Shelter,"Sep 24, 2026",Unpriced (Coming Soon),https://store.steampowered.com/app/2712590/Dragon_Shelter/,18,1
a0ad2ce5-d542-4b2f-80e1-4367e0904848,2026-08-30T16:25:36.706419+00:00,427,1872800,EVE Vanguard,Q3 2026,Unpriced (Coming Soon),https://store.steampowered.com/app/1872800/EVE_Vanguard/,18,2
a0ad2ce5-d542-4b2f-80e1-4367e0904848,2026-08-30T16:25:36.706419+00:00,428,4119710,Give Us A Sign,Coming soon,Free,https://store.steampowered.com/app/4119710/Give_Us_A_Sign/,18,3
a0ad2ce5-d542-4b2f-80e1-4367e0904848,2026-08-30T16:25:36.706419+00:00,429,4669960,Dungeon Lurker,To be announced,Unpriced (Coming Soon),https://store.steampowered.com/app/4669960/Dungeon_Lurker/,18,4
a0ad2ce5-d542-4b2f-80e1-4367e0904848,2026-08-30T16:25:36.706419+00:00,430,3090810,Truckful,2026,Unpriced (Coming Soon),https://store.steampowered.com/app/3090810/Truckful/,18,5
a0ad2ce5-d542-4b2f-80e1-4367e0904848,2026-08-30T16:25:36.706419+00:00,431,2578510,20MTD: Emberpath,To be announced,Unpriced (Coming Soon),https://store.steampowered.com/app/2578510/20MTD_Emberpath/,18,6
a0ad2ce5-d542-4b2f-80e1-4367e0904848,2026-08-30T16:25:36.706419+00:00,432,3639060,DELIVERY MUST COMPLETE,To be announced,Unpriced (Coming Soon),https://store.steampowered.com/app/3639060/DELIVERY_MUST_COMPLETE/,18,7
a0ad2ce5-d542-4b2f-80e1-4367e0904848,2026-08-30T16:25:36.706419+00:00,433,1891280,Everbloom,2027,Free,https://store.steampowered.com/app/1891280/Everbloom/,18,8
a0ad2ce5-d542-4b2f-80e1-4367e0904848,2026-08-30T16:25:36.706419+00:00,434,3333990,Covenant,To be announced,Unpriced (Coming Soon),https://store.steampowered.com/app/3333990/Covenant/,18,9
a0ad2ce5-d542-4b2f-80e1-4367e0904848,2026-08-30T16:25:36.706419+00:00,435,3276190,The War of the Worlds: Siberia,2027,Free,https://store.steampowered.com/app/3276190/The_War_of_the_Worlds_Siberia/,18,10
a0ad2ce5-d542-4b2f-80e1-4367e0904848,2026-08-30T16:25:36.706419+00:00,436,2175840,Sunkissed City,2026,Unpriced (Coming Soon),https://store.steampowered.com/app/2175840/Sunkissed_City/,18,11
a0ad2ce5-d542-4b2f-80e1-4367e0904848,2026-08-30T16:25:36.706419+00:00,437,4174160,Project: Doors,To be announced,Unpriced (Coming Soon),https://store.steampowered.com/app/4174160/Project_Doors/,18,12
a0ad2ce5-d542-4b2f-80e1-4367e0904848,2026-08-30T16:25:36.706419+00:00,438,1747470,Road Diner Simulator,Q4 2026,Unpriced (Coming Soon),https://store.steampowered.com/app/1747470/Road_Diner_Simulator/,18,13
a0ad2ce5-d542-4b2f-80e1-4367e0904848,2026-08-30T16:25:36.706419+00:00,439,1792460,We Kill Monsters,To be announced,Unpriced (Coming Soon),https://store.steampowered.com/app/1792460/We_Kill_Monsters/,18,14
a0ad2ce5-d542-4b2f-80e1-4367e0904848,2026-08-30T16:25:36.706419+00:00,440,4080220,EA SPORTS FC™ 27,"Sep 24, 2026",$69.99,https://store.steampowered.com/app/4080220/EA_SPORTS_FC_27/,18,15
a0ad2ce5-d542-4b2f-80e1-4367e0904848,2026-08-30T16:25:36.706419+00:00,441,1840880,Freaked Fleapit,Coming soon,Free,https://store.steampowered.com/app/1840880/Freaked_Fleapit/,18,16
a0ad2ce5-d542-4b2f-80e1-4367e0904848,2026-08-30T16:25:36.706419+00:00,442,1256270,Kinstrife,Coming soon,Free,https://store.steampowered.com/app/1256270/Kinstrife/,18,17
a0ad2ce5-d542-4b2f-80e1-4367e0904848,2026-08-30T16:25:36.706419+00:00,443,2572040,Woodo,"Sep 16, 2026",Unpriced (Coming Soon),https://store.steampowered.com/app/2572040/Woodo/,18,18
a0ad2ce5-d542-4b2f-80e1-4367e0904848,2026-08-30T16:25:36.706419+00:00,444,2303200,DarkSwarm,To be announced,Unpriced (Coming Soon),https://store.steampowered.com/app/2303200/DarkSwarm/,18,19
a0ad2ce5-d542-4b2f-80e1-4367e0904848,2026-08-30T16:25:36.706419+00:00,445,2738170,Edge of Memories,Q4 2026,Unpriced (Coming Soon),https://store.steampowered.com/app/2738170/Edge_of_Memories/,18,20
a0ad2ce5-d542-4b2f-80e1-4367e0904848,2026-08-30T16:25:36.706419+00:00,446,3749870,American Truck Simulator - South Dakota,To be announced,Unpriced (Coming Soon),https://store.steampowered.com/app/3749870/American_Truck_Simulator__South_Dakota/,18,21
a0ad2ce5-d542-4b2f-80e1-4367e0904848,2026-08-30T16:25:36.706419+00:00,447,3668850,Suikoden STAR LEAP,To be announced,Free,https://store.steampowered.com/app/3668850/Suikoden_STAR_LEAP/,18,22
a0ad2ce5-d542-4b2f-80e1-4367e0904848,2026-08-30T16:25:36.706419+00:00,448,1675260,Among the Trolls,"Oct 14, 2026",Unpriced (Coming Soon),https://store.steampowered.com/app/1675260/Among_the_Trolls/,18,23
a0ad2ce5-d542-4b2f-80e1-4367e0904848,2026-08-30T16:25:36.706419+00:00,449,3793190,American Truck Simulator - RAM & Dodge Car Pack,To be announced,Unpriced (Coming Soon),https://store.steampowered.com/app/3793190/American_Truck_Simulator__RAM__Dodge_Car_Pack/,18,24
a0ad2ce5-d542-4b2f-80e1-4367e0904848,2026-08-30T16:25:36.706419+00:00,450,2785740,Diesel Knights,To be announced,Unpriced (Coming Soon),https://store.steampowered.com/app/2785740/Diesel_Knights/,18,25
a0ad2ce5-d542-4b2f-80e1-4367e0904848,2026-08-30T16:25:36.706419+00:00,451,4657920,War Fantasy,To be announced,Unpriced (Coming Soon),https://store.steampowered.com/app/4657920/War_Fantasy/,19,1
a0ad2ce5-d542-4b2f-80e1-4367e0904848,2026-08-30T16:25:36.706419+00:00,452,4982940,Ringwyrm,2027,Free,https://store.steampowered.com/app/4982940/Ringwyrm/,19,2
a0ad2ce5-d542-4b2f-80e1-4367e0904848,2026-08-30T16:25:36.706419+00:00,453,3639070,BLACKWOOD,"Sep 16, 2026",Unpriced (Coming Soon),https://store.steampowered.com/app/3639070/BLACKWOOD/,19,3
a0ad2ce5-d542-4b2f-80e1-4367e0904848,2026-08-30T16:25:36.706419+00:00,454,1631920,Super Zoo Story,Coming soon,Free,https://store.steampowered.com/app/1631920/Super_Zoo_Story/,19,4
a0ad2ce5-d542-4b2f-80e1-4367e0904848,2026-08-30T16:25:36.706419+00:00,455,2067820,RetroSpace,"Oct 1, 2026",Unpriced (Coming Soon),https://store.steampowered.com/app/2067820/RetroSpace/,19,5
a0ad2ce5-d542-4b2f-80e1-4367e0904848,2026-08-30T16:25:36.706419+00:00,456,3223070,Thief Simulator 3,To be announced,Unpriced (Coming Soon),https://store.steampowered.com/app/3223070/Thief_Simulator_3/,19,6
a0ad2ce5-d542-4b2f-80e1-4367e0904848,2026-08-30T16:25:36.706419+00:00,457,3749580,He-Man and the Masters of the Universe™: Dragon Pearl of Destruction,Coming soon,Free,https://store.steampowered.com/app/3749580/HeMan_and_the_Masters_of_the_Universe_Dragon_Pearl_of_Destruction/,19,7
a0ad2ce5-d542-4b2f-80e1-4367e0904848,2026-08-30T16:25:36.706419+00:00,458,4536610,City Masterplan,Coming soon,Free,https://store.steampowered.com/app/4536610/City_Masterplan/,19,8
a0ad2ce5-d542-4b2f-80e1-4367e0904848,2026-08-30T16:25:36.706419+00:00,459,2526570,Band of Crusaders,To be announced,Unpriced (Coming Soon),https://store.steampowered.com/app/2526570/Band_of_Crusaders/,19,9
a0ad2ce5-d542-4b2f-80e1-4367e0904848,2026-08-30T16:25:36.706419+00:00,460,3511540,Veil of Ashes,To be announced,Unpriced (Coming Soon),https://store.steampowered.com/app/3511540/Veil_of_Ashes/,19,10
a0ad2ce5-d542-4b2f-80e1-4367e0904848,2026-08-30T16:25:36.706419+00:00,461,4492060,Crime Scene Cleaner - Biohazard,To be announced,Unpriced (Coming Soon),https://store.steampowered.com/app/4492060/Crime_Scene_Cleaner__Biohazard/,19,11
a0ad2ce5-d542-4b2f-80e1-4367e0904848,2026-08-30T16:25:36.706419+00:00,462,3702100,The Secret of Weepstone,2027,Free,https://store.steampowered.com/app/3702100/The_Secret_of_Weepstone/,19,12
a0ad2ce5-d542-4b2f-80e1-4367e0904848,2026-08-30T16:25:36.706419+00:00,463,4245560,Spyro™: A Realm Beyond,To be announced,Unpriced (Coming Soon),https://store.steampowered.com/app/4245560/Spyro_A_Realm_Beyond/,19,13
a0ad2ce5-d542-4b2f-80e1-4367e0904848,2026-08-30T16:25:36.706419+00:00,464,2439770,PROJECT MIX,Q1 2027,Free,https://store.steampowered.com/app/2439770/PROJECT_MIX/,19,14
a0ad2ce5-d542-4b2f-80e1-4367e0904848,2026-08-30T16:25:36.706419+00:00,465,4253770,Muramasa: Revenant Blades,2027,Free,https://store.steampowered.com/app/4253770/Muramasa_Revenant_Blades/,19,15
a0ad2ce5-d542-4b2f-80e1-4367e0904848,2026-08-30T16:25:36.706419+00:00,466,3462190,PHASE ZERO,2026,Unpriced (Coming Soon),https://store.steampowered.com/app/3462190/PHASE_ZERO/,19,16
a0ad2ce5-d542-4b2f-80e1-4367e0904848,2026-08-30T16:25:36.706419+00:00,467,3582810,Dandelion Void,To be announced,Unpriced (Coming Soon),https://store.steampowered.com/app/3582810/Dandelion_Void/,19,17
a0ad2ce5-d542-4b2f-80e1-4367e0904848,2026-08-30T16:25:36.706419+00:00,468,3730310,Fractured Blooms,To be announced,Unpriced (Coming Soon),https://store.steampowered.com/app/3730310/Fractured_Blooms/,19,18
a0ad2ce5-d542-4b2f-80e1-4367e0904848,2026-08-30T16:25:36.706419+00:00,469,2710740,Lost Legions,Coming soon,Free,https://store.steampowered.com/app/2710740/Lost_Legions/,19,19
a0ad2ce5-d542-4b2f-80e1-4367e0904848,2026-08-30T16:25:36.706419+00:00,470,792610,King of the Dwarves: Underground City Builder,To be announced,Unpriced (Coming Soon),https://store.steampowered.com/app/792610/King_of_the_Dwarves_Underground_City_Builder/,19,20
a0ad2ce5-d542-4b2f-80e1-4367e0904848,2026-08-30T16:25:36.706419+00:00,471,3703360,WORLD OF DOGS,To be announced,Unpriced (Coming Soon),https://store.steampowered.com/app/3703360/WORLD_OF_DOGS/,19,21
a0ad2ce5-d542-4b2f-80e1-4367e0904848,2026-08-30T16:25:36.706419+00:00,472,3299050,No Such Place,2026,Unpriced (Coming Soon),https://store.steampowered.com/app/3299050/No_Such_Place/,19,22
a0ad2ce5-d542-4b2f-80e1-4367e0904848,2026-08-30T16:25:36.706419+00:00,473,2915730,Travelling At Night,To be announced,Unpriced (Coming Soon),https://store.steampowered.com/app/2915730/Travelling_At_Night/,19,23
a0ad2ce5-d542-4b2f-80e1-4367e0904848,2026-08-30T16:25:36.706419+00:00,474,3031880,Car Park Capital,"Oct 9, 2026",Unpriced (Coming Soon),https://store.steampowered.com/app/3031880/Car_Park_Capital/,19,24
a0ad2ce5-d542-4b2f-80e1-4367e0904848,2026-08-30T16:25:36.706419+00:00,475,2189430,Gilded Destiny,2026,Unpriced (Coming Soon),https://store.steampowered.com/app/2189430/Gilded_Destiny/,19,25
a0ad2ce5-d542-4b2f-80e1-4367e0904848,2026-08-30T16:25:36.706419+00:00,476,3763840,Felt That: Boxing,To be announced,Unpriced (Coming Soon),https://store.steampowered.com/app/3763840/Felt_That_Boxing/,20,1
a0ad2ce5-d542-4b2f-80e1-4367e0904848,2026-08-30T16:25:36.706419+00:00,477,4162340,Verdant,To be announced,Unpriced (Coming Soon),https://store.steampowered.com/app/4162340/Verdant/,20,2
a0ad2ce5-d542-4b2f-80e1-4367e0904848,2026-08-30T16:25:36.706419+00:00,478,2744160,Construction Simulator: Evolution,Coming soon,Free,https://store.steampowered.com/app/2744160/Construction_Simulator_Evolution/,20,3
a0ad2ce5-d542-4b2f-80e1-4367e0904848,2026-08-30T16:25:36.706419+00:00,479,4713940,Monster Fantasy,2027,Free,https://store.steampowered.com/app/4713940/Monster_Fantasy/,20,4
a0ad2ce5-d542-4b2f-80e1-4367e0904848,2026-08-30T16:25:36.706419+00:00,480,1752990,Class Zero Seven,To be announced,Unpriced (Coming Soon),https://store.steampowered.com/app/1752990/Class_Zero_Seven/,20,5
a0ad2ce5-d542-4b2f-80e1-4367e0904848,2026-08-30T16:25:36.706419+00:00,481,3081510,Gang of Frogs,2027,Free,https://store.steampowered.com/app/3081510/Gang_of_Frogs/,20,6
a0ad2ce5-d542-4b2f-80e1-4367e0904848,2026-08-30T16:25:36.706419+00:00,482,3281970,Deep Snow Delivery,To be announced,Unpriced (Coming Soon),https://store.steampowered.com/app/3281970/Deep_Snow_Delivery/,20,7
a0ad2ce5-d542-4b2f-80e1-4367e0904848,2026-08-30T16:25:36.706419+00:00,483,3499790,Ashes of the Singularity II,Coming soon,Free,https://store.steampowered.com/app/3499790/Ashes_of_the_Singularity_II/,20,8
a0ad2ce5-d542-4b2f-80e1-4367e0904848,2026-08-30T16:25:36.706419+00:00,484,3274530,Epitome,Coming soon,Free,https://store.steampowered.com/app/3274530/Epitome/,20,9
a0ad2ce5-d542-4b2f-80e1-4367e0904848,2026-08-30T16:25:36.706419+00:00,485,1976830,Vivaland,To be announced,Unpriced (Coming Soon),https://store.steampowered.com/app/1976830/Vivaland/,20,10
a0ad2ce5-d542-4b2f-80e1-4367e0904848,2026-08-30T16:25:36.706419+00:00,486,3489340,ReBlade: The Death Spiral,To be announced,Unpriced (Coming Soon),https://store.steampowered.com/app/3489340/ReBlade_The_Death_Spiral/,20,11
a0ad2ce5-d542-4b2f-80e1-4367e0904848,2026-08-30T16:25:36.706419+00:00,487,2680280,PAPERHEAD,"Oct 9, 2026",Unpriced (Coming Soon),https://store.steampowered.com/app/2680280/PAPERHEAD/,20,12
a0ad2ce5-d542-4b2f-80e1-4367e0904848,2026-08-30T16:25:36.706419+00:00,488,4890760,THE DEAD WE KNEW: Open World Survival,"Sep 17, 2026",Unpriced (Coming Soon),https://store.steampowered.com/app/4890760/THE_DEAD_WE_KNEW_Open_World_Survival/,20,13
a0ad2ce5-d542-4b2f-80e1-4367e0904848,2026-08-30T16:25:36.706419+00:00,489,3299920,Liminal Point,2026,Unpriced (Coming Soon),https://store.steampowered.com/app/3299920/Liminal_Point/,20,14
a0ad2ce5-d542-4b2f-80e1-4367e0904848,2026-08-30T16:25:36.706419+00:00,490,2742920,Silent Planet - Elegy of a Dying World,Q2 2027,Free,https://store.steampowered.com/app/2742920/Silent_Planet__Elegy_of_a_Dying_World/,20,15
a0ad2ce5-d542-4b2f-80e1-4367e0904848,2026-08-30T16:25:36.706419+00:00,491,2067210,Serious Sam: Shatterverse,"Aug 31, 2026",Unpriced (Coming Soon),https://store.steampowered.com/app/2067210/Serious_Sam_Shatterverse/,20,16
a0ad2ce5-d542-4b2f-80e1-4367e0904848,2026-08-30T16:25:36.706419+00:00,492,3668330,ShatterRush,Q3 2027,Free,https://store.steampowered.com/app/3668330/ShatterRush/,20,17
a0ad2ce5-d542-4b2f-80e1-4367e0904848,2026-08-30T16:25:36.706419+00:00,493,1777480,Pathbreakers: Roaming Blades,2027,Free,https://store.steampowered.com/app/1777480/Pathbreakers_Roaming_Blades/,20,18
a0ad2ce5-d542-4b2f-80e1-4367e0904848,2026-08-30T16:25:36.706419+00:00,494,1979810,AdventureQuest Worlds: Infinity,Coming soon,Free,https://store.steampowered.com/app/1979810/AdventureQuest_Worlds_Infinity/,20,19
a0ad2ce5-d542-4b2f-80e1-4367e0904848,2026-08-30T16:25:36.706419+00:00,495,4057480,American Truck Simulator - British Columbia,To be announced,Unpriced (Coming Soon),https://store.steampowered.com/app/4057480/American_Truck_Simulator__British_Columbia/,20,20
a0ad2ce5-d542-4b2f-80e1-4367e0904848,2026-08-30T16:25:36.706419+00:00,496,1166890,Necrofugitive,To be announced,Unpriced (Coming Soon),https://store.steampowered.com/app/1166890/Necrofugitive/,20,21
a0ad2ce5-d542-4b2f-80e1-4367e0904848,2026-08-30T16:25:36.706419+00:00,497,3748520,SPRAWL zero,"Sep 8, 2026",Unpriced (Coming Soon),https://store.steampowered.com/app/3748520/SPRAWL_zero/,20,22
a0ad2ce5-d542-4b2f-80e1-4367e0904848,2026-08-30T16:25:36.706419+00:00,498,3918200,港警成雙：來自城寨 Dual Fire Walled City,Q3 2026,Unpriced (Coming Soon),https://store.steampowered.com/app/3918200/_Dual_Fire_Walled_City/,20,23
a0ad2ce5-d542-4b2f-80e1-4367e0904848,2026-08-30T16:25:36.706419+00:00,499,2362260,Decadent,Coming soon,Free,https://store.steampowered.com/app/2362260/Decadent/,20,24
a0ad2ce5-d542-4b2f-80e1-4367e0904848,2026-08-30T16:25:36.706419+00:00,500,3710850,Become,2026,Unpriced (Coming Soon),https://store.steampowered.com/app/3710850/Become/,20,25
a0ad2ce5-d542-4b2f-80e1-4367e0904848,2026-08-30T16:25:36.706419+00:00,501,2239640,Earthblade,Coming soon,Free,https://store.steampowered.com/app/2239640/Earthblade/,21,1
a0ad2ce5-d542-4b2f-80e1-4367e0904848,2026-08-30T16:25:36.706419+00:00,502,1547540,They Are Here: Alien Abduction Horror,Coming soon,Free,https://store.steampowered.com/app/1547540/They_Are_Here_Alien_Abduction_Horror/,21,2
a0ad2ce5-d542-4b2f-80e1-4367e0904848,2026-08-30T16:25:36.706419+00:00,503,3222640,Wild West Pioneers,"Sep 25, 2026",Unpriced (Coming Soon),https://store.steampowered.com/app/3222640/Wild_West_Pioneers/,21,3
a0ad2ce5-d542-4b2f-80e1-4367e0904848,2026-08-30T16:25:36.706419+00:00,504,4518240,Commie Bobrs,Coming soon,Free,https://store.steampowered.com/app/4518240/Commie_Bobrs/,21,4
a0ad2ce5-d542-4b2f-80e1-4367e0904848,2026-08-30T16:25:36.706419+00:00,505,4393700,Elderfeast,2027,Free,https://store.steampowered.com/app/4393700/Elderfeast/,21,5
a0ad2ce5-d542-4b2f-80e1-4367e0904848,2026-08-30T16:25:36.706419+00:00,506,3680100,House Flipper 2 - Pets DLC,"Dec 3, 2026",Unpriced (Coming Soon),https://store.steampowered.com/app/3680100/House_Flipper_2__Pets_DLC/,21,6
a0ad2ce5-d542-4b2f-80e1-4367e0904848,2026-08-30T16:25:36.706419+00:00,507,3166050,Quite a Ride,To be announced,Unpriced (Coming Soon),https://store.steampowered.com/app/3166050/Quite_a_Ride/,21,7
a0ad2ce5-d542-4b2f-80e1-4367e0904848,2026-08-30T16:25:36.706419+00:00,508,3596430,Bancho the Chef,To be announced,Unpriced (Coming Soon),https://store.steampowered.com/app/3596430/Bancho_the_Chef/,21,8
a0ad2ce5-d542-4b2f-80e1-4367e0904848,2026-08-30T16:25:36.706419+00:00,509,2556470,Fantastic Haven,Q4 2026,Unpriced (Coming Soon),https://store.steampowered.com/app/2556470/Fantastic_Haven/,21,9
a0ad2ce5-d542-4b2f-80e1-4367e0904848,2026-08-30T16:25:36.706419+00:00,510,2669060,Beyond Astra,2026,Unpriced (Coming Soon),https://store.steampowered.com/app/2669060/Beyond_Astra/,21,10
a0ad2ce5-d542-4b2f-80e1-4367e0904848,2026-08-30T16:25:36.706419+00:00,511,1578940,Vampire Clans,To be announced,Unpriced (Coming Soon),https://store.steampowered.com/app/1578940/Vampire_Clans/,21,11
a0ad2ce5-d542-4b2f-80e1-4367e0904848,2026-08-30T16:25:36.706419+00:00,512,2402680,Dimraeth,"Sep 15, 2026",Unpriced (Coming Soon),https://store.steampowered.com/app/2402680/Dimraeth/,21,12
a0ad2ce5-d542-4b2f-80e1-4367e0904848,2026-08-30T16:25:36.706419+00:00,513,1215940,Forever Ago,"Oct 8, 2026",Unpriced (Coming Soon),https://store.steampowered.com/app/1215940/Forever_Ago/,21,13
a0ad2ce5-d542-4b2f-80e1-4367e0904848,2026-08-30T16:25:36.706419+00:00,514,3621390,Tom Clancy’s Rainbow Six Tactics,2027,Free,https://store.steampowered.com/app/3621390/Tom_Clancys_Rainbow_Six_Tactics/,21,14
a0ad2ce5-d542-4b2f-80e1-4367e0904848,2026-08-30T16:25:36.706419+00:00,515,1561740,Kriegsfront Tactics,To be announced,Unpriced (Coming Soon),https://store.steampowered.com/app/1561740/Kriegsfront_Tactics/,21,15
a0ad2ce5-d542-4b2f-80e1-4367e0904848,2026-08-30T16:25:36.706419+00:00,516,4348910,Probably Stolen - Cyberpunk Shopkeeper Sim,2026,Unpriced (Coming Soon),https://store.steampowered.com/app/4348910/Probably_Stolen__Cyberpunk_Shopkeeper_Sim/,21,16
a0ad2ce5-d542-4b2f-80e1-4367e0904848,2026-08-30T16:25:36.706419+00:00,517,4061170,SlashZero,To be announced,Unpriced (Coming Soon),https://store.steampowered.com/app/4061170/SlashZero/,21,17
a0ad2ce5-d542-4b2f-80e1-4367e0904848,2026-08-30T16:25:36.706419+00:00,518,3012600,Substructure,Coming soon,Free,https://store.steampowered.com/app/3012600/Substructure/,21,18
a0ad2ce5-d542-4b2f-80e1-4367e0904848,2026-08-30T16:25:36.706419+00:00,519,2348250,13Z: The Zodiac Trials,Q1 2027,Free,https://store.steampowered.com/app/2348250/13Z_The_Zodiac_Trials/,21,19
a0ad2ce5-d542-4b2f-80e1-4367e0904848,2026-08-30T16:25:36.706419+00:00,520,4928450,Grand Theft Timeline,Q4 2026,Unpriced (Coming Soon),https://store.steampowered.com/app/4928450/Grand_Theft_Timeline/,21,20
a0ad2ce5-d542-4b2f-80e1-4367e0904848,2026-08-30T16:25:36.706419+00:00,521,2961930,Temtem: Pioneers,To be announced,Unpriced (Coming Soon),https://store.steampowered.com/app/2961930/Temtem_Pioneers/,21,21
a0ad2ce5-d542-4b2f-80e1-4367e0904848,2026-08-30T16:25:36.706419+00:00,522,2088020,UNDEFEATED: Genesis,2027,Free,https://store.steampowered.com/app/2088020/UNDEFEATED_Genesis/,21,22
a0ad2ce5-d542-4b2f-80e1-4367e0904848,2026-08-30T16:25:36.706419+00:00,523,3195580,lily's world XD,"Sep 17, 2026",Unpriced (Coming Soon),https://store.steampowered.com/app/3195580/lilys_world_XD/,21,23
a0ad2ce5-d542-4b2f-80e1-4367e0904848,2026-08-30T16:25:36.706419+00:00,524,3299300,Magicians: The Devil's Deal,2027,Free,https://store.steampowered.com/app/3299300/Magicians_The_Devils_Deal/,21,24
a0ad2ce5-d542-4b2f-80e1-4367e0904848,2026-08-30T16:25:36.706419+00:00,525,3787050,It Works: Electronics Repair Simulator,2026,Unpriced (Coming Soon),https://store.steampowered.com/app/3787050/It_Works_Electronics_Repair_Simulator/,21,25
a0ad2ce5-d542-4b2f-80e1-4367e0904848,2026-08-30T16:25:36.706419+00:00,526,3707530,The Vernyhorn,To be announced,Unpriced (Coming Soon),https://store.steampowered.com/app/3707530/The_Vernyhorn/,22,1
a0ad2ce5-d542-4b2f-80e1-4367e0904848,2026-08-30T16:25:36.706419+00:00,527,1159390,Taxi Simulator,To be announced,Unpriced (Coming Soon),https://store.steampowered.com/app/1159390/Taxi_Simulator/,22,2
a0ad2ce5-d542-4b2f-80e1-4367e0904848,2026-08-30T16:25:36.706419+00:00,528,4124340,Perceptum,2027,Free,https://store.steampowered.com/app/4124340/Perceptum/,22,3
a0ad2ce5-d542-4b2f-80e1-4367e0904848,2026-08-30T16:25:36.706419+00:00,529,4859110,Horn Of Africa,Coming soon,Free,https://store.steampowered.com/app/4859110/Horn_Of_Africa/,22,4
a0ad2ce5-d542-4b2f-80e1-4367e0904848,2026-08-30T16:25:36.706419+00:00,530,2979810,POLYARIS,2026,Unpriced (Coming Soon),https://store.steampowered.com/app/2979810/POLYARIS/,22,5
a0ad2ce5-d542-4b2f-80e1-4367e0904848,2026-08-30T16:25:36.706419+00:00,531,1146670,Beauty And Violence: Valkyries,Coming soon,Free,https://store.steampowered.com/app/1146670/Beauty_And_Violence_Valkyries/,22,6
a0ad2ce5-d542-4b2f-80e1-4367e0904848,2026-08-30T16:25:36.706419+00:00,532,2796220,Apogea,To be announced,Free,https://store.steampowered.com/app/2796220/Apogea/,22,7
a0ad2ce5-d542-4b2f-80e1-4367e0904848,2026-08-30T16:25:36.706419+00:00,533,4785110,Tulpa the Unseen Lover,To be announced,Unpriced (Coming Soon),https://store.steampowered.com/app/4785110/Tulpa_the_Unseen_Lover/,22,8
a0ad2ce5-d542-4b2f-80e1-4367e0904848,2026-08-30T16:25:36.706419+00:00,534,2601540,Drowned Lake,Coming soon,Free,https://store.steampowered.com/app/2601540/Drowned_Lake/,22,9
a0ad2ce5-d542-4b2f-80e1-4367e0904848,2026-08-30T16:25:36.706419+00:00,535,2843060,Into the Wind,To be announced,Unpriced (Coming Soon),https://store.steampowered.com/app/2843060/Into_the_Wind/,22,10
a0ad2ce5-d542-4b2f-80e1-4367e0904848,2026-08-30T16:25:36.706419+00:00,536,2445260,Tyr,"Sep 2, 2026",Free,https://store.steampowered.com/app/2445260/Tyr/,22,11
a0ad2ce5-d542-4b2f-80e1-4367e0904848,2026-08-30T16:25:36.706419+00:00,537,3439880,Contraband Police - Crimson Fall,2026,Unpriced (Coming Soon),https://store.steampowered.com/app/3439880/Contraband_Police__Crimson_Fall/,22,12
a0ad2ce5-d542-4b2f-80e1-4367e0904848,2026-08-30T16:25:36.706419+00:00,538,2902170,Kernel Hearts,"Sep 17, 2026",Unpriced (Coming Soon),https://store.steampowered.com/app/2902170/Kernel_Hearts/,22,13
a0ad2ce5-d542-4b2f-80e1-4367e0904848,2026-08-30T16:25:36.706419+00:00,539,3606970,Brass Rain,December 2026,Free,https://store.steampowered.com/app/3606970/Brass_Rain/,22,14
a0ad2ce5-d542-4b2f-80e1-4367e0904848,2026-08-30T16:25:36.706419+00:00,540,2593290,Dragon's Dogma 2: Dark Arisen Expansion,"Oct 8, 2026",$29.99,https://store.steampowered.com/app/2593290/Dragons_Dogma_2_Dark_Arisen_Expansion/,22,15
a0ad2ce5-d542-4b2f-80e1-4367e0904848,2026-08-30T16:25:36.706419+00:00,541,2210150,At Fate's End,2026,Unpriced (Coming Soon),https://store.steampowered.com/app/2210150/At_Fates_End/,22,16
a0ad2ce5-d542-4b2f-80e1-4367e0904848,2026-08-30T16:25:36.706419+00:00,542,3051160,Black State,To be announced,Unpriced (Coming Soon),https://store.steampowered.com/app/3051160/Black_State/,22,17
a0ad2ce5-d542-4b2f-80e1-4367e0904848,2026-08-30T16:25:36.706419+00:00,543,4554250,Hellforged,2026,Unpriced (Coming Soon),https://store.steampowered.com/app/4554250/Hellforged/,22,18
a0ad2ce5-d542-4b2f-80e1-4367e0904848,2026-08-30T16:25:36.706419+00:00,544,4632350,"Hot Dogs, Horseshoes & Hand Grenades 2",To be announced,Unpriced (Coming Soon),https://store.steampowered.com/app/4632350/Hot_Dogs_Horseshoes__Hand_Grenades_2/,22,19
a0ad2ce5-d542-4b2f-80e1-4367e0904848,2026-08-30T16:25:36.706419+00:00,545,2559370,The Scramble Vice,Coming soon,Free,https://store.steampowered.com/app/2559370/The_Scramble_Vice/,22,20
a0ad2ce5-d542-4b2f-80e1-4367e0904848,2026-08-30T16:25:36.706419+00:00,546,1154960,Ardenfall,2026,Unpriced (Coming Soon),https://store.steampowered.com/app/1154960/Ardenfall/,22,21
a0ad2ce5-d542-4b2f-80e1-4367e0904848,2026-08-30T16:25:36.706419+00:00,547,3694600,Humblets,To be announced,Unpriced (Coming Soon),https://store.steampowered.com/app/3694600/Humblets/,22,22
a0ad2ce5-d542-4b2f-80e1-4367e0904848,2026-08-30T16:25:36.706419+00:00,548,3591510,Frutiger Space,Coming soon,Free,https://store.steampowered.com/app/3591510/Frutiger_Space/,22,23
a0ad2ce5-d542-4b2f-80e1-4367e0904848,2026-08-30T16:25:36.706419+00:00,549,3997960,Undead Chronicles,To be announced,Unpriced (Coming Soon),https://store.steampowered.com/app/3997960/Undead_Chronicles/,22,24
a0ad2ce5-d542-4b2f-80e1-4367e0904848,2026-08-30T16:25:36.706419+00:00,550,3245640,Starfinder: Afterlight,2026,Unpriced (Coming Soon),https://store.steampowered.com/app/3245640/Starfinder_Afterlight/,22,25
a0ad2ce5-d542-4b2f-80e1-4367e0904848,2026-08-30T16:25:36.706419+00:00,551,3447280,Fantasy World Manager,2026,Unpriced (Coming Soon),https://store.steampowered.com/app/3447280/Fantasy_World_Manager/,23,1
a0ad2ce5-d542-4b2f-80e1-4367e0904848,2026-08-30T16:25:36.706419+00:00,552,1593010,The Store is Closed,To be announced,Unpriced (Coming Soon),https://store.steampowered.com/app/1593010/The_Store_is_Closed/,23,2
a0ad2ce5-d542-4b2f-80e1-4367e0904848,2026-08-30T16:25:36.706419+00:00,553,3107870,Highland Keep,Coming soon,Free,https://store.steampowered.com/app/3107870/Highland_Keep/,23,3
a0ad2ce5-d542-4b2f-80e1-4367e0904848,2026-08-30T16:25:36.706419+00:00,554,3756700,Warhammer Age of Sigmar: Deathmaster,2027,Free,https://store.steampowered.com/app/3756700/Warhammer_Age_of_Sigmar_Deathmaster/,23,4
a0ad2ce5-d542-4b2f-80e1-4367e0904848,2026-08-30T16:25:36.706419+00:00,555,3833280,Loulan: The Cursed Sand,To be announced,Unpriced (Coming Soon),https://store.steampowered.com/app/3833280/Loulan_The_Cursed_Sand/,23,5
a0ad2ce5-d542-4b2f-80e1-4367e0904848,2026-08-30T16:25:36.706419+00:00,556,4502750,Infamous Keepers,2027,Free,https://store.steampowered.com/app/4502750/Infamous_Keepers/,23,6
a0ad2ce5-d542-4b2f-80e1-4367e0904848,2026-08-30T16:25:36.706419+00:00,557,4732690,Arknights: Endfield,Coming soon,Free,https://store.steampowered.com/app/4732690/Arknights_Endfield/,23,7
a0ad2ce5-d542-4b2f-80e1-4367e0904848,2026-08-30T16:25:36.706419+00:00,558,3405880,MR DONALD,To be announced,Unpriced (Coming Soon),https://store.steampowered.com/app/3405880/MR_DONALD/,23,8
a0ad2ce5-d542-4b2f-80e1-4367e0904848,2026-08-30T16:25:36.706419+00:00,559,2593320,Catechesis,To be announced,Unpriced (Coming Soon),https://store.steampowered.com/app/2593320/Catechesis/,23,9
a0ad2ce5-d542-4b2f-80e1-4367e0904848,2026-08-30T16:25:36.706419+00:00,560,4244910,Horizon Hunters Gathering,Coming soon,Free,https://store.steampowered.com/app/4244910/Horizon_Hunters_Gathering/,23,10
a0ad2ce5-d542-4b2f-80e1-4367e0904848,2026-08-30T16:25:36.706419+00:00,561,4253570,Reshine,2026,Unpriced (Coming Soon),https://store.steampowered.com/app/4253570/Reshine/,23,11
a0ad2ce5-d542-4b2f-80e1-4367e0904848,2026-08-30T16:25:36.706419+00:00,562,2509360,Water Me & You,2026,Unpriced (Coming Soon),https://store.steampowered.com/app/2509360/Water_Me__You/,23,12
a0ad2ce5-d542-4b2f-80e1-4367e0904848,2026-08-30T16:25:36.706419+00:00,563,2478130,Wild Wild Eden,Q1 2027,Free,https://store.steampowered.com/app/2478130/Wild_Wild_Eden/,23,13
a0ad2ce5-d542-4b2f-80e1-4367e0904848,2026-08-30T16:25:36.706419+00:00,564,1447250,Junxions,2026,Unpriced (Coming Soon),https://store.steampowered.com/app/1447250/Junxions/,23,14
a0ad2ce5-d542-4b2f-80e1-4367e0904848,2026-08-30T16:25:36.706419+00:00,565,2915770,Rescue Ops: Wildfire,Coming soon,Free,https://store.steampowered.com/app/2915770/Rescue_Ops_Wildfire/,23,15
a0ad2ce5-d542-4b2f-80e1-4367e0904848,2026-08-30T16:25:36.706419+00:00,566,3015820,To Kill a God,To be announced,Unpriced (Coming Soon),https://store.steampowered.com/app/3015820/To_Kill_a_God/,23,16
a0ad2ce5-d542-4b2f-80e1-4367e0904848,2026-08-30T16:25:36.706419+00:00,567,3574750,The Dark West,Coming soon,Free,https://store.steampowered.com/app/3574750/The_Dark_West/,23,17
a0ad2ce5-d542-4b2f-80e1-4367e0904848,2026-08-30T16:25:36.706419+00:00,568,3802140,Cassette Beasts 2002,March 2027,Free,https://store.steampowered.com/app/3802140/Cassette_Beasts_2002/,23,18
a0ad2ce5-d542-4b2f-80e1-4367e0904848,2026-08-30T16:25:36.706419+00:00,569,2914820,M.I.N.S.K.,To be announced,Unpriced (Coming Soon),https://store.steampowered.com/app/2914820/MINSK/,23,19
a0ad2ce5-d542-4b2f-80e1-4367e0904848,2026-08-30T16:25:36.706419+00:00,570,3001740,Pelican Harbor,Coming soon,Free,https://store.steampowered.com/app/3001740/Pelican_Harbor/,23,20
a0ad2ce5-d542-4b2f-80e1-4367e0904848,2026-08-30T16:25:36.706419+00:00,571,4418080,False Echo,Coming soon,Free,https://store.steampowered.com/app/4418080/False_Echo/,23,21
a0ad2ce5-d542-4b2f-80e1-4367e0904848,2026-08-30T16:25:36.706419+00:00,572,3107290,Minimo,To be announced,Unpriced (Coming Soon),https://store.steampowered.com/app/3107290/Minimo/,23,22
a0ad2ce5-d542-4b2f-80e1-4367e0904848,2026-08-30T16:25:36.706419+00:00,573,3183480,HYPERFUNK,To be announced,Unpriced (Coming Soon),https://store.steampowered.com/app/3183480/HYPERFUNK/,23,23
a0ad2ce5-d542-4b2f-80e1-4367e0904848,2026-08-30T16:25:36.706419+00:00,574,4112270,Resilient,To be announced,Unpriced (Coming Soon),https://store.steampowered.com/app/4112270/Resilient/,23,24
a0ad2ce5-d542-4b2f-80e1-4367e0904848,2026-08-30T16:25:36.706419+00:00,575,4434610,Hunter: The Reckoning – Deathwish,Q3 2027,Free,https://store.steampowered.com/app/4434610/Hunter_The_Reckoning__Deathwish/,23,25
a0ad2ce5-d542-4b2f-80e1-4367e0904848,2026-08-30T16:25:36.706419+00:00,576,2409320,Drill Keeper,2026,Unpriced (Coming Soon),https://store.steampowered.com/app/2409320/Drill_Keeper/,24,1
a0ad2ce5-d542-4b2f-80e1-4367e0904848,2026-08-30T16:25:36.706419+00:00,577,4175180,DREADNOUGHT TARTARUS,Coming soon,Free,https://store.steampowered.com/app/4175180/DREADNOUGHT_TARTARUS/,24,2
a0ad2ce5-d542-4b2f-80e1-4367e0904848,2026-08-30T16:25:36.706419+00:00,578,4623290,Painland,To be announced,Unpriced (Coming Soon),https://store.steampowered.com/app/4623290/Painland/,24,3
a0ad2ce5-d542-4b2f-80e1-4367e0904848,2026-08-30T16:25:36.706419+00:00,579,2852700,BUS: Bro u Survived,2026,Unpriced (Coming Soon),https://store.steampowered.com/app/2852700/BUS_Bro_u_Survived/,24,4
a0ad2ce5-d542-4b2f-80e1-4367e0904848,2026-08-30T16:25:36.706419+00:00,580,3141390,GRAFT,To be announced,Unpriced (Coming Soon),https://store.steampowered.com/app/3141390/GRAFT/,24,5
a0ad2ce5-d542-4b2f-80e1-4367e0904848,2026-08-30T16:25:36.706419+00:00,581,2434830,Surfpunk,To be announced,Unpriced (Coming Soon),https://store.steampowered.com/app/2434830/Surfpunk/,24,6
a0ad2ce5-d542-4b2f-80e1-4367e0904848,2026-08-30T16:25:36.706419+00:00,582,1113400,Alliance of the Sacred Suns,To be announced,Unpriced (Coming Soon),https://store.steampowered.com/app/1113400/Alliance_of_the_Sacred_Suns/,24,7
a0ad2ce5-d542-4b2f-80e1-4367e0904848,2026-08-30T16:25:36.706419+00:00,583,2960460,Spaceflight Simulator 2,To be announced,Unpriced (Coming Soon),https://store.steampowered.com/app/2960460/Spaceflight_Simulator_2/,24,8
a0ad2ce5-d542-4b2f-80e1-4367e0904848,2026-08-30T16:25:36.706419+00:00,584,1053900,Radio the Universe,To be announced,Unpriced (Coming Soon),https://store.steampowered.com/app/1053900/Radio_the_Universe/,24,9
a0ad2ce5-d542-4b2f-80e1-4367e0904848,2026-08-30T16:25:36.706419+00:00,585,2786760,Another Door,2026,Unpriced (Coming Soon),https://store.steampowered.com/app/2786760/Another_Door/,24,10
a0ad2ce5-d542-4b2f-80e1-4367e0904848,2026-08-30T16:25:36.706419+00:00,586,3595450,Object Impermanence,Q4 2026,Unpriced (Coming Soon),https://store.steampowered.com/app/3595450/Object_Impermanence/,24,11
a0ad2ce5-d542-4b2f-80e1-4367e0904848,2026-08-30T16:25:36.706419+00:00,587,2522120,Airframe Ultra,Coming soon,Free,https://store.steampowered.com/app/2522120/Airframe_Ultra/,24,12
a0ad2ce5-d542-4b2f-80e1-4367e0904848,2026-08-30T16:25:36.706419+00:00,588,1906190,BackRooms,Coming soon,Free,https://store.steampowered.com/app/1906190/BackRooms/,24,13
a0ad2ce5-d542-4b2f-80e1-4367e0904848,2026-08-30T16:25:36.706419+00:00,589,4533250,GrassChopper,Coming soon,Free,https://store.steampowered.com/app/4533250/GrassChopper/,24,14
a0ad2ce5-d542-4b2f-80e1-4367e0904848,2026-08-30T16:25:36.706419+00:00,590,4251460,Godzilla: Destroy All Monsters Melee Remastered,"Nov 3, 2026",Unpriced (Coming Soon),https://store.steampowered.com/app/4251460/Godzilla_Destroy_All_Monsters_Melee_Remastered/,24,15
a0ad2ce5-d542-4b2f-80e1-4367e0904848,2026-08-30T16:25:36.706419+00:00,591,3871670,Ironwing Valiant: Record of Astera,Coming soon,Free,https://store.steampowered.com/app/3871670/Ironwing_Valiant_Record_of_Astera/,24,16
a0ad2ce5-d542-4b2f-80e1-4367e0904848,2026-08-30T16:25:36.706419+00:00,592,4072240,Woman Simulator,"Sep 22, 2026",Unpriced (Coming Soon),https://store.steampowered.com/app/4072240/Woman_Simulator/,24,17
a0ad2ce5-d542-4b2f-80e1-4367e0904848,2026-08-30T16:25:36.706419+00:00,593,2251970,Tokyo Stories,To be announced,Unpriced (Coming Soon),https://store.steampowered.com/app/2251970/Tokyo_Stories/,24,18
a0ad2ce5-d542-4b2f-80e1-4367e0904848,2026-08-30T16:25:36.706419+00:00,594,4267860,Ascenders: Beyond the Peak,Q3 2026,Unpriced (Coming Soon),https://store.steampowered.com/app/4267860/Ascenders_Beyond_the_Peak/,24,19
a0ad2ce5-d542-4b2f-80e1-4367e0904848,2026-08-30T16:25:36.706419+00:00,595,1917990,Being and Becoming,Coming soon,Free,https://store.steampowered.com/app/1917990/Being_and_Becoming/,24,20
a0ad2ce5-d542-4b2f-80e1-4367e0904848,2026-08-30T16:25:36.706419+00:00,596,4767090,Emergency Buddies,To be announced,Unpriced (Coming Soon),https://store.steampowered.com/app/4767090/Emergency_Buddies/,24,21
a0ad2ce5-d542-4b2f-80e1-4367e0904848,2026-08-30T16:25:36.706419+00:00,597,3305930,Panzer Strike,Q4 2026,Unpriced (Coming Soon),https://store.steampowered.com/app/3305930/Panzer_Strike/,24,22
a0ad2ce5-d542-4b2f-80e1-4367e0904848,2026-08-30T16:25:36.706419+00:00,598,4230950,Street-Spec: 日本,To be announced,Unpriced (Coming Soon),https://store.steampowered.com/app/4230950/StreetSpec/,24,23
a0ad2ce5-d542-4b2f-80e1-4367e0904848,2026-08-30T16:25:36.706419+00:00,599,1207360,Medieval Frontiers,2026,Unpriced (Coming Soon),https://store.steampowered.com/app/1207360/Medieval_Frontiers/,24,24
a0ad2ce5-d542-4b2f-80e1-4367e0904848,2026-08-30T16:25:36.706419+00:00,600,2900640,TOEM 2,"Sep 29, 2026",Unpriced (Coming Soon),https://store.steampowered.com/app/2900640/TOEM_2/,24,25
a0ad2ce5-d542-4b2f-80e1-4367e0904848,2026-08-30T16:25:36.706419+00:00,601,3699590,Well Dweller,"Sep 22, 2026",Unpriced (Coming Soon),https://store.steampowered.com/app/3699590/Well_Dweller/,25,1
a0ad2ce5-d542-4b2f-80e1-4367e0904848,2026-08-30T16:25:36.706419+00:00,602,1186430,I.G.I. Origins,To be announced,Unpriced (Coming Soon),https://store.steampowered.com/app/1186430/IGI_Origins/,25,2
a0ad2ce5-d542-4b2f-80e1-4367e0904848,2026-08-30T16:25:36.706419+00:00,603,4687860,Guns and Dragons,Coming soon,Free,https://store.steampowered.com/app/4687860/Guns_and_Dragons/,25,3
a0ad2ce5-d542-4b2f-80e1-4367e0904848,2026-08-30T16:25:36.706419+00:00,604,3631230,CastleMiner Z : Resurrection,2026,Unpriced (Coming Soon),https://store.steampowered.com/app/3631230/CastleMiner_Z__Resurrection/,25,4
a0ad2ce5-d542-4b2f-80e1-4367e0904848,2026-08-30T16:25:36.706419+00:00,605,2872240,Lost in the Roots,Q3 2026,Unpriced (Coming Soon),https://store.steampowered.com/app/2872240/Lost_in_the_Roots/,25,5
a0ad2ce5-d542-4b2f-80e1-4367e0904848,2026-08-30T16:25:36.706419+00:00,606,3008640,Onikura,Coming soon,Free,https://store.steampowered.com/app/3008640/Onikura/,25,6
a0ad2ce5-d542-4b2f-80e1-4367e0904848,2026-08-30T16:25:36.706419+00:00,607,1624930,Ad Mortem,To be announced,Unpriced (Coming Soon),https://store.steampowered.com/app/1624930/Ad_Mortem/,25,7
a0ad2ce5-d542-4b2f-80e1-4367e0904848,2026-08-30T16:25:36.706419+00:00,608,4239670,Steel Soul Shaper,Coming soon,Free,https://store.steampowered.com/app/4239670/Steel_Soul_Shaper/,25,8
a0ad2ce5-d542-4b2f-80e1-4367e0904848,2026-08-30T16:25:36.706419+00:00,609,687440,In The Valley of Gods,December 2029,Free,https://store.steampowered.com/app/687440/In_The_Valley_of_Gods/,25,9
a0ad2ce5-d542-4b2f-80e1-4367e0904848,2026-08-30T16:25:36.706419+00:00,610,4414560,CORDURA,To be announced,Unpriced (Coming Soon),https://store.steampowered.com/app/4414560/CORDURA/,25,10
a0ad2ce5-d542-4b2f-80e1-4367e0904848,2026-08-30T16:25:36.706419+00:00,611,2600920,When Sirens Fall Silent,To be announced,Unpriced (Coming Soon),https://store.steampowered.com/app/2600920/When_Sirens_Fall_Silent/,25,11
a0ad2ce5-d542-4b2f-80e1-4367e0904848,2026-08-30T16:25:36.706419+00:00,612,2663960,Bendy: The Cage,Coming soon,Free,https://store.steampowered.com/app/2663960/Bendy_The_Cage/,25,12
a0ad2ce5-d542-4b2f-80e1-4367e0904848,2026-08-30T16:25:36.706419+00:00,613,2640090,Arcane Eats,2026,Unpriced (Coming Soon),https://store.steampowered.com/app/2640090/Arcane_Eats/,25,13
a0ad2ce5-d542-4b2f-80e1-4367e0904848,2026-08-30T16:25:36.706419+00:00,614,2826790,Stormforge,2026,Unpriced (Coming Soon),https://store.steampowered.com/app/2826790/Stormforge/,25,14
a0ad2ce5-d542-4b2f-80e1-4367e0904848,2026-08-30T16:25:36.706419+00:00,615,1792100,Motel Simulator,To be announced,Unpriced (Coming Soon),https://store.steampowered.com/app/1792100/Motel_Simulator/,25,15
a0ad2ce5-d542-4b2f-80e1-4367e0904848,2026-08-30T16:25:36.706419+00:00,616,4358660,Hull Rupture,To be announced,Unpriced (Coming Soon),https://store.steampowered.com/app/4358660/Hull_Rupture/,25,16
a0ad2ce5-d542-4b2f-80e1-4367e0904848,2026-08-30T16:25:36.706419+00:00,617,2409660,Wardens of Avalon,2027,Free,https://store.steampowered.com/app/2409660/Wardens_of_Avalon/,25,17
a0ad2ce5-d542-4b2f-80e1-4367e0904848,2026-08-30T16:25:36.706419+00:00,618,1779610,Farm Renovator,2026,Unpriced (Coming Soon),https://store.steampowered.com/app/1779610/Farm_Renovator/,25,18
a0ad2ce5-d542-4b2f-80e1-4367e0904848,2026-08-30T16:25:36.706419+00:00,619,3115870,TrophyRC,To be announced,Unpriced (Coming Soon),https://store.steampowered.com/app/3115870/TrophyRC/,25,19
a0ad2ce5-d542-4b2f-80e1-4367e0904848,2026-08-30T16:25:36.706419+00:00,620,1779540,Starpath,To be announced,Unpriced (Coming Soon),https://store.steampowered.com/app/1779540/Starpath/,25,20
a0ad2ce5-d542-4b2f-80e1-4367e0904848,2026-08-30T16:25:36.706419+00:00,621,3094690,Elflock,To be announced,Unpriced (Coming Soon),https://store.steampowered.com/app/3094690/Elflock/,25,21
a0ad2ce5-d542-4b2f-80e1-4367e0904848,2026-08-30T16:25:36.706419+00:00,622,3058660,HARK THE GHOUL,2026,Unpriced (Coming Soon),https://store.steampowered.com/app/3058660/HARK_THE_GHOUL/,25,22
a0ad2ce5-d542-4b2f-80e1-4367e0904848,2026-08-30T16:25:36.706419+00:00,623,860210,Return to Nangrim,Coming soon,Free,https://store.steampowered.com/app/860210/Return_to_Nangrim/,25,23
a0ad2ce5-d542-4b2f-80e1-4367e0904848,2026-08-30T16:25:36.706419+00:00,624,2781660,Dawn of Defense,Q4 2026,Unpriced (Coming Soon),https://store.steampowered.com/app/2781660/Dawn_of_Defense/,25,24
a0ad2ce5-d542-4b2f-80e1-4367e0904848,2026-08-30T16:25:36.706419+00:00,625,2893350,Liftlands,To be announced,Unpriced (Coming Soon),https://store.steampowered.com/app/2893350/Liftlands/,25,25
a0ad2ce5-d542-4b2f-80e1-4367e0904848,2026-08-30T16:25:36.706419+00:00,626,3883910,La Divina Commedia,To be announced,Unpriced (Coming Soon),https://store.steampowered.com/app/3883910/La_Divina_Commedia/,26,1
a0ad2ce5-d542-4b2f-80e1-4367e0904848,2026-08-30T16:25:36.706419+00:00,627,2987350,Catly,To be announced,Unpriced (Coming Soon),https://store.steampowered.com/app/2987350/Catly/,26,2
a0ad2ce5-d542-4b2f-80e1-4367e0904848,2026-08-30T16:25:36.706419+00:00,628,4683260,Project Rabbit,Coming soon,Free,https://store.steampowered.com/app/4683260/Project_Rabbit/,26,3
a0ad2ce5-d542-4b2f-80e1-4367e0904848,2026-08-30T16:25:36.706419+00:00,629,2614370,Mr. Nomad,To be announced,Unpriced (Coming Soon),https://store.steampowered.com/app/2614370/Mr_Nomad/,26,4
a0ad2ce5-d542-4b2f-80e1-4367e0904848,2026-08-30T16:25:36.706419+00:00,630,4108680,Nightholme,To be announced,Unpriced (Coming Soon),https://store.steampowered.com/app/4108680/Nightholme/,26,5
a0ad2ce5-d542-4b2f-80e1-4367e0904848,2026-08-30T16:25:36.706419+00:00,631,4067370,Prospice: Anomalous Logistics,To be announced,Unpriced (Coming Soon),https://store.steampowered.com/app/4067370/Prospice_Anomalous_Logistics/,26,6
a0ad2ce5-d542-4b2f-80e1-4367e0904848,2026-08-30T16:25:36.706419+00:00,632,3799530,Eye of the Match: The VAR Game,To be announced,Unpriced (Coming Soon),https://store.steampowered.com/app/3799530/Eye_of_the_Match_The_VAR_Game/,26,7
a0ad2ce5-d542-4b2f-80e1-4367e0904848,2026-08-30T16:25:36.706419+00:00,633,4089140,Engine Of Sin,To be announced,Unpriced (Coming Soon),https://store.steampowered.com/app/4089140/Engine_Of_Sin/,26,8
a0ad2ce5-d542-4b2f-80e1-4367e0904848,2026-08-30T16:25:36.706419+00:00,634,4686110,Agents 404,To be announced,Unpriced (Coming Soon),https://store.steampowered.com/app/4686110/Agents_404/,26,9
a0ad2ce5-d542-4b2f-80e1-4367e0904848,2026-08-30T16:25:36.706419+00:00,635,4119090,The Daughter,Coming soon,Free,https://store.steampowered.com/app/4119090/The_Daughter/,26,10
a0ad2ce5-d542-4b2f-80e1-4367e0904848,2026-08-30T16:25:36.706419+00:00,636,4413070,Red Chat Ritual  – TSUMIMI TIME,October 2026,Unpriced (Coming Soon),https://store.steampowered.com/app/4413070/Red_Chat_Ritual___TSUMIMI_TIME/,26,11
a0ad2ce5-d542-4b2f-80e1-4367e0904848,2026-08-30T16:25:36.706419+00:00,637,4604540,TARAE: The Unbound,To be announced,Unpriced (Coming Soon),https://store.steampowered.com/app/4604540/TARAE_The_Unbound/,26,12
a0ad2ce5-d542-4b2f-80e1-4367e0904848,2026-08-30T16:25:36.706419+00:00,638,3669430,Twilight Imperium Digital,To be announced,Unpriced (Coming Soon),https://store.steampowered.com/app/3669430/Twilight_Imperium_Digital/,26,13
a0ad2ce5-d542-4b2f-80e1-4367e0904848,2026-08-30T16:25:36.706419+00:00,639,3676410,Senua,Coming soon,Free,https://store.steampowered.com/app/3676410/Senua/,26,14
a0ad2ce5-d542-4b2f-80e1-4367e0904848,2026-08-30T16:25:36.706419+00:00,640,1149450,Tree of Life 2,Coming soon,Free,https://store.steampowered.com/app/1149450/Tree_of_Life_2/,26,15
a0ad2ce5-d542-4b2f-80e1-4367e0904848,2026-08-30T16:25:36.706419+00:00,641,1622130,Our Life: Now & Forever,2026,Free,https://store.steampowered.com/app/1622130/Our_Life_Now__Forever/,26,16
a0ad2ce5-d542-4b2f-80e1-4367e0904848,2026-08-30T16:25:36.706419+00:00,642,2262630,Wish Upon A Llama,2026,Unpriced (Coming Soon),https://store.steampowered.com/app/2262630/Wish_Upon_A_Llama/,26,17
a0ad2ce5-d542-4b2f-80e1-4367e0904848,2026-08-30T16:25:36.706419+00:00,643,2974160,Blighted,2026,Unpriced (Coming Soon),https://store.steampowered.com/app/2974160/Blighted/,26,18
a0ad2ce5-d542-4b2f-80e1-4367e0904848,2026-08-30T16:25:36.706419+00:00,644,2160070,Forge of the Fae,To be announced,Unpriced (Coming Soon),https://store.steampowered.com/app/2160070/Forge_of_the_Fae/,26,19
a0ad2ce5-d542-4b2f-80e1-4367e0904848,2026-08-30T16:25:36.706419+00:00,645,2710040,Delverium,"Sep 21, 2026",Unpriced (Coming Soon),https://store.steampowered.com/app/2710040/Delverium/,26,20
a0ad2ce5-d542-4b2f-80e1-4367e0904848,2026-08-30T16:25:36.706419+00:00,646,2573060,Farmbotic,Coming soon,Free,https://store.steampowered.com/app/2573060/Farmbotic/,26,21
a0ad2ce5-d542-4b2f-80e1-4367e0904848,2026-08-30T16:25:36.706419+00:00,647,3201730,Flamecraft,"Sep 17, 2026",Unpriced (Coming Soon),https://store.steampowered.com/app/3201730/Flamecraft/,26,22
a0ad2ce5-d542-4b2f-80e1-4367e0904848,2026-08-30T16:25:36.706419+00:00,648,3176500,Wizard Cats,Coming soon,Free,https://store.steampowered.com/app/3176500/Wizard_Cats/,26,23
a0ad2ce5-d542-4b2f-80e1-4367e0904848,2026-08-30T16:25:36.706419+00:00,649,4753290,JUJUTSU KAISEN RUMBLE: SURVIVATON,2026,Unpriced (Coming Soon),https://store.steampowered.com/app/4753290/JUJUTSU_KAISEN_RUMBLE_SURVIVATON/,26,24
a0ad2ce5-d542-4b2f-80e1-4367e0904848,2026-08-30T16:25:36.706419+00:00,650,5072700,Rerouted,Coming soon,Free,https://store.steampowered.com/app/5072700/Rerouted/,26,25
a0ad2ce5-d542-4b2f-80e1-4367e0904848,2026-08-30T16:25:36.706419+00:00,651,4029090,Rizz Dungeon: Skeleton Key to My Heart,2027,Free,https://store.steampowered.com/app/4029090/Rizz_Dungeon_Skeleton_Key_to_My_Heart/,27,1
a0ad2ce5-d542-4b2f-80e1-4367e0904848,2026-08-30T16:25:36.706419+00:00,652,2302120,Infinitum: The Backrooms Story,To be announced,Unpriced (Coming Soon),https://store.steampowered.com/app/2302120/Infinitum_The_Backrooms_Story/,27,2
a0ad2ce5-d542-4b2f-80e1-4367e0904848,2026-08-30T16:25:36.706419+00:00,653,4661070,HANDS OVER,To be announced,Unpriced (Coming Soon),https://store.steampowered.com/app/4661070/HANDS_OVER/,27,3
a0ad2ce5-d542-4b2f-80e1-4367e0904848,2026-08-30T16:25:36.706419+00:00,654,3798860,Shutter Story,Q1 2027,Free,https://store.steampowered.com/app/3798860/Shutter_Story/,27,4
a0ad2ce5-d542-4b2f-80e1-4367e0904848,2026-08-30T16:25:36.706419+00:00,655,3687090,Dice Hoarder,Q4 2026,Unpriced (Coming Soon),https://store.steampowered.com/app/3687090/Dice_Hoarder/,27,5
a0ad2ce5-d542-4b2f-80e1-4367e0904848,2026-08-30T16:25:36.706419+00:00,656,3375110,Tiny Eden,"Sep 7, 2026",Unpriced (Coming Soon),https://store.steampowered.com/app/3375110/Tiny_Eden/,27,6
a0ad2ce5-d542-4b2f-80e1-4367e0904848,2026-08-30T16:25:36.706419+00:00,657,4151300,Sublustrum,Coming soon,Free,https://store.steampowered.com/app/4151300/Sublustrum/,27,7
a0ad2ce5-d542-4b2f-80e1-4367e0904848,2026-08-30T16:25:36.706419+00:00,658,2589980,Eden's Guardian,Coming soon,Free,https://store.steampowered.com/app/2589980/Edens_Guardian/,27,8
a0ad2ce5-d542-4b2f-80e1-4367e0904848,2026-08-30T16:25:36.706419+00:00,659,2193150,Kibu,To be announced,Unpriced (Coming Soon),https://store.steampowered.com/app/2193150/Kibu/,27,9
a0ad2ce5-d542-4b2f-80e1-4367e0904848,2026-08-30T16:25:36.706419+00:00,660,4317460,Bel's Fanfare,Coming soon,Free,https://store.steampowered.com/app/4317460/Bels_Fanfare/,27,10
a0ad2ce5-d542-4b2f-80e1-4367e0904848,2026-08-30T16:25:36.706419+00:00,661,1460210,Compound Fracture,To be announced,Unpriced (Coming Soon),https://store.steampowered.com/app/1460210/Compound_Fracture/,27,11
a0ad2ce5-d542-4b2f-80e1-4367e0904848,2026-08-30T16:25:36.706419+00:00,662,1505940,Orc Warchief: Strategy Story,2026,Unpriced (Coming Soon),https://store.steampowered.com/app/1505940/Orc_Warchief_Strategy_Story/,27,12
a0ad2ce5-d542-4b2f-80e1-4367e0904848,2026-08-30T16:25:36.706419+00:00,663,3135380,Verse Project,2026,Unpriced (Coming Soon),https://store.steampowered.com/app/3135380/Verse_Project/,27,13
a0ad2ce5-d542-4b2f-80e1-4367e0904848,2026-08-30T16:25:36.706419+00:00,664,1748280,Gate Zero,Coming soon,Free,https://store.steampowered.com/app/1748280/Gate_Zero/,27,14
a0ad2ce5-d542-4b2f-80e1-4367e0904848,2026-08-30T16:25:36.706419+00:00,665,2082980,Persist Online,Coming soon,Free,https://store.steampowered.com/app/2082980/Persist_Online/,27,15
a0ad2ce5-d542-4b2f-80e1-4367e0904848,2026-08-30T16:25:36.706419+00:00,666,1260940,Core Decay,To be announced,Unpriced (Coming Soon),https://store.steampowered.com/app/1260940/Core_Decay/,27,16
a0ad2ce5-d542-4b2f-80e1-4367e0904848,2026-08-30T16:25:36.706419+00:00,667,3185060,Ruina Remake,Coming soon,Free,https://store.steampowered.com/app/3185060/Ruina_Remake/,27,17
a0ad2ce5-d542-4b2f-80e1-4367e0904848,2026-08-30T16:25:36.706419+00:00,668,4459590,Slotbound,November 2026,Unpriced (Coming Soon),https://store.steampowered.com/app/4459590/Slotbound/,27,18
a0ad2ce5-d542-4b2f-80e1-4367e0904848,2026-08-30T16:25:36.706419+00:00,669,3778820,Architect of Ruin,Coming soon,Free,https://store.steampowered.com/app/3778820/Architect_of_Ruin/,27,19
a0ad2ce5-d542-4b2f-80e1-4367e0904848,2026-08-30T16:25:36.706419+00:00,670,3664440,Red Rust Pioneers,2026,Unpriced (Coming Soon),https://store.steampowered.com/app/3664440/Red_Rust_Pioneers/,27,20
a0ad2ce5-d542-4b2f-80e1-4367e0904848,2026-08-30T16:25:36.706419+00:00,671,2789680,Hello Neighbor 3,To be announced,Unpriced (Coming Soon),https://store.steampowered.com/app/2789680/Hello_Neighbor_3/,27,21
a0ad2ce5-d542-4b2f-80e1-4367e0904848,2026-08-30T16:25:36.706419+00:00,672,3587020,Dream Eaters.exe,Coming soon,Free,https://store.steampowered.com/app/3587020/Dream_Eatersexe/,27,22
a0ad2ce5-d542-4b2f-80e1-4367e0904848,2026-08-30T16:25:36.706419+00:00,673,2946850,Streets of Fortuna,To be announced,Unpriced (Coming Soon),https://store.steampowered.com/app/2946850/Streets_of_Fortuna/,27,23
a0ad2ce5-d542-4b2f-80e1-4367e0904848,2026-08-30T16:25:36.706419+00:00,674,4328820,Iron Bramble,2027,Free,https://store.steampowered.com/app/4328820/Iron_Bramble/,27,24
a0ad2ce5-d542-4b2f-80e1-4367e0904848,2026-08-30T16:25:36.706419+00:00,675,2251170,ZWAARD,2026,Unpriced (Coming Soon),https://store.steampowered.com/app/2251170/ZWAARD/,27,25
a0ad2ce5-d542-4b2f-80e1-4367e0904848,2026-08-30T16:25:36.706419+00:00,676,3983860,Nightwater,"Sep 18, 2026",Unpriced (Coming Soon),https://store.steampowered.com/app/3983860/Nightwater/,28,1
a0ad2ce5-d542-4b2f-80e1-4367e0904848,2026-08-30T16:25:36.706419+00:00,677,443190,Project Haven,Coming soon,Free,https://store.steampowered.com/app/443190/Project_Haven/,28,2
a0ad2ce5-d542-4b2f-80e1-4367e0904848,2026-08-30T16:25:36.706419+00:00,678,3268370,Tenkemo,To be announced,Unpriced (Coming Soon),https://store.steampowered.com/app/3268370/Tenkemo/,28,3
a0ad2ce5-d542-4b2f-80e1-4367e0904848,2026-08-30T16:25:36.706419+00:00,679,2961860,Honcho,To be announced,Unpriced (Coming Soon),https://store.steampowered.com/app/2961860/Honcho/,28,4
a0ad2ce5-d542-4b2f-80e1-4367e0904848,2026-08-30T16:25:36.706419+00:00,680,2960250,Tempus Triad,2026,Unpriced (Coming Soon),https://store.steampowered.com/app/2960250/Tempus_Triad/,28,5
a0ad2ce5-d542-4b2f-80e1-4367e0904848,2026-08-30T16:25:36.706419+00:00,681,4461460,Fantasy Blacksmith Simulator,2026,Unpriced (Coming Soon),https://store.steampowered.com/app/4461460/Fantasy_Blacksmith_Simulator/,28,6
a0ad2ce5-d542-4b2f-80e1-4367e0904848,2026-08-30T16:25:36.706419+00:00,682,4115300,A Date with Death 2: REMNANTS,Q1 2027,Free,https://store.steampowered.com/app/4115300/A_Date_with_Death_2_REMNANTS/,28,7
a0ad2ce5-d542-4b2f-80e1-4367e0904848,2026-08-30T16:25:36.706419+00:00,683,4557380,Batomon Showdown,"Sep 15, 2026",Unpriced (Coming Soon),https://store.steampowered.com/app/4557380/Batomon_Showdown/,28,8
a0ad2ce5-d542-4b2f-80e1-4367e0904848,2026-08-30T16:25:36.706419+00:00,684,4513480,Scarlet Skips,"Sep 3, 2026",Unpriced (Coming Soon),https://store.steampowered.com/app/4513480/Scarlet_Skips/,28,9
a0ad2ce5-d542-4b2f-80e1-4367e0904848,2026-08-30T16:25:36.706419+00:00,685,4259360,Milki Delivery,2026,Unpriced (Coming Soon),https://store.steampowered.com/app/4259360/Milki_Delivery/,28,10
a0ad2ce5-d542-4b2f-80e1-4367e0904848,2026-08-30T16:25:36.706419+00:00,686,4876650,Never Sort By Color,"Nov 10, 2026",Unpriced (Coming Soon),https://store.steampowered.com/app/4876650/Never_Sort_By_Color/,28,11
a0ad2ce5-d542-4b2f-80e1-4367e0904848,2026-08-30T16:25:36.706419+00:00,687,2616540,Croak,2026,Unpriced (Coming Soon),https://store.steampowered.com/app/2616540/Croak/,28,12
a0ad2ce5-d542-4b2f-80e1-4367e0904848,2026-08-30T16:25:36.706419+00:00,688,3498720,Rain98,2026,Unpriced (Coming Soon),https://store.steampowered.com/app/3498720/Rain98/,28,13
a0ad2ce5-d542-4b2f-80e1-4367e0904848,2026-08-30T16:25:36.706419+00:00,689,2397320,Bus Simulator 27,"Sep 8, 2026",$29.99,https://store.steampowered.com/app/2397320/Bus_Simulator_27/,28,14
a0ad2ce5-d542-4b2f-80e1-4367e0904848,2026-08-30T16:25:36.706419+00:00,690,3456950,Pixel Gun 2,Coming soon,Free,https://store.steampowered.com/app/3456950/Pixel_Gun_2/,28,15
a0ad2ce5-d542-4b2f-80e1-4367e0904848,2026-08-30T16:25:36.706419+00:00,691,969330,The Way of Wrath,2026,Unpriced (Coming Soon),https://store.steampowered.com/app/969330/The_Way_of_Wrath/,28,16
a0ad2ce5-d542-4b2f-80e1-4367e0904848,2026-08-30T16:25:36.706419+00:00,692,2261560,We The People,Coming soon,Free,https://store.steampowered.com/app/2261560/We_The_People/,28,17
a0ad2ce5-d542-4b2f-80e1-4367e0904848,2026-08-30T16:25:36.706419+00:00,693,3925150,AUDIOMECH: your music transformed,To be announced,Unpriced (Coming Soon),https://store.steampowered.com/app/3925150/AUDIOMECH_your_music_transformed/,28,18
a0ad2ce5-d542-4b2f-80e1-4367e0904848,2026-08-30T16:25:36.706419+00:00,694,2544820,The First Explorers®,To be announced,Unpriced (Coming Soon),https://store.steampowered.com/app/2544820/The_First_Explorers/,28,19
a0ad2ce5-d542-4b2f-80e1-4367e0904848,2026-08-30T16:25:36.706419+00:00,695,4664840,In the Van,To be announced,Unpriced (Coming Soon),https://store.steampowered.com/app/4664840/In_the_Van/,28,20
a0ad2ce5-d542-4b2f-80e1-4367e0904848,2026-08-30T16:25:36.706419+00:00,696,1937070,Engines Of Destruction,Coming soon,Free,https://store.steampowered.com/app/1937070/Engines_Of_Destruction/,28,21
a0ad2ce5-d542-4b2f-80e1-4367e0904848,2026-08-30T16:25:36.706419+00:00,697,2530870,GARBAGE COUNTRY,To be announced,Unpriced (Coming Soon),https://store.steampowered.com/app/2530870/GARBAGE_COUNTRY/,28,22
a0ad2ce5-d542-4b2f-80e1-4367e0904848,2026-08-30T16:25:36.706419+00:00,698,3812830,Tiny Delivery,Coming soon,Free,https://store.steampowered.com/app/3812830/Tiny_Delivery/,28,23
a0ad2ce5-d542-4b2f-80e1-4367e0904848,2026-08-30T16:25:36.706419+00:00,699,4738100,10 Million Pixels,Coming soon,Free,https://store.steampowered.com/app/4738100/10_Million_Pixels/,28,24
a0ad2ce5-d542-4b2f-80e1-4367e0904848,2026-08-30T16:25:36.706419+00:00,700,3154460,Office Party,2026,Unpriced (Coming Soon),https://store.steampowered.com/app/3154460/Office_Party/,28,25
a0ad2ce5-d542-4b2f-80e1-4367e0904848,2026-08-30T16:25:36.706419+00:00,701,4049180,Disney/Pixar Toy Story 3 Complete Edition,"Oct 15, 2026",Unpriced (Coming Soon),https://store.steampowered.com/app/4049180/DisneyPixar_Toy_Story_3_Complete_Edition/,29,1
a0ad2ce5-d542-4b2f-80e1-4367e0904848,2026-08-30T16:25:36.706419+00:00,702,1101370,Wind Runners,"Sep 23, 2026",Unpriced (Coming Soon),https://store.steampowered.com/app/1101370/Wind_Runners/,29,2
a0ad2ce5-d542-4b2f-80e1-4367e0904848,2026-08-30T16:25:36.706419+00:00,703,4413130,Battlespace Command,2027,Free,https://store.steampowered.com/app/4413130/Battlespace_Command/,29,3
a0ad2ce5-d542-4b2f-80e1-4367e0904848,2026-08-30T16:25:36.706419+00:00,704,4170840,Akina,2026,Unpriced (Coming Soon),https://store.steampowered.com/app/4170840/Akina/,29,4
a0ad2ce5-d542-4b2f-80e1-4367e0904848,2026-08-30T16:25:36.706419+00:00,705,4017880,ANOMALITH,"Oct 28, 2026",Unpriced (Coming Soon),https://store.steampowered.com/app/4017880/ANOMALITH/,29,5
a0ad2ce5-d542-4b2f-80e1-4367e0904848,2026-08-30T16:25:36.706419+00:00,706,4846360,Heatwarped,To be announced,Unpriced (Coming Soon),https://store.steampowered.com/app/4846360/Heatwarped/,29,6
a0ad2ce5-d542-4b2f-80e1-4367e0904848,2026-08-30T16:25:36.706419+00:00,707,2244700,Glasshouse,Coming soon,Free,https://store.steampowered.com/app/2244700/Glasshouse/,29,7
a0ad2ce5-d542-4b2f-80e1-4367e0904848,2026-08-30T16:25:36.706419+00:00,708,2708040,Triarchy,2027,Free,https://store.steampowered.com/app/2708040/Triarchy/,29,8
a0ad2ce5-d542-4b2f-80e1-4367e0904848,2026-08-30T16:25:36.706419+00:00,709,3864190,MISHA,To be announced,Unpriced (Coming Soon),https://store.steampowered.com/app/3864190/MISHA/,29,9
a0ad2ce5-d542-4b2f-80e1-4367e0904848,2026-08-30T16:25:36.706419+00:00,710,3989240,FPS Quest,To be announced,Unpriced (Coming Soon),https://store.steampowered.com/app/3989240/FPS_Quest/,29,10
a0ad2ce5-d542-4b2f-80e1-4367e0904848,2026-08-30T16:25:36.706419+00:00,711,3225880,Lenin Street Geek Shop,Coming soon,Free,https://store.steampowered.com/app/3225880/Lenin_Street_Geek_Shop/,29,11
a0ad2ce5-d542-4b2f-80e1-4367e0904848,2026-08-30T16:25:36.706419+00:00,712,1443980,Roman Empire Wars,Coming soon,Free,https://store.steampowered.com/app/1443980/Roman_Empire_Wars/,29,12
a0ad2ce5-d542-4b2f-80e1-4367e0904848,2026-08-30T16:25:36.706419+00:00,713,3838790,The Twilight Project,To be announced,Unpriced (Coming Soon),https://store.steampowered.com/app/3838790/The_Twilight_Project/,29,13
a0ad2ce5-d542-4b2f-80e1-4367e0904848,2026-08-30T16:25:36.706419+00:00,714,3960600,Warrior Cats: Clans of the Forest,To be announced,Unpriced (Coming Soon),https://store.steampowered.com/app/3960600/Warrior_Cats_Clans_of_the_Forest/,29,14
a0ad2ce5-d542-4b2f-80e1-4367e0904848,2026-08-30T16:25:36.706419+00:00,715,3971950,In Falsus,"Sep 9, 2026",Unpriced (Coming Soon),https://store.steampowered.com/app/3971950/In_Falsus/,29,15
a0ad2ce5-d542-4b2f-80e1-4367e0904848,2026-08-30T16:25:36.706419+00:00,716,2464520,Surviving Deponia,2026,Unpriced (Coming Soon),https://store.steampowered.com/app/2464520/Surviving_Deponia/,29,16
a0ad2ce5-d542-4b2f-80e1-4367e0904848,2026-08-30T16:25:36.706419+00:00,717,1104600,Rune Fencer Illyia,2026,Unpriced (Coming Soon),https://store.steampowered.com/app/1104600/Rune_Fencer_Illyia/,29,17
a0ad2ce5-d542-4b2f-80e1-4367e0904848,2026-08-30T16:25:36.706419+00:00,718,4745600,Motorsport Manager 2,2027,Free,https://store.steampowered.com/app/4745600/Motorsport_Manager_2/,29,18
a0ad2ce5-d542-4b2f-80e1-4367e0904848,2026-08-30T16:25:36.706419+00:00,719,3596040,Time Takers,Coming soon,Free,https://store.steampowered.com/app/3596040/Time_Takers/,29,19
a0ad2ce5-d542-4b2f-80e1-4367e0904848,2026-08-30T16:25:36.706419+00:00,720,4358270,Pickmos,To be announced,Unpriced (Coming Soon),https://store.steampowered.com/app/4358270/Pickmos/,29,20
a0ad2ce5-d542-4b2f-80e1-4367e0904848,2026-08-30T16:25:36.706419+00:00,721,994680,The Dungeon Experience,To be announced,Unpriced (Coming Soon),https://store.steampowered.com/app/994680/The_Dungeon_Experience/,29,21
a0ad2ce5-d542-4b2f-80e1-4367e0904848,2026-08-30T16:25:36.706419+00:00,722,4346690,Genigods: Nezha,To be announced,Unpriced (Coming Soon),https://store.steampowered.com/app/4346690/Genigods_Nezha/,29,22
a0ad2ce5-d542-4b2f-80e1-4367e0904848,2026-08-30T16:25:36.706419+00:00,723,3915840,Steel Ark,Coming soon,Free,https://store.steampowered.com/app/3915840/Steel_Ark/,29,23
a0ad2ce5-d542-4b2f-80e1-4367e0904848,2026-08-30T16:25:36.706419+00:00,724,3434920,SAGE,Coming soon,Free,https://store.steampowered.com/app/3434920/SAGE/,29,24
a0ad2ce5-d542-4b2f-80e1-4367e0904848,2026-08-30T16:25:36.706419+00:00,725,908770,Global Conflagration,To be announced,Unpriced (Coming Soon),https://store.steampowered.com/app/908770/Global_Conflagration/,29,25
a0ad2ce5-d542-4b2f-80e1-4367e0904848,2026-08-30T16:25:36.706419+00:00,726,3078140,Five Laps at Freddy's,2026,Unpriced (Coming Soon),https://store.steampowered.com/app/3078140/Five_Laps_at_Freddys/,30,1
a0ad2ce5-d542-4b2f-80e1-4367e0904848,2026-08-30T16:25:36.706419+00:00,727,2975680,Revelation of Decay,2026,Unpriced (Coming Soon),https://store.steampowered.com/app/2975680/Revelation_of_Decay/,30,2
a0ad2ce5-d542-4b2f-80e1-4367e0904848,2026-08-30T16:25:36.706419+00:00,728,3348640,TSAREVNA. Age of Tales,2027,Free,https://store.steampowered.com/app/3348640/TSAREVNA_Age_of_Tales/,30,3
a0ad2ce5-d542-4b2f-80e1-4367e0904848,2026-08-30T16:25:36.706419+00:00,729,3743140,Battleplan,Q3 2026,Unpriced (Coming Soon),https://store.steampowered.com/app/3743140/Battleplan/,30,4
a0ad2ce5-d542-4b2f-80e1-4367e0904848,2026-08-30T16:25:36.706419+00:00,730,3078760,LIVING HELL,2026,Unpriced (Coming Soon),https://store.steampowered.com/app/3078760/LIVING_HELL/,30,5
a0ad2ce5-d542-4b2f-80e1-4367e0904848,2026-08-30T16:25:36.706419+00:00,731,2938460,Police Chief Simulator,"Sep 17, 2026",Unpriced (Coming Soon),https://store.steampowered.com/app/2938460/Police_Chief_Simulator/,30,6
a0ad2ce5-d542-4b2f-80e1-4367e0904848,2026-08-30T16:25:36.706419+00:00,732,1872970,Food Truck Empire,2026,Unpriced (Coming Soon),https://store.steampowered.com/app/1872970/Food_Truck_Empire/,30,7
a0ad2ce5-d542-4b2f-80e1-4367e0904848,2026-08-30T16:25:36.706419+00:00,733,3922000,Neighborhoods,To be announced,Unpriced (Coming Soon),https://store.steampowered.com/app/3922000/Neighborhoods/,30,8
a0ad2ce5-d542-4b2f-80e1-4367e0904848,2026-08-30T16:25:36.706419+00:00,734,4687390,Abiotic Factor - Entropic Break,Q4 2026,Unpriced (Coming Soon),https://store.steampowered.com/app/4687390/Abiotic_Factor__Entropic_Break/,30,9
a0ad2ce5-d542-4b2f-80e1-4367e0904848,2026-08-30T16:25:36.706419+00:00,735,3024130,Pao Pao,Q3 2026,Unpriced (Coming Soon),https://store.steampowered.com/app/3024130/Pao_Pao/,30,10
a0ad2ce5-d542-4b2f-80e1-4367e0904848,2026-08-30T16:25:36.706419+00:00,736,3370490,Giggleland,Coming soon,Free,https://store.steampowered.com/app/3370490/Giggleland/,30,11
a0ad2ce5-d542-4b2f-80e1-4367e0904848,2026-08-30T16:25:36.706419+00:00,737,4735760,Vivarium,To be announced,Unpriced (Coming Soon),https://store.steampowered.com/app/4735760/Vivarium/,30,12
a0ad2ce5-d542-4b2f-80e1-4367e0904848,2026-08-30T16:25:36.706419+00:00,738,3144010,Usagi Shima: Bunny Island,October 2026,Unpriced (Coming Soon),https://store.steampowered.com/app/3144010/Usagi_Shima_Bunny_Island/,30,13
a0ad2ce5-d542-4b2f-80e1-4367e0904848,2026-08-30T16:25:36.706419+00:00,739,1368050,La Mer La Guerre,To be announced,Unpriced (Coming Soon),https://store.steampowered.com/app/1368050/La_Mer_La_Guerre/,30,14
a0ad2ce5-d542-4b2f-80e1-4367e0904848,2026-08-30T16:25:36.706419+00:00,740,3255500,Ved: Recure,Q3 2026,Unpriced (Coming Soon),https://store.steampowered.com/app/3255500/Ved_Recure/,30,15
a0ad2ce5-d542-4b2f-80e1-4367e0904848,2026-08-30T16:25:36.706419+00:00,741,4504970,AetherCycle,November 2026,Unpriced (Coming Soon),https://store.steampowered.com/app/4504970/AetherCycle/,30,16
a0ad2ce5-d542-4b2f-80e1-4367e0904848,2026-08-30T16:25:36.706419+00:00,742,4150860,The Loopler,"Sep 11, 2026",Unpriced (Coming Soon),https://store.steampowered.com/app/4150860/The_Loopler/,30,17
a0ad2ce5-d542-4b2f-80e1-4367e0904848,2026-08-30T16:25:36.706419+00:00,743,2666580,Pathfinder: Abomination Vaults,To be announced,Unpriced (Coming Soon),https://store.steampowered.com/app/2666580/Pathfinder_Abomination_Vaults/,30,18
a0ad2ce5-d542-4b2f-80e1-4367e0904848,2026-08-30T16:25:36.706419+00:00,744,4218620,Double Dealers,September 2026,Unpriced (Coming Soon),https://store.steampowered.com/app/4218620/Double_Dealers/,30,19
a0ad2ce5-d542-4b2f-80e1-4367e0904848,2026-08-30T16:25:36.706419+00:00,745,4267870,Washington Prime,To be announced,Unpriced (Coming Soon),https://store.steampowered.com/app/4267870/Washington_Prime/,30,20
a0ad2ce5-d542-4b2f-80e1-4367e0904848,2026-08-30T16:25:36.706419+00:00,746,3399240,Buster JAM!,Coming soon,Free,https://store.steampowered.com/app/3399240/Buster_JAM/,30,21
a0ad2ce5-d542-4b2f-80e1-4367e0904848,2026-08-30T16:25:36.706419+00:00,747,2355020,Lost Hellden,2026,Unpriced (Coming Soon),https://store.steampowered.com/app/2355020/Lost_Hellden/,30,22
a0ad2ce5-d542-4b2f-80e1-4367e0904848,2026-08-30T16:25:36.706419+00:00,748,3038500,Cooking Simulator 2: Prologue,Coming soon,Free,https://store.steampowered.com/app/3038500/Cooking_Simulator_2_Prologue/,30,23
a0ad2ce5-d542-4b2f-80e1-4367e0904848,2026-08-30T16:25:36.706419+00:00,749,3640200,Dawson Oaks Trailer Park,"Sep 17, 2026",Unpriced (Coming Soon),https://store.steampowered.com/app/3640200/Dawson_Oaks_Trailer_Park/,30,24
a0ad2ce5-d542-4b2f-80e1-4367e0904848,2026-08-30T16:25:36.706419+00:00,750,3123130,Moon Princess,2027,Free,https://store.steampowered.com/app/3123130/Moon_Princess/,30,25
a0ad2ce5-d542-4b2f-80e1-4367e0904848,2026-08-30T16:25:36.706419+00:00,751,3744040,Kaidan,To be announced,Unpriced (Coming Soon),https://store.steampowered.com/app/3744040/Kaidan/,31,1
a0ad2ce5-d542-4b2f-80e1-4367e0904848,2026-08-30T16:25:36.706419+00:00,752,3470850,Void Martyrs,2027,Free,https://store.steampowered.com/app/3470850/Void_Martyrs/,31,2
a0ad2ce5-d542-4b2f-80e1-4367e0904848,2026-08-30T16:25:36.706419+00:00,753,3636930,Professional Ship Simulator,"Sep 16, 2026",Unpriced (Coming Soon),https://store.steampowered.com/app/3636930/Professional_Ship_Simulator/,31,3
a0ad2ce5-d542-4b2f-80e1-4367e0904848,2026-08-30T16:25:36.706419+00:00,754,3644020,Cleaner Company,2026,Unpriced (Coming Soon),https://store.steampowered.com/app/3644020/Cleaner_Company/,31,4
a0ad2ce5-d542-4b2f-80e1-4367e0904848,2026-08-30T16:25:36.706419+00:00,755,1511480,AlterLife,To be announced,Unpriced (Coming Soon),https://store.steampowered.com/app/1511480/AlterLife/,31,5
a0ad2ce5-d542-4b2f-80e1-4367e0904848,2026-08-30T16:25:36.706419+00:00,756,2671300,Trailblazers: Into the March,To be announced,Unpriced (Coming Soon),https://store.steampowered.com/app/2671300/Trailblazers_Into_the_March/,31,6
a0ad2ce5-d542-4b2f-80e1-4367e0904848,2026-08-30T16:25:36.706419+00:00,757,4771290,"Hands Up, G!",Coming soon,Free,https://store.steampowered.com/app/4771290/Hands_Up_G/,31,7
a0ad2ce5-d542-4b2f-80e1-4367e0904848,2026-08-30T16:25:36.706419+00:00,758,3469910,Star Trek: Outposts Unknown,"Oct 20, 2026",Unpriced (Coming Soon),https://store.steampowered.com/app/3469910/Star_Trek_Outposts_Unknown/,31,8
a0ad2ce5-d542-4b2f-80e1-4367e0904848,2026-08-30T16:25:36.706419+00:00,759,4430020,Hamsteria,Q1 2027,Free,https://store.steampowered.com/app/4430020/Hamsteria/,31,9
a0ad2ce5-d542-4b2f-80e1-4367e0904848,2026-08-30T16:25:36.706419+00:00,760,3839180,POSTAL 2 Redux,2027,Free,https://store.steampowered.com/app/3839180/POSTAL_2_Redux/,31,10
a0ad2ce5-d542-4b2f-80e1-4367e0904848,2026-08-30T16:25:36.706419+00:00,761,4186890,Kitman,Q4 2026,Unpriced (Coming Soon),https://store.steampowered.com/app/4186890/Kitman/,31,11
a0ad2ce5-d542-4b2f-80e1-4367e0904848,2026-08-30T16:25:36.706419+00:00,762,2400980,AMONG THE WILD,To be announced,Unpriced (Coming Soon),https://store.steampowered.com/app/2400980/AMONG_THE_WILD/,31,12
a0ad2ce5-d542-4b2f-80e1-4367e0904848,2026-08-30T16:25:36.706419+00:00,763,3846900,Sword Sage: Awakening,Coming soon,Free,https://store.steampowered.com/app/3846900/Sword_Sage_Awakening/,31,13
a0ad2ce5-d542-4b2f-80e1-4367e0904848,2026-08-30T16:25:36.706419+00:00,764,4200960,Thief: The Dark Project Remastered,To be announced,Unpriced (Coming Soon),https://store.steampowered.com/app/4200960/Thief_The_Dark_Project_Remastered/,31,14
a0ad2ce5-d542-4b2f-80e1-4367e0904848,2026-08-30T16:25:36.706419+00:00,765,2266890,BECROWNED,Q4 2026,Unpriced (Coming Soon),https://store.steampowered.com/app/2266890/BECROWNED/,31,15
a0ad2ce5-d542-4b2f-80e1-4367e0904848,2026-08-30T16:25:36.706419+00:00,766,2275860,BAKUDO,To be announced,Unpriced (Coming Soon),https://store.steampowered.com/app/2275860/BAKUDO/,31,16
a0ad2ce5-d542-4b2f-80e1-4367e0904848,2026-08-30T16:25:36.706419+00:00,767,2885330,Fractured Mind,2026,Free,https://store.steampowered.com/app/2885330/Fractured_Mind/,31,17
a0ad2ce5-d542-4b2f-80e1-4367e0904848,2026-08-30T16:25:36.706419+00:00,768,4438080,Call It a Day,September 2026,Unpriced (Coming Soon),https://store.steampowered.com/app/4438080/Call_It_a_Day/,31,18
a0ad2ce5-d542-4b2f-80e1-4367e0904848,2026-08-30T16:25:36.706419+00:00,769,3867570,Stellar Trader,To be announced,Unpriced (Coming Soon),https://store.steampowered.com/app/3867570/Stellar_Trader/,31,19
a0ad2ce5-d542-4b2f-80e1-4367e0904848,2026-08-30T16:25:36.706419+00:00,770,4018380,Chronoscript: The Endless End,2026,Unpriced (Coming Soon),https://store.steampowered.com/app/4018380/Chronoscript_The_Endless_End/,31,20
a0ad2ce5-d542-4b2f-80e1-4367e0904848,2026-08-30T16:25:36.706419+00:00,771,2220860,TSURUGIHIME,To be announced,Unpriced (Coming Soon),https://store.steampowered.com/app/2220860/TSURUGIHIME/,31,21
a0ad2ce5-d542-4b2f-80e1-4367e0904848,2026-08-30T16:25:36.706419+00:00,772,3809080,Never Wither,Coming soon,Free,https://store.steampowered.com/app/3809080/Never_Wither/,31,22
a0ad2ce5-d542-4b2f-80e1-4367e0904848,2026-08-30T16:25:36.706419+00:00,773,4090310,Primal Repairs,Coming soon,Free,https://store.steampowered.com/app/4090310/Primal_Repairs/,31,23
a0ad2ce5-d542-4b2f-80e1-4367e0904848,2026-08-30T16:25:36.706419+00:00,774,3547270,Worming from Home,"Sep 4, 2026",Unpriced (Coming Soon),https://store.steampowered.com/app/3547270/Worming_from_Home/,31,24
a0ad2ce5-d542-4b2f-80e1-4367e0904848,2026-08-30T16:25:36.706419+00:00,775,3714000,Rogue Carrier,Coming soon,Free,https://store.steampowered.com/app/3714000/Rogue_Carrier/,31,25
a0ad2ce5-d542-4b2f-80e1-4367e0904848,2026-08-30T16:25:36.706419+00:00,776,3183080,Kyoryu,To be announced,Unpriced (Coming Soon),https://store.steampowered.com/app/3183080/Kyoryu/,32,1
a0ad2ce5-d542-4b2f-80e1-4367e0904848,2026-08-30T16:25:36.706419+00:00,777,4114100,Inkblood,2026,Unpriced (Coming Soon),https://store.steampowered.com/app/4114100/Inkblood/,32,2
a0ad2ce5-d542-4b2f-80e1-4367e0904848,2026-08-30T16:25:36.706419+00:00,778,4364730,IGTAP: an Incremental Game That's Also a Platformer,"Sep 21, 2026",Unpriced (Coming Soon),https://store.steampowered.com/app/4364730/IGTAP_an_Incremental_Game_Thats_Also_a_Platformer/,32,3
a0ad2ce5-d542-4b2f-80e1-4367e0904848,2026-08-30T16:25:36.706419+00:00,779,3100690,Dust & Diesel: Deadland Delivery,To be announced,Unpriced (Coming Soon),https://store.steampowered.com/app/3100690/Dust__Diesel_Deadland_Delivery/,32,4
a0ad2ce5-d542-4b2f-80e1-4367e0904848,2026-08-30T16:25:36.706419+00:00,780,1879250,Teatopia,To be announced,Unpriced (Coming Soon),https://store.steampowered.com/app/1879250/Teatopia/,32,5
a0ad2ce5-d542-4b2f-80e1-4367e0904848,2026-08-30T16:25:36.706419+00:00,781,4043740,Hero's Hour 2,2026,Unpriced (Coming Soon),https://store.steampowered.com/app/4043740/Heros_Hour_2/,32,6
a0ad2ce5-d542-4b2f-80e1-4367e0904848,2026-08-30T16:25:36.706419+00:00,782,2411200,Underkeep,Q4 2026,Unpriced (Coming Soon),https://store.steampowered.com/app/2411200/Underkeep/,32,7
a0ad2ce5-d542-4b2f-80e1-4367e0904848,2026-08-30T16:25:36.706419+00:00,783,3481610,Hopetown,To be announced,Unpriced (Coming Soon),https://store.steampowered.com/app/3481610/Hopetown/,32,8
a0ad2ce5-d542-4b2f-80e1-4367e0904848,2026-08-30T16:25:36.706419+00:00,784,3473430,All Our Broken Parts,To be announced,Unpriced (Coming Soon),https://store.steampowered.com/app/3473430/All_Our_Broken_Parts/,32,9
a0ad2ce5-d542-4b2f-80e1-4367e0904848,2026-08-30T16:25:36.706419+00:00,785,4538960,ZENONIA 1,"Aug 31, 2026",Unpriced (Coming Soon),https://store.steampowered.com/app/4538960/ZENONIA_1/,32,10
a0ad2ce5-d542-4b2f-80e1-4367e0904848,2026-08-30T16:25:36.706419+00:00,786,3264150,Paloma Island,Coming soon,Free,https://store.steampowered.com/app/3264150/Paloma_Island/,32,11
a0ad2ce5-d542-4b2f-80e1-4367e0904848,2026-08-30T16:25:36.706419+00:00,787,632950,SiN Reloaded,"Sep 24, 2026",Unpriced (Coming Soon),https://store.steampowered.com/app/632950/SiN_Reloaded/,32,12
a0ad2ce5-d542-4b2f-80e1-4367e0904848,2026-08-30T16:25:36.706419+00:00,788,3477910,The Willowmist Emporium of Antiques & Curiosities,To be announced,Unpriced (Coming Soon),https://store.steampowered.com/app/3477910/The_Willowmist_Emporium_of_Antiques__Curiosities/,32,13
a0ad2ce5-d542-4b2f-80e1-4367e0904848,2026-08-30T16:25:36.706419+00:00,789,3810050,Rabona,2026,Unpriced (Coming Soon),https://store.steampowered.com/app/3810050/Rabona/,32,14
a0ad2ce5-d542-4b2f-80e1-4367e0904848,2026-08-30T16:25:36.706419+00:00,790,2052300,Glaciered,2026,Unpriced (Coming Soon),https://store.steampowered.com/app/2052300/Glaciered/,32,15
a0ad2ce5-d542-4b2f-80e1-4367e0904848,2026-08-30T16:25:36.706419+00:00,791,2346870,The Big Lez Video Game,Coming soon,Free,https://store.steampowered.com/app/2346870/The_Big_Lez_Video_Game/,32,16
a0ad2ce5-d542-4b2f-80e1-4367e0904848,2026-08-30T16:25:36.706419+00:00,792,2842310,Among Us Story: On Guard,To be announced,Unpriced (Coming Soon),https://store.steampowered.com/app/2842310/Among_Us_Story_On_Guard/,32,17
a0ad2ce5-d542-4b2f-80e1-4367e0904848,2026-08-30T16:25:36.706419+00:00,793,2065580,Kitsune: The Journey of Adashino,Q4 2026,Unpriced (Coming Soon),https://store.steampowered.com/app/2065580/Kitsune_The_Journey_of_Adashino/,32,18
a0ad2ce5-d542-4b2f-80e1-4367e0904848,2026-08-30T16:25:36.706419+00:00,794,4061090,Rift Fishing,Q4 2026,Unpriced (Coming Soon),https://store.steampowered.com/app/4061090/Rift_Fishing/,32,19
a0ad2ce5-d542-4b2f-80e1-4367e0904848,2026-08-30T16:25:36.706419+00:00,795,2248150,Gunmetal Gothic,June 2027,Free,https://store.steampowered.com/app/2248150/Gunmetal_Gothic/,32,20
a0ad2ce5-d542-4b2f-80e1-4367e0904848,2026-08-30T16:25:36.706419+00:00,796,4280880,SHORE,Q4 2026,Unpriced (Coming Soon),https://store.steampowered.com/app/4280880/SHORE/,32,21
a0ad2ce5-d542-4b2f-80e1-4367e0904848,2026-08-30T16:25:36.706419+00:00,797,1167820,Airport Contraband,Q4 2026,Unpriced (Coming Soon),https://store.steampowered.com/app/1167820/Airport_Contraband/,32,22
a0ad2ce5-d542-4b2f-80e1-4367e0904848,2026-08-30T16:25:36.706419+00:00,798,2413800,Samurai Pizza Cats: Blast from the Past!,To be announced,Unpriced (Coming Soon),https://store.steampowered.com/app/2413800/Samurai_Pizza_Cats_Blast_from_the_Past/,32,23
a0ad2ce5-d542-4b2f-80e1-4367e0904848,2026-08-30T16:25:36.706419+00:00,799,4039200,Exterminauts,Coming soon,Free,https://store.steampowered.com/app/4039200/Exterminauts/,32,24
a0ad2ce5-d542-4b2f-80e1-4367e0904848,2026-08-30T16:25:36.706419+00:00,800,4383190,Intravenous 3,To be announced,Unpriced (Coming Soon),https://store.steampowered.com/app/4383190/Intravenous_3/,32,25
a0ad2ce5-d542-4b2f-80e1-4367e0904848,2026-08-30T16:25:36.706419+00:00,801,3470500,Ember and Blade,Q4 2026,Unpriced (Coming Soon),https://store.steampowered.com/app/3470500/Ember_and_Blade/,33,1
a0ad2ce5-d542-4b2f-80e1-4367e0904848,2026-08-30T16:25:36.706419+00:00,802,4278970,Bad Magpie,Coming soon,Free,https://store.steampowered.com/app/4278970/Bad_Magpie/,33,2
a0ad2ce5-d542-4b2f-80e1-4367e0904848,2026-08-30T16:25:36.706419+00:00,803,694320,UnderRail 2: Infusion,To be announced,Unpriced (Coming Soon),https://store.steampowered.com/app/694320/UnderRail_2_Infusion/,33,3
a0ad2ce5-d542-4b2f-80e1-4367e0904848,2026-08-30T16:25:36.706419+00:00,804,4564150,Titan Hunters,To be announced,Unpriced (Coming Soon),https://store.steampowered.com/app/4564150/Titan_Hunters/,33,4
a0ad2ce5-d542-4b2f-80e1-4367e0904848,2026-08-30T16:25:36.706419+00:00,805,4176460,Dungeons of DUSK,2026,Unpriced (Coming Soon),https://store.steampowered.com/app/4176460/Dungeons_of_DUSK/,33,5
a0ad2ce5-d542-4b2f-80e1-4367e0904848,2026-08-30T16:25:36.706419+00:00,806,1445880,ROCKBEASTS,Coming soon,Free,https://store.steampowered.com/app/1445880/ROCKBEASTS/,33,6
a0ad2ce5-d542-4b2f-80e1-4367e0904848,2026-08-30T16:25:36.706419+00:00,807,1606970,Ronin Trail,Coming soon,Free,https://store.steampowered.com/app/1606970/Ronin_Trail/,33,7
a0ad2ce5-d542-4b2f-80e1-4367e0904848,2026-08-30T16:25:36.706419+00:00,808,3878760,Migration,To be announced,Unpriced (Coming Soon),https://store.steampowered.com/app/3878760/Migration/,33,8
a0ad2ce5-d542-4b2f-80e1-4367e0904848,2026-08-30T16:25:36.706419+00:00,809,3219360,SOL Shogunate,To be announced,Unpriced (Coming Soon),https://store.steampowered.com/app/3219360/SOL_Shogunate/,33,9
a0ad2ce5-d542-4b2f-80e1-4367e0904848,2026-08-30T16:25:36.706419+00:00,810,2444760,Nexomon 3,To be announced,Unpriced (Coming Soon),https://store.steampowered.com/app/2444760/Nexomon_3/,33,10
a0ad2ce5-d542-4b2f-80e1-4367e0904848,2026-08-30T16:25:36.706419+00:00,811,4096830,S.O.N.A.R. - Submarine Operators Not Actually Ready,To be announced,Unpriced (Coming Soon),https://store.steampowered.com/app/4096830/SONAR__Submarine_Operators_Not_Actually_Ready/,33,11
a0ad2ce5-d542-4b2f-80e1-4367e0904848,2026-08-30T16:25:36.706419+00:00,812,3066300,Sky Dust,To be announced,Unpriced (Coming Soon),https://store.steampowered.com/app/3066300/Sky_Dust/,33,12
a0ad2ce5-d542-4b2f-80e1-4367e0904848,2026-08-30T16:25:36.706419+00:00,813,3470960,Tales of Eternia Remastered,"Oct 15, 2026",Unpriced (Coming Soon),https://store.steampowered.com/app/3470960/Tales_of_Eternia_Remastered/,33,13
a0ad2ce5-d542-4b2f-80e1-4367e0904848,2026-08-30T16:25:36.706419+00:00,814,2679070,IRONHIVE,Coming soon,Free,https://store.steampowered.com/app/2679070/IRONHIVE/,33,14
a0ad2ce5-d542-4b2f-80e1-4367e0904848,2026-08-30T16:25:36.706419+00:00,815,1963690,ENENRA: DΔEMON CORE,To be announced,Unpriced (Coming Soon),https://store.steampowered.com/app/1963690/ENENRA_DEMON_CORE/,33,15
a0ad2ce5-d542-4b2f-80e1-4367e0904848,2026-08-30T16:25:36.706419+00:00,816,2487330,Stuntman: Hollywood,To be announced,Unpriced (Coming Soon),https://store.steampowered.com/app/2487330/Stuntman_Hollywood/,33,16
a0ad2ce5-d542-4b2f-80e1-4367e0904848,2026-08-30T16:25:36.706419+00:00,817,1171980,Neverlooted Dungeon,2026,Unpriced (Coming Soon),https://store.steampowered.com/app/1171980/Neverlooted_Dungeon/,33,17
a0ad2ce5-d542-4b2f-80e1-4367e0904848,2026-08-30T16:25:36.706419+00:00,818,2541950,Sirens,To be announced,Unpriced (Coming Soon),https://store.steampowered.com/app/2541950/Sirens/,33,18
a0ad2ce5-d542-4b2f-80e1-4367e0904848,2026-08-30T16:25:36.706419+00:00,819,2616100,Plague Lords,2026,Unpriced (Coming Soon),https://store.steampowered.com/app/2616100/Plague_Lords/,33,19
a0ad2ce5-d542-4b2f-80e1-4367e0904848,2026-08-30T16:25:36.706419+00:00,820,1349300,Yakuza Empire,To be announced,Unpriced (Coming Soon),https://store.steampowered.com/app/1349300/Yakuza_Empire/,33,20
a0ad2ce5-d542-4b2f-80e1-4367e0904848,2026-08-30T16:25:36.706419+00:00,821,3431300,Slow Roads,September 2026,Unpriced (Coming Soon),https://store.steampowered.com/app/3431300/Slow_Roads/,33,21
a0ad2ce5-d542-4b2f-80e1-4367e0904848,2026-08-30T16:25:36.706419+00:00,822,2313380,Vicious Red,To be announced,Unpriced (Coming Soon),https://store.steampowered.com/app/2313380/Vicious_Red/,33,22
a0ad2ce5-d542-4b2f-80e1-4367e0904848,2026-08-30T16:25:36.706419+00:00,823,2613150,Bendy and the Ink Factory,To be announced,Unpriced (Coming Soon),https://store.steampowered.com/app/2613150/Bendy_and_the_Ink_Factory/,33,23
a0ad2ce5-d542-4b2f-80e1-4367e0904848,2026-08-30T16:25:36.706419+00:00,824,1048250,Bowlbo: The Quest for Bing Bing,Coming soon,Free,https://store.steampowered.com/app/1048250/Bowlbo_The_Quest_for_Bing_Bing/,33,24
a0ad2ce5-d542-4b2f-80e1-4367e0904848,2026-08-30T16:25:36.706419+00:00,825,3551140,Hoarder,To be announced,Unpriced (Coming Soon),https://store.steampowered.com/app/3551140/Hoarder/,33,25
a0ad2ce5-d542-4b2f-80e1-4367e0904848,2026-08-30T16:25:36.706419+00:00,826,1871640,The Backworld,2027,Free,https://store.steampowered.com/app/1871640/The_Backworld/,34,1
a0ad2ce5-d542-4b2f-80e1-4367e0904848,2026-08-30T16:25:36.706419+00:00,827,3685570,FIGHT-QUEST,Q4 2026,Unpriced (Coming Soon),https://store.steampowered.com/app/3685570/FIGHTQUEST/,34,2
a0ad2ce5-d542-4b2f-80e1-4367e0904848,2026-08-30T16:25:36.706419+00:00,828,2895410,Monsterest,To be announced,Unpriced (Coming Soon),https://store.steampowered.com/app/2895410/Monsterest/,34,3
a0ad2ce5-d542-4b2f-80e1-4367e0904848,2026-08-30T16:25:36.706419+00:00,829,2548880,Divine Frequency,To be announced,Unpriced (Coming Soon),https://store.steampowered.com/app/2548880/Divine_Frequency/,34,4
a0ad2ce5-d542-4b2f-80e1-4367e0904848,2026-08-30T16:25:36.706419+00:00,830,3602270,Whisk,2026,Unpriced (Coming Soon),https://store.steampowered.com/app/3602270/Whisk/,34,5
a0ad2ce5-d542-4b2f-80e1-4367e0904848,2026-08-30T16:25:36.706419+00:00,831,4487060,Northgard Battlegrounds,2026,Unpriced (Coming Soon),https://store.steampowered.com/app/4487060/Northgard_Battlegrounds/,34,6
a0ad2ce5-d542-4b2f-80e1-4367e0904848,2026-08-30T16:25:36.706419+00:00,832,2372340,THREEDAYS,Coming soon,Free,https://store.steampowered.com/app/2372340/THREEDAYS/,34,7
a0ad2ce5-d542-4b2f-80e1-4367e0904848,2026-08-30T16:25:36.706419+00:00,833,3376960,Nighthold,To be announced,Unpriced (Coming Soon),https://store.steampowered.com/app/3376960/Nighthold/,34,8
a0ad2ce5-d542-4b2f-80e1-4367e0904848,2026-08-30T16:25:36.706419+00:00,834,4717850,Magical Girl Taboo Village,2026,Unpriced (Coming Soon),https://store.steampowered.com/app/4717850/Magical_Girl_Taboo_Village/,34,9
a0ad2ce5-d542-4b2f-80e1-4367e0904848,2026-08-30T16:25:36.706419+00:00,835,2936810,RUINER 2,Coming soon,Free,https://store.steampowered.com/app/2936810/RUINER_2/,34,10
a0ad2ce5-d542-4b2f-80e1-4367e0904848,2026-08-30T16:25:36.706419+00:00,836,1403850,Mars Colony Builder,To be announced,Unpriced (Coming Soon),https://store.steampowered.com/app/1403850/Mars_Colony_Builder/,34,11
a0ad2ce5-d542-4b2f-80e1-4367e0904848,2026-08-30T16:25:36.706419+00:00,837,1238190,Ant Colony: Wild Forest,Q4 2026,Unpriced (Coming Soon),https://store.steampowered.com/app/1238190/Ant_Colony_Wild_Forest/,34,12
a0ad2ce5-d542-4b2f-80e1-4367e0904848,2026-08-30T16:25:36.706419+00:00,838,3325070,Forest Reigns,To be announced,Unpriced (Coming Soon),https://store.steampowered.com/app/3325070/Forest_Reigns/,34,13
a0ad2ce5-d542-4b2f-80e1-4367e0904848,2026-08-30T16:25:36.706419+00:00,839,3266110,Black Pine: Incident Response,Coming soon,Free,https://store.steampowered.com/app/3266110/Black_Pine_Incident_Response/,34,14
a0ad2ce5-d542-4b2f-80e1-4367e0904848,2026-08-30T16:25:36.706419+00:00,840,2702430,Usual June,"Oct 28, 2026",Unpriced (Coming Soon),https://store.steampowered.com/app/2702430/Usual_June/,34,15
a0ad2ce5-d542-4b2f-80e1-4367e0904848,2026-08-30T16:25:36.706419+00:00,841,2792320,Critter Crosser,To be announced,Unpriced (Coming Soon),https://store.steampowered.com/app/2792320/Critter_Crosser/,34,16
a0ad2ce5-d542-4b2f-80e1-4367e0904848,2026-08-30T16:25:36.706419+00:00,842,3036260,Wylde Society,To be announced,Unpriced (Coming Soon),https://store.steampowered.com/app/3036260/Wylde_Society/,34,17
a0ad2ce5-d542-4b2f-80e1-4367e0904848,2026-08-30T16:25:36.706419+00:00,843,4954970,No Body No Problem!,Coming soon,Free,https://store.steampowered.com/app/4954970/No_Body_No_Problem/,34,18
a0ad2ce5-d542-4b2f-80e1-4367e0904848,2026-08-30T16:25:36.706419+00:00,844,3348370,Ship Graveyard Simulator 3,To be announced,Unpriced (Coming Soon),https://store.steampowered.com/app/3348370/Ship_Graveyard_Simulator_3/,34,19
a0ad2ce5-d542-4b2f-80e1-4367e0904848,2026-08-30T16:25:36.706419+00:00,845,4244770,Midnight Watcher: Village,To be announced,Unpriced (Coming Soon),https://store.steampowered.com/app/4244770/Midnight_Watcher_Village/,34,20
a0ad2ce5-d542-4b2f-80e1-4367e0904848,2026-08-30T16:25:36.706419+00:00,846,3617990,Star Wrath,Q1 2027,Free,https://store.steampowered.com/app/3617990/Star_Wrath/,34,21
a0ad2ce5-d542-4b2f-80e1-4367e0904848,2026-08-30T16:25:36.706419+00:00,847,3335310,Remothered: Red Nun's Legacy,"Oct 27, 2026",Unpriced (Coming Soon),https://store.steampowered.com/app/3335310/Remothered_Red_Nuns_Legacy/,34,22
a0ad2ce5-d542-4b2f-80e1-4367e0904848,2026-08-30T16:25:36.706419+00:00,848,3681610,DRAGON QUEST MONSTERS: The Withered World,"Dec 3, 2026",$59.99,https://store.steampowered.com/app/3681610/DRAGON_QUEST_MONSTERS_The_Withered_World/,34,23
a0ad2ce5-d542-4b2f-80e1-4367e0904848,2026-08-30T16:25:36.706419+00:00,849,3867130,Rance 01 + 02,Coming soon,Free,https://store.steampowered.com/app/3867130/Rance_01__02/,34,24
a0ad2ce5-d542-4b2f-80e1-4367e0904848,2026-08-30T16:25:36.706419+00:00,850,4716160,Hitman Classic Trilogy Remastered,Coming soon,Free,https://store.steampowered.com/app/4716160/Hitman_Classic_Trilogy_Remastered/,34,25
a0ad2ce5-d542-4b2f-80e1-4367e0904848,2026-08-30T16:25:36.706419+00:00,851,395830,LOW-FI,Coming soon,Free,https://store.steampowered.com/app/395830/LOWFI/,35,1
a0ad2ce5-d542-4b2f-80e1-4367e0904848,2026-08-30T16:25:36.706419+00:00,852,4049810,Lancer Tactics,Coming soon,Free,https://store.steampowered.com/app/4049810/Lancer_Tactics/,35,2
a0ad2ce5-d542-4b2f-80e1-4367e0904848,2026-08-30T16:25:36.706419+00:00,853,1402820,Hostile Mars,Coming soon,Free,https://store.steampowered.com/app/1402820/Hostile_Mars/,35,3
a0ad2ce5-d542-4b2f-80e1-4367e0904848,2026-08-30T16:25:36.706419+00:00,854,2406140,AIKODE,Coming soon,Free,https://store.steampowered.com/app/2406140/AIKODE/,35,4
a0ad2ce5-d542-4b2f-80e1-4367e0904848,2026-08-30T16:25:36.706419+00:00,855,2676350,Pikuniku 2,Coming soon,Free,https://store.steampowered.com/app/2676350/Pikuniku_2/,35,5
a0ad2ce5-d542-4b2f-80e1-4367e0904848,2026-08-30T16:25:36.706419+00:00,856,3845010,Lofsöng,To be announced,Unpriced (Coming Soon),https://store.steampowered.com/app/3845010/Lofsong/,35,6
a0ad2ce5-d542-4b2f-80e1-4367e0904848,2026-08-30T16:25:36.706419+00:00,857,1361090,Restitched,To be announced,Unpriced (Coming Soon),https://store.steampowered.com/app/1361090/Restitched/,35,7
a0ad2ce5-d542-4b2f-80e1-4367e0904848,2026-08-30T16:25:36.706419+00:00,858,2322260,Don't Kill Them All,Q4 2026,Unpriced (Coming Soon),https://store.steampowered.com/app/2322260/Dont_Kill_Them_All/,35,8
a0ad2ce5-d542-4b2f-80e1-4367e0904848,2026-08-30T16:25:36.706419+00:00,859,3262820,Uncanny Valley: Checkpoint,November 2026,Unpriced (Coming Soon),https://store.steampowered.com/app/3262820/Uncanny_Valley_Checkpoint/,35,9
a0ad2ce5-d542-4b2f-80e1-4367e0904848,2026-08-30T16:25:36.706419+00:00,860,2945040,Shot One Fighters,Coming soon,Free,https://store.steampowered.com/app/2945040/Shot_One_Fighters/,35,10
a0ad2ce5-d542-4b2f-80e1-4367e0904848,2026-08-30T16:25:36.706419+00:00,861,3218100,I AM RIPPER,To be announced,Unpriced (Coming Soon),https://store.steampowered.com/app/3218100/I_AM_RIPPER/,35,11
a0ad2ce5-d542-4b2f-80e1-4367e0904848,2026-08-30T16:25:36.706419+00:00,862,4123800,The Road,To be announced,Unpriced (Coming Soon),https://store.steampowered.com/app/4123800/The_Road/,35,12
a0ad2ce5-d542-4b2f-80e1-4367e0904848,2026-08-30T16:25:36.706419+00:00,863,4163270,Half Grip,2026,Unpriced (Coming Soon),https://store.steampowered.com/app/4163270/Half_Grip/,35,13
a0ad2ce5-d542-4b2f-80e1-4367e0904848,2026-08-30T16:25:36.706419+00:00,864,4704000,Shark Mart,Coming soon,Free,https://store.steampowered.com/app/4704000/Shark_Mart/,35,14
a0ad2ce5-d542-4b2f-80e1-4367e0904848,2026-08-30T16:25:36.706419+00:00,865,2788210,DEEP STATE,Coming soon,Free,https://store.steampowered.com/app/2788210/DEEP_STATE/,35,15
a0ad2ce5-d542-4b2f-80e1-4367e0904848,2026-08-30T16:25:36.706419+00:00,866,2156390,WorldShards,2027,Free,https://store.steampowered.com/app/2156390/WorldShards/,35,16
a0ad2ce5-d542-4b2f-80e1-4367e0904848,2026-08-30T16:25:36.706419+00:00,867,2228250,Endurance Motorsport Series,Coming soon,Free,https://store.steampowered.com/app/2228250/Endurance_Motorsport_Series/,35,17
a0ad2ce5-d542-4b2f-80e1-4367e0904848,2026-08-30T16:25:36.706419+00:00,868,1046920,Bushiden,To be announced,Unpriced (Coming Soon),https://store.steampowered.com/app/1046920/Bushiden/,35,18
a0ad2ce5-d542-4b2f-80e1-4367e0904848,2026-08-30T16:25:36.706419+00:00,869,4040060,Model Kit Studio,2027,Free,https://store.steampowered.com/app/4040060/Model_Kit_Studio/,35,19
a0ad2ce5-d542-4b2f-80e1-4367e0904848,2026-08-30T16:25:36.706419+00:00,870,2581850,HUMANKIND™ 2,2027,Free,https://store.steampowered.com/app/2581850/HUMANKIND_2/,35,20
a0ad2ce5-d542-4b2f-80e1-4367e0904848,2026-08-30T16:25:36.706419+00:00,871,3445250,Daydream,To be announced,Unpriced (Coming Soon),https://store.steampowered.com/app/3445250/Daydream/,35,21
a0ad2ce5-d542-4b2f-80e1-4367e0904848,2026-08-30T16:25:36.706419+00:00,872,4190710,Shady job,"Sep 10, 2026",Unpriced (Coming Soon),https://store.steampowered.com/app/4190710/Shady_job/,35,22
a0ad2ce5-d542-4b2f-80e1-4367e0904848,2026-08-30T16:25:36.706419+00:00,873,937450,Metropolisim,Coming soon,Free,https://store.steampowered.com/app/937450/Metropolisim/,35,23
a0ad2ce5-d542-4b2f-80e1-4367e0904848,2026-08-30T16:25:36.706419+00:00,874,2085080,Princess Hunter,Coming soon,Free,https://store.steampowered.com/app/2085080/Princess_Hunter/,35,24
a0ad2ce5-d542-4b2f-80e1-4367e0904848,2026-08-30T16:25:36.706419+00:00,875,3891160,CRYMELIGHT,"Nov 4, 2026",Unpriced (Coming Soon),https://store.steampowered.com/app/3891160/CRYMELIGHT/,35,25
a0ad2ce5-d542-4b2f-80e1-4367e0904848,2026-08-30T16:25:36.706419+00:00,876,2362070,Hollow Home,2026,Unpriced (Coming Soon),https://store.steampowered.com/app/2362070/Hollow_Home/,36,1
a0ad2ce5-d542-4b2f-80e1-4367e0904848,2026-08-30T16:25:36.706419+00:00,877,3564500,Lambda Fortress,Coming soon,Free,https://store.steampowered.com/app/3564500/Lambda_Fortress/,36,2
a0ad2ce5-d542-4b2f-80e1-4367e0904848,2026-08-30T16:25:36.706419+00:00,878,4336170,Age of Empires IV: Raiders of the North,Q4 2026,Unpriced (Coming Soon),https://store.steampowered.com/app/4336170/Age_of_Empires_IV_Raiders_of_the_North/,36,3
a0ad2ce5-d542-4b2f-80e1-4367e0904848,2026-08-30T16:25:36.706419+00:00,879,4339280,ShipShaper: Falconeer Chronicles,"Sep 2, 2026",Unpriced (Coming Soon),https://store.steampowered.com/app/4339280/ShipShaper_Falconeer_Chronicles/,36,4
a0ad2ce5-d542-4b2f-80e1-4367e0904848,2026-08-30T16:25:36.706419+00:00,880,1108600,Last Moon,Coming soon,Free,https://store.steampowered.com/app/1108600/Last_Moon/,36,5
a0ad2ce5-d542-4b2f-80e1-4367e0904848,2026-08-30T16:25:36.706419+00:00,881,2869850,Lorn Vale,To be announced,Unpriced (Coming Soon),https://store.steampowered.com/app/2869850/Lorn_Vale/,36,6
a0ad2ce5-d542-4b2f-80e1-4367e0904848,2026-08-30T16:25:36.706419+00:00,882,4420980,Drunkslop: Pub crawl COOP,Coming soon,Free,https://store.steampowered.com/app/4420980/Drunkslop_Pub_crawl_COOP/,36,7
a0ad2ce5-d542-4b2f-80e1-4367e0904848,2026-08-30T16:25:36.706419+00:00,883,3788160,Terminal War,Coming soon,Free,https://store.steampowered.com/app/3788160/Terminal_War/,36,8
a0ad2ce5-d542-4b2f-80e1-4367e0904848,2026-08-30T16:25:36.706419+00:00,884,1803110,ASCENDANT,2026,Unpriced (Coming Soon),https://store.steampowered.com/app/1803110/ASCENDANT/,36,9
a0ad2ce5-d542-4b2f-80e1-4367e0904848,2026-08-30T16:25:36.706419+00:00,885,2420570,Portal BAGLEY,To be announced,Free,https://store.steampowered.com/app/2420570/Portal_BAGLEY/,36,10
a0ad2ce5-d542-4b2f-80e1-4367e0904848,2026-08-30T16:25:36.706419+00:00,886,4734550,RollerCoaster Tycoon® Wonderworks,Coming soon,Free,https://store.steampowered.com/app/4734550/RollerCoaster_Tycoon_Wonderworks/,36,11
a0ad2ce5-d542-4b2f-80e1-4367e0904848,2026-08-30T16:25:36.706419+00:00,887,2389020,Dreadwoods Gatekeeper,To be announced,Unpriced (Coming Soon),https://store.steampowered.com/app/2389020/Dreadwoods_Gatekeeper/,36,12
a0ad2ce5-d542-4b2f-80e1-4367e0904848,2026-08-30T16:25:36.706419+00:00,888,1268790,Dark Fracture,To be announced,Unpriced (Coming Soon),https://store.steampowered.com/app/1268790/Dark_Fracture/,36,13
a0ad2ce5-d542-4b2f-80e1-4367e0904848,2026-08-30T16:25:36.706419+00:00,889,3861710,Otterly Lost,"Sep 23, 2026",Unpriced (Coming Soon),https://store.steampowered.com/app/3861710/Otterly_Lost/,36,14
a0ad2ce5-d542-4b2f-80e1-4367e0904848,2026-08-30T16:25:36.706419+00:00,890,3296060,Escape Academy 2: Back 2 School,November 2026,Unpriced (Coming Soon),https://store.steampowered.com/app/3296060/Escape_Academy_2_Back_2_School/,36,15
a0ad2ce5-d542-4b2f-80e1-4367e0904848,2026-08-30T16:25:36.706419+00:00,891,2083660,Littlelands,To be announced,Unpriced (Coming Soon),https://store.steampowered.com/app/2083660/Littlelands/,36,16
a0ad2ce5-d542-4b2f-80e1-4367e0904848,2026-08-30T16:25:36.706419+00:00,892,1879940,Dark Mass,Coming soon,Free,https://store.steampowered.com/app/1879940/Dark_Mass/,36,17
a0ad2ce5-d542-4b2f-80e1-4367e0904848,2026-08-30T16:25:36.706419+00:00,893,3164230,THE IRONY,Coming soon,Free,https://store.steampowered.com/app/3164230/THE_IRONY/,36,18
a0ad2ce5-d542-4b2f-80e1-4367e0904848,2026-08-30T16:25:36.706419+00:00,894,2929290,Stretchmancer,Coming soon,Free,https://store.steampowered.com/app/2929290/Stretchmancer/,36,19
a0ad2ce5-d542-4b2f-80e1-4367e0904848,2026-08-30T16:25:36.706419+00:00,895,1577230,City of Atlantis,To be announced,Unpriced (Coming Soon),https://store.steampowered.com/app/1577230/City_of_Atlantis/,36,20
a0ad2ce5-d542-4b2f-80e1-4367e0904848,2026-08-30T16:25:36.706419+00:00,896,3459340,Lacey's Flash Games,2026,Unpriced (Coming Soon),https://store.steampowered.com/app/3459340/Laceys_Flash_Games/,36,21
a0ad2ce5-d542-4b2f-80e1-4367e0904848,2026-08-30T16:25:36.706419+00:00,897,2726580,PUBG: DED.NET,To be announced,Unpriced (Coming Soon),https://store.steampowered.com/app/2726580/PUBG_DEDNET/,36,22
a0ad2ce5-d542-4b2f-80e1-4367e0904848,2026-08-30T16:25:36.706419+00:00,898,3758090,Necrofane,2027,Free,https://store.steampowered.com/app/3758090/Necrofane/,36,23
a0ad2ce5-d542-4b2f-80e1-4367e0904848,2026-08-30T16:25:36.706419+00:00,899,1415230,For The Stars,Coming soon,Free,https://store.steampowered.com/app/1415230/For_The_Stars/,36,24
a0ad2ce5-d542-4b2f-80e1-4367e0904848,2026-08-30T16:25:36.706419+00:00,900,2405340,Dead On Arrival,To be announced,Unpriced (Coming Soon),https://store.steampowered.com/app/2405340/Dead_On_Arrival/,36,25
a0ad2ce5-d542-4b2f-80e1-4367e0904848,2026-08-30T16:25:36.706419+00:00,901,2591790,ANIMAL USE PROTOCOL,To be announced,Unpriced (Coming Soon),https://store.steampowered.com/app/2591790/ANIMAL_USE_PROTOCOL/,37,1
a0ad2ce5-d542-4b2f-80e1-4367e0904848,2026-08-30T16:25:36.706419+00:00,902,2743290,Lazy River,To be announced,Unpriced (Coming Soon),https://store.steampowered.com/app/2743290/Lazy_River/,37,2
a0ad2ce5-d542-4b2f-80e1-4367e0904848,2026-08-30T16:25:36.706419+00:00,903,2303850,Toxic Crusaders,2026,Unpriced (Coming Soon),https://store.steampowered.com/app/2303850/Toxic_Crusaders/,37,3
a0ad2ce5-d542-4b2f-80e1-4367e0904848,2026-08-30T16:25:36.706419+00:00,904,2106730,Phantom Hellcat,To be announced,Unpriced (Coming Soon),https://store.steampowered.com/app/2106730/Phantom_Hellcat/,37,4
a0ad2ce5-d542-4b2f-80e1-4367e0904848,2026-08-30T16:25:36.706419+00:00,905,2787850,Runa,To be announced,Unpriced (Coming Soon),https://store.steampowered.com/app/2787850/Runa/,37,5
a0ad2ce5-d542-4b2f-80e1-4367e0904848,2026-08-30T16:25:36.706419+00:00,906,925500,Innkeep,To be announced,Unpriced (Coming Soon),https://store.steampowered.com/app/925500/Innkeep/,37,6
a0ad2ce5-d542-4b2f-80e1-4367e0904848,2026-08-30T16:25:36.706419+00:00,907,3340880,Silicone Heart,"Dec 1, 2026",Unpriced (Coming Soon),https://store.steampowered.com/app/3340880/Silicone_Heart/,37,7
a0ad2ce5-d542-4b2f-80e1-4367e0904848,2026-08-30T16:25:36.706419+00:00,908,2822720,Echoes of Extinction,To be announced,Unpriced (Coming Soon),https://store.steampowered.com/app/2822720/Echoes_of_Extinction/,37,8
a0ad2ce5-d542-4b2f-80e1-4367e0904848,2026-08-30T16:25:36.706419+00:00,909,4200110,Nekome: Nazi Hunter,Q1 2027,Free,https://store.steampowered.com/app/4200110/Nekome_Nazi_Hunter/,37,9
a0ad2ce5-d542-4b2f-80e1-4367e0904848,2026-08-30T16:25:36.706419+00:00,910,4892120,ROUTE,Coming soon,Free,https://store.steampowered.com/app/4892120/ROUTE/,37,10
a0ad2ce5-d542-4b2f-80e1-4367e0904848,2026-08-30T16:25:36.706419+00:00,911,3764400,LIMIT ZERO BREAKERS,Coming soon,Free,https://store.steampowered.com/app/3764400/LIMIT_ZERO_BREAKERS/,37,11
a0ad2ce5-d542-4b2f-80e1-4367e0904848,2026-08-30T16:25:36.706419+00:00,912,3523120,AEROMACHINA,Coming soon,Free,https://store.steampowered.com/app/3523120/AEROMACHINA/,37,12
a0ad2ce5-d542-4b2f-80e1-4367e0904848,2026-08-30T16:25:36.706419+00:00,913,1403030,Wanderlost,Coming soon,Free,https://store.steampowered.com/app/1403030/Wanderlost/,37,13
a0ad2ce5-d542-4b2f-80e1-4367e0904848,2026-08-30T16:25:36.706419+00:00,914,3464670,Dead Watch,Coming soon,Free,https://store.steampowered.com/app/3464670/Dead_Watch/,37,14
a0ad2ce5-d542-4b2f-80e1-4367e0904848,2026-08-30T16:25:36.706419+00:00,915,3440200,The Holy Fool,To be announced,Unpriced (Coming Soon),https://store.steampowered.com/app/3440200/The_Holy_Fool/,37,15
a0ad2ce5-d542-4b2f-80e1-4367e0904848,2026-08-30T16:25:36.706419+00:00,916,4574370,Sword & Banner,Q1 2027,Free,https://store.steampowered.com/app/4574370/Sword__Banner/,37,16
a0ad2ce5-d542-4b2f-80e1-4367e0904848,2026-08-30T16:25:36.706419+00:00,917,4618570,Booster Pack Heroes,Coming soon,Free,https://store.steampowered.com/app/4618570/Booster_Pack_Heroes/,37,17
a0ad2ce5-d542-4b2f-80e1-4367e0904848,2026-08-30T16:25:36.706419+00:00,918,2378230,Neo Junk City,Q3 2026,Unpriced (Coming Soon),https://store.steampowered.com/app/2378230/Neo_Junk_City/,37,18
a0ad2ce5-d542-4b2f-80e1-4367e0904848,2026-08-30T16:25:36.706419+00:00,919,2321960,Spirit Crossing,2026,Unpriced (Coming Soon),https://store.steampowered.com/app/2321960/Spirit_Crossing/,37,19
a0ad2ce5-d542-4b2f-80e1-4367e0904848,2026-08-30T16:25:36.706419+00:00,920,2821390,HOT WHEELS™ Infinite Rush,"Sep 10, 2026",Unpriced (Coming Soon),https://store.steampowered.com/app/2821390/HOT_WHEELS_Infinite_Rush/,37,20
a0ad2ce5-d542-4b2f-80e1-4367e0904848,2026-08-30T16:25:36.706419+00:00,921,4241920,BRAZILIAN DRUG DEALER BEFORE 4: DEMONS FROM THE PORTAL TO HELL I OPENED ARE STILL IN THE FAVELA AND NOW I HAVE TO SAVE MAMADAS FROM RONALDO,"Sep 16, 2026",Unpriced (Coming Soon),https://store.steampowered.com/app/4241920/BRAZILIAN_DRUG_DEALER_BEFORE_4_DEMONS_FROM_THE_PORTAL_TO_HELL_I_OPENED_ARE_STILL_IN_THE_FAVELA_AND_NOW_I_HAVE_TO_SAVE_MAMADAS_FROM_RONALDO/,37,21
a0ad2ce5-d542-4b2f-80e1-4367e0904848,2026-08-30T16:25:36.706419+00:00,922,3758950,Death at Fleming Manor,November 2026,Unpriced (Coming Soon),https://store.steampowered.com/app/3758950/Death_at_Fleming_Manor/,37,22
a0ad2ce5-d542-4b2f-80e1-4367e0904848,2026-08-30T16:25:36.706419+00:00,923,3660260,Out Fishing,Coming soon,Free,https://store.steampowered.com/app/3660260/Out_Fishing/,37,23
a0ad2ce5-d542-4b2f-80e1-4367e0904848,2026-08-30T16:25:36.706419+00:00,924,1362000,Skyclimbers,2026,Unpriced (Coming Soon),https://store.steampowered.com/app/1362000/Skyclimbers/,37,24
a0ad2ce5-d542-4b2f-80e1-4367e0904848,2026-08-30T16:25:36.706419+00:00,925,1163020,The Looter,To be announced,Unpriced (Coming Soon),https://store.steampowered.com/app/1163020/The_Looter/,37,25
a0ad2ce5-d542-4b2f-80e1-4367e0904848,2026-08-30T16:25:36.706419+00:00,926,2359660,Arisen Force: Vonimir,Coming soon,Free,https://store.steampowered.com/app/2359660/Arisen_Force_Vonimir/,38,1
a0ad2ce5-d542-4b2f-80e1-4367e0904848,2026-08-30T16:25:36.706419+00:00,927,4244460,Sealbreakers,Coming soon,Free,https://store.steampowered.com/app/4244460/Sealbreakers/,38,2
a0ad2ce5-d542-4b2f-80e1-4367e0904848,2026-08-30T16:25:36.706419+00:00,928,1688640,Isle Goblin,To be announced,Unpriced (Coming Soon),https://store.steampowered.com/app/1688640/Isle_Goblin/,38,3
a0ad2ce5-d542-4b2f-80e1-4367e0904848,2026-08-30T16:25:36.706419+00:00,929,5123770,Ylem's Cat,Coming soon,Free,https://store.steampowered.com/app/5123770/Ylems_Cat/,38,4
a0ad2ce5-d542-4b2f-80e1-4367e0904848,2026-08-30T16:25:36.706419+00:00,930,4012150,BREKEKEKEX,To be announced,Unpriced (Coming Soon),https://store.steampowered.com/app/4012150/BREKEKEKEX/,38,5
a0ad2ce5-d542-4b2f-80e1-4367e0904848,2026-08-30T16:25:36.706419+00:00,931,3035270,Backrooms,2026,Free,https://store.steampowered.com/app/3035270/Backrooms/,38,6
a0ad2ce5-d542-4b2f-80e1-4367e0904848,2026-08-30T16:25:36.706419+00:00,932,1680780,Big Boy Boxing,To be announced,Unpriced (Coming Soon),https://store.steampowered.com/app/1680780/Big_Boy_Boxing/,38,7
a0ad2ce5-d542-4b2f-80e1-4367e0904848,2026-08-30T16:25:36.706419+00:00,933,1498550,Infinity: HexaDome Tactics,"Sep 10, 2026",Unpriced (Coming Soon),https://store.steampowered.com/app/1498550/Infinity_HexaDome_Tactics/,38,8
a0ad2ce5-d542-4b2f-80e1-4367e0904848,2026-08-30T16:25:36.706419+00:00,934,3848900,Sucker for Love: Crush Landing,"Aug 31, 2026",Unpriced (Coming Soon),https://store.steampowered.com/app/3848900/Sucker_for_Love_Crush_Landing/,38,9
a0ad2ce5-d542-4b2f-80e1-4367e0904848,2026-08-30T16:25:36.706419+00:00,935,4373620,Fresco,To be announced,Unpriced (Coming Soon),https://store.steampowered.com/app/4373620/Fresco/,38,10
a0ad2ce5-d542-4b2f-80e1-4367e0904848,2026-08-30T16:25:36.706419+00:00,936,4045480,Drawquarium,Coming soon,Free,https://store.steampowered.com/app/4045480/Drawquarium/,38,11
a0ad2ce5-d542-4b2f-80e1-4367e0904848,2026-08-30T16:25:36.706419+00:00,937,3695930,Penguin Colony,"Oct 8, 2026",Unpriced (Coming Soon),https://store.steampowered.com/app/3695930/Penguin_Colony/,38,12
a0ad2ce5-d542-4b2f-80e1-4367e0904848,2026-08-30T16:25:36.706419+00:00,938,3919900,Dead Zone Revive,Coming soon,Free,https://store.steampowered.com/app/3919900/Dead_Zone_Revive/,38,13
a0ad2ce5-d542-4b2f-80e1-4367e0904848,2026-08-30T16:25:36.706419+00:00,939,4532500,Atelier Karia: The Night Kingdom & the Guide of Memories,To be announced,Unpriced (Coming Soon),https://store.steampowered.com/app/4532500/Atelier_Karia_The_Night_Kingdom__the_Guide_of_Memories/,38,14
a0ad2ce5-d542-4b2f-80e1-4367e0904848,2026-08-30T16:25:36.706419+00:00,940,811760,The Last Exterminator,To be announced,Unpriced (Coming Soon),https://store.steampowered.com/app/811760/The_Last_Exterminator/,38,15
a0ad2ce5-d542-4b2f-80e1-4367e0904848,2026-08-30T16:25:36.706419+00:00,941,4691270,Company of Heroes - Definitive Edition,To be announced,Unpriced (Coming Soon),https://store.steampowered.com/app/4691270/Company_of_Heroes__Definitive_Edition/,38,16
a0ad2ce5-d542-4b2f-80e1-4367e0904848,2026-08-30T16:25:36.706419+00:00,942,3356660,Game Quest: The Backlog Battler,2026,Unpriced (Coming Soon),https://store.steampowered.com/app/3356660/Game_Quest_The_Backlog_Battler/,38,17
a0ad2ce5-d542-4b2f-80e1-4367e0904848,2026-08-30T16:25:36.706419+00:00,943,3699910,Lines of Battle,To be announced,Unpriced (Coming Soon),https://store.steampowered.com/app/3699910/Lines_of_Battle/,38,18
a0ad2ce5-d542-4b2f-80e1-4367e0904848,2026-08-30T16:25:36.706419+00:00,944,4540840,DIOXIDE,Coming soon,Free,https://store.steampowered.com/app/4540840/DIOXIDE/,38,19
a0ad2ce5-d542-4b2f-80e1-4367e0904848,2026-08-30T16:25:36.706419+00:00,945,2561460,Burning Sword: Death Sun,Coming soon,Free,https://store.steampowered.com/app/2561460/Burning_Sword_Death_Sun/,38,20
a0ad2ce5-d542-4b2f-80e1-4367e0904848,2026-08-30T16:25:36.706419+00:00,946,3726180,In Hope Voiden,Coming soon,Free,https://store.steampowered.com/app/3726180/In_Hope_Voiden/,38,21
a0ad2ce5-d542-4b2f-80e1-4367e0904848,2026-08-30T16:25:36.706419+00:00,947,3905010,ONE PIECE: Grand Gourmet,"Oct 22, 2026",$19.99,https://store.steampowered.com/app/3905010/ONE_PIECE_Grand_Gourmet/,38,22
a0ad2ce5-d542-4b2f-80e1-4367e0904848,2026-08-30T16:25:36.706419+00:00,948,3113580,Kaido Genkai: An Anime Racing RPG,To be announced,Unpriced (Coming Soon),https://store.steampowered.com/app/3113580/Kaido_Genkai_An_Anime_Racing_RPG/,38,23
a0ad2ce5-d542-4b2f-80e1-4367e0904848,2026-08-30T16:25:36.706419+00:00,949,1722610,Unawake,To be announced,Unpriced (Coming Soon),https://store.steampowered.com/app/1722610/Unawake/,38,24
a0ad2ce5-d542-4b2f-80e1-4367e0904848,2026-08-30T16:25:36.706419+00:00,950,2184280,Vexlands,Coming soon,Free,https://store.steampowered.com/app/2184280/Vexlands/,38,25
a0ad2ce5-d542-4b2f-80e1-4367e0904848,2026-08-30T16:25:36.706419+00:00,951,2134470,34EVERLAST,To be announced,Unpriced (Coming Soon),https://store.steampowered.com/app/2134470/34EVERLAST/,39,1
a0ad2ce5-d542-4b2f-80e1-4367e0904848,2026-08-30T16:25:36.706419+00:00,952,3893290,Stray Dog: nobody cares,Coming soon,Free,https://store.steampowered.com/app/3893290/Stray_Dog_nobody_cares/,39,2
a0ad2ce5-d542-4b2f-80e1-4367e0904848,2026-08-30T16:25:36.706419+00:00,953,4623570,Deskrawl: Idle ARPG,September 2026,Unpriced (Coming Soon),https://store.steampowered.com/app/4623570/Deskrawl_Idle_ARPG/,39,3
a0ad2ce5-d542-4b2f-80e1-4367e0904848,2026-08-30T16:25:36.706419+00:00,954,3301510,Tomo: Endless Blue,To be announced,Unpriced (Coming Soon),https://store.steampowered.com/app/3301510/Tomo_Endless_Blue/,39,4
a0ad2ce5-d542-4b2f-80e1-4367e0904848,2026-08-30T16:25:36.706419+00:00,955,3620530,Police Stories 2,To be announced,Unpriced (Coming Soon),https://store.steampowered.com/app/3620530/Police_Stories_2/,39,5
a0ad2ce5-d542-4b2f-80e1-4367e0904848,2026-08-30T16:25:36.706419+00:00,956,3804800,DUST: Origins,To be announced,Unpriced (Coming Soon),https://store.steampowered.com/app/3804800/DUST_Origins/,39,6
a0ad2ce5-d542-4b2f-80e1-4367e0904848,2026-08-30T16:25:36.706419+00:00,957,1394650,Detained: Too Good for School,2026,Unpriced (Coming Soon),https://store.steampowered.com/app/1394650/Detained_Too_Good_for_School/,39,7
a0ad2ce5-d542-4b2f-80e1-4367e0904848,2026-08-30T16:25:36.706419+00:00,958,2750400,Spearhead 2,Coming soon,Free,https://store.steampowered.com/app/2750400/Spearhead_2/,39,8
a0ad2ce5-d542-4b2f-80e1-4367e0904848,2026-08-30T16:25:36.706419+00:00,959,4413210,Tachyon Flow,Coming soon,Free,https://store.steampowered.com/app/4413210/Tachyon_Flow/,39,9
a0ad2ce5-d542-4b2f-80e1-4367e0904848,2026-08-30T16:25:36.706419+00:00,960,3048060,Trivia Murder Party 3,"Sep 17, 2026",Unpriced (Coming Soon),https://store.steampowered.com/app/3048060/Trivia_Murder_Party_3/,39,10
a0ad2ce5-d542-4b2f-80e1-4367e0904848,2026-08-30T16:25:36.706419+00:00,961,1894140,Seed of Nostalgia,To be announced,Unpriced (Coming Soon),https://store.steampowered.com/app/1894140/Seed_of_Nostalgia/,39,11
a0ad2ce5-d542-4b2f-80e1-4367e0904848,2026-08-30T16:25:36.706419+00:00,962,4507990,Wo Long 2: Wings of Ember,Q1 2027,Free,https://store.steampowered.com/app/4507990/Wo_Long_2_Wings_of_Ember/,39,12
a0ad2ce5-d542-4b2f-80e1-4367e0904848,2026-08-30T16:25:36.706419+00:00,963,4258880,Basement To The Sky,Q2 2027,Free,https://store.steampowered.com/app/4258880/Basement_To_The_Sky/,39,13
a0ad2ce5-d542-4b2f-80e1-4367e0904848,2026-08-30T16:25:36.706419+00:00,964,4269150,Campwood,Coming soon,Free,https://store.steampowered.com/app/4269150/Campwood/,39,14
a0ad2ce5-d542-4b2f-80e1-4367e0904848,2026-08-30T16:25:36.706419+00:00,965,2059980,Oriental Immortal,To be announced,Unpriced (Coming Soon),https://store.steampowered.com/app/2059980/Oriental_Immortal/,39,15
a0ad2ce5-d542-4b2f-80e1-4367e0904848,2026-08-30T16:25:36.706419+00:00,966,3080520,Farsight,To be announced,Unpriced (Coming Soon),https://store.steampowered.com/app/3080520/Farsight/,39,16
a0ad2ce5-d542-4b2f-80e1-4367e0904848,2026-08-30T16:25:36.706419+00:00,967,4247140,Everlasting Summer 2,To be announced,Unpriced (Coming Soon),https://store.steampowered.com/app/4247140/Everlasting_Summer_2/,39,17
a0ad2ce5-d542-4b2f-80e1-4367e0904848,2026-08-30T16:25:36.706419+00:00,968,4271520,The Pines,2027,Free,https://store.steampowered.com/app/4271520/The_Pines/,39,18
a0ad2ce5-d542-4b2f-80e1-4367e0904848,2026-08-30T16:25:36.706419+00:00,969,4824220,Meltdown Crew,Coming soon,Free,https://store.steampowered.com/app/4824220/Meltdown_Crew/,39,19
a0ad2ce5-d542-4b2f-80e1-4367e0904848,2026-08-30T16:25:36.706419+00:00,970,2231980,HELLREAPER,To be announced,Unpriced (Coming Soon),https://store.steampowered.com/app/2231980/HELLREAPER/,39,20
a0ad2ce5-d542-4b2f-80e1-4367e0904848,2026-08-30T16:25:36.706419+00:00,971,1968940,Nazralath: The Fallen World,Coming soon,Free,https://store.steampowered.com/app/1968940/Nazralath_The_Fallen_World/,39,21
a0ad2ce5-d542-4b2f-80e1-4367e0904848,2026-08-30T16:25:36.706419+00:00,972,3804370,The Piper of Dawn,"Sep 22, 2026",Unpriced (Coming Soon),https://store.steampowered.com/app/3804370/The_Piper_of_Dawn/,39,22
a0ad2ce5-d542-4b2f-80e1-4367e0904848,2026-08-30T16:25:36.706419+00:00,973,1158190,Do Not Buy This Game,2027,Free,https://store.steampowered.com/app/1158190/Do_Not_Buy_This_Game/,39,23
a0ad2ce5-d542-4b2f-80e1-4367e0904848,2026-08-30T16:25:36.706419+00:00,974,2571410,500 CALIBER CONTRACTZ,2026,Unpriced (Coming Soon),https://store.steampowered.com/app/2571410/500_CALIBER_CONTRACTZ/,39,24
a0ad2ce5-d542-4b2f-80e1-4367e0904848,2026-08-30T16:25:36.706419+00:00,975,4928430,OUTER WATCH,Coming soon,Free,https://store.steampowered.com/app/4928430/OUTER_WATCH/,39,25
a0ad2ce5-d542-4b2f-80e1-4367e0904848,2026-08-30T16:25:36.706419+00:00,976,2700560,Expedition: Backrooms,Coming soon,Free,https://store.steampowered.com/app/2700560/Expedition_Backrooms/,40,1
a0ad2ce5-d542-4b2f-80e1-4367e0904848,2026-08-30T16:25:36.706419+00:00,977,3948160,Waste The Fallen,Coming soon,Free,https://store.steampowered.com/app/3948160/Waste_The_Fallen/,40,2
a0ad2ce5-d542-4b2f-80e1-4367e0904848,2026-08-30T16:25:36.706419+00:00,978,1707680,Referee Simulator,Coming soon,Free,https://store.steampowered.com/app/1707680/Referee_Simulator/,40,3
a0ad2ce5-d542-4b2f-80e1-4367e0904848,2026-08-30T16:25:36.706419+00:00,979,2740750,Rollin' Rascal,Coming soon,Free,https://store.steampowered.com/app/2740750/Rollin_Rascal/,40,4
a0ad2ce5-d542-4b2f-80e1-4367e0904848,2026-08-30T16:25:36.706419+00:00,980,3905500,Beware of the Cartographer!,To be announced,Unpriced (Coming Soon),https://store.steampowered.com/app/3905500/Beware_of_the_Cartographer/,40,5
a0ad2ce5-d542-4b2f-80e1-4367e0904848,2026-08-30T16:25:36.706419+00:00,981,3408450,Tiny Hero Courier,To be announced,Unpriced (Coming Soon),https://store.steampowered.com/app/3408450/Tiny_Hero_Courier/,40,6
a0ad2ce5-d542-4b2f-80e1-4367e0904848,2026-08-30T16:25:36.706419+00:00,982,1774190,Elysian Eclipse,To be announced,Unpriced (Coming Soon),https://store.steampowered.com/app/1774190/Elysian_Eclipse/,40,7
a0ad2ce5-d542-4b2f-80e1-4367e0904848,2026-08-30T16:25:36.706419+00:00,983,2545200,Animaloid Girl,To be announced,Unpriced (Coming Soon),https://store.steampowered.com/app/2545200/Animaloid_Girl/,40,8
a0ad2ce5-d542-4b2f-80e1-4367e0904848,2026-08-30T16:25:36.706419+00:00,984,1257480,American Motorcycle Simulator,To be announced,Unpriced (Coming Soon),https://store.steampowered.com/app/1257480/American_Motorcycle_Simulator/,40,9
a0ad2ce5-d542-4b2f-80e1-4367e0904848,2026-08-30T16:25:36.706419+00:00,985,2776270,Beetleball,"Sep 3, 2026",Unpriced (Coming Soon),https://store.steampowered.com/app/2776270/Beetleball/,40,10
a0ad2ce5-d542-4b2f-80e1-4367e0904848,2026-08-30T16:25:36.706419+00:00,986,3370970,Star Garden,To be announced,Unpriced (Coming Soon),https://store.steampowered.com/app/3370970/Star_Garden/,40,11
a0ad2ce5-d542-4b2f-80e1-4367e0904848,2026-08-30T16:25:36.706419+00:00,987,2861090,War Mechanic,Coming soon,Free,https://store.steampowered.com/app/2861090/War_Mechanic/,40,12
a0ad2ce5-d542-4b2f-80e1-4367e0904848,2026-08-30T16:25:36.706419+00:00,988,1659360,Townseek,2026,Unpriced (Coming Soon),https://store.steampowered.com/app/1659360/Townseek/,40,13
a0ad2ce5-d542-4b2f-80e1-4367e0904848,2026-08-30T16:25:36.706419+00:00,989,3068720,I Am Security,Coming soon,Free,https://store.steampowered.com/app/3068720/I_Am_Security/,40,14
a0ad2ce5-d542-4b2f-80e1-4367e0904848,2026-08-30T16:25:36.706419+00:00,990,4435340,Anymaker,2026,Unpriced (Coming Soon),https://store.steampowered.com/app/4435340/Anymaker/,40,15
a0ad2ce5-d542-4b2f-80e1-4367e0904848,2026-08-30T16:25:36.706419+00:00,991,3681260,Frostliner,To be announced,Unpriced (Coming Soon),https://store.steampowered.com/app/3681260/Frostliner/,40,16
a0ad2ce5-d542-4b2f-80e1-4367e0904848,2026-08-30T16:25:36.706419+00:00,992,4261180,Ascension: The Hehuan Sect & 66 Waifus,Coming soon,Free,https://store.steampowered.com/app/4261180/Ascension_The_Hehuan_Sect__66_Waifus/,40,17
a0ad2ce5-d542-4b2f-80e1-4367e0904848,2026-08-30T16:25:36.706419+00:00,993,3419080,The Regreening,Coming soon,Free,https://store.steampowered.com/app/3419080/The_Regreening/,40,18
a0ad2ce5-d542-4b2f-80e1-4367e0904848,2026-08-30T16:25:36.706419+00:00,994,1390760,Nanzou: The Divine Court,Coming soon,Free,https://store.steampowered.com/app/1390760/Nanzou_The_Divine_Court/,40,19
a0ad2ce5-d542-4b2f-80e1-4367e0904848,2026-08-30T16:25:36.706419+00:00,995,2538870,False Hero,"Sep 22, 2026",Unpriced (Coming Soon),https://store.steampowered.com/app/2538870/False_Hero/,40,20
a0ad2ce5-d542-4b2f-80e1-4367e0904848,2026-08-30T16:25:36.706419+00:00,996,2494020,Samurai Unicorn,To be announced,Unpriced (Coming Soon),https://store.steampowered.com/app/2494020/Samurai_Unicorn/,40,21
a0ad2ce5-d542-4b2f-80e1-4367e0904848,2026-08-30T16:25:36.706419+00:00,997,1815150,NIGHT OF THE CONSUMERS,Coming soon,Free,https://store.steampowered.com/app/1815150/NIGHT_OF_THE_CONSUMERS/,40,22
a0ad2ce5-d542-4b2f-80e1-4367e0904848,2026-08-30T16:25:36.706419+00:00,998,2559740,Tower Of Tears,2026,Unpriced (Coming Soon),https://store.steampowered.com/app/2559740/Tower_Of_Tears/,40,23
a0ad2ce5-d542-4b2f-80e1-4367e0904848,2026-08-30T16:25:36.706419+00:00,999,4216080,Wolcen 2,To be announced,Unpriced (Coming Soon),https://store.steampowered.com/app/4216080/Wolcen_2/,40,24
a0ad2ce5-d542-4b2f-80e1-4367e0904848,2026-08-30T16:25:36.706419+00:00,1000,2601530,Regular Home Renovation Simulator,Coming soon,Free,https://store.steampowered.com/app/2601530/Regular_Home_Renovation_Simulator/,40,25
a0ad2ce5-d542-4b2f-80e1-4367e0904848,2026-08-30T16:25:36.706419+00:00,1001,3411810,Cobra Strike,To be announced,Unpriced (Coming Soon),https://store.steampowered.com/app/3411810/Cobra_Strike/,41,1
a0ad2ce5-d542-4b2f-80e1-4367e0904848,2026-08-30T16:25:36.706419+00:00,1002,3264980,HELL YEAH simulator,Coming soon,Free,https://store.steampowered.com/app/3264980/HELL_YEAH_simulator/,41,2
a0ad2ce5-d542-4b2f-80e1-4367e0904848,2026-08-30T16:25:36.706419+00:00,1003,1842040,Soul Split,Coming soon,Free,https://store.steampowered.com/app/1842040/Soul_Split/,41,3
a0ad2ce5-d542-4b2f-80e1-4367e0904848,2026-08-30T16:25:36.706419+00:00,1004,2999670,Front Edge,2026,Free,https://store.steampowered.com/app/2999670/Front_Edge/,41,4
a0ad2ce5-d542-4b2f-80e1-4367e0904848,2026-08-30T16:25:36.706419+00:00,1005,1343010,Antimatter,To be announced,Unpriced (Coming Soon),https://store.steampowered.com/app/1343010/Antimatter/,41,5
a0ad2ce5-d542-4b2f-80e1-4367e0904848,2026-08-30T16:25:36.706419+00:00,1006,2749920,The Transylvania Adventure of Simon Quest,Coming soon,Free,https://store.steampowered.com/app/2749920/The_Transylvania_Adventure_of_Simon_Quest/,41,6
a0ad2ce5-d542-4b2f-80e1-4367e0904848,2026-08-30T16:25:36.706419+00:00,1007,2824520,Displacement,To be announced,Unpriced (Coming Soon),https://store.steampowered.com/app/2824520/Displacement/,41,7
a0ad2ce5-d542-4b2f-80e1-4367e0904848,2026-08-30T16:25:36.706419+00:00,1008,4328840,Tideborne Haven,To be announced,Unpriced (Coming Soon),https://store.steampowered.com/app/4328840/Tideborne_Haven/,41,8
a0ad2ce5-d542-4b2f-80e1-4367e0904848,2026-08-30T16:25:36.706419+00:00,1009,2155140,Police Station Simulator,Coming soon,Free,https://store.steampowered.com/app/2155140/Police_Station_Simulator/,41,9
a0ad2ce5-d542-4b2f-80e1-4367e0904848,2026-08-30T16:25:36.706419+00:00,1010,3908100,Steam To Electric,Coming soon,Free,https://store.steampowered.com/app/3908100/Steam_To_Electric/,41,10
a0ad2ce5-d542-4b2f-80e1-4367e0904848,2026-08-30T16:25:36.706419+00:00,1011,3208930,Galvatein : Adventurers' Guild,"Sep 22, 2026",Unpriced (Coming Soon),https://store.steampowered.com/app/3208930/Galvatein__Adventurers_Guild/,41,11
a0ad2ce5-d542-4b2f-80e1-4367e0904848,2026-08-30T16:25:36.706419+00:00,1012,4400800,American Truck Simulator - Indiana,To be announced,Unpriced (Coming Soon),https://store.steampowered.com/app/4400800/American_Truck_Simulator__Indiana/,41,12
a0ad2ce5-d542-4b2f-80e1-4367e0904848,2026-08-30T16:25:36.706419+00:00,1013,4356430,NBA 2K27,"Sep 3, 2026",$69.99,https://store.steampowered.com/app/4356430/NBA_2K27/,41,13
a0ad2ce5-d542-4b2f-80e1-4367e0904848,2026-08-30T16:25:36.706419+00:00,1014,2601980,Space Scum,2027,Free,https://store.steampowered.com/app/2601980/Space_Scum/,41,14
a0ad2ce5-d542-4b2f-80e1-4367e0904848,2026-08-30T16:25:36.706419+00:00,1015,3251540,Oil Rig Simulator,To be announced,Unpriced (Coming Soon),https://store.steampowered.com/app/3251540/Oil_Rig_Simulator/,41,15
a0ad2ce5-d542-4b2f-80e1-4367e0904848,2026-08-30T16:25:36.706419+00:00,1016,4042070,Angels In Orbit,Coming soon,Free,https://store.steampowered.com/app/4042070/Angels_In_Orbit/,41,16
a0ad2ce5-d542-4b2f-80e1-4367e0904848,2026-08-30T16:25:36.706419+00:00,1017,3322630,Culdcept BEGINS,Q4 2026,Unpriced (Coming Soon),https://store.steampowered.com/app/3322630/Culdcept_BEGINS/,41,17
a0ad2ce5-d542-4b2f-80e1-4367e0904848,2026-08-30T16:25:36.706419+00:00,1018,3846360,The Goblin Tavern,To be announced,Unpriced (Coming Soon),https://store.steampowered.com/app/3846360/The_Goblin_Tavern/,41,18
a0ad2ce5-d542-4b2f-80e1-4367e0904848,2026-08-30T16:25:36.706419+00:00,1019,4024440,Haunted Heist,"Oct 12, 2026",Unpriced (Coming Soon),https://store.steampowered.com/app/4024440/Haunted_Heist/,41,19
a0ad2ce5-d542-4b2f-80e1-4367e0904848,2026-08-30T16:25:36.706419+00:00,1020,2421000,BANDIT KNIGHT,To be announced,Unpriced (Coming Soon),https://store.steampowered.com/app/2421000/BANDIT_KNIGHT/,41,20
a0ad2ce5-d542-4b2f-80e1-4367e0904848,2026-08-30T16:25:36.706419+00:00,1021,3084810,Tower Lab,"Sep 7, 2026",Unpriced (Coming Soon),https://store.steampowered.com/app/3084810/Tower_Lab/,41,21
a0ad2ce5-d542-4b2f-80e1-4367e0904848,2026-08-30T16:25:36.706419+00:00,1022,1359270,Pirate Commander,To be announced,Unpriced (Coming Soon),https://store.steampowered.com/app/1359270/Pirate_Commander/,41,22
a0ad2ce5-d542-4b2f-80e1-4367e0904848,2026-08-30T16:25:36.706419+00:00,1023,4623300,Open Waters,To be announced,Unpriced (Coming Soon),https://store.steampowered.com/app/4623300/Open_Waters/,41,23
a0ad2ce5-d542-4b2f-80e1-4367e0904848,2026-08-30T16:25:36.706419+00:00,1024,2795110,Petal Runner,To be announced,Unpriced (Coming Soon),https://store.steampowered.com/app/2795110/Petal_Runner/,41,24
a0ad2ce5-d542-4b2f-80e1-4367e0904848,2026-08-30T16:25:36.706419+00:00,1025,1732910,Photography Simulator,Coming soon,Free,https://store.steampowered.com/app/1732910/Photography_Simulator/,41,25
a0ad2ce5-d542-4b2f-80e1-4367e0904848,2026-08-30T16:25:36.706419+00:00,1026,3201450,Darkfallen Survivors,Coming soon,Free,https://store.steampowered.com/app/3201450/Darkfallen_Survivors/,42,1
a0ad2ce5-d542-4b2f-80e1-4367e0904848,2026-08-30T16:25:36.706419+00:00,1027,4308600,Age of Empires III: Definitive Edition - The Baltic Powers,"Sep 10, 2026",$16.99,https://store.steampowered.com/app/4308600/Age_of_Empires_III_Definitive_Edition__The_Baltic_Powers/,42,2
a0ad2ce5-d542-4b2f-80e1-4367e0904848,2026-08-30T16:25:36.706419+00:00,1028,2870790,Dumpster Gang,December 2026,Unpriced (Coming Soon),https://store.steampowered.com/app/2870790/Dumpster_Gang/,42,3
a0ad2ce5-d542-4b2f-80e1-4367e0904848,2026-08-30T16:25:36.706419+00:00,1029,2363200,Fae & Fauna,Coming soon,Free,https://store.steampowered.com/app/2363200/Fae__Fauna/,42,4
a0ad2ce5-d542-4b2f-80e1-4367e0904848,2026-08-30T16:25:36.706419+00:00,1030,3447460,Gravity Circuit 2,2027,Free,https://store.steampowered.com/app/3447460/Gravity_Circuit_2/,42,5
a0ad2ce5-d542-4b2f-80e1-4367e0904848,2026-08-30T16:25:36.706419+00:00,1031,4163960,Another Eden Begins,"Sep 16, 2026",Unpriced (Coming Soon),https://store.steampowered.com/app/4163960/Another_Eden_Begins/,42,6
a0ad2ce5-d542-4b2f-80e1-4367e0904848,2026-08-30T16:25:36.706419+00:00,1032,3195360,Coromon: Rogue Planet,Coming soon,Free,https://store.steampowered.com/app/3195360/Coromon_Rogue_Planet/,42,7
a0ad2ce5-d542-4b2f-80e1-4367e0904848,2026-08-30T16:25:36.706419+00:00,1033,1761210,The Touhou Empires,Coming soon,Free,https://store.steampowered.com/app/1761210/The_Touhou_Empires/,42,8
a0ad2ce5-d542-4b2f-80e1-4367e0904848,2026-08-30T16:25:36.706419+00:00,1034,4563860,KAIJECT,Coming soon,Free,https://store.steampowered.com/app/4563860/KAIJECT/,42,9
a0ad2ce5-d542-4b2f-80e1-4367e0904848,2026-08-30T16:25:36.706419+00:00,1035,3544130,Soul Chained,"Sep 7, 2026",Unpriced (Coming Soon),https://store.steampowered.com/app/3544130/Soul_Chained/,42,10
a0ad2ce5-d542-4b2f-80e1-4367e0904848,2026-08-30T16:25:36.706419+00:00,1036,1205660,WOLFHOUND,To be announced,Unpriced (Coming Soon),https://store.steampowered.com/app/1205660/WOLFHOUND/,42,11
a0ad2ce5-d542-4b2f-80e1-4367e0904848,2026-08-30T16:25:36.706419+00:00,1037,3170490,Cat Me If You Can,"Sep 8, 2026",Unpriced (Coming Soon),https://store.steampowered.com/app/3170490/Cat_Me_If_You_Can/,42,12
a0ad2ce5-d542-4b2f-80e1-4367e0904848,2026-08-30T16:25:36.706419+00:00,1038,1920290,Barkour,Q4 2026,Unpriced (Coming Soon),https://store.steampowered.com/app/1920290/Barkour/,42,13
a0ad2ce5-d542-4b2f-80e1-4367e0904848,2026-08-30T16:25:36.706419+00:00,1039,2168070,Sorceress,To be announced,Unpriced (Coming Soon),https://store.steampowered.com/app/2168070/Sorceress/,42,14
a0ad2ce5-d542-4b2f-80e1-4367e0904848,2026-08-30T16:25:36.706419+00:00,1040,4414620,Book Nook,2026,Unpriced (Coming Soon),https://store.steampowered.com/app/4414620/Book_Nook/,42,15
a0ad2ce5-d542-4b2f-80e1-4367e0904848,2026-08-30T16:25:36.706419+00:00,1041,2664600,The Last Hour of an Epic TO THE MOON RPG,2027,Free,https://store.steampowered.com/app/2664600/The_Last_Hour_of_an_Epic_TO_THE_MOON_RPG/,42,16
a0ad2ce5-d542-4b2f-80e1-4367e0904848,2026-08-30T16:25:36.706419+00:00,1042,3620610,Primal Survival,2026,Unpriced (Coming Soon),https://store.steampowered.com/app/3620610/Primal_Survival/,42,17
a0ad2ce5-d542-4b2f-80e1-4367e0904848,2026-08-30T16:25:36.706419+00:00,1043,2681560,Train Station Project,Coming soon,Free,https://store.steampowered.com/app/2681560/Train_Station_Project/,42,18
a0ad2ce5-d542-4b2f-80e1-4367e0904848,2026-08-30T16:25:36.706419+00:00,1044,2665020,Milo,"Oct 29, 2026",Unpriced (Coming Soon),https://store.steampowered.com/app/2665020/Milo/,42,19
a0ad2ce5-d542-4b2f-80e1-4367e0904848,2026-08-30T16:25:36.706419+00:00,1045,3125320,Isadora's Edge,Coming soon,Free,https://store.steampowered.com/app/3125320/Isadoras_Edge/,42,20
a0ad2ce5-d542-4b2f-80e1-4367e0904848,2026-08-30T16:25:36.706419+00:00,1046,3534150,POSTAL 2 VR,2027,Free,https://store.steampowered.com/app/3534150/POSTAL_2_VR/,42,21
a0ad2ce5-d542-4b2f-80e1-4367e0904848,2026-08-30T16:25:36.706419+00:00,1047,2513270,UvsU: You vs You,2026,Unpriced (Coming Soon),https://store.steampowered.com/app/2513270/UvsU_You_vs_You/,42,22
a0ad2ce5-d542-4b2f-80e1-4367e0904848,2026-08-30T16:25:36.706419+00:00,1048,3475880,Train Goes Right,2026,Unpriced (Coming Soon),https://store.steampowered.com/app/3475880/Train_Goes_Right/,42,23
a0ad2ce5-d542-4b2f-80e1-4367e0904848,2026-08-30T16:25:36.706419+00:00,1049,2837690,Dungeons & Dragons: Long Rest Tavern,2027,Free,https://store.steampowered.com/app/2837690/Dungeons__Dragons_Long_Rest_Tavern/,42,24
a0ad2ce5-d542-4b2f-80e1-4367e0904848,2026-08-30T16:25:36.706419+00:00,1050,1355900,Tattered Banners,Q4 2026,Unpriced (Coming Soon),https://store.steampowered.com/app/1355900/Tattered_Banners/,42,25
a0ad2ce5-d542-4b2f-80e1-4367e0904848,2026-08-30T16:25:36.706419+00:00,1051,3261450,Tangerine Antarctic,To be announced,Unpriced (Coming Soon),https://store.steampowered.com/app/3261450/Tangerine_Antarctic/,43,1
a0ad2ce5-d542-4b2f-80e1-4367e0904848,2026-08-30T16:25:36.706419+00:00,1052,3122600,Glintseeker Island,2027,Free,https://store.steampowered.com/app/3122600/Glintseeker_Island/,43,2
a0ad2ce5-d542-4b2f-80e1-4367e0904848,2026-08-30T16:25:36.706419+00:00,1053,3695350,Hounded,To be announced,Unpriced (Coming Soon),https://store.steampowered.com/app/3695350/Hounded/,43,3
a0ad2ce5-d542-4b2f-80e1-4367e0904848,2026-08-30T16:25:36.706419+00:00,1054,2847780,Nocturnal 2,2026,Unpriced (Coming Soon),https://store.steampowered.com/app/2847780/Nocturnal_2/,43,4
a0ad2ce5-d542-4b2f-80e1-4367e0904848,2026-08-30T16:25:36.706419+00:00,1055,2087540,Escape from Playtime,Coming soon,Free,https://store.steampowered.com/app/2087540/Escape_from_Playtime/,43,5
a0ad2ce5-d542-4b2f-80e1-4367e0904848,2026-08-30T16:25:36.706419+00:00,1056,2583660,Fractured Alliance,To be announced,Unpriced (Coming Soon),https://store.steampowered.com/app/2583660/Fractured_Alliance/,43,6
a0ad2ce5-d542-4b2f-80e1-4367e0904848,2026-08-30T16:25:36.706419+00:00,1057,2441590,Ark：Release,Coming soon,Free,https://store.steampowered.com/app/2441590/ArkRelease/,43,7
a0ad2ce5-d542-4b2f-80e1-4367e0904848,2026-08-30T16:25:36.706419+00:00,1058,3788110,DungeonBox,Q3 2026,Unpriced (Coming Soon),https://store.steampowered.com/app/3788110/DungeonBox/,43,8
a0ad2ce5-d542-4b2f-80e1-4367e0904848,2026-08-30T16:25:36.706419+00:00,1059,4412000,Zad Archery,"Sep 1, 2026",Unpriced (Coming Soon),https://store.steampowered.com/app/4412000/Zad_Archery/,43,9
a0ad2ce5-d542-4b2f-80e1-4367e0904848,2026-08-30T16:25:36.706419+00:00,1060,3561320,Open Fortress,2026,Free,https://store.steampowered.com/app/3561320/Open_Fortress/,43,10
a0ad2ce5-d542-4b2f-80e1-4367e0904848,2026-08-30T16:25:36.706419+00:00,1061,4143000,FERRA,To be announced,Unpriced (Coming Soon),https://store.steampowered.com/app/4143000/FERRA/,43,11
a0ad2ce5-d542-4b2f-80e1-4367e0904848,2026-08-30T16:25:36.706419+00:00,1062,2390130,Design and Conjure,Coming soon,Free,https://store.steampowered.com/app/2390130/Design_and_Conjure/,43,12
a0ad2ce5-d542-4b2f-80e1-4367e0904848,2026-08-30T16:25:36.706419+00:00,1063,4821880,Roco Kingdom,Coming soon,Free,https://store.steampowered.com/app/4821880/Roco_Kingdom/,43,13
a0ad2ce5-d542-4b2f-80e1-4367e0904848,2026-08-30T16:25:36.706419+00:00,1064,2471680,Risimon,Coming soon,Free,https://store.steampowered.com/app/2471680/Risimon/,43,14
a0ad2ce5-d542-4b2f-80e1-4367e0904848,2026-08-30T16:25:36.706419+00:00,1065,3175790,Mecha Legends,To be announced,Unpriced (Coming Soon),https://store.steampowered.com/app/3175790/Mecha_Legends/,43,15
a0ad2ce5-d542-4b2f-80e1-4367e0904848,2026-08-30T16:25:36.706419+00:00,1066,2713380,Shadows of Chroma Tower,Q1 2027,Free,https://store.steampowered.com/app/2713380/Shadows_of_Chroma_Tower/,43,16
a0ad2ce5-d542-4b2f-80e1-4367e0904848,2026-08-30T16:25:36.706419+00:00,1067,4047270,Orc Incremental,"Sep 8, 2026",Unpriced (Coming Soon),https://store.steampowered.com/app/4047270/Orc_Incremental/,43,17
a0ad2ce5-d542-4b2f-80e1-4367e0904848,2026-08-30T16:25:36.706419+00:00,1068,2159260,Vampire Rancher,2026,Unpriced (Coming Soon),https://store.steampowered.com/app/2159260/Vampire_Rancher/,43,18
a0ad2ce5-d542-4b2f-80e1-4367e0904848,2026-08-30T16:25:36.706419+00:00,1069,3510740,Normal Golf Game,"Sep 21, 2026",Unpriced (Coming Soon),https://store.steampowered.com/app/3510740/Normal_Golf_Game/,43,19
a0ad2ce5-d542-4b2f-80e1-4367e0904848,2026-08-30T16:25:36.706419+00:00,1070,2831170,Color Fear,August 2026,Unpriced (Coming Soon),https://store.steampowered.com/app/2831170/Color_Fear/,43,20
a0ad2ce5-d542-4b2f-80e1-4367e0904848,2026-08-30T16:25:36.706419+00:00,1071,2841710,Vermin,To be announced,Unpriced (Coming Soon),https://store.steampowered.com/app/2841710/Vermin/,43,21
a0ad2ce5-d542-4b2f-80e1-4367e0904848,2026-08-30T16:25:36.706419+00:00,1072,4982920,The Watcher,To be announced,Unpriced (Coming Soon),https://store.steampowered.com/app/4982920/The_Watcher/,43,22
a0ad2ce5-d542-4b2f-80e1-4367e0904848,2026-08-30T16:25:36.706419+00:00,1073,1630450,EDEN.schemata();,2026,Unpriced (Coming Soon),https://store.steampowered.com/app/1630450/EDENschemata/,43,23
a0ad2ce5-d542-4b2f-80e1-4367e0904848,2026-08-30T16:25:36.706419+00:00,1074,2370280,Nobody's Left,To be announced,Unpriced (Coming Soon),https://store.steampowered.com/app/2370280/Nobodys_Left/,43,24
a0ad2ce5-d542-4b2f-80e1-4367e0904848,2026-08-30T16:25:36.706419+00:00,1075,3018390,PSYCHO DEAD,Q4 2026,Unpriced (Coming Soon),https://store.steampowered.com/app/3018390/PSYCHO_DEAD/,43,25
a0ad2ce5-d542-4b2f-80e1-4367e0904848,2026-08-30T16:25:36.706419+00:00,1076,1196230,Book of Aliens,To be announced,Unpriced (Coming Soon),https://store.steampowered.com/app/1196230/Book_of_Aliens/,44,1
a0ad2ce5-d542-4b2f-80e1-4367e0904848,2026-08-30T16:25:36.706419+00:00,1077,2201470,Remnant Protocol,Coming soon,Free,https://store.steampowered.com/app/2201470/Remnant_Protocol/,44,2
a0ad2ce5-d542-4b2f-80e1-4367e0904848,2026-08-30T16:25:36.706419+00:00,1078,1927360,Mira and the Legend of the Djinns,2026,Unpriced (Coming Soon),https://store.steampowered.com/app/1927360/Mira_and_the_Legend_of_the_Djinns/,44,3
a0ad2ce5-d542-4b2f-80e1-4367e0904848,2026-08-30T16:25:36.706419+00:00,1079,1818660,Kalyskah,2026,Unpriced (Coming Soon),https://store.steampowered.com/app/1818660/Kalyskah/,44,4
a0ad2ce5-d542-4b2f-80e1-4367e0904848,2026-08-30T16:25:36.706419+00:00,1080,669270,Momentum Mod,To be announced,Free,https://store.steampowered.com/app/669270/Momentum_Mod/,44,5
a0ad2ce5-d542-4b2f-80e1-4367e0904848,2026-08-30T16:25:36.706419+00:00,1081,4703930,Grilluminati,Q4 2026,Unpriced (Coming Soon),https://store.steampowered.com/app/4703930/Grilluminati/,44,6
a0ad2ce5-d542-4b2f-80e1-4367e0904848,2026-08-30T16:25:36.706419+00:00,1082,2415030,Crimson Hollow,Coming soon,Free,https://store.steampowered.com/app/2415030/Crimson_Hollow/,44,7
a0ad2ce5-d542-4b2f-80e1-4367e0904848,2026-08-30T16:25:36.706419+00:00,1083,1376880,Ultimate Hunting®,To be announced,Unpriced (Coming Soon),https://store.steampowered.com/app/1376880/Ultimate_Hunting/,44,8
a0ad2ce5-d542-4b2f-80e1-4367e0904848,2026-08-30T16:25:36.706419+00:00,1084,3109590,Cat Cafe Manager 2: Big City Bliss,To be announced,Unpriced (Coming Soon),https://store.steampowered.com/app/3109590/Cat_Cafe_Manager_2_Big_City_Bliss/,44,9
a0ad2ce5-d542-4b2f-80e1-4367e0904848,2026-08-30T16:25:36.706419+00:00,1085,2166730,Electrokinetic,To be announced,Unpriced (Coming Soon),https://store.steampowered.com/app/2166730/Electrokinetic/,44,10
a0ad2ce5-d542-4b2f-80e1-4367e0904848,2026-08-30T16:25:36.706419+00:00,1086,4020810,NTL: No Time Left,Coming soon,Free,https://store.steampowered.com/app/4020810/NTL_No_Time_Left/,44,11
a0ad2ce5-d542-4b2f-80e1-4367e0904848,2026-08-30T16:25:36.706419+00:00,1087,4123070,MonCraft 199X,To be announced,Unpriced (Coming Soon),https://store.steampowered.com/app/4123070/MonCraft_199X/,44,12
a0ad2ce5-d542-4b2f-80e1-4367e0904848,2026-08-30T16:25:36.706419+00:00,1088,3106270,HELLCARD II,Q4 2026,Unpriced (Coming Soon),https://store.steampowered.com/app/3106270/HELLCARD_II/,44,13
a0ad2ce5-d542-4b2f-80e1-4367e0904848,2026-08-30T16:25:36.706419+00:00,1089,2517940,Century of Steam,To be announced,Unpriced (Coming Soon),https://store.steampowered.com/app/2517940/Century_of_Steam/,44,14
a0ad2ce5-d542-4b2f-80e1-4367e0904848,2026-08-30T16:25:36.706419+00:00,1090,3688110,Kaiju Cleaner Simulator,To be announced,Unpriced (Coming Soon),https://store.steampowered.com/app/3688110/Kaiju_Cleaner_Simulator/,44,15
a0ad2ce5-d542-4b2f-80e1-4367e0904848,2026-08-30T16:25:36.706419+00:00,1091,3519480,Carthage: Bellum Punicum,To be announced,Unpriced (Coming Soon),https://store.steampowered.com/app/3519480/Carthage_Bellum_Punicum/,44,16
a0ad2ce5-d542-4b2f-80e1-4367e0904848,2026-08-30T16:25:36.706419+00:00,1092,3130220,Sagas of Lumin,"Feb 4, 2027",Free,https://store.steampowered.com/app/3130220/Sagas_of_Lumin/,44,17
a0ad2ce5-d542-4b2f-80e1-4367e0904848,2026-08-30T16:25:36.706419+00:00,1093,3545200,Space Dingus,To be announced,Unpriced (Coming Soon),https://store.steampowered.com/app/3545200/Space_Dingus/,44,18
a0ad2ce5-d542-4b2f-80e1-4367e0904848,2026-08-30T16:25:36.706419+00:00,1094,3618000,Hordeguard: Winds of the North,To be announced,Unpriced (Coming Soon),https://store.steampowered.com/app/3618000/Hordeguard_Winds_of_the_North/,44,19
a0ad2ce5-d542-4b2f-80e1-4367e0904848,2026-08-30T16:25:36.706419+00:00,1095,1808160,Demon Spore,2026,Unpriced (Coming Soon),https://store.steampowered.com/app/1808160/Demon_Spore/,44,20
a0ad2ce5-d542-4b2f-80e1-4367e0904848,2026-08-30T16:25:36.706419+00:00,1096,2643540,Age Twisters,To be announced,Unpriced (Coming Soon),https://store.steampowered.com/app/2643540/Age_Twisters/,44,21
a0ad2ce5-d542-4b2f-80e1-4367e0904848,2026-08-30T16:25:36.706419+00:00,1097,4374950,KAREN,To be announced,Unpriced (Coming Soon),https://store.steampowered.com/app/4374950/KAREN/,44,22
a0ad2ce5-d542-4b2f-80e1-4367e0904848,2026-08-30T16:25:36.706419+00:00,1098,2738660,Mecha Simultactics,To be announced,Unpriced (Coming Soon),https://store.steampowered.com/app/2738660/Mecha_Simultactics/,44,23
a0ad2ce5-d542-4b2f-80e1-4367e0904848,2026-08-30T16:25:36.706419+00:00,1099,3309550,Skarven,To be announced,Unpriced (Coming Soon),https://store.steampowered.com/app/3309550/Skarven/,44,24
a0ad2ce5-d542-4b2f-80e1-4367e0904848,2026-08-30T16:25:36.706419+00:00,1100,2711690,VanLife Simulator,Coming soon,Free,https://store.steampowered.com/app/2711690/VanLife_Simulator/,44,25
a0ad2ce5-d542-4b2f-80e1-4367e0904848,2026-08-30T16:25:36.706419+00:00,1101,1323140,Ninja Simulator,Coming soon,Free,https://store.steampowered.com/app/1323140/Ninja_Simulator/,45,1
a0ad2ce5-d542-4b2f-80e1-4367e0904848,2026-08-30T16:25:36.706419+00:00,1102,2744430,Nightmare House,Coming soon,Free,https://store.steampowered.com/app/2744430/Nightmare_House/,45,2
a0ad2ce5-d542-4b2f-80e1-4367e0904848,2026-08-30T16:25:36.706419+00:00,1103,2526200,Eyes Never Wake,Coming soon,Free,https://store.steampowered.com/app/2526200/Eyes_Never_Wake/,45,3
a0ad2ce5-d542-4b2f-80e1-4367e0904848,2026-08-30T16:25:36.706419+00:00,1104,4096880,Raji: Kaliyuga,Coming soon,Free,https://store.steampowered.com/app/4096880/Raji_Kaliyuga/,45,4
a0ad2ce5-d542-4b2f-80e1-4367e0904848,2026-08-30T16:25:36.706419+00:00,1105,4633090,Misa Online,To be announced,Free,https://store.steampowered.com/app/4633090/Misa_Online/,45,5
a0ad2ce5-d542-4b2f-80e1-4367e0904848,2026-08-30T16:25:36.706419+00:00,1106,3530630,Bless You Again,2026,Unpriced (Coming Soon),https://store.steampowered.com/app/3530630/Bless_You_Again/,45,6
a0ad2ce5-d542-4b2f-80e1-4367e0904848,2026-08-30T16:25:36.706419+00:00,1107,1116390,Negative Atmosphere,To be announced,Unpriced (Coming Soon),https://store.steampowered.com/app/1116390/Negative_Atmosphere/,45,7
a0ad2ce5-d542-4b2f-80e1-4367e0904848,2026-08-30T16:25:36.706419+00:00,1108,3546610,Wielders of the Essence,"Nov 5, 2026",Unpriced (Coming Soon),https://store.steampowered.com/app/3546610/Wielders_of_the_Essence/,45,8
a0ad2ce5-d542-4b2f-80e1-4367e0904848,2026-08-30T16:25:36.706419+00:00,1109,3439410,HellHeart Breaker,Q2 2027,Free,https://store.steampowered.com/app/3439410/HellHeart_Breaker/,45,9
a0ad2ce5-d542-4b2f-80e1-4367e0904848,2026-08-30T16:25:36.706419+00:00,1110,2271050,RESISTOR,Coming soon,Free,https://store.steampowered.com/app/2271050/RESISTOR/,45,10
a0ad2ce5-d542-4b2f-80e1-4367e0904848,2026-08-30T16:25:36.706419+00:00,1111,3500810,DreadOut 3,Coming soon,Free,https://store.steampowered.com/app/3500810/DreadOut_3/,45,11
a0ad2ce5-d542-4b2f-80e1-4367e0904848,2026-08-30T16:25:36.706419+00:00,1112,1287610,Nirvana Noir,Coming soon,Free,https://store.steampowered.com/app/1287610/Nirvana_Noir/,45,12
a0ad2ce5-d542-4b2f-80e1-4367e0904848,2026-08-30T16:25:36.706419+00:00,1113,2706400,A Silent Desolation,Coming soon,Free,https://store.steampowered.com/app/2706400/A_Silent_Desolation/,45,13
a0ad2ce5-d542-4b2f-80e1-4367e0904848,2026-08-30T16:25:36.706419+00:00,1114,3355070,Ambroise Niflette & the Gleaned Bell,Coming soon,Free,https://store.steampowered.com/app/3355070/Ambroise_Niflette__the_Gleaned_Bell/,45,14
a0ad2ce5-d542-4b2f-80e1-4367e0904848,2026-08-30T16:25:36.706419+00:00,1115,3722130,Indigo Park: Chapter 2,To be announced,Unpriced (Coming Soon),https://store.steampowered.com/app/3722130/Indigo_Park_Chapter_2/,45,15
a0ad2ce5-d542-4b2f-80e1-4367e0904848,2026-08-30T16:25:36.706419+00:00,1116,1918830,The Time I Have Left,To be announced,Unpriced (Coming Soon),https://store.steampowered.com/app/1918830/The_Time_I_Have_Left/,45,16
a0ad2ce5-d542-4b2f-80e1-4367e0904848,2026-08-30T16:25:36.706419+00:00,1117,3275120,Wasteland Travelers,Coming soon,Free,https://store.steampowered.com/app/3275120/Wasteland_Travelers/,45,17
a0ad2ce5-d542-4b2f-80e1-4367e0904848,2026-08-30T16:25:36.706419+00:00,1118,4754550,Medieval Dynasty - The Backwood,2027,Free,https://store.steampowered.com/app/4754550/Medieval_Dynasty__The_Backwood/,45,18
a0ad2ce5-d542-4b2f-80e1-4367e0904848,2026-08-30T16:25:36.706419+00:00,1119,575020,Outerra World Sandbox,Coming soon,Free,https://store.steampowered.com/app/575020/Outerra_World_Sandbox/,45,19
a0ad2ce5-d542-4b2f-80e1-4367e0904848,2026-08-30T16:25:36.706419+00:00,1120,2141160,Alien Deathstorm,To be announced,Unpriced (Coming Soon),https://store.steampowered.com/app/2141160/Alien_Deathstorm/,45,20
a0ad2ce5-d542-4b2f-80e1-4367e0904848,2026-08-30T16:25:36.706419+00:00,1121,2334930,DEEPEST FEAR™,To be announced,Unpriced (Coming Soon),https://store.steampowered.com/app/2334930/DEEPEST_FEAR/,45,21
a0ad2ce5-d542-4b2f-80e1-4367e0904848,2026-08-30T16:25:36.706419+00:00,1122,2790850,Wing Haven,Coming soon,Free,https://store.steampowered.com/app/2790850/Wing_Haven/,45,22
a0ad2ce5-d542-4b2f-80e1-4367e0904848,2026-08-30T16:25:36.706419+00:00,1123,3600170,Escape the Scam Compound,2027,Free,https://store.steampowered.com/app/3600170/Escape_the_Scam_Compound/,45,23
a0ad2ce5-d542-4b2f-80e1-4367e0904848,2026-08-30T16:25:36.706419+00:00,1124,2620450,Highreach,Q3 2026,Unpriced (Coming Soon),https://store.steampowered.com/app/2620450/Highreach/,45,24
a0ad2ce5-d542-4b2f-80e1-4367e0904848,2026-08-30T16:25:36.706419+00:00,1125,2659410,Elta: Defy All Gods,Q1 2027,Free,https://store.steampowered.com/app/2659410/Elta_Defy_All_Gods/,45,25
