snapshot_id,captured_at_utc,rank,appid,title,release_text,price_text,game_url,page_number,position_on_page
3bd926d5-123f-46ba-bb00-e88a11fb4547,2026-09-24T16:52:52.388192+00:00,1,1422450,Deadlock,To be announced,Unpriced (Coming Soon),https://store.steampowered.com/app/1422450/Deadlock/,1,1
3bd926d5-123f-46ba-bb00-e88a11fb4547,2026-09-24T16:52:52.388192+00:00,2,2719590,Light No Fire,To be announced,Unpriced (Coming Soon),https://store.steampowered.com/app/2719590/Light_No_Fire/,1,2
3bd926d5-123f-46ba-bb00-e88a11fb4547,2026-09-24T16:52:52.388192+00:00,3,4534960,Dear Passengers,2026,Unpriced (Coming Soon),https://store.steampowered.com/app/4534960/Dear_Passengers/,1,3
3bd926d5-123f-46ba-bb00-e88a11fb4547,2026-09-24T16:52:52.388192+00:00,4,2769570,Fable,"Feb 23, 2027",$69.99,https://store.steampowered.com/app/2769570/Fable/,1,4
3bd926d5-123f-46ba-bb00-e88a11fb4547,2026-09-24T16:52:52.388192+00:00,5,1774880,Blight: Survival,To be announced,Unpriced (Coming Soon),https://store.steampowered.com/app/1774880/Blight_Survival/,1,5
3bd926d5-123f-46ba-bb00-e88a11fb4547,2026-09-24T16:52:52.388192+00:00,6,4115450,Phantom Blade Zero,"Oct 28, 2026",$59.99,https://store.steampowered.com/app/4115450/Phantom_Blade_Zero/,1,6
3bd926d5-123f-46ba-bb00-e88a11fb4547,2026-09-24T16:52:52.388192+00:00,7,4199910,"Total War: WARHAMMER 40,000",To be announced,Unpriced (Coming Soon),https://store.steampowered.com/app/4199910/Total_War_WARHAMMER_40000/,1,7
3bd926d5-123f-46ba-bb00-e88a11fb4547,2026-09-24T16:52:52.388192+00:00,8,2109770,Kingmakers,Coming soon,Free,https://store.steampowered.com/app/2109770/Kingmakers/,1,8
3bd926d5-123f-46ba-bb00-e88a11fb4547,2026-09-24T16:52:52.388192+00:00,9,"2054970,2593180,2593190,2593290",Dragon's Dogma 2: Dark Arisen,"Oct 8, 2026",$49.99,https://store.steampowered.com/sub/1686522/,1,9
3bd926d5-123f-46ba-bb00-e88a11fb4547,2026-09-24T16:52:52.388192+00:00,10,4824610,Resident Evil Veronica,2027,Free,https://store.steampowered.com/app/4824610/Resident_Evil_Veronica/,1,10
3bd926d5-123f-46ba-bb00-e88a11fb4547,2026-09-24T16:52:52.388192+00:00,11,1846700,Witchbrook,2026,Unpriced (Coming Soon),https://store.steampowered.com/app/1846700/Witchbrook/,1,11
3bd926d5-123f-46ba-bb00-e88a11fb4547,2026-09-24T16:52:52.388192+00:00,12,1757350,ILL,2027,Free,https://store.steampowered.com/app/1757350/ILL/,1,12
3bd926d5-123f-46ba-bb00-e88a11fb4547,2026-09-24T16:52:52.388192+00:00,13,2050420,ARK 2,To be announced,Unpriced (Coming Soon),https://store.steampowered.com/app/2050420/ARK_2/,1,13
3bd926d5-123f-46ba-bb00-e88a11fb4547,2026-09-24T16:52:52.388192+00:00,14,4095380,Soulframe,Coming soon,Free,https://store.steampowered.com/app/4095380/Soulframe/,1,14
3bd926d5-123f-46ba-bb00-e88a11fb4547,2026-09-24T16:52:52.388192+00:00,15,2381520,Unrecord,To be announced,Unpriced (Coming Soon),https://store.steampowered.com/app/2381520/Unrecord/,1,15
3bd926d5-123f-46ba-bb00-e88a11fb4547,2026-09-24T16:52:52.388192+00:00,16,2590240,METRO 2039,"Feb 4, 2027",Free,https://store.steampowered.com/app/2590240/METRO_2039/,1,16
3bd926d5-123f-46ba-bb00-e88a11fb4547,2026-09-24T16:52:52.388192+00:00,17,2963950,Persona 4 Revival,"Feb 17, 2027",$69.99,https://store.steampowered.com/app/2963950/Persona_4_Revival/,1,17
3bd926d5-123f-46ba-bb00-e88a11fb4547,2026-09-24T16:52:52.388192+00:00,18,2272360,"Warhammer 40,000: Dawn of War IV","Dec 3, 2026",$53.99,https://store.steampowered.com/app/2272360/Warhammer_40000_Dawn_of_War_IV/,1,18
3bd926d5-123f-46ba-bb00-e88a11fb4547,2026-09-24T16:52:52.388192+00:00,19,3292470,Tides of Annihilation,Coming soon,Free,https://store.steampowered.com/app/3292470/Tides_of_Annihilation/,1,19
3bd926d5-123f-46ba-bb00-e88a11fb4547,2026-09-24T16:52:52.388192+00:00,20,2929250,over the hill,"Oct 14, 2026",Unpriced (Coming Soon),https://store.steampowered.com/app/2929250/over_the_hill/,1,20
3bd926d5-123f-46ba-bb00-e88a11fb4547,2026-09-24T16:52:52.388192+00:00,21,3727390,The Expanse: Osiris Reborn,Q2 2027,Free,https://store.steampowered.com/app/3727390/The_Expanse_Osiris_Reborn/,1,21
3bd926d5-123f-46ba-bb00-e88a11fb4547,2026-09-24T16:52:52.388192+00:00,22,3558670,Tomb Raider: Legacy of Atlantis,"Feb 12, 2027",$59.99,https://store.steampowered.com/app/3558670/Tomb_Raider_Legacy_of_Atlantis/,1,22
3bd926d5-123f-46ba-bb00-e88a11fb4547,2026-09-24T16:52:52.388192+00:00,23,1488490,Nivalis Nights,"Sep 29, 2026",Unpriced (Coming Soon),https://store.steampowered.com/app/1488490/Nivalis_Nights/,1,23
3bd926d5-123f-46ba-bb00-e88a11fb4547,2026-09-24T16:52:52.388192+00:00,24,2873440,Chrono Odyssey,To be announced,Unpriced (Coming Soon),https://store.steampowered.com/app/2873440/Chrono_Odyssey/,1,24
3bd926d5-123f-46ba-bb00-e88a11fb4547,2026-09-24T16:52:52.388192+00:00,25,5006530,The Witcher 3: Wild Hunt — Songs of the Past,Coming soon,Free,https://store.steampowered.com/app/5006530/The_Witcher_3_Wild_Hunt__Songs_of_the_Past/,1,25
3bd926d5-123f-46ba-bb00-e88a11fb4547,2026-09-24T16:52:52.388192+00:00,26,3710600,"Warhammer 40,000: Dark Heresy",Coming soon,Free,https://store.steampowered.com/app/3710600/Warhammer_40000_Dark_Heresy/,2,1
3bd926d5-123f-46ba-bb00-e88a11fb4547,2026-09-24T16:52:52.388192+00:00,27,1340720,State of Decay 3,To be announced,Unpriced (Coming Soon),https://store.steampowered.com/app/1340720/State_of_Decay_3/,2,2
3bd926d5-123f-46ba-bb00-e88a11fb4547,2026-09-24T16:52:52.388192+00:00,28,2814860,Vindictus: Defying Fate,2027,Free,https://store.steampowered.com/app/2814860/Vindictus_Defying_Fate/,2,3
3bd926d5-123f-46ba-bb00-e88a11fb4547,2026-09-24T16:52:52.388192+00:00,29,2582960,NAKWON: LAST PARADISE,To be announced,Unpriced (Coming Soon),https://store.steampowered.com/app/2582960/NAKWON_LAST_PARADISE/,2,4
3bd926d5-123f-46ba-bb00-e88a11fb4547,2026-09-24T16:52:52.388192+00:00,30,4077740,PUBG: Black Budget,To be announced,Unpriced (Coming Soon),https://store.steampowered.com/app/4077740/PUBG_Black_Budget/,2,5
3bd926d5-123f-46ba-bb00-e88a11fb4547,2026-09-24T16:52:52.388192+00:00,31,2231020,Chronicles: Medieval,2027,Free,https://store.steampowered.com/app/2231020/Chronicles_Medieval/,2,6
3bd926d5-123f-46ba-bb00-e88a11fb4547,2026-09-24T16:52:52.388192+00:00,32,1940080,Rooted,2027,Free,https://store.steampowered.com/app/1940080/Rooted/,2,7
3bd926d5-123f-46ba-bb00-e88a11fb4547,2026-09-24T16:52:52.388192+00:00,33,2340970,Railborn,2027,Free,https://store.steampowered.com/app/2340970/Railborn/,2,8
3bd926d5-123f-46ba-bb00-e88a11fb4547,2026-09-24T16:52:52.388192+00:00,34,3978820,Rules of Engagement: The Grey State,To be announced,Free,https://store.steampowered.com/app/3978820/Rules_of_Engagement_The_Grey_State/,2,9
3bd926d5-123f-46ba-bb00-e88a11fb4547,2026-09-24T16:52:52.388192+00:00,35,3016620,Alkahest,To be announced,Unpriced (Coming Soon),https://store.steampowered.com/app/3016620/Alkahest/,2,10
3bd926d5-123f-46ba-bb00-e88a11fb4547,2026-09-24T16:52:52.388192+00:00,36,3393110,AION 2,"Oct 5, 2026",Free,https://store.steampowered.com/app/3393110/AION_2/,2,11
3bd926d5-123f-46ba-bb00-e88a11fb4547,2026-09-24T16:52:52.388192+00:00,37,1280190,Falling Frontier,Coming soon,Free,https://store.steampowered.com/app/1280190/Falling_Frontier/,2,12
3bd926d5-123f-46ba-bb00-e88a11fb4547,2026-09-24T16:52:52.388192+00:00,38,2288340,ACE COMBAT 8: WINGS OF THEVE,"Oct 1, 2026",$69.99,https://store.steampowered.com/app/2288340/ACE_COMBAT_8_WINGS_OF_THEVE/,2,13
3bd926d5-123f-46ba-bb00-e88a11fb4547,2026-09-24T16:52:52.388192+00:00,39,1687540,Showa American Story,2026,Unpriced (Coming Soon),https://store.steampowered.com/app/1687540/Showa_American_Story/,2,14
3bd926d5-123f-46ba-bb00-e88a11fb4547,2026-09-24T16:52:52.388192+00:00,40,3010850,Gears of War: E-Day,"Oct 6, 2026",$69.99,https://store.steampowered.com/app/3010850/Gears_of_War_EDay/,2,15
3bd926d5-123f-46ba-bb00-e88a11fb4547,2026-09-24T16:52:52.388192+00:00,41,2828710,Valor Mortis,"Oct 13, 2026",Unpriced (Coming Soon),https://store.steampowered.com/app/2828710/Valor_Mortis/,2,16
3bd926d5-123f-46ba-bb00-e88a11fb4547,2026-09-24T16:52:52.388192+00:00,42,2649560,Persona 6,To be announced,Unpriced (Coming Soon),https://store.steampowered.com/app/2649560/Persona_6/,2,17
3bd926d5-123f-46ba-bb00-e88a11fb4547,2026-09-24T16:52:52.388192+00:00,43,2179480,Ardem,2026,Unpriced (Coming Soon),https://store.steampowered.com/app/2179480/Ardem/,2,18
3bd926d5-123f-46ba-bb00-e88a11fb4547,2026-09-24T16:52:52.388192+00:00,44,1313230,Beautiful Light,December 2026,Unpriced (Coming Soon),https://store.steampowered.com/app/1313230/Beautiful_Light/,2,19
3bd926d5-123f-46ba-bb00-e88a11fb4547,2026-09-24T16:52:52.388192+00:00,45,4743930,Guild Wars 3™,To be announced,Unpriced (Coming Soon),https://store.steampowered.com/app/4743930/Guild_Wars_3/,2,20
3bd926d5-123f-46ba-bb00-e88a11fb4547,2026-09-24T16:52:52.388192+00:00,46,2724650,The Bustling World,To be announced,Unpriced (Coming Soon),https://store.steampowered.com/app/2724650/The_Bustling_World/,2,21
3bd926d5-123f-46ba-bb00-e88a11fb4547,2026-09-24T16:52:52.388192+00:00,47,1685960,Operation Lovecraft: Fallen Doll,Coming soon,Free,https://store.steampowered.com/app/1685960/Operation_Lovecraft_Fallen_Doll/,2,22
3bd926d5-123f-46ba-bb00-e88a11fb4547,2026-09-24T16:52:52.388192+00:00,48,2956040,PVKK: Planetenverteidigungskanonenkommandant,2027,Free,https://store.steampowered.com/app/2956040/PVKK_Planetenverteidigungskanonenkommandant/,2,23
3bd926d5-123f-46ba-bb00-e88a11fb4547,2026-09-24T16:52:52.388192+00:00,49,2161710,NO LAW,2027,Free,https://store.steampowered.com/app/2161710/NO_LAW/,2,24
3bd926d5-123f-46ba-bb00-e88a11fb4547,2026-09-24T16:52:52.388192+00:00,50,4231820,Castlevania: Belmont's Curse,"Oct 14, 2026",$29.99,https://store.steampowered.com/app/4231820/Castlevania_Belmonts_Curse/,2,25
3bd926d5-123f-46ba-bb00-e88a11fb4547,2026-09-24T16:52:52.388192+00:00,51,3255110,Grave Seasons,2026,Unpriced (Coming Soon),https://store.steampowered.com/app/3255110/Grave_Seasons/,3,1
3bd926d5-123f-46ba-bb00-e88a11fb4547,2026-09-24T16:52:52.388192+00:00,52,2861080,Haunted Paws,To be announced,Unpriced (Coming Soon),https://store.steampowered.com/app/2861080/Haunted_Paws/,3,2
3bd926d5-123f-46ba-bb00-e88a11fb4547,2026-09-24T16:52:52.388192+00:00,53,3864580,P.O.N.,Coming soon,Free,https://store.steampowered.com/app/3864580/PON/,3,3
3bd926d5-123f-46ba-bb00-e88a11fb4547,2026-09-24T16:52:52.388192+00:00,54,2439280,Clockwork Revolution,2027,Free,https://store.steampowered.com/app/2439280/Clockwork_Revolution/,3,4
3bd926d5-123f-46ba-bb00-e88a11fb4547,2026-09-24T16:52:52.388192+00:00,55,2610770,Dust Front RTS,To be announced,Unpriced (Coming Soon),https://store.steampowered.com/app/2610770/Dust_Front_RTS/,3,5
3bd926d5-123f-46ba-bb00-e88a11fb4547,2026-09-24T16:52:52.388192+00:00,56,3161310,Hela: of Mice & Magic,"Dec 1, 2026",Unpriced (Coming Soon),https://store.steampowered.com/app/3161310/Hela_of_Mice__Magic/,3,6
3bd926d5-123f-46ba-bb00-e88a11fb4547,2026-09-24T16:52:52.388192+00:00,57,1228610,KARLSON,Coming soon,Free,https://store.steampowered.com/app/1228610/KARLSON/,3,7
3bd926d5-123f-46ba-bb00-e88a11fb4547,2026-09-24T16:52:52.388192+00:00,58,2318330,Neverway,2027,Free,https://store.steampowered.com/app/2318330/Neverway/,3,8
3bd926d5-123f-46ba-bb00-e88a11fb4547,2026-09-24T16:52:52.388192+00:00,59,4078430,STAR WARS: Galactic Racer™,"Oct 6, 2026",$59.99,https://store.steampowered.com/app/4078430/STAR_WARS_Galactic_Racer/,3,9
3bd926d5-123f-46ba-bb00-e88a11fb4547,2026-09-24T16:52:52.388192+00:00,60,2295170,Emberville,"Oct 27, 2026",Unpriced (Coming Soon),https://store.steampowered.com/app/2295170/Emberville/,3,10
3bd926d5-123f-46ba-bb00-e88a11fb4547,2026-09-24T16:52:52.388192+00:00,61,3230960,EXODUS,"Apr 7, 2027",Free,https://store.steampowered.com/app/3230960/EXODUS/,3,11
3bd926d5-123f-46ba-bb00-e88a11fb4547,2026-09-24T16:52:52.388192+00:00,62,3337850,KYORA,Coming soon,Free,https://store.steampowered.com/app/3337850/KYORA/,3,12
3bd926d5-123f-46ba-bb00-e88a11fb4547,2026-09-24T16:52:52.388192+00:00,63,1952620,The Lost Wild,2027,Free,https://store.steampowered.com/app/1952620/The_Lost_Wild/,3,13
3bd926d5-123f-46ba-bb00-e88a11fb4547,2026-09-24T16:52:52.388192+00:00,64,4260840,STRANGER THAN HEAVEN,"Jan 14, 2027",$69.99,https://store.steampowered.com/app/4260840/STRANGER_THAN_HEAVEN/,3,14
3bd926d5-123f-46ba-bb00-e88a11fb4547,2026-09-24T16:52:52.388192+00:00,65,3073940,God Save Birmingham,To be announced,Unpriced (Coming Soon),https://store.steampowered.com/app/3073940/God_Save_Birmingham/,3,15
3bd926d5-123f-46ba-bb00-e88a11fb4547,2026-09-24T16:52:52.388192+00:00,66,4354570,FINAL FANTASY VII REVELATION,"Apr 8, 2027",$69.99,https://store.steampowered.com/app/4354570/FINAL_FANTASY_VII_REVELATION/,3,16
3bd926d5-123f-46ba-bb00-e88a11fb4547,2026-09-24T16:52:52.388192+00:00,67,3809270,Euro Truck Simulator 2 - Coaches,To be announced,Unpriced (Coming Soon),https://store.steampowered.com/app/3809270/Euro_Truck_Simulator_2__Coaches/,3,17
3bd926d5-123f-46ba-bb00-e88a11fb4547,2026-09-24T16:52:52.388192+00:00,68,2692660,Car Mechanic Simulator 2026,2026,Unpriced (Coming Soon),https://store.steampowered.com/app/2692660/Car_Mechanic_Simulator_2026/,3,18
3bd926d5-123f-46ba-bb00-e88a11fb4547,2026-09-24T16:52:52.388192+00:00,69,1752080,HUNGER,Coming soon,Free,https://store.steampowered.com/app/1752080/HUNGER/,3,19
3bd926d5-123f-46ba-bb00-e88a11fb4547,2026-09-24T16:52:52.388192+00:00,70,1373910,Anvil Empires,To be announced,Unpriced (Coming Soon),https://store.steampowered.com/app/1373910/Anvil_Empires/,3,20
3bd926d5-123f-46ba-bb00-e88a11fb4547,2026-09-24T16:52:52.388192+00:00,71,4435490,Call of Duty®: Modern Warfare® 4,"Oct 22, 2026",$69.99,https://store.steampowered.com/app/4435490/Call_of_Duty_Modern_Warfare_4/,3,21
3bd926d5-123f-46ba-bb00-e88a11fb4547,2026-09-24T16:52:52.388192+00:00,72,3259780,FINAL FANTASY RESONANCE,"Oct 22, 2026",$49.99,https://store.steampowered.com/app/3259780/FINAL_FANTASY_RESONANCE/,3,22
3bd926d5-123f-46ba-bb00-e88a11fb4547,2026-09-24T16:52:52.388192+00:00,73,1586260,BLACKFROST: The Long Dark 2,2027,Free,https://store.steampowered.com/app/1586260/BLACKFROST_The_Long_Dark_2/,3,23
3bd926d5-123f-46ba-bb00-e88a11fb4547,2026-09-24T16:52:52.388192+00:00,74,2454980,Drakantos,Coming soon,Free,https://store.steampowered.com/app/2454980/Drakantos/,3,24
3bd926d5-123f-46ba-bb00-e88a11fb4547,2026-09-24T16:52:52.388192+00:00,75,3281420,Paradise,Coming soon,Free,https://store.steampowered.com/app/3281420/Paradise/,3,25
3bd926d5-123f-46ba-bb00-e88a11fb4547,2026-09-24T16:52:52.388192+00:00,76,1536500,Euro Truck Simulator 2 - Heart of Russia,Coming soon,Free,https://store.steampowered.com/app/1536500/Euro_Truck_Simulator_2__Heart_of_Russia/,4,1
3bd926d5-123f-46ba-bb00-e88a11fb4547,2026-09-24T16:52:52.388192+00:00,77,2239770,Don't Starve Elsewhere,To be announced,Unpriced (Coming Soon),https://store.steampowered.com/app/2239770/Dont_Starve_Elsewhere/,4,2
3bd926d5-123f-46ba-bb00-e88a11fb4547,2026-09-24T16:52:52.388192+00:00,78,2153760,Stronghold 4,2026,Unpriced (Coming Soon),https://store.steampowered.com/app/2153760/Stronghold_4/,4,3
3bd926d5-123f-46ba-bb00-e88a11fb4547,2026-09-24T16:52:52.388192+00:00,79,4228810,Fourteen Years of Flames,To be announced,Unpriced (Coming Soon),https://store.steampowered.com/app/4228810/Fourteen_Years_of_Flames/,4,4
3bd926d5-123f-46ba-bb00-e88a11fb4547,2026-09-24T16:52:52.388192+00:00,80,2090210,Threads of Time,To be announced,Unpriced (Coming Soon),https://store.steampowered.com/app/2090210/Threads_of_Time/,4,5
3bd926d5-123f-46ba-bb00-e88a11fb4547,2026-09-24T16:52:52.388192+00:00,81,3493540,Transport Fever 3,"Sep 29, 2026",$49.99,https://store.steampowered.com/app/3493540/Transport_Fever_3/,4,6
3bd926d5-123f-46ba-bb00-e88a11fb4547,2026-09-24T16:52:52.388192+00:00,82,2254990,Permafrost,"Oct 9, 2026",Unpriced (Coming Soon),https://store.steampowered.com/app/2254990/Permafrost/,4,7
3bd926d5-123f-46ba-bb00-e88a11fb4547,2026-09-24T16:52:52.388192+00:00,83,2849490,Outward 2,2027,Free,https://store.steampowered.com/app/2849490/Outward_2/,4,8
3bd926d5-123f-46ba-bb00-e88a11fb4547,2026-09-24T16:52:52.388192+00:00,84,1818140,Den of Wolves,To be announced,Unpriced (Coming Soon),https://store.steampowered.com/app/1818140/Den_of_Wolves/,4,9
3bd926d5-123f-46ba-bb00-e88a11fb4547,2026-09-24T16:52:52.388192+00:00,85,4031890,Palworld: Palfarm,To be announced,Unpriced (Coming Soon),https://store.steampowered.com/app/4031890/Palworld_Palfarm/,4,10
3bd926d5-123f-46ba-bb00-e88a11fb4547,2026-09-24T16:52:52.388192+00:00,86,3517740,Frostrail,Q4 2026,Unpriced (Coming Soon),https://store.steampowered.com/app/3517740/Frostrail/,4,11
3bd926d5-123f-46ba-bb00-e88a11fb4547,2026-09-24T16:52:52.388192+00:00,87,3788800,Atomic Heart 2,To be announced,Unpriced (Coming Soon),https://store.steampowered.com/app/3788800/Atomic_Heart_2/,4,12
3bd926d5-123f-46ba-bb00-e88a11fb4547,2026-09-24T16:52:52.388192+00:00,88,3371050,Zeverland,Coming soon,Free,https://store.steampowered.com/app/3371050/Zeverland/,4,13
3bd926d5-123f-46ba-bb00-e88a11fb4547,2026-09-24T16:52:52.388192+00:00,89,2165810,Streets of Rogue 2,Coming soon,Free,https://store.steampowered.com/app/2165810/Streets_of_Rogue_2/,4,14
3bd926d5-123f-46ba-bb00-e88a11fb4547,2026-09-24T16:52:52.388192+00:00,90,2235430,Holstin,To be announced,Unpriced (Coming Soon),https://store.steampowered.com/app/2235430/Holstin/,4,15
3bd926d5-123f-46ba-bb00-e88a11fb4547,2026-09-24T16:52:52.388192+00:00,91,4767480,Lords of the Fallen II,Coming soon,Free,https://store.steampowered.com/app/4767480/Lords_of_the_Fallen_II/,4,16
3bd926d5-123f-46ba-bb00-e88a11fb4547,2026-09-24T16:52:52.388192+00:00,92,2924520,ONTOS,2027,Free,https://store.steampowered.com/app/2924520/ONTOS/,4,17
3bd926d5-123f-46ba-bb00-e88a11fb4547,2026-09-24T16:52:52.388192+00:00,93,1257610,Prison Architect 2,To be announced,Unpriced (Coming Soon),https://store.steampowered.com/app/1257610/Prison_Architect_2/,4,18
3bd926d5-123f-46ba-bb00-e88a11fb4547,2026-09-24T16:52:52.388192+00:00,94,3283240,THE LIFT: Supernatural Handyman Simulator,2027,Free,https://store.steampowered.com/app/3283240/THE_LIFT_Supernatural_Handyman_Simulator/,4,19
3bd926d5-123f-46ba-bb00-e88a11fb4547,2026-09-24T16:52:52.388192+00:00,95,4150720,Drunken Goddess Reflux,To be announced,Unpriced (Coming Soon),https://store.steampowered.com/app/4150720/Drunken_Goddess_Reflux/,4,20
3bd926d5-123f-46ba-bb00-e88a11fb4547,2026-09-24T16:52:52.388192+00:00,96,1614330,Crowsworn,To be announced,Unpriced (Coming Soon),https://store.steampowered.com/app/1614330/Crowsworn/,4,21
3bd926d5-123f-46ba-bb00-e88a11fb4547,2026-09-24T16:52:52.388192+00:00,97,1416070,beta decay,To be announced,Unpriced (Coming Soon),https://store.steampowered.com/app/1416070/beta_decay/,4,22
3bd926d5-123f-46ba-bb00-e88a11fb4547,2026-09-24T16:52:52.388192+00:00,98,4829700,Monster Hunter Wilds: Ascendance,2027,Free,https://store.steampowered.com/app/4829700/Monster_Hunter_Wilds_Ascendance/,4,23
3bd926d5-123f-46ba-bb00-e88a11fb4547,2026-09-24T16:52:52.388192+00:00,99,3218230,ArcheAge Chronicles,To be announced,Unpriced (Coming Soon),https://store.steampowered.com/app/3218230/ArcheAge_Chronicles/,4,24
3bd926d5-123f-46ba-bb00-e88a11fb4547,2026-09-24T16:52:52.388192+00:00,100,2437390,Enginefall,2027,Free,https://store.steampowered.com/app/2437390/Enginefall/,4,25
3bd926d5-123f-46ba-bb00-e88a11fb4547,2026-09-24T16:52:52.388192+00:00,101,1579420,Guardians of the Wild Sky,Coming soon,Free,https://store.steampowered.com/app/1579420/Guardians_of_the_Wild_Sky/,5,1
3bd926d5-123f-46ba-bb00-e88a11fb4547,2026-09-24T16:52:52.388192+00:00,102,3078150,Hawthorn,To be announced,Unpriced (Coming Soon),https://store.steampowered.com/app/3078150/Hawthorn/,5,2
3bd926d5-123f-46ba-bb00-e88a11fb4547,2026-09-24T16:52:52.388192+00:00,103,2871520,Deep Dish Dungeon,"Oct 13, 2026",Unpriced (Coming Soon),https://store.steampowered.com/app/2871520/Deep_Dish_Dungeon/,5,3
3bd926d5-123f-46ba-bb00-e88a11fb4547,2026-09-24T16:52:52.388192+00:00,104,4614080,Cartel Pilots Wanted,To be announced,Unpriced (Coming Soon),https://store.steampowered.com/app/4614080/Cartel_Pilots_Wanted/,5,4
3bd926d5-123f-46ba-bb00-e88a11fb4547,2026-09-24T16:52:52.388192+00:00,105,2800370,30 Days on Ship,Coming soon,Free,https://store.steampowered.com/app/2800370/30_Days_on_Ship/,5,5
3bd926d5-123f-46ba-bb00-e88a11fb4547,2026-09-24T16:52:52.388192+00:00,106,4258290,We Are So Cooked,Q1 2027,Free,https://store.steampowered.com/app/4258290/We_Are_So_Cooked/,5,6
3bd926d5-123f-46ba-bb00-e88a11fb4547,2026-09-24T16:52:52.388192+00:00,107,2855590,Knight's Path,To be announced,Unpriced (Coming Soon),https://store.steampowered.com/app/2855590/Knights_Path/,5,7
3bd926d5-123f-46ba-bb00-e88a11fb4547,2026-09-24T16:52:52.388192+00:00,108,2838950,Game of Thrones: War for Westeros,2027,Free,https://store.steampowered.com/app/2838950/Game_of_Thrones_War_for_Westeros/,5,8
3bd926d5-123f-46ba-bb00-e88a11fb4547,2026-09-24T16:52:52.388192+00:00,109,1551980,Clive Barker's Hellraiser: Revival,"Oct 8, 2026",$39.99,https://store.steampowered.com/app/1551980/Clive_Barkers_Hellraiser_Revival/,5,9
3bd926d5-123f-46ba-bb00-e88a11fb4547,2026-09-24T16:52:52.388192+00:00,110,3092530,Fate Trigger,2026,Free,https://store.steampowered.com/app/3092530/Fate_Trigger/,5,10
3bd926d5-123f-46ba-bb00-e88a11fb4547,2026-09-24T16:52:52.388192+00:00,111,3714800,Warlock: Dungeons & Dragons,2027,Free,https://store.steampowered.com/app/3714800/Warlock_Dungeons__Dragons/,5,11
3bd926d5-123f-46ba-bb00-e88a11fb4547,2026-09-24T16:52:52.388192+00:00,112,1667040,Under a Rock,To be announced,Unpriced (Coming Soon),https://store.steampowered.com/app/1667040/Under_a_Rock/,5,12
3bd926d5-123f-46ba-bb00-e88a11fb4547,2026-09-24T16:52:52.388192+00:00,113,2376260,Mariachi Legends,"Apr 27, 2027",Free,https://store.steampowered.com/app/2376260/Mariachi_Legends/,5,13
3bd926d5-123f-46ba-bb00-e88a11fb4547,2026-09-24T16:52:52.388192+00:00,114,3426150,I Have No Change,2027,Free,https://store.steampowered.com/app/3426150/I_Have_No_Change/,5,14
3bd926d5-123f-46ba-bb00-e88a11fb4547,2026-09-24T16:52:52.388192+00:00,115,1572000,Derelicts,To be announced,Unpriced (Coming Soon),https://store.steampowered.com/app/1572000/Derelicts/,5,15
3bd926d5-123f-46ba-bb00-e88a11fb4547,2026-09-24T16:52:52.388192+00:00,116,2141130,Road Kings,"Mar 11, 2027",Free,https://store.steampowered.com/app/2141130/Road_Kings/,5,16
3bd926d5-123f-46ba-bb00-e88a11fb4547,2026-09-24T16:52:52.388192+00:00,117,3669200,Guildrun,To be announced,Unpriced (Coming Soon),https://store.steampowered.com/app/3669200/Guildrun/,5,17
3bd926d5-123f-46ba-bb00-e88a11fb4547,2026-09-24T16:52:52.388192+00:00,118,3199500,My Time at Evershine,2027,Free,https://store.steampowered.com/app/3199500/My_Time_at_Evershine/,5,18
3bd926d5-123f-46ba-bb00-e88a11fb4547,2026-09-24T16:52:52.388192+00:00,119,4369620,Last Harbor,Coming soon,Free,https://store.steampowered.com/app/4369620/Last_Harbor/,5,19
3bd926d5-123f-46ba-bb00-e88a11fb4547,2026-09-24T16:52:52.388192+00:00,120,3629430,DREADMOOR,Q4 2026,Unpriced (Coming Soon),https://store.steampowered.com/app/3629430/DREADMOOR/,5,20
3bd926d5-123f-46ba-bb00-e88a11fb4547,2026-09-24T16:52:52.388192+00:00,121,3642910,Wyldheart,Coming soon,Free,https://store.steampowered.com/app/3642910/Wyldheart/,5,21
3bd926d5-123f-46ba-bb00-e88a11fb4547,2026-09-24T16:52:52.388192+00:00,122,2208810,Jurassic Park: Survival,To be announced,Unpriced (Coming Soon),https://store.steampowered.com/app/2208810/Jurassic_Park_Survival/,5,22
3bd926d5-123f-46ba-bb00-e88a11fb4547,2026-09-24T16:52:52.388192+00:00,123,4293910,XenoFeels,Coming soon,Free,https://store.steampowered.com/app/4293910/XenoFeels/,5,23
3bd926d5-123f-46ba-bb00-e88a11fb4547,2026-09-24T16:52:52.388192+00:00,124,3401960,JOIN US,March 2027,Free,https://store.steampowered.com/app/3401960/JOIN_US/,5,24
3bd926d5-123f-46ba-bb00-e88a11fb4547,2026-09-24T16:52:52.388192+00:00,125,3633680,Sea of Remnants,2027,Free,https://store.steampowered.com/app/3633680/Sea_of_Remnants/,5,25
3bd926d5-123f-46ba-bb00-e88a11fb4547,2026-09-24T16:52:52.388192+00:00,126,4814120,ANANTA,"Jan 15, 2027",Free,https://store.steampowered.com/app/4814120/ANANTA/,6,1
3bd926d5-123f-46ba-bb00-e88a11fb4547,2026-09-24T16:52:52.388192+00:00,127,3126410,Expedition: Into Darkness,Q4 2026,Unpriced (Coming Soon),https://store.steampowered.com/app/3126410/Expedition_Into_Darkness/,6,2
3bd926d5-123f-46ba-bb00-e88a11fb4547,2026-09-24T16:52:52.388192+00:00,128,2055770,Bloody Hell Hotel,2026,Unpriced (Coming Soon),https://store.steampowered.com/app/2055770/Bloody_Hell_Hotel/,6,3
3bd926d5-123f-46ba-bb00-e88a11fb4547,2026-09-24T16:52:52.388192+00:00,129,3219030,Planet Zoo 2,"Oct 13, 2026",$49.99,https://store.steampowered.com/app/3219030/Planet_Zoo_2/,6,4
3bd926d5-123f-46ba-bb00-e88a11fb4547,2026-09-24T16:52:52.388192+00:00,130,1731290,SPINE - This is Gun Fu,2027,Free,https://store.steampowered.com/app/1731290/SPINE__This_is_Gun_Fu/,6,5
3bd926d5-123f-46ba-bb00-e88a11fb4547,2026-09-24T16:52:52.388192+00:00,131,4348760,Totally Secure Airport,Coming soon,Free,https://store.steampowered.com/app/4348760/Totally_Secure_Airport/,6,6
3bd926d5-123f-46ba-bb00-e88a11fb4547,2026-09-24T16:52:52.388192+00:00,132,1388550,Human Fall Flat 2,To be announced,Unpriced (Coming Soon),https://store.steampowered.com/app/1388550/Human_Fall_Flat_2/,6,7
3bd926d5-123f-46ba-bb00-e88a11fb4547,2026-09-24T16:52:52.388192+00:00,133,2254950,The Eternal Life of Goldman,Coming soon,Free,https://store.steampowered.com/app/2254950/The_Eternal_Life_of_Goldman/,6,8
3bd926d5-123f-46ba-bb00-e88a11fb4547,2026-09-24T16:52:52.388192+00:00,134,1573550,LEGO® Skylines,Coming soon,Free,https://store.steampowered.com/app/1573550/LEGO_Skylines/,6,9
3bd926d5-123f-46ba-bb00-e88a11fb4547,2026-09-24T16:52:52.388192+00:00,135,388860,Judas,Coming soon,Free,https://store.steampowered.com/app/388860/Judas/,6,10
3bd926d5-123f-46ba-bb00-e88a11fb4547,2026-09-24T16:52:52.388192+00:00,136,1701840,ExeKiller,To be announced,Unpriced (Coming Soon),https://store.steampowered.com/app/1701840/ExeKiller/,6,11
3bd926d5-123f-46ba-bb00-e88a11fb4547,2026-09-24T16:52:52.388192+00:00,137,2063390,V.A Proxy,Coming soon,Free,https://store.steampowered.com/app/2063390/VA_Proxy/,6,12
3bd926d5-123f-46ba-bb00-e88a11fb4547,2026-09-24T16:52:52.388192+00:00,138,3230430,The CUBE,To be announced,Unpriced (Coming Soon),https://store.steampowered.com/app/3230430/The_CUBE/,6,13
3bd926d5-123f-46ba-bb00-e88a11fb4547,2026-09-24T16:52:52.388192+00:00,139,2617340,Terminator: Survivors,To be announced,Unpriced (Coming Soon),https://store.steampowered.com/app/2617340/Terminator_Survivors/,6,14
3bd926d5-123f-46ba-bb00-e88a11fb4547,2026-09-24T16:52:52.388192+00:00,140,3669620,Warhammer Survivors,2026,Unpriced (Coming Soon),https://store.steampowered.com/app/3669620/Warhammer_Survivors/,6,15
3bd926d5-123f-46ba-bb00-e88a11fb4547,2026-09-24T16:52:52.388192+00:00,141,1400830,Billie Bust Up,To be announced,Unpriced (Coming Soon),https://store.steampowered.com/app/1400830/Billie_Bust_Up/,6,16
3bd926d5-123f-46ba-bb00-e88a11fb4547,2026-09-24T16:52:52.388192+00:00,142,3516100,Tenebyss,To be announced,Unpriced (Coming Soon),https://store.steampowered.com/app/3516100/Tenebyss/,6,17
3bd926d5-123f-46ba-bb00-e88a11fb4547,2026-09-24T16:52:52.388192+00:00,143,3767320,Animula Nook,To be announced,Free,https://store.steampowered.com/app/3767320/Animula_Nook/,6,18
3bd926d5-123f-46ba-bb00-e88a11fb4547,2026-09-24T16:52:52.388192+00:00,144,1912410,Minecraft Dungeons II,"Sep 29, 2026",$29.99,https://store.steampowered.com/app/1912410/Minecraft_Dungeons_II/,6,19
3bd926d5-123f-46ba-bb00-e88a11fb4547,2026-09-24T16:52:52.388192+00:00,145,3751230,Danganronpa 2x2,2027,Free,https://store.steampowered.com/app/3751230/Danganronpa_2x2/,6,20
3bd926d5-123f-46ba-bb00-e88a11fb4547,2026-09-24T16:52:52.388192+00:00,146,3260750,Stage Fright,To be announced,Unpriced (Coming Soon),https://store.steampowered.com/app/3260750/Stage_Fright/,6,21
3bd926d5-123f-46ba-bb00-e88a11fb4547,2026-09-24T16:52:52.388192+00:00,147,4665290,Alien: Isolation 2,Coming soon,Free,https://store.steampowered.com/app/4665290/Alien_Isolation_2/,6,22
3bd926d5-123f-46ba-bb00-e88a11fb4547,2026-09-24T16:52:52.388192+00:00,148,3563080,Swords & Slippers,To be announced,Unpriced (Coming Soon),https://store.steampowered.com/app/3563080/Swords__Slippers/,6,23
3bd926d5-123f-46ba-bb00-e88a11fb4547,2026-09-24T16:52:52.388192+00:00,149,2315050,We Were Here Tomorrow,"Oct 20, 2026",Unpriced (Coming Soon),https://store.steampowered.com/app/2315050/We_Were_Here_Tomorrow/,6,24
3bd926d5-123f-46ba-bb00-e88a11fb4547,2026-09-24T16:52:52.388192+00:00,150,4198090,Bradley the Badger,To be announced,Unpriced (Coming Soon),https://store.steampowered.com/app/4198090/Bradley_the_Badger/,6,25
3bd926d5-123f-46ba-bb00-e88a11fb4547,2026-09-24T16:52:52.388192+00:00,151,3581230,Cozy Game Restoration,"Nov 4, 2026",Unpriced (Coming Soon),https://store.steampowered.com/app/3581230/Cozy_Game_Restoration/,7,1
3bd926d5-123f-46ba-bb00-e88a11fb4547,2026-09-24T16:52:52.388192+00:00,152,1728620,IKUMA - The Frozen Compass,2026,Unpriced (Coming Soon),https://store.steampowered.com/app/1728620/IKUMA__The_Frozen_Compass/,7,2
3bd926d5-123f-46ba-bb00-e88a11fb4547,2026-09-24T16:52:52.388192+00:00,153,2708860,Canyons,To be announced,Unpriced (Coming Soon),https://store.steampowered.com/app/2708860/Canyons/,7,3
3bd926d5-123f-46ba-bb00-e88a11fb4547,2026-09-24T16:52:52.388192+00:00,154,1203170,Darksiders 4,To be announced,Unpriced (Coming Soon),https://store.steampowered.com/app/1203170/Darksiders_4/,7,4
3bd926d5-123f-46ba-bb00-e88a11fb4547,2026-09-24T16:52:52.388192+00:00,155,1977610,Long Gone,2027,Free,https://store.steampowered.com/app/1977610/Long_Gone/,7,5
3bd926d5-123f-46ba-bb00-e88a11fb4547,2026-09-24T16:52:52.388192+00:00,156,5072600,Family Time,Q1 2027,Free,https://store.steampowered.com/app/5072600/Family_Time/,7,6
3bd926d5-123f-46ba-bb00-e88a11fb4547,2026-09-24T16:52:52.388192+00:00,157,2705130,Exoborne,To be announced,Unpriced (Coming Soon),https://store.steampowered.com/app/2705130/Exoborne/,7,7
3bd926d5-123f-46ba-bb00-e88a11fb4547,2026-09-24T16:52:52.388192+00:00,158,3970690,Project Shadowglass,To be announced,Unpriced (Coming Soon),https://store.steampowered.com/app/3970690/Project_Shadowglass/,7,8
3bd926d5-123f-46ba-bb00-e88a11fb4547,2026-09-24T16:52:52.388192+00:00,159,2595260,RECUR,To be announced,Unpriced (Coming Soon),https://store.steampowered.com/app/2595260/RECUR/,7,9
3bd926d5-123f-46ba-bb00-e88a11fb4547,2026-09-24T16:52:52.388192+00:00,160,3209660,Golf With Your Friends 2,Coming soon,Free,https://store.steampowered.com/app/3209660/Golf_With_Your_Friends_2/,7,10
3bd926d5-123f-46ba-bb00-e88a11fb4547,2026-09-24T16:52:52.388192+00:00,161,3796990,Euro Truck Simulator 2 - Iceland,To be announced,Unpriced (Coming Soon),https://store.steampowered.com/app/3796990/Euro_Truck_Simulator_2__Iceland/,7,11
3bd926d5-123f-46ba-bb00-e88a11fb4547,2026-09-24T16:52:52.388192+00:00,162,4146000,GANG OF DRAGON,Coming soon,Free,https://store.steampowered.com/app/4146000/GANG_OF_DRAGON/,7,12
3bd926d5-123f-46ba-bb00-e88a11fb4547,2026-09-24T16:52:52.388192+00:00,163,1967610,Turok: Origins,To be announced,Unpriced (Coming Soon),https://store.steampowered.com/app/1967610/Turok_Origins/,7,13
3bd926d5-123f-46ba-bb00-e88a11fb4547,2026-09-24T16:52:52.388192+00:00,164,1637460,TankRat,"Jan 15, 2027",Free,https://store.steampowered.com/app/1637460/TankRat/,7,14
3bd926d5-123f-46ba-bb00-e88a11fb4547,2026-09-24T16:52:52.388192+00:00,165,2339840,Enter the Gungeon 2,To be announced,Unpriced (Coming Soon),https://store.steampowered.com/app/2339840/Enter_the_Gungeon_2/,7,15
3bd926d5-123f-46ba-bb00-e88a11fb4547,2026-09-24T16:52:52.388192+00:00,166,1209970,Blind Descent,To be announced,Unpriced (Coming Soon),https://store.steampowered.com/app/1209970/Blind_Descent/,7,16
3bd926d5-123f-46ba-bb00-e88a11fb4547,2026-09-24T16:52:52.388192+00:00,167,1559720,We Harvest Shadows,To be announced,Unpriced (Coming Soon),https://store.steampowered.com/app/1559720/We_Harvest_Shadows/,7,17
3bd926d5-123f-46ba-bb00-e88a11fb4547,2026-09-24T16:52:52.388192+00:00,168,3115160,"Warhammer 40,000: Boltgun 2","Oct 14, 2026",Unpriced (Coming Soon),https://store.steampowered.com/app/3115160/Warhammer_40000_Boltgun_2/,7,18
3bd926d5-123f-46ba-bb00-e88a11fb4547,2026-09-24T16:52:52.388192+00:00,169,4576490,Casualties: Unknown,2026,Unpriced (Coming Soon),https://store.steampowered.com/app/4576490/Casualties_Unknown/,7,19
3bd926d5-123f-46ba-bb00-e88a11fb4547,2026-09-24T16:52:52.388192+00:00,170,3055670,Risk of Rain 2: Hallowed Concepts,To be announced,Unpriced (Coming Soon),https://store.steampowered.com/app/3055670/Risk_of_Rain_2_Hallowed_Concepts/,7,20
3bd926d5-123f-46ba-bb00-e88a11fb4547,2026-09-24T16:52:52.388192+00:00,171,1173980,Shadow of the Road,"Nov 12, 2026",Unpriced (Coming Soon),https://store.steampowered.com/app/1173980/Shadow_of_the_Road/,7,21
3bd926d5-123f-46ba-bb00-e88a11fb4547,2026-09-24T16:52:52.388192+00:00,172,3571870,Darkhaven,Coming soon,Free,https://store.steampowered.com/app/3571870/Darkhaven/,7,22
3bd926d5-123f-46ba-bb00-e88a11fb4547,2026-09-24T16:52:52.388192+00:00,173,3620480,Pal♡world! ~More Than Just Pals~,To be announced,Unpriced (Coming Soon),https://store.steampowered.com/app/3620480/Pal3world_More_Than_Just_Pals/,7,23
3bd926d5-123f-46ba-bb00-e88a11fb4547,2026-09-24T16:52:52.388192+00:00,174,3942260,KingFish,To be announced,Unpriced (Coming Soon),https://store.steampowered.com/app/3942260/KingFish/,7,24
3bd926d5-123f-46ba-bb00-e88a11fb4547,2026-09-24T16:52:52.388192+00:00,175,1963680,GUNDAM ROGUE ORBIT,"Mar 4, 2027",$59.99,https://store.steampowered.com/app/1963680/GUNDAM_ROGUE_ORBIT/,7,25
3bd926d5-123f-46ba-bb00-e88a11fb4547,2026-09-24T16:52:52.388192+00:00,176,1857810,DRAGON BALL XENOVERSE 3,2027,Free,https://store.steampowered.com/app/1857810/DRAGON_BALL_XENOVERSE_3/,8,1
3bd926d5-123f-46ba-bb00-e88a11fb4547,2026-09-24T16:52:52.388192+00:00,177,1670650,Espiocracy,2027,Free,https://store.steampowered.com/app/1670650/Espiocracy/,8,2
3bd926d5-123f-46ba-bb00-e88a11fb4547,2026-09-24T16:52:52.388192+00:00,178,1373530,Militsioner,2027,Free,https://store.steampowered.com/app/1373530/Militsioner/,8,3
3bd926d5-123f-46ba-bb00-e88a11fb4547,2026-09-24T16:52:52.388192+00:00,179,2885380,Gold Mining Simulator 2,To be announced,Unpriced (Coming Soon),https://store.steampowered.com/app/2885380/Gold_Mining_Simulator_2/,8,4
3bd926d5-123f-46ba-bb00-e88a11fb4547,2026-09-24T16:52:52.388192+00:00,180,1739080,Sword Hero,To be announced,Unpriced (Coming Soon),https://store.steampowered.com/app/1739080/Sword_Hero/,8,5
3bd926d5-123f-46ba-bb00-e88a11fb4547,2026-09-24T16:52:52.388192+00:00,181,2828020,Citystate Metropolis,2026,Unpriced (Coming Soon),https://store.steampowered.com/app/2828020/Citystate_Metropolis/,8,6
3bd926d5-123f-46ba-bb00-e88a11fb4547,2026-09-24T16:52:52.388192+00:00,182,3590650,OKU,To be announced,Unpriced (Coming Soon),https://store.steampowered.com/app/3590650/OKU/,8,7
3bd926d5-123f-46ba-bb00-e88a11fb4547,2026-09-24T16:52:52.388192+00:00,183,2177510,EthrA,To be announced,Unpriced (Coming Soon),https://store.steampowered.com/app/2177510/EthrA/,8,8
3bd926d5-123f-46ba-bb00-e88a11fb4547,2026-09-24T16:52:52.388192+00:00,184,3041680,Coven of the Chicken Foot,To be announced,Unpriced (Coming Soon),https://store.steampowered.com/app/3041680/Coven_of_the_Chicken_Foot/,8,9
3bd926d5-123f-46ba-bb00-e88a11fb4547,2026-09-24T16:52:52.388192+00:00,185,3184960,The Defiant,Coming soon,Free,https://store.steampowered.com/app/3184960/The_Defiant/,8,10
3bd926d5-123f-46ba-bb00-e88a11fb4547,2026-09-24T16:52:52.388192+00:00,186,2470010,DEFECT,To be announced,Unpriced (Coming Soon),https://store.steampowered.com/app/2470010/DEFECT/,8,11
3bd926d5-123f-46ba-bb00-e88a11fb4547,2026-09-24T16:52:52.388192+00:00,187,1685310,The Wayward Realms,Coming soon,Free,https://store.steampowered.com/app/1685310/The_Wayward_Realms/,8,12
3bd926d5-123f-46ba-bb00-e88a11fb4547,2026-09-24T16:52:52.388192+00:00,188,3809850,Heroes of Might and Magic III Remake,2027,Free,https://store.steampowered.com/app/3809850/Heroes_of_Might_and_Magic_III_Remake/,8,13
3bd926d5-123f-46ba-bb00-e88a11fb4547,2026-09-24T16:52:52.388192+00:00,189,3079190,PACS - Post Apocalypse Courier Service: Co-op Delivery Simulator,2027,Free,https://store.steampowered.com/app/3079190/PACS__Post_Apocalypse_Courier_Service_Coop_Delivery_Simulator/,8,14
3bd926d5-123f-46ba-bb00-e88a11fb4547,2026-09-24T16:52:52.388192+00:00,190,2017940,Pony Island 2: Panda Circus,"Apr 27, 2027",Free,https://store.steampowered.com/app/2017940/Pony_Island_2_Panda_Circus/,8,15
3bd926d5-123f-46ba-bb00-e88a11fb4547,2026-09-24T16:52:52.388192+00:00,191,1723610,The Parasites,Coming soon,Free,https://store.steampowered.com/app/1723610/The_Parasites/,8,16
3bd926d5-123f-46ba-bb00-e88a11fb4547,2026-09-24T16:52:52.388192+00:00,192,2024600,Into The Unwell,2027,Free,https://store.steampowered.com/app/2024600/Into_The_Unwell/,8,17
3bd926d5-123f-46ba-bb00-e88a11fb4547,2026-09-24T16:52:52.388192+00:00,193,2359600,Perfect New World,Coming soon,Free,https://store.steampowered.com/app/2359600/Perfect_New_World/,8,18
3bd926d5-123f-46ba-bb00-e88a11fb4547,2026-09-24T16:52:52.388192+00:00,194,1401370,Viking City Builder,To be announced,Unpriced (Coming Soon),https://store.steampowered.com/app/1401370/Viking_City_Builder/,8,19
3bd926d5-123f-46ba-bb00-e88a11fb4547,2026-09-24T16:52:52.388192+00:00,195,2333000,Silver Pines,"Oct 8, 2026",Unpriced (Coming Soon),https://store.steampowered.com/app/2333000/Silver_Pines/,8,20
3bd926d5-123f-46ba-bb00-e88a11fb4547,2026-09-24T16:52:52.388192+00:00,196,2768300,SCP,Coming soon,Free,https://store.steampowered.com/app/2768300/SCP/,8,21
3bd926d5-123f-46ba-bb00-e88a11fb4547,2026-09-24T16:52:52.388192+00:00,197,2320980,Loftia,"Nov 3, 2026",Unpriced (Coming Soon),https://store.steampowered.com/app/2320980/Loftia/,8,22
3bd926d5-123f-46ba-bb00-e88a11fb4547,2026-09-24T16:52:52.388192+00:00,198,2947860,Untitled John Wick Game,Coming soon,Free,https://store.steampowered.com/app/2947860/Untitled_John_Wick_Game/,8,23
3bd926d5-123f-46ba-bb00-e88a11fb4547,2026-09-24T16:52:52.388192+00:00,199,3973300,Dark Craft,To be announced,Free,https://store.steampowered.com/app/3973300/Dark_Craft/,8,24
3bd926d5-123f-46ba-bb00-e88a11fb4547,2026-09-24T16:52:52.388192+00:00,200,895160,Autonomica,Coming soon,Free,https://store.steampowered.com/app/895160/Autonomica/,8,25
3bd926d5-123f-46ba-bb00-e88a11fb4547,2026-09-24T16:52:52.388192+00:00,201,3875690,Totally Legit Wheeler Seller,To be announced,Unpriced (Coming Soon),https://store.steampowered.com/app/3875690/Totally_Legit_Wheeler_Seller/,9,1
3bd926d5-123f-46ba-bb00-e88a11fb4547,2026-09-24T16:52:52.388192+00:00,202,3524720,HAEX,To be announced,Unpriced (Coming Soon),https://store.steampowered.com/app/3524720/HAEX/,9,2
3bd926d5-123f-46ba-bb00-e88a11fb4547,2026-09-24T16:52:52.388192+00:00,203,1327040,Truck World: Australia,To be announced,Unpriced (Coming Soon),https://store.steampowered.com/app/1327040/Truck_World_Australia/,9,3
3bd926d5-123f-46ba-bb00-e88a11fb4547,2026-09-24T16:52:52.388192+00:00,204,1672320,Fragile Existence,2026,Unpriced (Coming Soon),https://store.steampowered.com/app/1672320/Fragile_Existence/,9,4
3bd926d5-123f-46ba-bb00-e88a11fb4547,2026-09-24T16:52:52.388192+00:00,205,4328440,Cat Parents,Coming soon,Free,https://store.steampowered.com/app/4328440/Cat_Parents/,9,5
3bd926d5-123f-46ba-bb00-e88a11fb4547,2026-09-24T16:52:52.388192+00:00,206,2536510,The God Slayer,To be announced,Unpriced (Coming Soon),https://store.steampowered.com/app/2536510/The_God_Slayer/,9,6
3bd926d5-123f-46ba-bb00-e88a11fb4547,2026-09-24T16:52:52.388192+00:00,207,3327430,Carcass Clad,To be announced,Unpriced (Coming Soon),https://store.steampowered.com/app/3327430/Carcass_Clad/,9,7
3bd926d5-123f-46ba-bb00-e88a11fb4547,2026-09-24T16:52:52.388192+00:00,208,1032980,Wild Life,"Feb 8, 2027",Free,https://store.steampowered.com/app/1032980/Wild_Life/,9,8
3bd926d5-123f-46ba-bb00-e88a11fb4547,2026-09-24T16:52:52.388192+00:00,209,4210060,ZERO Sievert 2,To be announced,Unpriced (Coming Soon),https://store.steampowered.com/app/4210060/ZERO_Sievert_2/,9,9
3bd926d5-123f-46ba-bb00-e88a11fb4547,2026-09-24T16:52:52.388192+00:00,210,1798230,ATMOSFAR,Coming soon,Free,https://store.steampowered.com/app/1798230/ATMOSFAR/,9,10
3bd926d5-123f-46ba-bb00-e88a11fb4547,2026-09-24T16:52:52.388192+00:00,211,3333850,Arkheron,Coming soon,Free,https://store.steampowered.com/app/3333850/Arkheron/,9,11
3bd926d5-123f-46ba-bb00-e88a11fb4547,2026-09-24T16:52:52.388192+00:00,212,2131860,Ashfall,Coming soon,Free,https://store.steampowered.com/app/2131860/Ashfall/,9,12
3bd926d5-123f-46ba-bb00-e88a11fb4547,2026-09-24T16:52:52.388192+00:00,213,2388620,D.O.R.F. Real-Time Strategic Conflict,To be announced,Unpriced (Coming Soon),https://store.steampowered.com/app/2388620/DORF_RealTime_Strategic_Conflict/,9,13
3bd926d5-123f-46ba-bb00-e88a11fb4547,2026-09-24T16:52:52.388192+00:00,214,4687500,Crossfire,Coming soon,Free,https://store.steampowered.com/app/4687500/Crossfire/,9,14
3bd926d5-123f-46ba-bb00-e88a11fb4547,2026-09-24T16:52:52.388192+00:00,215,3816030,DayZ Badlands,2026,Unpriced (Coming Soon),https://store.steampowered.com/app/3816030/DayZ_Badlands/,9,15
3bd926d5-123f-46ba-bb00-e88a11fb4547,2026-09-24T16:52:52.388192+00:00,216,914210,N1RV Ann-A: Cyberpunk Bartender Action,To be announced,Unpriced (Coming Soon),https://store.steampowered.com/app/914210/N1RV_AnnA_Cyberpunk_Bartender_Action/,9,16
3bd926d5-123f-46ba-bb00-e88a11fb4547,2026-09-24T16:52:52.388192+00:00,217,612400,The Last Night,To be announced,Unpriced (Coming Soon),https://store.steampowered.com/app/612400/The_Last_Night/,9,17
3bd926d5-123f-46ba-bb00-e88a11fb4547,2026-09-24T16:52:52.388192+00:00,218,3031890,Acts of Blood,To be announced,Unpriced (Coming Soon),https://store.steampowered.com/app/3031890/Acts_of_Blood/,9,18
3bd926d5-123f-46ba-bb00-e88a11fb4547,2026-09-24T16:52:52.388192+00:00,219,2948730,THE JOY OF CREATION,To be announced,Unpriced (Coming Soon),https://store.steampowered.com/app/2948730/THE_JOY_OF_CREATION/,9,19
3bd926d5-123f-46ba-bb00-e88a11fb4547,2026-09-24T16:52:52.388192+00:00,220,4171850,Trees Hate You,"Nov 16, 2026",Unpriced (Coming Soon),https://store.steampowered.com/app/4171850/Trees_Hate_You/,9,20
3bd926d5-123f-46ba-bb00-e88a11fb4547,2026-09-24T16:52:52.388192+00:00,221,2550530,The Legend of California,Coming soon,Free,https://store.steampowered.com/app/2550530/The_Legend_of_California/,9,21
3bd926d5-123f-46ba-bb00-e88a11fb4547,2026-09-24T16:52:52.388192+00:00,222,4910490,Ignite the Depths,2026,Unpriced (Coming Soon),https://store.steampowered.com/app/4910490/Ignite_the_Depths/,9,22
3bd926d5-123f-46ba-bb00-e88a11fb4547,2026-09-24T16:52:52.388192+00:00,223,3424730,ORMOD: Directive,2026,Unpriced (Coming Soon),https://store.steampowered.com/app/3424730/ORMOD_Directive/,9,23
3bd926d5-123f-46ba-bb00-e88a11fb4547,2026-09-24T16:52:52.388192+00:00,224,3438920,VOID DIVER: Escape from the Abyss,January 2027,Free,https://store.steampowered.com/app/3438920/VOID_DIVER_Escape_from_the_Abyss/,9,24
3bd926d5-123f-46ba-bb00-e88a11fb4547,2026-09-24T16:52:52.388192+00:00,225,2865960,SAW: Genesis,To be announced,Unpriced (Coming Soon),https://store.steampowered.com/app/2865960/SAW_Genesis/,9,25
3bd926d5-123f-46ba-bb00-e88a11fb4547,2026-09-24T16:52:52.388192+00:00,226,499170,Order of the Sinking Star,"Oct 8, 2026",Unpriced (Coming Soon),https://store.steampowered.com/app/499170/Order_of_the_Sinking_Star/,10,1
3bd926d5-123f-46ba-bb00-e88a11fb4547,2026-09-24T16:52:52.388192+00:00,227,2295060,Beyond These Stars,"Oct 16, 2026",Unpriced (Coming Soon),https://store.steampowered.com/app/2295060/Beyond_These_Stars/,10,2
3bd926d5-123f-46ba-bb00-e88a11fb4547,2026-09-24T16:52:52.388192+00:00,228,2168390,Away Team,To be announced,Unpriced (Coming Soon),https://store.steampowered.com/app/2168390/Away_Team/,10,3
3bd926d5-123f-46ba-bb00-e88a11fb4547,2026-09-24T16:52:52.388192+00:00,229,1853440,Tropico 7,"Jan 28, 2027",Free,https://store.steampowered.com/app/1853440/Tropico_7/,10,4
3bd926d5-123f-46ba-bb00-e88a11fb4547,2026-09-24T16:52:52.388192+00:00,230,3883570,Invokyr,"Oct 8, 2026",Unpriced (Coming Soon),https://store.steampowered.com/app/3883570/Invokyr/,10,5
3bd926d5-123f-46ba-bb00-e88a11fb4547,2026-09-24T16:52:52.388192+00:00,231,3660710,Armatus,"Jan 7, 2027",Free,https://store.steampowered.com/app/3660710/Armatus/,10,6
3bd926d5-123f-46ba-bb00-e88a11fb4547,2026-09-24T16:52:52.388192+00:00,232,3486530,Stupid Never Dies,"Oct 21, 2026",$49.99,https://store.steampowered.com/app/3486530/Stupid_Never_Dies/,10,7
3bd926d5-123f-46ba-bb00-e88a11fb4547,2026-09-24T16:52:52.388192+00:00,233,3222640,Wild West Pioneers,"Sep 25, 2026",Unpriced (Coming Soon),https://store.steampowered.com/app/3222640/Wild_West_Pioneers/,10,8
3bd926d5-123f-46ba-bb00-e88a11fb4547,2026-09-24T16:52:52.388192+00:00,234,311810,Operation: Black Mesa,To be announced,Unpriced (Coming Soon),https://store.steampowered.com/app/311810/Operation_Black_Mesa/,10,9
3bd926d5-123f-46ba-bb00-e88a11fb4547,2026-09-24T16:52:52.388192+00:00,235,3423280,Shark Dentist,Coming soon,Free,https://store.steampowered.com/app/3423280/Shark_Dentist/,10,10
3bd926d5-123f-46ba-bb00-e88a11fb4547,2026-09-24T16:52:52.388192+00:00,236,3729700,Kaiju Cleanup,Coming soon,Free,https://store.steampowered.com/app/3729700/Kaiju_Cleanup/,10,11
3bd926d5-123f-46ba-bb00-e88a11fb4547,2026-09-24T16:52:52.388192+00:00,237,2701030,MINDWAVE,To be announced,Unpriced (Coming Soon),https://store.steampowered.com/app/2701030/MINDWAVE/,10,12
3bd926d5-123f-46ba-bb00-e88a11fb4547,2026-09-24T16:52:52.388192+00:00,238,2192380,Begone Beast,Coming soon,Free,https://store.steampowered.com/app/2192380/Begone_Beast/,10,13
3bd926d5-123f-46ba-bb00-e88a11fb4547,2026-09-24T16:52:52.388192+00:00,239,4094350,Online: 404,"Oct 16, 2026",Unpriced (Coming Soon),https://store.steampowered.com/app/4094350/Online_404/,10,14
3bd926d5-123f-46ba-bb00-e88a11fb4547,2026-09-24T16:52:52.388192+00:00,240,4005900,Froggin' Around,To be announced,Unpriced (Coming Soon),https://store.steampowered.com/app/4005900/Froggin_Around/,10,15
3bd926d5-123f-46ba-bb00-e88a11fb4547,2026-09-24T16:52:52.388192+00:00,241,3216520,Sandcastle,To be announced,Unpriced (Coming Soon),https://store.steampowered.com/app/3216520/Sandcastle/,10,16
3bd926d5-123f-46ba-bb00-e88a11fb4547,2026-09-24T16:52:52.388192+00:00,242,2387670,As One We Survive,Q1 2027,Free,https://store.steampowered.com/app/2387670/As_One_We_Survive/,10,17
3bd926d5-123f-46ba-bb00-e88a11fb4547,2026-09-24T16:52:52.388192+00:00,243,2411280,The Bornless,2026,Unpriced (Coming Soon),https://store.steampowered.com/app/2411280/The_Bornless/,10,18
3bd926d5-123f-46ba-bb00-e88a11fb4547,2026-09-24T16:52:52.388192+00:00,244,3238940,A Simple Life with My Unobtrusive Sister,Q4 2026,Unpriced (Coming Soon),https://store.steampowered.com/app/3238940/A_Simple_Life_with_My_Unobtrusive_Sister/,10,19
3bd926d5-123f-46ba-bb00-e88a11fb4547,2026-09-24T16:52:52.388192+00:00,245,4084710,Rayman Legends Retold,"Dec 3, 2026",$39.99,https://store.steampowered.com/app/4084710/Rayman_Legends_Retold/,10,20
3bd926d5-123f-46ba-bb00-e88a11fb4547,2026-09-24T16:52:52.388192+00:00,246,2223980,Nomad Drive,"Oct 20, 2026",Unpriced (Coming Soon),https://store.steampowered.com/app/2223980/Nomad_Drive/,10,21
3bd926d5-123f-46ba-bb00-e88a11fb4547,2026-09-24T16:52:52.388192+00:00,247,4890760,THE DEAD WE KNEW: Open World Survival,"Oct 22, 2026",Unpriced (Coming Soon),https://store.steampowered.com/app/4890760/THE_DEAD_WE_KNEW_Open_World_Survival/,10,22
3bd926d5-123f-46ba-bb00-e88a11fb4547,2026-09-24T16:52:52.388192+00:00,248,3216600,KINGDOM HEARTS IV,2027,Free,https://store.steampowered.com/app/3216600/KINGDOM_HEARTS_IV/,10,23
3bd926d5-123f-46ba-bb00-e88a11fb4547,2026-09-24T16:52:52.388192+00:00,249,3767660,Embers of the Uncrowned,Coming soon,Free,https://store.steampowered.com/app/3767660/Embers_of_the_Uncrowned/,10,24
3bd926d5-123f-46ba-bb00-e88a11fb4547,2026-09-24T16:52:52.388192+00:00,250,4348910,Probably Stolen - Cyberpunk Shopkeeper Sim,"Oct 28, 2026",Unpriced (Coming Soon),https://store.steampowered.com/app/4348910/Probably_Stolen__Cyberpunk_Shopkeeper_Sim/,10,25
3bd926d5-123f-46ba-bb00-e88a11fb4547,2026-09-24T16:52:52.388192+00:00,251,4498220,Brotato: Primal Dread,2026,Unpriced (Coming Soon),https://store.steampowered.com/app/4498220/Brotato_Primal_Dread/,11,1
3bd926d5-123f-46ba-bb00-e88a11fb4547,2026-09-24T16:52:52.388192+00:00,252,3645160,Frostpunk: 1886,2027,Free,https://store.steampowered.com/app/3645160/Frostpunk_1886/,11,2
3bd926d5-123f-46ba-bb00-e88a11fb4547,2026-09-24T16:52:52.388192+00:00,253,306910,Vaultbreakers,To be announced,Unpriced (Coming Soon),https://store.steampowered.com/app/306910/Vaultbreakers/,11,3
3bd926d5-123f-46ba-bb00-e88a11fb4547,2026-09-24T16:52:52.388192+00:00,254,1699050,Sanctuary: Shattered Sun,August 2027,Free,https://store.steampowered.com/app/1699050/Sanctuary_Shattered_Sun/,11,4
3bd926d5-123f-46ba-bb00-e88a11fb4547,2026-09-24T16:52:52.388192+00:00,255,1661330,SacriFire,2026,Unpriced (Coming Soon),https://store.steampowered.com/app/1661330/SacriFire/,11,5
3bd926d5-123f-46ba-bb00-e88a11fb4547,2026-09-24T16:52:52.388192+00:00,256,1727760,Mars Tactics,2026,Unpriced (Coming Soon),https://store.steampowered.com/app/1727760/Mars_Tactics/,11,6
3bd926d5-123f-46ba-bb00-e88a11fb4547,2026-09-24T16:52:52.388192+00:00,257,4212050,Supreme Experiment,To be announced,Unpriced (Coming Soon),https://store.steampowered.com/app/4212050/Supreme_Experiment/,11,7
3bd926d5-123f-46ba-bb00-e88a11fb4547,2026-09-24T16:52:52.388192+00:00,258,1883810,Bloodstained: The Scarlet Engagement,2027,Free,https://store.steampowered.com/app/1883810/Bloodstained_The_Scarlet_Engagement/,11,8
3bd926d5-123f-46ba-bb00-e88a11fb4547,2026-09-24T16:52:52.388192+00:00,259,763310,Projekt Z: Beyond Order,To be announced,Unpriced (Coming Soon),https://store.steampowered.com/app/763310/Projekt_Z_Beyond_Order/,11,9
3bd926d5-123f-46ba-bb00-e88a11fb4547,2026-09-24T16:52:52.388192+00:00,260,3295000,ReVamp,To be announced,Unpriced (Coming Soon),https://store.steampowered.com/app/3295000/ReVamp/,11,10
3bd926d5-123f-46ba-bb00-e88a11fb4547,2026-09-24T16:52:52.388192+00:00,261,4311530,Very Safe Dino Park 🦖,Coming soon,Free,https://store.steampowered.com/app/4311530/Very_Safe_Dino_Park/,11,11
3bd926d5-123f-46ba-bb00-e88a11fb4547,2026-09-24T16:52:52.388192+00:00,262,3023930,UFL™,To be announced,Unpriced (Coming Soon),https://store.steampowered.com/app/3023930/UFL/,11,12
3bd926d5-123f-46ba-bb00-e88a11fb4547,2026-09-24T16:52:52.388192+00:00,263,4894750,Paper Shredder,Coming soon,Free,https://store.steampowered.com/app/4894750/Paper_Shredder/,11,13
3bd926d5-123f-46ba-bb00-e88a11fb4547,2026-09-24T16:52:52.388192+00:00,264,3851260,Euro Truck Simulator 2 - Isle of Ireland,To be announced,Unpriced (Coming Soon),https://store.steampowered.com/app/3851260/Euro_Truck_Simulator_2__Isle_of_Ireland/,11,14
3bd926d5-123f-46ba-bb00-e88a11fb4547,2026-09-24T16:52:52.388192+00:00,265,4096780,The Missing Tail,To be announced,Unpriced (Coming Soon),https://store.steampowered.com/app/4096780/The_Missing_Tail/,11,15
3bd926d5-123f-46ba-bb00-e88a11fb4547,2026-09-24T16:52:52.388192+00:00,266,4920230,Afterworld,To be announced,Unpriced (Coming Soon),https://store.steampowered.com/app/4920230/Afterworld/,11,16
3bd926d5-123f-46ba-bb00-e88a11fb4547,2026-09-24T16:52:52.388192+00:00,267,3314580,Trash Day,"Oct 13, 2026",Unpriced (Coming Soon),https://store.steampowered.com/app/3314580/Trash_Day/,11,17
3bd926d5-123f-46ba-bb00-e88a11fb4547,2026-09-24T16:52:52.388192+00:00,268,2239670,Glory To The Heroes™,2026,Unpriced (Coming Soon),https://store.steampowered.com/app/2239670/Glory_To_The_Heroes/,11,18
3bd926d5-123f-46ba-bb00-e88a11fb4547,2026-09-24T16:52:52.388192+00:00,269,3522600,Demon Bluff,Q4 2026,Unpriced (Coming Soon),https://store.steampowered.com/app/3522600/Demon_Bluff/,11,19
3bd926d5-123f-46ba-bb00-e88a11fb4547,2026-09-24T16:52:52.388192+00:00,270,2121510,Tenebris Somnia,"Oct 16, 2026",Unpriced (Coming Soon),https://store.steampowered.com/app/2121510/Tenebris_Somnia/,11,20
3bd926d5-123f-46ba-bb00-e88a11fb4547,2026-09-24T16:52:52.388192+00:00,271,881940,Guns 'n Goblins,Q2 2027,Free,https://store.steampowered.com/app/881940/Guns_n_Goblins/,11,21
3bd926d5-123f-46ba-bb00-e88a11fb4547,2026-09-24T16:52:52.388192+00:00,272,2924540,Crazy Taxi: World Tour,2027,Free,https://store.steampowered.com/app/2924540/Crazy_Taxi_World_Tour/,11,22
3bd926d5-123f-46ba-bb00-e88a11fb4547,2026-09-24T16:52:52.388192+00:00,273,3793200,American Truck Simulator - Road Trip: Ford,"Sep 29, 2026",Unpriced (Coming Soon),https://store.steampowered.com/app/3793200/American_Truck_Simulator__Road_Trip_Ford/,11,23
3bd926d5-123f-46ba-bb00-e88a11fb4547,2026-09-24T16:52:52.388192+00:00,274,2365790,Let's Build a Dungeon,"Feb 11, 2027",Free,https://store.steampowered.com/app/2365790/Lets_Build_a_Dungeon/,11,24
3bd926d5-123f-46ba-bb00-e88a11fb4547,2026-09-24T16:52:52.388192+00:00,275,4651830,CINDER CITY,Coming soon,Free,https://store.steampowered.com/app/4651830/CINDER_CITY/,11,25
3bd926d5-123f-46ba-bb00-e88a11fb4547,2026-09-24T16:52:52.388192+00:00,276,939530,The Free Shepherd,2027,Free,https://store.steampowered.com/app/939530/The_Free_Shepherd/,12,1
3bd926d5-123f-46ba-bb00-e88a11fb4547,2026-09-24T16:52:52.388192+00:00,277,3211720,Erosion,Coming soon,Free,https://store.steampowered.com/app/3211720/Erosion/,12,2
3bd926d5-123f-46ba-bb00-e88a11fb4547,2026-09-24T16:52:52.388192+00:00,278,3847920,Wild n Chill,To be announced,Unpriced (Coming Soon),https://store.steampowered.com/app/3847920/Wild_n_Chill/,12,3
3bd926d5-123f-46ba-bb00-e88a11fb4547,2026-09-24T16:52:52.388192+00:00,279,3062170,The Enigma Cases,Coming soon,Free,https://store.steampowered.com/app/3062170/The_Enigma_Cases/,12,4
3bd926d5-123f-46ba-bb00-e88a11fb4547,2026-09-24T16:52:52.388192+00:00,280,2967950,The Witch's Bakery,"Oct 14, 2026",Unpriced (Coming Soon),https://store.steampowered.com/app/2967950/The_Witchs_Bakery/,12,5
3bd926d5-123f-46ba-bb00-e88a11fb4547,2026-09-24T16:52:52.388192+00:00,281,3856530,About Fishing,2026,Unpriced (Coming Soon),https://store.steampowered.com/app/3856530/About_Fishing/,12,6
3bd926d5-123f-46ba-bb00-e88a11fb4547,2026-09-24T16:52:52.388192+00:00,282,3355360,4:LOOP,Coming soon,Free,https://store.steampowered.com/app/3355360/4LOOP/,12,7
3bd926d5-123f-46ba-bb00-e88a11fb4547,2026-09-24T16:52:52.388192+00:00,283,3677050,HABROMANIA,To be announced,Unpriced (Coming Soon),https://store.steampowered.com/app/3677050/HABROMANIA/,12,8
3bd926d5-123f-46ba-bb00-e88a11fb4547,2026-09-24T16:52:52.388192+00:00,284,3245140,Hello Sunshine,Coming soon,Free,https://store.steampowered.com/app/3245140/Hello_Sunshine/,12,9
3bd926d5-123f-46ba-bb00-e88a11fb4547,2026-09-24T16:52:52.388192+00:00,285,2326200,NEO BERLIN 2087,2028,Free,https://store.steampowered.com/app/2326200/NEO_BERLIN_2087/,12,10
3bd926d5-123f-46ba-bb00-e88a11fb4547,2026-09-24T16:52:52.388192+00:00,286,3512480,Drownlight,Coming soon,Free,https://store.steampowered.com/app/3512480/Drownlight/,12,11
3bd926d5-123f-46ba-bb00-e88a11fb4547,2026-09-24T16:52:52.388192+00:00,287,3102780,C-Beams,Coming soon,Free,https://store.steampowered.com/app/3102780/CBeams/,12,12
3bd926d5-123f-46ba-bb00-e88a11fb4547,2026-09-24T16:52:52.388192+00:00,288,4221910,Plague Doctor: Life in Pestilence,Coming soon,Free,https://store.steampowered.com/app/4221910/Plague_Doctor_Life_in_Pestilence/,12,13
3bd926d5-123f-46ba-bb00-e88a11fb4547,2026-09-24T16:52:52.388192+00:00,289,3765640,Car For Sale Together,2027,Free,https://store.steampowered.com/app/3765640/Car_For_Sale_Together/,12,14
3bd926d5-123f-46ba-bb00-e88a11fb4547,2026-09-24T16:52:52.388192+00:00,290,3708010,Darkwood 2,Coming soon,Free,https://store.steampowered.com/app/3708010/Darkwood_2/,12,15
3bd926d5-123f-46ba-bb00-e88a11fb4547,2026-09-24T16:52:52.388192+00:00,291,1490930,Capital Command,2026,Unpriced (Coming Soon),https://store.steampowered.com/app/1490930/Capital_Command/,12,16
3bd926d5-123f-46ba-bb00-e88a11fb4547,2026-09-24T16:52:52.388192+00:00,292,2975260,PRISON OF HUSKS,2026,Unpriced (Coming Soon),https://store.steampowered.com/app/2975260/PRISON_OF_HUSKS/,12,17
3bd926d5-123f-46ba-bb00-e88a11fb4547,2026-09-24T16:52:52.388192+00:00,293,3757140,Of Peaks and Tides,To be announced,Unpriced (Coming Soon),https://store.steampowered.com/app/3757140/Of_Peaks_and_Tides/,12,18
3bd926d5-123f-46ba-bb00-e88a11fb4547,2026-09-24T16:52:52.388192+00:00,294,3247960,Bergfried,To be announced,Unpriced (Coming Soon),https://store.steampowered.com/app/3247960/Bergfried/,12,19
3bd926d5-123f-46ba-bb00-e88a11fb4547,2026-09-24T16:52:52.388192+00:00,295,1706510,Songs of Glimmerwick,"Sep 30, 2026",Unpriced (Coming Soon),https://store.steampowered.com/app/1706510/Songs_of_Glimmerwick/,12,20
3bd926d5-123f-46ba-bb00-e88a11fb4547,2026-09-24T16:52:52.388192+00:00,296,4400930,Euro Truck Simulator 2 - Soul of Anatolia,To be announced,Unpriced (Coming Soon),https://store.steampowered.com/app/4400930/Euro_Truck_Simulator_2__Soul_of_Anatolia/,12,21
3bd926d5-123f-46ba-bb00-e88a11fb4547,2026-09-24T16:52:52.388192+00:00,297,3714450,Barotrauma - Home & Harbor Expansion,2026,Unpriced (Coming Soon),https://store.steampowered.com/app/3714450/Barotrauma__Home__Harbor_Expansion/,12,22
3bd926d5-123f-46ba-bb00-e88a11fb4547,2026-09-24T16:52:52.388192+00:00,298,3345210,The Hidden Ones,Coming soon,Free,https://store.steampowered.com/app/3345210/The_Hidden_Ones/,12,23
3bd926d5-123f-46ba-bb00-e88a11fb4547,2026-09-24T16:52:52.388192+00:00,299,4729320,Swords of Legends,To be announced,Unpriced (Coming Soon),https://store.steampowered.com/app/4729320/Swords_of_Legends/,12,24
3bd926d5-123f-46ba-bb00-e88a11fb4547,2026-09-24T16:52:52.388192+00:00,300,3564490,Hell Express,To be announced,Unpriced (Coming Soon),https://store.steampowered.com/app/3564490/Hell_Express/,12,25
3bd926d5-123f-46ba-bb00-e88a11fb4547,2026-09-24T16:52:52.388192+00:00,301,3014650,.45 PARABELLUM BLOODHOUND - Cyberpunk Active Time Action,To be announced,Unpriced (Coming Soon),https://store.steampowered.com/app/3014650/45_PARABELLUM_BLOODHOUND__Cyberpunk_Active_Time_Action/,13,1
3bd926d5-123f-46ba-bb00-e88a11fb4547,2026-09-24T16:52:52.388192+00:00,302,4604540,TARAE: The Unbound,To be announced,Unpriced (Coming Soon),https://store.steampowered.com/app/4604540/TARAE_The_Unbound/,13,2
3bd926d5-123f-46ba-bb00-e88a11fb4547,2026-09-24T16:52:52.388192+00:00,303,4253010,Scars of Honor,To be announced,Unpriced (Coming Soon),https://store.steampowered.com/app/4253010/Scars_of_Honor/,13,3
3bd926d5-123f-46ba-bb00-e88a11fb4547,2026-09-24T16:52:52.388192+00:00,304,4061170,SlashZero,Q1 2027,Free,https://store.steampowered.com/app/4061170/SlashZero/,13,4
3bd926d5-123f-46ba-bb00-e88a11fb4547,2026-09-24T16:52:52.388192+00:00,305,2872300,ABYSS X ZERO,Coming soon,Free,https://store.steampowered.com/app/2872300/ABYSS_X_ZERO/,13,5
3bd926d5-123f-46ba-bb00-e88a11fb4547,2026-09-24T16:52:52.388192+00:00,306,2193600,Paranormal Tales,To be announced,Unpriced (Coming Soon),https://store.steampowered.com/app/2193600/Paranormal_Tales/,13,6
3bd926d5-123f-46ba-bb00-e88a11fb4547,2026-09-24T16:52:52.388192+00:00,307,1363940,Tenjutsu,To be announced,Unpriced (Coming Soon),https://store.steampowered.com/app/1363940/Tenjutsu/,13,7
3bd926d5-123f-46ba-bb00-e88a11fb4547,2026-09-24T16:52:52.388192+00:00,308,3983000,Parasite Mutant,Coming soon,Free,https://store.steampowered.com/app/3983000/Parasite_Mutant/,13,8
3bd926d5-123f-46ba-bb00-e88a11fb4547,2026-09-24T16:52:52.388192+00:00,309,3086590,"Gods, Death & Reapers",Q1 2027,Free,https://store.steampowered.com/app/3086590/Gods_Death__Reapers/,13,9
3bd926d5-123f-46ba-bb00-e88a11fb4547,2026-09-24T16:52:52.388192+00:00,310,1799840,Queen's Domain,Coming soon,Free,https://store.steampowered.com/app/1799840/Queens_Domain/,13,10
3bd926d5-123f-46ba-bb00-e88a11fb4547,2026-09-24T16:52:52.388192+00:00,311,4080220,EA SPORTS FC™ 27,"Sep 24, 2026",$69.99,https://store.steampowered.com/app/4080220/EA_SPORTS_FC_27/,13,11
3bd926d5-123f-46ba-bb00-e88a11fb4547,2026-09-24T16:52:52.388192+00:00,312,1994000,Rogue Soulstone,To be announced,Unpriced (Coming Soon),https://store.steampowered.com/app/1994000/Rogue_Soulstone/,13,12
3bd926d5-123f-46ba-bb00-e88a11fb4547,2026-09-24T16:52:52.388192+00:00,313,3204330,County of Fortune,"Nov 5, 2026",Unpriced (Coming Soon),https://store.steampowered.com/app/3204330/County_of_Fortune/,13,13
3bd926d5-123f-46ba-bb00-e88a11fb4547,2026-09-24T16:52:52.388192+00:00,314,3645050,Crop,To be announced,Unpriced (Coming Soon),https://store.steampowered.com/app/3645050/Crop/,13,14
3bd926d5-123f-46ba-bb00-e88a11fb4547,2026-09-24T16:52:52.388192+00:00,315,2675650,Decrepit,2026,Unpriced (Coming Soon),https://store.steampowered.com/app/2675650/Decrepit/,13,15
3bd926d5-123f-46ba-bb00-e88a11fb4547,2026-09-24T16:52:52.388192+00:00,316,3734220,Guns of Eschaton,2026,Unpriced (Coming Soon),https://store.steampowered.com/app/3734220/Guns_of_Eschaton/,13,16
3bd926d5-123f-46ba-bb00-e88a11fb4547,2026-09-24T16:52:52.388192+00:00,317,2400840,Phantom Line,To be announced,Unpriced (Coming Soon),https://store.steampowered.com/app/2400840/Phantom_Line/,13,17
3bd926d5-123f-46ba-bb00-e88a11fb4547,2026-09-24T16:52:52.388192+00:00,318,2753930,Vikings Dynasty,To be announced,Unpriced (Coming Soon),https://store.steampowered.com/app/2753930/Vikings_Dynasty/,13,18
3bd926d5-123f-46ba-bb00-e88a11fb4547,2026-09-24T16:52:52.388192+00:00,319,2712590,Dragon Shelter,"Sep 24, 2026",Unpriced (Coming Soon),https://store.steampowered.com/app/2712590/Dragon_Shelter/,13,19
3bd926d5-123f-46ba-bb00-e88a11fb4547,2026-09-24T16:52:52.388192+00:00,320,2190700,Altered Alma,Coming soon,Free,https://store.steampowered.com/app/2190700/Altered_Alma/,13,20
3bd926d5-123f-46ba-bb00-e88a11fb4547,2026-09-24T16:52:52.388192+00:00,321,3884860,The Wolf Among Us Remastered,"Oct 29, 2026",Unpriced (Coming Soon),https://store.steampowered.com/app/3884860/The_Wolf_Among_Us_Remastered/,13,21
3bd926d5-123f-46ba-bb00-e88a11fb4547,2026-09-24T16:52:52.388192+00:00,322,3841510,DYNASTY WARRIORS 3: Complete Edition Remastered,"Sep 30, 2026",$39.99,https://store.steampowered.com/app/3841510/DYNASTY_WARRIORS_3_Complete_Edition_Remastered/,13,22
3bd926d5-123f-46ba-bb00-e88a11fb4547,2026-09-24T16:52:52.388192+00:00,323,2487190,Main Sequence,Coming soon,Free,https://store.steampowered.com/app/2487190/Main_Sequence/,13,23
3bd926d5-123f-46ba-bb00-e88a11fb4547,2026-09-24T16:52:52.388192+00:00,324,3077640,MIGHTREYA,To be announced,Unpriced (Coming Soon),https://store.steampowered.com/app/3077640/MIGHTREYA/,13,24
3bd926d5-123f-46ba-bb00-e88a11fb4547,2026-09-24T16:52:52.388192+00:00,325,3937470,Sally Face 2,To be announced,Unpriced (Coming Soon),https://store.steampowered.com/app/3937470/Sally_Face_2/,13,25
3bd926d5-123f-46ba-bb00-e88a11fb4547,2026-09-24T16:52:52.388192+00:00,326,4182190,Too Deep To Quit,2026,Unpriced (Coming Soon),https://store.steampowered.com/app/4182190/Too_Deep_To_Quit/,14,1
3bd926d5-123f-46ba-bb00-e88a11fb4547,2026-09-24T16:52:52.388192+00:00,327,2146290,The Big Catch,To be announced,Unpriced (Coming Soon),https://store.steampowered.com/app/2146290/The_Big_Catch/,14,2
3bd926d5-123f-46ba-bb00-e88a11fb4547,2026-09-24T16:52:52.388192+00:00,328,2512880,CrisisX,2026,Free,https://store.steampowered.com/app/2512880/CrisisX/,14,3
3bd926d5-123f-46ba-bb00-e88a11fb4547,2026-09-24T16:52:52.388192+00:00,329,3000460,The Path Into The Abyss,To be announced,Unpriced (Coming Soon),https://store.steampowered.com/app/3000460/The_Path_Into_The_Abyss/,14,4
3bd926d5-123f-46ba-bb00-e88a11fb4547,2026-09-24T16:52:52.388192+00:00,330,4093320,Beastfolk Barber,To be announced,Unpriced (Coming Soon),https://store.steampowered.com/app/4093320/Beastfolk_Barber/,14,5
3bd926d5-123f-46ba-bb00-e88a11fb4547,2026-09-24T16:52:52.388192+00:00,331,2988120,Never Be Alone,"Dec 8, 2026",Unpriced (Coming Soon),https://store.steampowered.com/app/2988120/Never_Be_Alone/,14,6
3bd926d5-123f-46ba-bb00-e88a11fb4547,2026-09-24T16:52:52.388192+00:00,332,3725190,There Are No Ghosts at the Grand,December 2026,Unpriced (Coming Soon),https://store.steampowered.com/app/3725190/There_Are_No_Ghosts_at_the_Grand/,14,7
3bd926d5-123f-46ba-bb00-e88a11fb4547,2026-09-24T16:52:52.388192+00:00,333,2957360,NIGHTMARE OPERATOR,To be announced,Unpriced (Coming Soon),https://store.steampowered.com/app/2957360/NIGHTMARE_OPERATOR/,14,8
3bd926d5-123f-46ba-bb00-e88a11fb4547,2026-09-24T16:52:52.388192+00:00,334,2402470,World of Anterra,2026,Unpriced (Coming Soon),https://store.steampowered.com/app/2402470/World_of_Anterra/,14,9
3bd926d5-123f-46ba-bb00-e88a11fb4547,2026-09-24T16:52:52.388192+00:00,335,2551550,Goodbye Seoul,Coming soon,Free,https://store.steampowered.com/app/2551550/Goodbye_Seoul/,14,10
3bd926d5-123f-46ba-bb00-e88a11fb4547,2026-09-24T16:52:52.388192+00:00,336,2638690,Imperium  Eternal,To be announced,Unpriced (Coming Soon),https://store.steampowered.com/app/2638690/Imperium__Eternal/,14,11
3bd926d5-123f-46ba-bb00-e88a11fb4547,2026-09-24T16:52:52.388192+00:00,337,2173930,NTRaholic Remix,Coming soon,Free,https://store.steampowered.com/app/2173930/NTRaholic_Remix/,14,12
3bd926d5-123f-46ba-bb00-e88a11fb4547,2026-09-24T16:52:52.388192+00:00,338,3485810,Kena: Scars of Kosmora,Coming soon,Free,https://store.steampowered.com/app/3485810/Kena_Scars_of_Kosmora/,14,13
3bd926d5-123f-46ba-bb00-e88a11fb4547,2026-09-24T16:52:52.388192+00:00,339,4452700,STAGE TOUR,2026,Unpriced (Coming Soon),https://store.steampowered.com/app/4452700/STAGE_TOUR/,14,14
3bd926d5-123f-46ba-bb00-e88a11fb4547,2026-09-24T16:52:52.388192+00:00,340,3569420,Chained Beasts,"Oct 15, 2026",Unpriced (Coming Soon),https://store.steampowered.com/app/3569420/Chained_Beasts/,14,15
3bd926d5-123f-46ba-bb00-e88a11fb4547,2026-09-24T16:52:52.388192+00:00,341,4189120,Debauchery & Magic,December 2026,Unpriced (Coming Soon),https://store.steampowered.com/app/4189120/Debauchery__Magic/,14,16
3bd926d5-123f-46ba-bb00-e88a11fb4547,2026-09-24T16:52:52.388192+00:00,342,3752650,Tale's Edge,To be announced,Unpriced (Coming Soon),https://store.steampowered.com/app/3752650/Tales_Edge/,14,17
3bd926d5-123f-46ba-bb00-e88a11fb4547,2026-09-24T16:52:52.388192+00:00,343,4072240,Woman Simulator,"Sep 25, 2026",Unpriced (Coming Soon),https://store.steampowered.com/app/4072240/Woman_Simulator/,14,18
3bd926d5-123f-46ba-bb00-e88a11fb4547,2026-09-24T16:52:52.388192+00:00,344,2152500,Dig In,To be announced,Unpriced (Coming Soon),https://store.steampowered.com/app/2152500/Dig_In/,14,19
3bd926d5-123f-46ba-bb00-e88a11fb4547,2026-09-24T16:52:52.388192+00:00,345,4048520,HAELE 3D - Pose Studio Max - Anatomy Drawing References,"Mar 11, 2027",Free,https://store.steampowered.com/app/4048520/HAELE_3D__Pose_Studio_Max__Anatomy_Drawing_References/,14,20
3bd926d5-123f-46ba-bb00-e88a11fb4547,2026-09-24T16:52:52.388192+00:00,346,4465790,Deadzone Rogue 2,Coming soon,Free,https://store.steampowered.com/app/4465790/Deadzone_Rogue_2/,14,21
3bd926d5-123f-46ba-bb00-e88a11fb4547,2026-09-24T16:52:52.388192+00:00,347,2843060,Into the Wind,To be announced,Unpriced (Coming Soon),https://store.steampowered.com/app/2843060/Into_the_Wind/,14,22
3bd926d5-123f-46ba-bb00-e88a11fb4547,2026-09-24T16:52:52.388192+00:00,348,2786710,Zarya,To be announced,Unpriced (Coming Soon),https://store.steampowered.com/app/2786710/Zarya/,14,23
3bd926d5-123f-46ba-bb00-e88a11fb4547,2026-09-24T16:52:52.388192+00:00,349,4213030,Deadhikers,To be announced,Unpriced (Coming Soon),https://store.steampowered.com/app/4213030/Deadhikers/,14,24
3bd926d5-123f-46ba-bb00-e88a11fb4547,2026-09-24T16:52:52.388192+00:00,350,2882720,Koshmar: The Last Reverie,Coming soon,Free,https://store.steampowered.com/app/2882720/Koshmar_The_Last_Reverie/,14,25
3bd926d5-123f-46ba-bb00-e88a11fb4547,2026-09-24T16:52:52.388192+00:00,351,3617830,Scary Cargo,Coming soon,Free,https://store.steampowered.com/app/3617830/Scary_Cargo/,15,1
3bd926d5-123f-46ba-bb00-e88a11fb4547,2026-09-24T16:52:52.388192+00:00,352,1884870,The Wolf Among Us 2,Coming soon,Free,https://store.steampowered.com/app/1884870/The_Wolf_Among_Us_2/,15,2
3bd926d5-123f-46ba-bb00-e88a11fb4547,2026-09-24T16:52:52.388192+00:00,353,3224600,Am I Nima,"Nov 27, 2026",Unpriced (Coming Soon),https://store.steampowered.com/app/3224600/Am_I_Nima/,15,3
3bd926d5-123f-46ba-bb00-e88a11fb4547,2026-09-24T16:52:52.388192+00:00,354,1332100,Starship Simulator,To be announced,Free,https://store.steampowered.com/app/1332100/Starship_Simulator/,15,4
3bd926d5-123f-46ba-bb00-e88a11fb4547,2026-09-24T16:52:52.388192+00:00,355,3581730,SHADE Protocol,To be announced,Unpriced (Coming Soon),https://store.steampowered.com/app/3581730/SHADE_Protocol/,15,5
3bd926d5-123f-46ba-bb00-e88a11fb4547,2026-09-24T16:52:52.388192+00:00,356,3499590,Code RAPID,To be announced,Unpriced (Coming Soon),https://store.steampowered.com/app/3499590/Code_RAPID/,15,6
3bd926d5-123f-46ba-bb00-e88a11fb4547,2026-09-24T16:52:52.388192+00:00,357,3545560,Ironclad,To be announced,Unpriced (Coming Soon),https://store.steampowered.com/app/3545560/Ironclad/,15,7
3bd926d5-123f-46ba-bb00-e88a11fb4547,2026-09-24T16:52:52.388192+00:00,358,3470140,METAMORPHOSIS,To be announced,Unpriced (Coming Soon),https://store.steampowered.com/app/3470140/METAMORPHOSIS/,15,8
3bd926d5-123f-46ba-bb00-e88a11fb4547,2026-09-24T16:52:52.388192+00:00,359,4440650,KAGE,Q1 2027,Free,https://store.steampowered.com/app/4440650/KAGE/,15,9
3bd926d5-123f-46ba-bb00-e88a11fb4547,2026-09-24T16:52:52.388192+00:00,360,3621390,Tom Clancy’s Rainbow Six Tactics,2027,Free,https://store.steampowered.com/app/3621390/Tom_Clancys_Rainbow_Six_Tactics/,15,10
3bd926d5-123f-46ba-bb00-e88a11fb4547,2026-09-24T16:52:52.388192+00:00,361,1540720,Forgery Craft,Q4 2027,Free,https://store.steampowered.com/app/1540720/Forgery_Craft/,15,11
3bd926d5-123f-46ba-bb00-e88a11fb4547,2026-09-24T16:52:52.388192+00:00,362,1255460,Space Station 14,Coming soon,Free,https://store.steampowered.com/app/1255460/Space_Station_14/,15,12
3bd926d5-123f-46ba-bb00-e88a11fb4547,2026-09-24T16:52:52.388192+00:00,363,2067820,RetroSpace,"Oct 1, 2026",Unpriced (Coming Soon),https://store.steampowered.com/app/2067820/RetroSpace/,15,13
3bd926d5-123f-46ba-bb00-e88a11fb4547,2026-09-24T16:52:52.388192+00:00,364,4669960,Dungeon Lurker,To be announced,Unpriced (Coming Soon),https://store.steampowered.com/app/4669960/Dungeon_Lurker/,15,14
3bd926d5-123f-46ba-bb00-e88a11fb4547,2026-09-24T16:52:52.388192+00:00,365,2916700,Attack on Titan 3 / A.O.T. 3,"Dec 9, 2026",$69.99,https://store.steampowered.com/app/2916700/Attack_on_Titan_3__AOT_3/,15,15
3bd926d5-123f-46ba-bb00-e88a11fb4547,2026-09-24T16:52:52.388192+00:00,366,1340380,Kitori Academy,Coming soon,Free,https://store.steampowered.com/app/1340380/Kitori_Academy/,15,16
3bd926d5-123f-46ba-bb00-e88a11fb4547,2026-09-24T16:52:52.388192+00:00,367,1051440,Ship Builder,To be announced,Unpriced (Coming Soon),https://store.steampowered.com/app/1051440/Ship_Builder/,15,17
3bd926d5-123f-46ba-bb00-e88a11fb4547,2026-09-24T16:52:52.388192+00:00,368,4788240,Night Shift Hospital,Coming soon,Free,https://store.steampowered.com/app/4788240/Night_Shift_Hospital/,15,18
3bd926d5-123f-46ba-bb00-e88a11fb4547,2026-09-24T16:52:52.388192+00:00,369,3010270,"Warhammer 40,000: Chaos Gate – Deathwatch",Coming soon,Free,https://store.steampowered.com/app/3010270/Warhammer_40000_Chaos_Gate__Deathwatch/,15,19
3bd926d5-123f-46ba-bb00-e88a11fb4547,2026-09-24T16:52:52.388192+00:00,370,4502890,CheatCheat,Coming soon,Free,https://store.steampowered.com/app/4502890/CheatCheat/,15,20
3bd926d5-123f-46ba-bb00-e88a11fb4547,2026-09-24T16:52:52.388192+00:00,371,2203290,KaiJu Girls,2027,Free,https://store.steampowered.com/app/2203290/KaiJu_Girls/,15,21
3bd926d5-123f-46ba-bb00-e88a11fb4547,2026-09-24T16:52:52.388192+00:00,372,2805070,Screenbound,To be announced,Unpriced (Coming Soon),https://store.steampowered.com/app/2805070/Screenbound/,15,22
3bd926d5-123f-46ba-bb00-e88a11fb4547,2026-09-24T16:52:52.388192+00:00,373,2889030,MUDANG: Two Hearts,2026,Unpriced (Coming Soon),https://store.steampowered.com/app/2889030/MUDANG_Two_Hearts/,15,23
3bd926d5-123f-46ba-bb00-e88a11fb4547,2026-09-24T16:52:52.388192+00:00,374,1675260,Among the Trolls,"Oct 14, 2026",Unpriced (Coming Soon),https://store.steampowered.com/app/1675260/Among_the_Trolls/,15,24
3bd926d5-123f-46ba-bb00-e88a11fb4547,2026-09-24T16:52:52.388192+00:00,375,3061930,CLUTCH,2027,Free,https://store.steampowered.com/app/3061930/CLUTCH/,15,25
3bd926d5-123f-46ba-bb00-e88a11fb4547,2026-09-24T16:52:52.388192+00:00,376,4253770,Muramasa: Revenant Blades,"Feb 3, 2027",Free,https://store.steampowered.com/app/4253770/Muramasa_Revenant_Blades/,16,1
3bd926d5-123f-46ba-bb00-e88a11fb4547,2026-09-24T16:52:52.388192+00:00,377,3218570,TANUKI: Pon's Summer,Coming soon,Free,https://store.steampowered.com/app/3218570/TANUKI_Pons_Summer/,16,2
3bd926d5-123f-46ba-bb00-e88a11fb4547,2026-09-24T16:52:52.388192+00:00,378,4119710,Give Us A Sign,Coming soon,Free,https://store.steampowered.com/app/4119710/Give_Us_A_Sign/,16,3
3bd926d5-123f-46ba-bb00-e88a11fb4547,2026-09-24T16:52:52.388192+00:00,379,1675680,INSTINCTION,To be announced,Unpriced (Coming Soon),https://store.steampowered.com/app/1675680/INSTINCTION/,16,4
3bd926d5-123f-46ba-bb00-e88a11fb4547,2026-09-24T16:52:52.388192+00:00,380,3918200,港警成雙：來自城寨 Dual Fire Walled City,Q3 2026,Unpriced (Coming Soon),https://store.steampowered.com/app/3918200/_Dual_Fire_Walled_City/,16,5
3bd926d5-123f-46ba-bb00-e88a11fb4547,2026-09-24T16:52:52.388192+00:00,381,3218350,Melvor Idle 2,2026,Unpriced (Coming Soon),https://store.steampowered.com/app/3218350/Melvor_Idle_2/,16,6
3bd926d5-123f-46ba-bb00-e88a11fb4547,2026-09-24T16:52:52.388192+00:00,382,888780,Adapt,To be announced,Unpriced (Coming Soon),https://store.steampowered.com/app/888780/Adapt/,16,7
3bd926d5-123f-46ba-bb00-e88a11fb4547,2026-09-24T16:52:52.388192+00:00,383,2587620,Dinolords,To be announced,Unpriced (Coming Soon),https://store.steampowered.com/app/2587620/Dinolords/,16,8
3bd926d5-123f-46ba-bb00-e88a11fb4547,2026-09-24T16:52:52.388192+00:00,384,4223290,Mega Man: Dual Override,2027,Free,https://store.steampowered.com/app/4223290/Mega_Man_Dual_Override/,16,9
3bd926d5-123f-46ba-bb00-e88a11fb4547,2026-09-24T16:52:52.388192+00:00,385,2988030,Into the Fire,2026,Unpriced (Coming Soon),https://store.steampowered.com/app/2988030/Into_the_Fire/,16,10
3bd926d5-123f-46ba-bb00-e88a11fb4547,2026-09-24T16:52:52.388192+00:00,386,4171660,PANLINE,2027,Free,https://store.steampowered.com/app/4171660/PANLINE/,16,11
3bd926d5-123f-46ba-bb00-e88a11fb4547,2026-09-24T16:52:52.388192+00:00,387,3560050,Fourleaf Fields,To be announced,Unpriced (Coming Soon),https://store.steampowered.com/app/3560050/Fourleaf_Fields/,16,12
3bd926d5-123f-46ba-bb00-e88a11fb4547,2026-09-24T16:52:52.388192+00:00,388,4102480,Vampire: The Masquerade — ETERNAL WHISPERS,Coming soon,Free,https://store.steampowered.com/app/4102480/Vampire_The_Masquerade__ETERNAL_WHISPERS/,16,13
3bd926d5-123f-46ba-bb00-e88a11fb4547,2026-09-24T16:52:52.388192+00:00,389,3270430,Systemic War,To be announced,Unpriced (Coming Soon),https://store.steampowered.com/app/3270430/Systemic_War/,16,14
3bd926d5-123f-46ba-bb00-e88a11fb4547,2026-09-24T16:52:52.388192+00:00,390,3956640,Hero's Adventure: Another Tale,2026,Unpriced (Coming Soon),https://store.steampowered.com/app/3956640/Heros_Adventure_Another_Tale/,16,15
3bd926d5-123f-46ba-bb00-e88a11fb4547,2026-09-24T16:52:52.388192+00:00,391,3131640,Deus Ex Remastered,To be announced,Unpriced (Coming Soon),https://store.steampowered.com/app/3131640/Deus_Ex_Remastered/,16,16
3bd926d5-123f-46ba-bb00-e88a11fb4547,2026-09-24T16:52:52.388192+00:00,392,2566700,The Last General,2027,Free,https://store.steampowered.com/app/2566700/The_Last_General/,16,17
3bd926d5-123f-46ba-bb00-e88a11fb4547,2026-09-24T16:52:52.388192+00:00,393,2638080,Annihilated,Q4 2026,Unpriced (Coming Soon),https://store.steampowered.com/app/2638080/Annihilated/,16,18
3bd926d5-123f-46ba-bb00-e88a11fb4547,2026-09-24T16:52:52.388192+00:00,394,3647010,DRUG Schedule,2026,Free,https://store.steampowered.com/app/3647010/DRUG_Schedule/,16,19
3bd926d5-123f-46ba-bb00-e88a11fb4547,2026-09-24T16:52:52.388192+00:00,395,2287430,Metropolis 1998,2026,Unpriced (Coming Soon),https://store.steampowered.com/app/2287430/Metropolis_1998/,16,20
3bd926d5-123f-46ba-bb00-e88a11fb4547,2026-09-24T16:52:52.388192+00:00,396,771800,Deadstick - Bush Pilot Simulator,2026,Unpriced (Coming Soon),https://store.steampowered.com/app/771800/Deadstick__Bush_Pilot_Simulator/,16,21
3bd926d5-123f-46ba-bb00-e88a11fb4547,2026-09-24T16:52:52.388192+00:00,397,1872800,EVE Vanguard,Q3 2027,Free,https://store.steampowered.com/app/1872800/EVE_Vanguard/,16,22
3bd926d5-123f-46ba-bb00-e88a11fb4547,2026-09-24T16:52:52.388192+00:00,398,2261380,Croakwood,Coming soon,Free,https://store.steampowered.com/app/2261380/Croakwood/,16,23
3bd926d5-123f-46ba-bb00-e88a11fb4547,2026-09-24T16:52:52.388192+00:00,399,3710210,Mandrake,To be announced,Unpriced (Coming Soon),https://store.steampowered.com/app/3710210/Mandrake/,16,24
3bd926d5-123f-46ba-bb00-e88a11fb4547,2026-09-24T16:52:52.388192+00:00,400,2468200,DDoD,2026,Unpriced (Coming Soon),https://store.steampowered.com/app/2468200/DDoD/,16,25
3bd926d5-123f-46ba-bb00-e88a11fb4547,2026-09-24T16:52:52.388192+00:00,401,3499790,Ashes of the Singularity II,November 2026,Unpriced (Coming Soon),https://store.steampowered.com/app/3499790/Ashes_of_the_Singularity_II/,17,1
3bd926d5-123f-46ba-bb00-e88a11fb4547,2026-09-24T16:52:52.388192+00:00,402,3895110,The Road of Dust and Sorrow,2026,Unpriced (Coming Soon),https://store.steampowered.com/app/3895110/The_Road_of_Dust_and_Sorrow/,17,2
3bd926d5-123f-46ba-bb00-e88a11fb4547,2026-09-24T16:52:52.388192+00:00,403,3509420,Planetbase 2,"Mar 19, 2027",Free,https://store.steampowered.com/app/3509420/Planetbase_2/,17,3
3bd926d5-123f-46ba-bb00-e88a11fb4547,2026-09-24T16:52:52.388192+00:00,404,2680280,PAPERHEAD,"Oct 9, 2026",Unpriced (Coming Soon),https://store.steampowered.com/app/2680280/PAPERHEAD/,17,4
3bd926d5-123f-46ba-bb00-e88a11fb4547,2026-09-24T16:52:52.388192+00:00,405,3090810,Truckful,"Oct 9, 2026",Unpriced (Coming Soon),https://store.steampowered.com/app/3090810/Truckful/,17,5
3bd926d5-123f-46ba-bb00-e88a11fb4547,2026-09-24T16:52:52.388192+00:00,406,3910680,INARI,To be announced,Unpriced (Coming Soon),https://store.steampowered.com/app/3910680/INARI/,17,6
3bd926d5-123f-46ba-bb00-e88a11fb4547,2026-09-24T16:52:52.388192+00:00,407,4174160,Project: Doors,To be announced,Unpriced (Coming Soon),https://store.steampowered.com/app/4174160/Project_Doors/,17,7
3bd926d5-123f-46ba-bb00-e88a11fb4547,2026-09-24T16:52:52.388192+00:00,408,4982940,Ringwyrm,2027,Free,https://store.steampowered.com/app/4982940/Ringwyrm/,17,8
3bd926d5-123f-46ba-bb00-e88a11fb4547,2026-09-24T16:52:52.388192+00:00,409,3392040,OMEGA PHENEX COMMENCED PROJECT SIX,2027,Free,https://store.steampowered.com/app/3392040/OMEGA_PHENEX_COMMENCED_PROJECT_SIX/,17,9
3bd926d5-123f-46ba-bb00-e88a11fb4547,2026-09-24T16:52:52.388192+00:00,410,4533950,Prove You're Human,To be announced,Unpriced (Coming Soon),https://store.steampowered.com/app/4533950/Prove_Youre_Human/,17,10
3bd926d5-123f-46ba-bb00-e88a11fb4547,2026-09-24T16:52:52.388192+00:00,411,3886530,Westlanders,2027,Free,https://store.steampowered.com/app/3886530/Westlanders/,17,11
3bd926d5-123f-46ba-bb00-e88a11fb4547,2026-09-24T16:52:52.388192+00:00,412,2185510,TOUCHSTARVED,To be announced,Unpriced (Coming Soon),https://store.steampowered.com/app/2185510/TOUCHSTARVED/,17,12
3bd926d5-123f-46ba-bb00-e88a11fb4547,2026-09-24T16:52:52.388192+00:00,413,1787230,Ahoy,To be announced,Unpriced (Coming Soon),https://store.steampowered.com/app/1787230/Ahoy/,17,13
3bd926d5-123f-46ba-bb00-e88a11fb4547,2026-09-24T16:52:52.388192+00:00,414,2353050,WTF - Waifu Tactical Force,2027,Free,https://store.steampowered.com/app/2353050/WTF__Waifu_Tactical_Force/,17,14
3bd926d5-123f-46ba-bb00-e88a11fb4547,2026-09-24T16:52:52.388192+00:00,415,2302470,Full Fathom,To be announced,Unpriced (Coming Soon),https://store.steampowered.com/app/2302470/Full_Fathom/,17,15
3bd926d5-123f-46ba-bb00-e88a11fb4547,2026-09-24T16:52:52.388192+00:00,416,950660,WRAITH OPS,2026,Unpriced (Coming Soon),https://store.steampowered.com/app/950660/WRAITH_OPS/,17,16
3bd926d5-123f-46ba-bb00-e88a11fb4547,2026-09-24T16:52:52.388192+00:00,417,4664240,Hard Worker,To be announced,Unpriced (Coming Soon),https://store.steampowered.com/app/4664240/Hard_Worker/,17,17
3bd926d5-123f-46ba-bb00-e88a11fb4547,2026-09-24T16:52:52.388192+00:00,418,862750,Lost Railway,Coming soon,Free,https://store.steampowered.com/app/862750/Lost_Railway/,17,18
3bd926d5-123f-46ba-bb00-e88a11fb4547,2026-09-24T16:52:52.388192+00:00,419,4245560,Spyro™: A Realm Beyond,To be announced,Unpriced (Coming Soon),https://store.steampowered.com/app/4245560/Spyro_A_Realm_Beyond/,17,19
3bd926d5-123f-46ba-bb00-e88a11fb4547,2026-09-24T16:52:52.388192+00:00,420,2710740,Lost Legions,Coming soon,Free,https://store.steampowered.com/app/2710740/Lost_Legions/,17,20
3bd926d5-123f-46ba-bb00-e88a11fb4547,2026-09-24T16:52:52.388192+00:00,421,4732690,Arknights: Endfield,Coming soon,Free,https://store.steampowered.com/app/4732690/Arknights_Endfield/,17,21
3bd926d5-123f-46ba-bb00-e88a11fb4547,2026-09-24T16:52:52.388192+00:00,422,4713940,Monster Fantasy,2027,Free,https://store.steampowered.com/app/4713940/Monster_Fantasy/,17,22
3bd926d5-123f-46ba-bb00-e88a11fb4547,2026-09-24T16:52:52.388192+00:00,423,4657920,War Fantasy,To be announced,Unpriced (Coming Soon),https://store.steampowered.com/app/4657920/War_Fantasy/,17,23
3bd926d5-123f-46ba-bb00-e88a11fb4547,2026-09-24T16:52:52.388192+00:00,424,3793190,American Truck Simulator - Road Trip: RAM & Dodge,To be announced,Unpriced (Coming Soon),https://store.steampowered.com/app/3793190/American_Truck_Simulator__Road_Trip_RAM__Dodge/,17,24
3bd926d5-123f-46ba-bb00-e88a11fb4547,2026-09-24T16:52:52.388192+00:00,425,2738170,Edge of Memories,"Nov 5, 2026",Unpriced (Coming Soon),https://store.steampowered.com/app/2738170/Edge_of_Memories/,17,25
3bd926d5-123f-46ba-bb00-e88a11fb4547,2026-09-24T16:52:52.388192+00:00,426,3639060,DELIVERY MUST COMPLETE,To be announced,Unpriced (Coming Soon),https://store.steampowered.com/app/3639060/DELIVERY_MUST_COMPLETE/,18,1
3bd926d5-123f-46ba-bb00-e88a11fb4547,2026-09-24T16:52:52.388192+00:00,427,4111570,Gate Guard Simulator,2027,Free,https://store.steampowered.com/app/4111570/Gate_Guard_Simulator/,18,2
3bd926d5-123f-46ba-bb00-e88a11fb4547,2026-09-24T16:52:52.388192+00:00,428,1215940,Forever Ago,"Oct 8, 2026",Unpriced (Coming Soon),https://store.steampowered.com/app/1215940/Forever_Ago/,18,3
3bd926d5-123f-46ba-bb00-e88a11fb4547,2026-09-24T16:52:52.388192+00:00,429,4785110,Tulpa the Unseen Lover,To be announced,Unpriced (Coming Soon),https://store.steampowered.com/app/4785110/Tulpa_the_Unseen_Lover/,18,4
3bd926d5-123f-46ba-bb00-e88a11fb4547,2026-09-24T16:52:52.388192+00:00,430,3668850,Suikoden STAR LEAP,To be announced,Free,https://store.steampowered.com/app/3668850/Suikoden_STAR_LEAP/,18,5
3bd926d5-123f-46ba-bb00-e88a11fb4547,2026-09-24T16:52:52.388192+00:00,431,1256270,Kinstrife,Coming soon,Free,https://store.steampowered.com/app/1256270/Kinstrife/,18,6
3bd926d5-123f-46ba-bb00-e88a11fb4547,2026-09-24T16:52:52.388192+00:00,432,2303200,DarkSwarm,To be announced,Unpriced (Coming Soon),https://store.steampowered.com/app/2303200/DarkSwarm/,18,7
3bd926d5-123f-46ba-bb00-e88a11fb4547,2026-09-24T16:52:52.388192+00:00,433,3276190,The War of the Worlds: Siberia,2027,Free,https://store.steampowered.com/app/3276190/The_War_of_the_Worlds_Siberia/,18,8
3bd926d5-123f-46ba-bb00-e88a11fb4547,2026-09-24T16:52:52.388192+00:00,434,2578510,20MTD: Emberpath,To be announced,Unpriced (Coming Soon),https://store.steampowered.com/app/2578510/20MTD_Emberpath/,18,9
3bd926d5-123f-46ba-bb00-e88a11fb4547,2026-09-24T16:52:52.388192+00:00,435,1891280,Everbloom,2027,Free,https://store.steampowered.com/app/1891280/Everbloom/,18,10
3bd926d5-123f-46ba-bb00-e88a11fb4547,2026-09-24T16:52:52.388192+00:00,436,2870790,Dumpster Gang,December 2026,Unpriced (Coming Soon),https://store.steampowered.com/app/2870790/Dumpster_Gang/,18,11
3bd926d5-123f-46ba-bb00-e88a11fb4547,2026-09-24T16:52:52.388192+00:00,437,1747470,Road Diner Simulator,Q4 2026,Unpriced (Coming Soon),https://store.steampowered.com/app/1747470/Road_Diner_Simulator/,18,12
3bd926d5-123f-46ba-bb00-e88a11fb4547,2026-09-24T16:52:52.388192+00:00,438,1792460,We Kill Monsters,To be announced,Unpriced (Coming Soon),https://store.steampowered.com/app/1792460/We_Kill_Monsters/,18,13
3bd926d5-123f-46ba-bb00-e88a11fb4547,2026-09-24T16:52:52.388192+00:00,439,2175840,Sunkissed City,2027,Free,https://store.steampowered.com/app/2175840/Sunkissed_City/,18,14
3bd926d5-123f-46ba-bb00-e88a11fb4547,2026-09-24T16:52:52.388192+00:00,440,3333990,Covenant,To be announced,Unpriced (Coming Soon),https://store.steampowered.com/app/3333990/Covenant/,18,15
3bd926d5-123f-46ba-bb00-e88a11fb4547,2026-09-24T16:52:52.388192+00:00,441,2593290,Dragon's Dogma 2: Dark Arisen Expansion,"Oct 8, 2026",$29.99,https://store.steampowered.com/app/2593290/Dragons_Dogma_2_Dark_Arisen_Expansion/,18,16
3bd926d5-123f-46ba-bb00-e88a11fb4547,2026-09-24T16:52:52.388192+00:00,442,1840880,Freaked Fleapit,Coming soon,Free,https://store.steampowered.com/app/1840880/Freaked_Fleapit/,18,17
3bd926d5-123f-46ba-bb00-e88a11fb4547,2026-09-24T16:52:52.388192+00:00,443,3031880,Car Park Capital,"Oct 9, 2026",Unpriced (Coming Soon),https://store.steampowered.com/app/3031880/Car_Park_Capital/,18,18
3bd926d5-123f-46ba-bb00-e88a11fb4547,2026-09-24T16:52:52.388192+00:00,444,4492060,Crime Scene Cleaner - Biohazard,To be announced,Unpriced (Coming Soon),https://store.steampowered.com/app/4492060/Crime_Scene_Cleaner__Biohazard/,18,19
3bd926d5-123f-46ba-bb00-e88a11fb4547,2026-09-24T16:52:52.388192+00:00,445,4536610,City Masterplan,Coming soon,Free,https://store.steampowered.com/app/4536610/City_Masterplan/,18,20
3bd926d5-123f-46ba-bb00-e88a11fb4547,2026-09-24T16:52:52.388192+00:00,446,2744160,Construction Simulator: Evolution,Coming soon,Free,https://store.steampowered.com/app/2744160/Construction_Simulator_Evolution/,18,21
3bd926d5-123f-46ba-bb00-e88a11fb4547,2026-09-24T16:52:52.388192+00:00,447,3223070,Thief Simulator 3,To be announced,Unpriced (Coming Soon),https://store.steampowered.com/app/3223070/Thief_Simulator_3/,18,22
3bd926d5-123f-46ba-bb00-e88a11fb4547,2026-09-24T16:52:52.388192+00:00,448,3511540,Veil of Ashes,To be announced,Unpriced (Coming Soon),https://store.steampowered.com/app/3511540/Veil_of_Ashes/,18,23
3bd926d5-123f-46ba-bb00-e88a11fb4547,2026-09-24T16:52:52.388192+00:00,449,2785740,Diesel Knights,To be announced,Unpriced (Coming Soon),https://store.steampowered.com/app/2785740/Diesel_Knights/,18,24
3bd926d5-123f-46ba-bb00-e88a11fb4547,2026-09-24T16:52:52.388192+00:00,450,3730310,Fractured Blooms,To be announced,Unpriced (Coming Soon),https://store.steampowered.com/app/3730310/Fractured_Blooms/,18,25
3bd926d5-123f-46ba-bb00-e88a11fb4547,2026-09-24T16:52:52.388192+00:00,451,4928450,Grand Theft Timeline,Q4 2026,Unpriced (Coming Soon),https://store.steampowered.com/app/4928450/Grand_Theft_Timeline/,19,1
3bd926d5-123f-46ba-bb00-e88a11fb4547,2026-09-24T16:52:52.388192+00:00,452,1631920,Super Zoo Story,Coming soon,Free,https://store.steampowered.com/app/1631920/Super_Zoo_Story/,19,2
3bd926d5-123f-46ba-bb00-e88a11fb4547,2026-09-24T16:52:52.388192+00:00,453,3651540,Peeping Office Worker,2026,Unpriced (Coming Soon),https://store.steampowered.com/app/3651540/Peeping_Office_Worker/,19,3
3bd926d5-123f-46ba-bb00-e88a11fb4547,2026-09-24T16:52:52.388192+00:00,454,3299300,Magicians: The Devil's Deal,2027,Free,https://store.steampowered.com/app/3299300/Magicians_The_Devils_Deal/,19,4
3bd926d5-123f-46ba-bb00-e88a11fb4547,2026-09-24T16:52:52.388192+00:00,455,3749580,He-Man and the Masters of the Universe™: Dragon Pearl of Destruction,Coming soon,Free,https://store.steampowered.com/app/3749580/HeMan_and_the_Masters_of_the_Universe_Dragon_Pearl_of_Destruction/,19,5
3bd926d5-123f-46ba-bb00-e88a11fb4547,2026-09-24T16:52:52.388192+00:00,456,3702100,The Secret of Weepstone,2027,Free,https://store.steampowered.com/app/3702100/The_Secret_of_Weepstone/,19,6
3bd926d5-123f-46ba-bb00-e88a11fb4547,2026-09-24T16:52:52.388192+00:00,457,2526570,Band of Crusaders,To be announced,Unpriced (Coming Soon),https://store.steampowered.com/app/2526570/Band_of_Crusaders/,19,7
3bd926d5-123f-46ba-bb00-e88a11fb4547,2026-09-24T16:52:52.388192+00:00,458,2439770,PROJECT MIX,Q2 2027,Free,https://store.steampowered.com/app/2439770/PROJECT_MIX/,19,8
3bd926d5-123f-46ba-bb00-e88a11fb4547,2026-09-24T16:52:52.388192+00:00,459,3299050,No Such Place,"Oct 13, 2026",Unpriced (Coming Soon),https://store.steampowered.com/app/3299050/No_Such_Place/,19,9
3bd926d5-123f-46ba-bb00-e88a11fb4547,2026-09-24T16:52:52.388192+00:00,460,3703360,WORLD OF DOGS,To be announced,Unpriced (Coming Soon),https://store.steampowered.com/app/3703360/WORLD_OF_DOGS/,19,10
3bd926d5-123f-46ba-bb00-e88a11fb4547,2026-09-24T16:52:52.388192+00:00,461,3582810,Dandelion Void,To be announced,Unpriced (Coming Soon),https://store.steampowered.com/app/3582810/Dandelion_Void/,19,11
3bd926d5-123f-46ba-bb00-e88a11fb4547,2026-09-24T16:52:52.388192+00:00,462,2915730,Travelling At Night,To be announced,Unpriced (Coming Soon),https://store.steampowered.com/app/2915730/Travelling_At_Night/,19,12
3bd926d5-123f-46ba-bb00-e88a11fb4547,2026-09-24T16:52:52.388192+00:00,463,3462190,PHASE ZERO,"Mar 11, 2027",Free,https://store.steampowered.com/app/3462190/PHASE_ZERO/,19,13
3bd926d5-123f-46ba-bb00-e88a11fb4547,2026-09-24T16:52:52.388192+00:00,464,3846830,Total War: SHOGUN 2 - Complete Edition,"Oct 13, 2026",Unpriced (Coming Soon),https://store.steampowered.com/app/3846830/Total_War_SHOGUN_2__Complete_Edition/,19,14
3bd926d5-123f-46ba-bb00-e88a11fb4547,2026-09-24T16:52:52.388192+00:00,465,2189430,Gilded Destiny,2026,Unpriced (Coming Soon),https://store.steampowered.com/app/2189430/Gilded_Destiny/,19,15
3bd926d5-123f-46ba-bb00-e88a11fb4547,2026-09-24T16:52:52.388192+00:00,466,4162340,Verdant,To be announced,Unpriced (Coming Soon),https://store.steampowered.com/app/4162340/Verdant/,19,16
3bd926d5-123f-46ba-bb00-e88a11fb4547,2026-09-24T16:52:52.388192+00:00,467,4057480,American Truck Simulator - British Columbia,To be announced,Unpriced (Coming Soon),https://store.steampowered.com/app/4057480/American_Truck_Simulator__British_Columbia/,19,17
3bd926d5-123f-46ba-bb00-e88a11fb4547,2026-09-24T16:52:52.388192+00:00,468,792610,King of the Dwarves: Underground City Builder,To be announced,Unpriced (Coming Soon),https://store.steampowered.com/app/792610/King_of_the_Dwarves_Underground_City_Builder/,19,18
3bd926d5-123f-46ba-bb00-e88a11fb4547,2026-09-24T16:52:52.388192+00:00,469,5072700,Rerouted,Coming soon,Free,https://store.steampowered.com/app/5072700/Rerouted/,19,19
3bd926d5-123f-46ba-bb00-e88a11fb4547,2026-09-24T16:52:52.388192+00:00,470,3281970,Deep Snow Delivery,To be announced,Unpriced (Coming Soon),https://store.steampowered.com/app/3281970/Deep_Snow_Delivery/,19,20
3bd926d5-123f-46ba-bb00-e88a11fb4547,2026-09-24T16:52:52.388192+00:00,471,3489340,ReBlade: The Death Spiral,To be announced,Unpriced (Coming Soon),https://store.steampowered.com/app/3489340/ReBlade_The_Death_Spiral/,19,21
3bd926d5-123f-46ba-bb00-e88a11fb4547,2026-09-24T16:52:52.388192+00:00,472,3763840,Felt That: Boxing,To be announced,Unpriced (Coming Soon),https://store.steampowered.com/app/3763840/Felt_That_Boxing/,19,22
3bd926d5-123f-46ba-bb00-e88a11fb4547,2026-09-24T16:52:52.388192+00:00,473,4554250,Hellforged,2026,Unpriced (Coming Soon),https://store.steampowered.com/app/4554250/Hellforged/,19,23
3bd926d5-123f-46ba-bb00-e88a11fb4547,2026-09-24T16:52:52.388192+00:00,474,1752990,Class Zero Seven,To be announced,Unpriced (Coming Soon),https://store.steampowered.com/app/1752990/Class_Zero_Seven/,19,24
3bd926d5-123f-46ba-bb00-e88a11fb4547,2026-09-24T16:52:52.388192+00:00,475,4393700,Elderfeast,2027,Free,https://store.steampowered.com/app/4393700/Elderfeast/,19,25
3bd926d5-123f-46ba-bb00-e88a11fb4547,2026-09-24T16:52:52.388192+00:00,476,3299920,Liminal Point,2027,Free,https://store.steampowered.com/app/3299920/Liminal_Point/,20,1
3bd926d5-123f-46ba-bb00-e88a11fb4547,2026-09-24T16:52:52.388192+00:00,477,1777480,Pathbreakers: Roaming Blades,2027,Free,https://store.steampowered.com/app/1777480/Pathbreakers_Roaming_Blades/,20,2
3bd926d5-123f-46ba-bb00-e88a11fb4547,2026-09-24T16:52:52.388192+00:00,478,3274530,Epitome,Coming soon,Free,https://store.steampowered.com/app/3274530/Epitome/,20,3
3bd926d5-123f-46ba-bb00-e88a11fb4547,2026-09-24T16:52:52.388192+00:00,479,2742920,Silent Planet - Elegy of a Dying World,Q2 2027,Free,https://store.steampowered.com/app/2742920/Silent_Planet__Elegy_of_a_Dying_World/,20,4
3bd926d5-123f-46ba-bb00-e88a11fb4547,2026-09-24T16:52:52.388192+00:00,480,3081510,Gang of Frogs,2027,Free,https://store.steampowered.com/app/3081510/Gang_of_Frogs/,20,5
3bd926d5-123f-46ba-bb00-e88a11fb4547,2026-09-24T16:52:52.388192+00:00,481,1976830,Vivaland,To be announced,Unpriced (Coming Soon),https://store.steampowered.com/app/1976830/Vivaland/,20,6
3bd926d5-123f-46ba-bb00-e88a11fb4547,2026-09-24T16:52:52.388192+00:00,482,1979810,AdventureQuest Worlds: Infinity,Coming soon,Free,https://store.steampowered.com/app/1979810/AdventureQuest_Worlds_Infinity/,20,7
3bd926d5-123f-46ba-bb00-e88a11fb4547,2026-09-24T16:52:52.388192+00:00,483,3756700,Warhammer Age of Sigmar: Deathmaster,2027,Free,https://store.steampowered.com/app/3756700/Warhammer_Age_of_Sigmar_Deathmaster/,20,8
3bd926d5-123f-46ba-bb00-e88a11fb4547,2026-09-24T16:52:52.388192+00:00,484,1547540,They Are Here: Alien Abduction Horror,Coming soon,Free,https://store.steampowered.com/app/1547540/They_Are_Here_Alien_Abduction_Horror/,20,9
3bd926d5-123f-46ba-bb00-e88a11fb4547,2026-09-24T16:52:52.388192+00:00,485,3710850,Become,2026,Unpriced (Coming Soon),https://store.steampowered.com/app/3710850/Become/,20,10
3bd926d5-123f-46ba-bb00-e88a11fb4547,2026-09-24T16:52:52.388192+00:00,486,3668330,ShatterRush,Q3 2027,Free,https://store.steampowered.com/app/3668330/ShatterRush/,20,11
3bd926d5-123f-46ba-bb00-e88a11fb4547,2026-09-24T16:52:52.388192+00:00,487,3787050,It Works: Electronics Repair Simulator,2026,Unpriced (Coming Soon),https://store.steampowered.com/app/3787050/It_Works_Electronics_Repair_Simulator/,20,12
3bd926d5-123f-46ba-bb00-e88a11fb4547,2026-09-24T16:52:52.388192+00:00,488,3680100,House Flipper 2 - Pets DLC,"Dec 3, 2026",Unpriced (Coming Soon),https://store.steampowered.com/app/3680100/House_Flipper_2__Pets_DLC/,20,13
3bd926d5-123f-46ba-bb00-e88a11fb4547,2026-09-24T16:52:52.388192+00:00,489,1166890,Necrofugitive,To be announced,Unpriced (Coming Soon),https://store.steampowered.com/app/1166890/Necrofugitive/,20,14
3bd926d5-123f-46ba-bb00-e88a11fb4547,2026-09-24T16:52:52.388192+00:00,490,4767090,Emergency Buddies,To be announced,Unpriced (Coming Soon),https://store.steampowered.com/app/4767090/Emergency_Buddies/,20,15
3bd926d5-123f-46ba-bb00-e88a11fb4547,2026-09-24T16:52:52.388192+00:00,491,2362260,Decadent,Coming soon,Free,https://store.steampowered.com/app/2362260/Decadent/,20,16
3bd926d5-123f-46ba-bb00-e88a11fb4547,2026-09-24T16:52:52.388192+00:00,492,4518240,Commie Bobrs,Coming soon,Free,https://store.steampowered.com/app/4518240/Commie_Bobrs/,20,17
3bd926d5-123f-46ba-bb00-e88a11fb4547,2026-09-24T16:52:52.388192+00:00,493,3687090,Dice Hoarder,Q4 2026,Unpriced (Coming Soon),https://store.steampowered.com/app/3687090/Dice_Hoarder/,20,18
3bd926d5-123f-46ba-bb00-e88a11fb4547,2026-09-24T16:52:52.388192+00:00,494,3596430,Bancho the Chef,To be announced,Unpriced (Coming Soon),https://store.steampowered.com/app/3596430/Bancho_the_Chef/,20,19
3bd926d5-123f-46ba-bb00-e88a11fb4547,2026-09-24T16:52:52.388192+00:00,495,2239640,Earthblade,Coming soon,Free,https://store.steampowered.com/app/2239640/Earthblade/,20,20
3bd926d5-123f-46ba-bb00-e88a11fb4547,2026-09-24T16:52:52.388192+00:00,496,2088020,UNDEFEATED: Genesis,2027,Free,https://store.steampowered.com/app/2088020/UNDEFEATED_Genesis/,20,21
3bd926d5-123f-46ba-bb00-e88a11fb4547,2026-09-24T16:52:52.388192+00:00,497,4859110,Horn Of Africa,Coming soon,Free,https://store.steampowered.com/app/4859110/Horn_Of_Africa/,20,22
3bd926d5-123f-46ba-bb00-e88a11fb4547,2026-09-24T16:52:52.388192+00:00,498,3166050,Quite a Ride,To be announced,Unpriced (Coming Soon),https://store.steampowered.com/app/3166050/Quite_a_Ride/,20,23
3bd926d5-123f-46ba-bb00-e88a11fb4547,2026-09-24T16:52:52.388192+00:00,499,3012600,Substructure,Coming soon,Free,https://store.steampowered.com/app/3012600/Substructure/,20,24
3bd926d5-123f-46ba-bb00-e88a11fb4547,2026-09-24T16:52:52.388192+00:00,500,2669060,Beyond Astra,2027,Free,https://store.steampowered.com/app/2669060/Beyond_Astra/,20,25
3bd926d5-123f-46ba-bb00-e88a11fb4547,2026-09-24T16:52:52.388192+00:00,501,2556470,Fantastic Haven,Q4 2026,Unpriced (Coming Soon),https://store.steampowered.com/app/2556470/Fantastic_Haven/,21,1
3bd926d5-123f-46ba-bb00-e88a11fb4547,2026-09-24T16:52:52.388192+00:00,502,3245640,Starfinder: Afterlight,2026,Unpriced (Coming Soon),https://store.steampowered.com/app/3245640/Starfinder_Afterlight/,21,2
3bd926d5-123f-46ba-bb00-e88a11fb4547,2026-09-24T16:52:52.388192+00:00,503,4112270,Resilient,To be announced,Unpriced (Coming Soon),https://store.steampowered.com/app/4112270/Resilient/,21,3
3bd926d5-123f-46ba-bb00-e88a11fb4547,2026-09-24T16:52:52.388192+00:00,504,1578940,Vampire Clans,To be announced,Unpriced (Coming Soon),https://store.steampowered.com/app/1578940/Vampire_Clans/,21,4
3bd926d5-123f-46ba-bb00-e88a11fb4547,2026-09-24T16:52:52.388192+00:00,505,4251460,Godzilla: Destroy All Monsters Melee Remastered,"Nov 3, 2026",Unpriced (Coming Soon),https://store.steampowered.com/app/4251460/Godzilla_Destroy_All_Monsters_Melee_Remastered/,21,5
3bd926d5-123f-46ba-bb00-e88a11fb4547,2026-09-24T16:52:52.388192+00:00,506,2961930,Temtem: Pioneers,To be announced,Unpriced (Coming Soon),https://store.steampowered.com/app/2961930/Temtem_Pioneers/,21,6
3bd926d5-123f-46ba-bb00-e88a11fb4547,2026-09-24T16:52:52.388192+00:00,507,3606970,Brass Rain,2027,Free,https://store.steampowered.com/app/3606970/Brass_Rain/,21,7
3bd926d5-123f-46ba-bb00-e88a11fb4547,2026-09-24T16:52:52.388192+00:00,508,1561740,Kriegsfront Tactics,To be announced,Unpriced (Coming Soon),https://store.steampowered.com/app/1561740/Kriegsfront_Tactics/,21,8
3bd926d5-123f-46ba-bb00-e88a11fb4547,2026-09-24T16:52:52.388192+00:00,509,2348250,13Z: The Zodiac Trials,Q1 2027,Free,https://store.steampowered.com/app/2348250/13Z_The_Zodiac_Trials/,21,9
3bd926d5-123f-46ba-bb00-e88a11fb4547,2026-09-24T16:52:52.388192+00:00,510,4124340,Perceptum,2027,Free,https://store.steampowered.com/app/4124340/Perceptum/,21,10
3bd926d5-123f-46ba-bb00-e88a11fb4547,2026-09-24T16:52:52.388192+00:00,511,3707530,The Vernyhorn,To be announced,Unpriced (Coming Soon),https://store.steampowered.com/app/3707530/The_Vernyhorn/,21,11
3bd926d5-123f-46ba-bb00-e88a11fb4547,2026-09-24T16:52:52.388192+00:00,512,4253570,Reshine,2026,Unpriced (Coming Soon),https://store.steampowered.com/app/4253570/Reshine/,21,12
3bd926d5-123f-46ba-bb00-e88a11fb4547,2026-09-24T16:52:52.388192+00:00,513,4632350,"Hot Dogs, Horseshoes & Hand Grenades 2",To be announced,Unpriced (Coming Soon),https://store.steampowered.com/app/4632350/Hot_Dogs_Horseshoes__Hand_Grenades_2/,21,13
3bd926d5-123f-46ba-bb00-e88a11fb4547,2026-09-24T16:52:52.388192+00:00,514,2979810,POLYARIS,Coming soon,Free,https://store.steampowered.com/app/2979810/POLYARIS/,21,14
3bd926d5-123f-46ba-bb00-e88a11fb4547,2026-09-24T16:52:52.388192+00:00,515,2601540,Drowned Lake,Coming soon,Free,https://store.steampowered.com/app/2601540/Drowned_Lake/,21,15
3bd926d5-123f-46ba-bb00-e88a11fb4547,2026-09-24T16:52:52.388192+00:00,516,4954910,Scam With Your Friends,"Nov 5, 2026",Unpriced (Coming Soon),https://store.steampowered.com/app/4954910/Scam_With_Your_Friends/,21,16
3bd926d5-123f-46ba-bb00-e88a11fb4547,2026-09-24T16:52:52.388192+00:00,517,2900640,TOEM 2,"Sep 29, 2026",Unpriced (Coming Soon),https://store.steampowered.com/app/2900640/TOEM_2/,21,17
3bd926d5-123f-46ba-bb00-e88a11fb4547,2026-09-24T16:52:52.388192+00:00,518,1154960,Ardenfall,2026,Unpriced (Coming Soon),https://store.steampowered.com/app/1154960/Ardenfall/,21,18
3bd926d5-123f-46ba-bb00-e88a11fb4547,2026-09-24T16:52:52.388192+00:00,519,3439880,Contraband Police - Crimson Fall,2026,Unpriced (Coming Soon),https://store.steampowered.com/app/3439880/Contraband_Police__Crimson_Fall/,21,19
3bd926d5-123f-46ba-bb00-e88a11fb4547,2026-09-24T16:52:52.388192+00:00,520,3802140,Cassette Beasts 2002,March 2027,Free,https://store.steampowered.com/app/3802140/Cassette_Beasts_2002/,21,20
3bd926d5-123f-46ba-bb00-e88a11fb4547,2026-09-24T16:52:52.388192+00:00,521,1146670,Beauty And Violence: Valkyries,Coming soon,Free,https://store.steampowered.com/app/1146670/Beauty_And_Violence_Valkyries/,21,21
3bd926d5-123f-46ba-bb00-e88a11fb4547,2026-09-24T16:52:52.388192+00:00,522,2210150,At Fate's End,2026,Unpriced (Coming Soon),https://store.steampowered.com/app/2210150/At_Fates_End/,21,22
3bd926d5-123f-46ba-bb00-e88a11fb4547,2026-09-24T16:52:52.388192+00:00,523,2796220,Apogea,To be announced,Free,https://store.steampowered.com/app/2796220/Apogea/,21,23
3bd926d5-123f-46ba-bb00-e88a11fb4547,2026-09-24T16:52:52.388192+00:00,524,2478130,Wild Wild Eden,Q1 2027,Free,https://store.steampowered.com/app/2478130/Wild_Wild_Eden/,21,24
3bd926d5-123f-46ba-bb00-e88a11fb4547,2026-09-24T16:52:52.388192+00:00,525,1159390,Taxi Simulator,To be announced,Unpriced (Coming Soon),https://store.steampowered.com/app/1159390/Taxi_Simulator/,21,25
3bd926d5-123f-46ba-bb00-e88a11fb4547,2026-09-24T16:52:52.388192+00:00,526,3591510,Frutiger Space,Coming soon,Free,https://store.steampowered.com/app/3591510/Frutiger_Space/,22,1
3bd926d5-123f-46ba-bb00-e88a11fb4547,2026-09-24T16:52:52.388192+00:00,527,3694600,Humblets,To be announced,Unpriced (Coming Soon),https://store.steampowered.com/app/3694600/Humblets/,22,2
3bd926d5-123f-46ba-bb00-e88a11fb4547,2026-09-24T16:52:52.388192+00:00,528,3051160,Black State,To be announced,Unpriced (Coming Soon),https://store.steampowered.com/app/3051160/Black_State/,22,3
3bd926d5-123f-46ba-bb00-e88a11fb4547,2026-09-24T16:52:52.388192+00:00,529,4502750,Infamous Keepers,2027,Free,https://store.steampowered.com/app/4502750/Infamous_Keepers/,22,4
3bd926d5-123f-46ba-bb00-e88a11fb4547,2026-09-24T16:52:52.388192+00:00,530,3997960,Undead Chronicles,To be announced,Unpriced (Coming Soon),https://store.steampowered.com/app/3997960/Undead_Chronicles/,22,5
3bd926d5-123f-46ba-bb00-e88a11fb4547,2026-09-24T16:52:52.388192+00:00,531,3960600,Warrior Cats: Clans of the Forest,"Oct 23, 2026",$29.99,https://store.steampowered.com/app/3960600/Warrior_Cats_Clans_of_the_Forest/,22,6
3bd926d5-123f-46ba-bb00-e88a11fb4547,2026-09-24T16:52:52.388192+00:00,532,2559370,The Scramble Vice,Coming soon,Free,https://store.steampowered.com/app/2559370/The_Scramble_Vice/,22,7
3bd926d5-123f-46ba-bb00-e88a11fb4547,2026-09-24T16:52:52.388192+00:00,533,3107870,Highland Keep,Coming soon,Free,https://store.steampowered.com/app/3107870/Highland_Keep/,22,8
3bd926d5-123f-46ba-bb00-e88a11fb4547,2026-09-24T16:52:52.388192+00:00,534,2593320,Catechesis,To be announced,Unpriced (Coming Soon),https://store.steampowered.com/app/2593320/Catechesis/,22,9
3bd926d5-123f-46ba-bb00-e88a11fb4547,2026-09-24T16:52:52.388192+00:00,535,2082980,Persist Online,Coming soon,Free,https://store.steampowered.com/app/2082980/Persist_Online/,22,10
3bd926d5-123f-46ba-bb00-e88a11fb4547,2026-09-24T16:52:52.388192+00:00,536,3405880,MR DONALD,To be announced,Unpriced (Coming Soon),https://store.steampowered.com/app/3405880/MR_DONALD/,22,11
3bd926d5-123f-46ba-bb00-e88a11fb4547,2026-09-24T16:52:52.388192+00:00,537,3833280,Loulan: The Cursed Sand,To be announced,Unpriced (Coming Soon),https://store.steampowered.com/app/3833280/Loulan_The_Cursed_Sand/,22,12
3bd926d5-123f-46ba-bb00-e88a11fb4547,2026-09-24T16:52:52.388192+00:00,538,1593010,The Store is Closed,To be announced,Unpriced (Coming Soon),https://store.steampowered.com/app/1593010/The_Store_is_Closed/,22,13
3bd926d5-123f-46ba-bb00-e88a11fb4547,2026-09-24T16:52:52.388192+00:00,539,3447280,Fantasy World Manager,2026,Unpriced (Coming Soon),https://store.steampowered.com/app/3447280/Fantasy_World_Manager/,22,14
3bd926d5-123f-46ba-bb00-e88a11fb4547,2026-09-24T16:52:52.388192+00:00,540,2509360,Water Me & You,Coming soon,Free,https://store.steampowered.com/app/2509360/Water_Me__You/,22,15
3bd926d5-123f-46ba-bb00-e88a11fb4547,2026-09-24T16:52:52.388192+00:00,541,1447250,Junxions,2026,Unpriced (Coming Soon),https://store.steampowered.com/app/1447250/Junxions/,22,16
3bd926d5-123f-46ba-bb00-e88a11fb4547,2026-09-24T16:52:52.388192+00:00,542,4328820,Iron Bramble,2027,Free,https://store.steampowered.com/app/4328820/Iron_Bramble/,22,17
3bd926d5-123f-46ba-bb00-e88a11fb4547,2026-09-24T16:52:52.388192+00:00,543,4418080,False Echo,Coming soon,Free,https://store.steampowered.com/app/4418080/False_Echo/,22,18
3bd926d5-123f-46ba-bb00-e88a11fb4547,2026-09-24T16:52:52.388192+00:00,544,4244910,Horizon Hunters Gathering,Coming soon,Free,https://store.steampowered.com/app/4244910/Horizon_Hunters_Gathering/,22,19
3bd926d5-123f-46ba-bb00-e88a11fb4547,2026-09-24T16:52:52.388192+00:00,545,2826790,Stormforge,"Nov 10, 2026",Unpriced (Coming Soon),https://store.steampowered.com/app/2826790/Stormforge/,22,20
3bd926d5-123f-46ba-bb00-e88a11fb4547,2026-09-24T16:52:52.388192+00:00,546,4434610,Hunter: The Reckoning – Deathwish,Q3 2027,Free,https://store.steampowered.com/app/4434610/Hunter_The_Reckoning__Deathwish/,22,21
3bd926d5-123f-46ba-bb00-e88a11fb4547,2026-09-24T16:52:52.388192+00:00,547,2915770,Rescue Ops: Wildfire,Coming soon,Free,https://store.steampowered.com/app/2915770/Rescue_Ops_Wildfire/,22,22
3bd926d5-123f-46ba-bb00-e88a11fb4547,2026-09-24T16:52:52.388192+00:00,548,3574750,The Dark West,Coming soon,Free,https://store.steampowered.com/app/3574750/The_Dark_West/,22,23
3bd926d5-123f-46ba-bb00-e88a11fb4547,2026-09-24T16:52:52.388192+00:00,549,4039200,Exterminauts,Coming soon,Free,https://store.steampowered.com/app/4039200/Exterminauts/,22,24
3bd926d5-123f-46ba-bb00-e88a11fb4547,2026-09-24T16:52:52.388192+00:00,550,4358660,Hull Rupture,"Nov 4, 2026",Unpriced (Coming Soon),https://store.steampowered.com/app/4358660/Hull_Rupture/,22,25
3bd926d5-123f-46ba-bb00-e88a11fb4547,2026-09-24T16:52:52.388192+00:00,551,4239670,Steel Soul Shaper,Coming soon,Free,https://store.steampowered.com/app/4239670/Steel_Soul_Shaper/,23,1
3bd926d5-123f-46ba-bb00-e88a11fb4547,2026-09-24T16:52:52.388192+00:00,552,3183480,HYPERFUNK,To be announced,Unpriced (Coming Soon),https://store.steampowered.com/app/3183480/HYPERFUNK/,23,2
3bd926d5-123f-46ba-bb00-e88a11fb4547,2026-09-24T16:52:52.388192+00:00,553,3015820,To Kill a God,To be announced,Unpriced (Coming Soon),https://store.steampowered.com/app/3015820/To_Kill_a_God/,23,3
3bd926d5-123f-46ba-bb00-e88a11fb4547,2026-09-24T16:52:52.388192+00:00,554,2786760,Another Door,2026,Unpriced (Coming Soon),https://store.steampowered.com/app/2786760/Another_Door/,23,4
3bd926d5-123f-46ba-bb00-e88a11fb4547,2026-09-24T16:52:52.388192+00:00,555,2914820,M.I.N.S.K.,To be announced,Unpriced (Coming Soon),https://store.steampowered.com/app/2914820/MINSK/,23,5
3bd926d5-123f-46ba-bb00-e88a11fb4547,2026-09-24T16:52:52.388192+00:00,556,2522120,Airframe Ultra,"Nov 5, 2026",Unpriced (Coming Soon),https://store.steampowered.com/app/2522120/Airframe_Ultra/,23,6
3bd926d5-123f-46ba-bb00-e88a11fb4547,2026-09-24T16:52:52.388192+00:00,557,3107290,Minimo,To be announced,Unpriced (Coming Soon),https://store.steampowered.com/app/3107290/Minimo/,23,7
3bd926d5-123f-46ba-bb00-e88a11fb4547,2026-09-24T16:52:52.388192+00:00,558,2409320,Drill Keeper,2026,Unpriced (Coming Soon),https://store.steampowered.com/app/2409320/Drill_Keeper/,23,8
3bd926d5-123f-46ba-bb00-e88a11fb4547,2026-09-24T16:52:52.388192+00:00,559,3141390,GRAFT,To be announced,Unpriced (Coming Soon),https://store.steampowered.com/app/3141390/GRAFT/,23,9
3bd926d5-123f-46ba-bb00-e88a11fb4547,2026-09-24T16:52:52.388192+00:00,560,3001740,Pelican Harbor,Coming soon,Free,https://store.steampowered.com/app/3001740/Pelican_Harbor/,23,10
3bd926d5-123f-46ba-bb00-e88a11fb4547,2026-09-24T16:52:52.388192+00:00,561,4175180,DREADNOUGHT TARTARUS,Coming soon,Free,https://store.steampowered.com/app/4175180/DREADNOUGHT_TARTARUS/,23,11
3bd926d5-123f-46ba-bb00-e88a11fb4547,2026-09-24T16:52:52.388192+00:00,562,2434830,Surfpunk,To be announced,Unpriced (Coming Soon),https://store.steampowered.com/app/2434830/Surfpunk/,23,12
3bd926d5-123f-46ba-bb00-e88a11fb4547,2026-09-24T16:52:52.388192+00:00,563,4687860,Guns and Dragons,Coming soon,Free,https://store.steampowered.com/app/4687860/Guns_and_Dragons/,23,13
3bd926d5-123f-46ba-bb00-e88a11fb4547,2026-09-24T16:52:52.388192+00:00,564,4067370,Prospice: Anomalous Logistics,To be announced,Unpriced (Coming Soon),https://store.steampowered.com/app/4067370/Prospice_Anomalous_Logistics/,23,14
3bd926d5-123f-46ba-bb00-e88a11fb4547,2026-09-24T16:52:52.388192+00:00,565,4623290,Painland,To be announced,Unpriced (Coming Soon),https://store.steampowered.com/app/4623290/Painland/,23,15
3bd926d5-123f-46ba-bb00-e88a11fb4547,2026-09-24T16:52:52.388192+00:00,566,4533250,GrassChopper,Coming soon,Free,https://store.steampowered.com/app/4533250/GrassChopper/,23,16
3bd926d5-123f-46ba-bb00-e88a11fb4547,2026-09-24T16:52:52.388192+00:00,567,2852700,BUS: Bro u Survived,2026,Unpriced (Coming Soon),https://store.steampowered.com/app/2852700/BUS_Bro_u_Survived/,23,17
3bd926d5-123f-46ba-bb00-e88a11fb4547,2026-09-24T16:52:52.388192+00:00,568,2872240,Lost in the Roots,Q4 2026,Unpriced (Coming Soon),https://store.steampowered.com/app/2872240/Lost_in_the_Roots/,23,18
3bd926d5-123f-46ba-bb00-e88a11fb4547,2026-09-24T16:52:52.388192+00:00,569,2960460,Spaceflight Simulator 2,To be announced,Unpriced (Coming Soon),https://store.steampowered.com/app/2960460/Spaceflight_Simulator_2/,23,19
3bd926d5-123f-46ba-bb00-e88a11fb4547,2026-09-24T16:52:52.388192+00:00,570,1113400,Alliance of the Sacred Suns,To be announced,Unpriced (Coming Soon),https://store.steampowered.com/app/1113400/Alliance_of_the_Sacred_Suns/,23,20
3bd926d5-123f-46ba-bb00-e88a11fb4547,2026-09-24T16:52:52.388192+00:00,571,5064340,DinoBones: Tidy Up the Museum,Coming soon,Free,https://store.steampowered.com/app/5064340/DinoBones_Tidy_Up_the_Museum/,23,21
3bd926d5-123f-46ba-bb00-e88a11fb4547,2026-09-24T16:52:52.388192+00:00,572,1053900,Radio the Universe,To be announced,Unpriced (Coming Soon),https://store.steampowered.com/app/1053900/Radio_the_Universe/,23,22
3bd926d5-123f-46ba-bb00-e88a11fb4547,2026-09-24T16:52:52.388192+00:00,573,4267860,Ascenders: Beyond the Peak,2027,Free,https://store.steampowered.com/app/4267860/Ascenders_Beyond_the_Peak/,23,23
3bd926d5-123f-46ba-bb00-e88a11fb4547,2026-09-24T16:52:52.388192+00:00,574,3595450,Object Impermanence,Q4 2026,Unpriced (Coming Soon),https://store.steampowered.com/app/3595450/Object_Impermanence/,23,24
3bd926d5-123f-46ba-bb00-e88a11fb4547,2026-09-24T16:52:52.388192+00:00,575,3681610,DRAGON QUEST MONSTERS: The Withered World,"Dec 3, 2026",$59.99,https://store.steampowered.com/app/3681610/DRAGON_QUEST_MONSTERS_The_Withered_World/,23,25
3bd926d5-123f-46ba-bb00-e88a11fb4547,2026-09-24T16:52:52.388192+00:00,576,4230950,Street-Spec: 日本,To be announced,Unpriced (Coming Soon),https://store.steampowered.com/app/4230950/StreetSpec/,24,1
3bd926d5-123f-46ba-bb00-e88a11fb4547,2026-09-24T16:52:52.388192+00:00,577,4968640,Japanese Ramen Simulator,"Sep 27, 2026",Unpriced (Coming Soon),https://store.steampowered.com/app/4968640/Japanese_Ramen_Simulator/,24,2
3bd926d5-123f-46ba-bb00-e88a11fb4547,2026-09-24T16:52:52.388192+00:00,578,5123770,Ylem's Cat,Coming soon,Free,https://store.steampowered.com/app/5123770/Ylems_Cat/,24,3
3bd926d5-123f-46ba-bb00-e88a11fb4547,2026-09-24T16:52:52.388192+00:00,579,3871670,Ironwing Valiant: Record of Astera,Coming soon,Free,https://store.steampowered.com/app/3871670/Ironwing_Valiant_Record_of_Astera/,24,4
3bd926d5-123f-46ba-bb00-e88a11fb4547,2026-09-24T16:52:52.388192+00:00,580,2251970,Tokyo Stories,To be announced,Unpriced (Coming Soon),https://store.steampowered.com/app/2251970/Tokyo_Stories/,24,5
3bd926d5-123f-46ba-bb00-e88a11fb4547,2026-09-24T16:52:52.388192+00:00,581,4132480,Guilty Pleasures,Q2 2027,Free,https://store.steampowered.com/app/4132480/Guilty_Pleasures/,24,6
3bd926d5-123f-46ba-bb00-e88a11fb4547,2026-09-24T16:52:52.388192+00:00,582,1779540,Starpath,To be announced,Unpriced (Coming Soon),https://store.steampowered.com/app/1779540/Starpath/,24,7
3bd926d5-123f-46ba-bb00-e88a11fb4547,2026-09-24T16:52:52.388192+00:00,583,1917990,Being and Becoming,Coming soon,Free,https://store.steampowered.com/app/1917990/Being_and_Becoming/,24,8
3bd926d5-123f-46ba-bb00-e88a11fb4547,2026-09-24T16:52:52.388192+00:00,584,2409660,Wardens of Avalon,2027,Free,https://store.steampowered.com/app/2409660/Wardens_of_Avalon/,24,9
3bd926d5-123f-46ba-bb00-e88a11fb4547,2026-09-24T16:52:52.388192+00:00,585,4413070,Red Chat Ritual  – TSUMIMI TIME,"Oct 22, 2026",Unpriced (Coming Soon),https://store.steampowered.com/app/4413070/Red_Chat_Ritual___TSUMIMI_TIME/,24,10
3bd926d5-123f-46ba-bb00-e88a11fb4547,2026-09-24T16:52:52.388192+00:00,586,2663960,Bendy: The Cage,Coming soon,Free,https://store.steampowered.com/app/2663960/Bendy_The_Cage/,24,11
3bd926d5-123f-46ba-bb00-e88a11fb4547,2026-09-24T16:52:52.388192+00:00,587,3305930,Panzer Strike,Q4 2026,Unpriced (Coming Soon),https://store.steampowered.com/app/3305930/Panzer_Strike/,24,12
3bd926d5-123f-46ba-bb00-e88a11fb4547,2026-09-24T16:52:52.388192+00:00,588,1906190,BackRooms,Coming soon,Free,https://store.steampowered.com/app/1906190/BackRooms/,24,13
3bd926d5-123f-46ba-bb00-e88a11fb4547,2026-09-24T16:52:52.388192+00:00,589,4414560,CORDURA,To be announced,Unpriced (Coming Soon),https://store.steampowered.com/app/4414560/CORDURA/,24,14
3bd926d5-123f-46ba-bb00-e88a11fb4547,2026-09-24T16:52:52.388192+00:00,590,3631230,CastleMiner Z : Resurrection,2026,Unpriced (Coming Soon),https://store.steampowered.com/app/3631230/CastleMiner_Z__Resurrection/,24,15
3bd926d5-123f-46ba-bb00-e88a11fb4547,2026-09-24T16:52:52.388192+00:00,591,3094690,Elflock,To be announced,Unpriced (Coming Soon),https://store.steampowered.com/app/3094690/Elflock/,24,16
3bd926d5-123f-46ba-bb00-e88a11fb4547,2026-09-24T16:52:52.388192+00:00,592,1207360,Medieval Frontiers,2026,Unpriced (Coming Soon),https://store.steampowered.com/app/1207360/Medieval_Frontiers/,24,17
3bd926d5-123f-46ba-bb00-e88a11fb4547,2026-09-24T16:52:52.388192+00:00,593,4879420,BELTFED - Roguelike Factory Defense,2027,Free,https://store.steampowered.com/app/4879420/BELTFED__Roguelike_Factory_Defense/,24,18
3bd926d5-123f-46ba-bb00-e88a11fb4547,2026-09-24T16:52:52.388192+00:00,594,3008640,Onikura,Coming soon,Free,https://store.steampowered.com/app/3008640/Onikura/,24,19
3bd926d5-123f-46ba-bb00-e88a11fb4547,2026-09-24T16:52:52.388192+00:00,595,4846360,Heatwarped,To be announced,Unpriced (Coming Soon),https://store.steampowered.com/app/4846360/Heatwarped/,24,20
3bd926d5-123f-46ba-bb00-e88a11fb4547,2026-09-24T16:52:52.388192+00:00,596,4005870,FreshWomen - Season 3,"Oct 15, 2026",Unpriced (Coming Soon),https://store.steampowered.com/app/4005870/FreshWomen__Season_3/,24,21
3bd926d5-123f-46ba-bb00-e88a11fb4547,2026-09-24T16:52:52.388192+00:00,597,4017880,ANOMALITH,"Oct 28, 2026",Unpriced (Coming Soon),https://store.steampowered.com/app/4017880/ANOMALITH/,24,22
3bd926d5-123f-46ba-bb00-e88a11fb4547,2026-09-24T16:52:52.388192+00:00,598,1186430,I.G.I. Origins,To be announced,Unpriced (Coming Soon),https://store.steampowered.com/app/1186430/IGI_Origins/,24,23
3bd926d5-123f-46ba-bb00-e88a11fb4547,2026-09-24T16:52:52.388192+00:00,599,4686110,Agents 404,To be announced,Unpriced (Coming Soon),https://store.steampowered.com/app/4686110/Agents_404/,24,24
3bd926d5-123f-46ba-bb00-e88a11fb4547,2026-09-24T16:52:52.388192+00:00,600,4507990,Wo Long 2: Wings of Ember,"Mar 4, 2027",$69.99,https://store.steampowered.com/app/4507990/Wo_Long_2_Wings_of_Ember/,24,25
3bd926d5-123f-46ba-bb00-e88a11fb4547,2026-09-24T16:52:52.388192+00:00,601,2573060,Farmbotic,Coming soon,Free,https://store.steampowered.com/app/2573060/Farmbotic/,25,1
3bd926d5-123f-46ba-bb00-e88a11fb4547,2026-09-24T16:52:52.388192+00:00,602,3135380,Verse Project,2026,Unpriced (Coming Soon),https://store.steampowered.com/app/3135380/Verse_Project/,25,2
3bd926d5-123f-46ba-bb00-e88a11fb4547,2026-09-24T16:52:52.388192+00:00,603,3058660,HARK THE GHOUL,2026,Unpriced (Coming Soon),https://store.steampowered.com/app/3058660/HARK_THE_GHOUL/,25,3
3bd926d5-123f-46ba-bb00-e88a11fb4547,2026-09-24T16:52:52.388192+00:00,604,2837690,Dungeons & Dragons: Long Rest Tavern,2027,Free,https://store.steampowered.com/app/2837690/Dungeons__Dragons_Long_Rest_Tavern/,25,4
3bd926d5-123f-46ba-bb00-e88a11fb4547,2026-09-24T16:52:52.388192+00:00,605,2600920,When Sirens Fall Silent,To be announced,Unpriced (Coming Soon),https://store.steampowered.com/app/2600920/When_Sirens_Fall_Silent/,25,5
3bd926d5-123f-46ba-bb00-e88a11fb4547,2026-09-24T16:52:52.388192+00:00,606,1624930,Ad Mortem,To be announced,Unpriced (Coming Soon),https://store.steampowered.com/app/1624930/Ad_Mortem/,25,6
3bd926d5-123f-46ba-bb00-e88a11fb4547,2026-09-24T16:52:52.388192+00:00,607,4459590,Slotbound,"Nov 9, 2026",Unpriced (Coming Soon),https://store.steampowered.com/app/4459590/Slotbound/,25,7
3bd926d5-123f-46ba-bb00-e88a11fb4547,2026-09-24T16:52:52.388192+00:00,608,2781660,Dawn of Defense,Q4 2026,Unpriced (Coming Soon),https://store.steampowered.com/app/2781660/Dawn_of_Defense/,25,8
3bd926d5-123f-46ba-bb00-e88a11fb4547,2026-09-24T16:52:52.388192+00:00,609,687440,In The Valley of Gods,December 2029,Free,https://store.steampowered.com/app/687440/In_The_Valley_of_Gods/,25,9
3bd926d5-123f-46ba-bb00-e88a11fb4547,2026-09-24T16:52:52.388192+00:00,610,4778540,Lucid Cats,"Sep 25, 2026",Unpriced (Coming Soon),https://store.steampowered.com/app/4778540/Lucid_Cats/,25,10
3bd926d5-123f-46ba-bb00-e88a11fb4547,2026-09-24T16:52:52.388192+00:00,611,2640090,Arcane Eats,Q1 2027,Free,https://store.steampowered.com/app/2640090/Arcane_Eats/,25,11
3bd926d5-123f-46ba-bb00-e88a11fb4547,2026-09-24T16:52:52.388192+00:00,612,4151300,Sublustrum,Coming soon,Free,https://store.steampowered.com/app/4151300/Sublustrum/,25,12
3bd926d5-123f-46ba-bb00-e88a11fb4547,2026-09-24T16:52:52.388192+00:00,613,1220650,My Forest Home!,To be announced,Unpriced (Coming Soon),https://store.steampowered.com/app/1220650/My_Forest_Home/,25,13
3bd926d5-123f-46ba-bb00-e88a11fb4547,2026-09-24T16:52:52.388192+00:00,614,4683260,Project Rabbit,Coming soon,Free,https://store.steampowered.com/app/4683260/Project_Rabbit/,25,14
3bd926d5-123f-46ba-bb00-e88a11fb4547,2026-09-24T16:52:52.388192+00:00,615,1779610,Farm Renovator,2026,Unpriced (Coming Soon),https://store.steampowered.com/app/1779610/Farm_Renovator/,25,15
3bd926d5-123f-46ba-bb00-e88a11fb4547,2026-09-24T16:52:52.388192+00:00,616,1792100,Motel Simulator,To be announced,Unpriced (Coming Soon),https://store.steampowered.com/app/1792100/Motel_Simulator/,25,16
3bd926d5-123f-46ba-bb00-e88a11fb4547,2026-09-24T16:52:52.388192+00:00,617,3603000,Maneater 2,2027,Free,https://store.steampowered.com/app/3603000/Maneater_2/,25,17
3bd926d5-123f-46ba-bb00-e88a11fb4547,2026-09-24T16:52:52.388192+00:00,618,3115870,TrophyRC,To be announced,Unpriced (Coming Soon),https://store.steampowered.com/app/3115870/TrophyRC/,25,18
3bd926d5-123f-46ba-bb00-e88a11fb4547,2026-09-24T16:52:52.388192+00:00,619,4216080,Wolcen 2,To be announced,Unpriced (Coming Soon),https://store.steampowered.com/app/4216080/Wolcen_2/,25,19
3bd926d5-123f-46ba-bb00-e88a11fb4547,2026-09-24T16:52:52.388192+00:00,620,860210,Return to Nangrim,Coming soon,Free,https://store.steampowered.com/app/860210/Return_to_Nangrim/,25,20
3bd926d5-123f-46ba-bb00-e88a11fb4547,2026-09-24T16:52:52.388192+00:00,621,2248150,Gunmetal Gothic,June 2027,Free,https://store.steampowered.com/app/2248150/Gunmetal_Gothic/,25,21
3bd926d5-123f-46ba-bb00-e88a11fb4547,2026-09-24T16:52:52.388192+00:00,622,4438080,Call It a Day,2027,Free,https://store.steampowered.com/app/4438080/Call_It_a_Day/,25,22
3bd926d5-123f-46ba-bb00-e88a11fb4547,2026-09-24T16:52:52.388192+00:00,623,1479780,Our Apartment,Coming soon,Free,https://store.steampowered.com/app/1479780/Our_Apartment/,25,23
3bd926d5-123f-46ba-bb00-e88a11fb4547,2026-09-24T16:52:52.388192+00:00,624,4089140,Engine Of Sin,To be announced,Unpriced (Coming Soon),https://store.steampowered.com/app/4089140/Engine_Of_Sin/,25,24
3bd926d5-123f-46ba-bb00-e88a11fb4547,2026-09-24T16:52:52.388192+00:00,625,4821880,Roco Kingdom,Coming soon,Free,https://store.steampowered.com/app/4821880/Roco_Kingdom/,25,25
3bd926d5-123f-46ba-bb00-e88a11fb4547,2026-09-24T16:52:52.388192+00:00,626,4049180,Disney/Pixar Toy Story 3 Complete Edition,"Oct 15, 2026",Unpriced (Coming Soon),https://store.steampowered.com/app/4049180/DisneyPixar_Toy_Story_3_Complete_Edition/,26,1
3bd926d5-123f-46ba-bb00-e88a11fb4547,2026-09-24T16:52:52.388192+00:00,627,3883910,La Divina Commedia,To be announced,Unpriced (Coming Soon),https://store.steampowered.com/app/3883910/La_Divina_Commedia/,26,2
3bd926d5-123f-46ba-bb00-e88a11fb4547,2026-09-24T16:52:52.388192+00:00,628,2893350,Liftlands,To be announced,Unpriced (Coming Soon),https://store.steampowered.com/app/2893350/Liftlands/,26,3
3bd926d5-123f-46ba-bb00-e88a11fb4547,2026-09-24T16:52:52.388192+00:00,629,4661070,HANDS OVER,To be announced,Unpriced (Coming Soon),https://store.steampowered.com/app/4661070/HANDS_OVER/,26,4
3bd926d5-123f-46ba-bb00-e88a11fb4547,2026-09-24T16:52:52.388192+00:00,630,3799530,Eye of the Match: The VAR Game,To be announced,Unpriced (Coming Soon),https://store.steampowered.com/app/3799530/Eye_of_the_Match_The_VAR_Game/,26,5
3bd926d5-123f-46ba-bb00-e88a11fb4547,2026-09-24T16:52:52.388192+00:00,631,2614370,Mr. Nomad,To be announced,Unpriced (Coming Soon),https://store.steampowered.com/app/2614370/Mr_Nomad/,26,6
3bd926d5-123f-46ba-bb00-e88a11fb4547,2026-09-24T16:52:52.388192+00:00,632,4108680,Nightholme,To be announced,Unpriced (Coming Soon),https://store.steampowered.com/app/4108680/Nightholme/,26,7
3bd926d5-123f-46ba-bb00-e88a11fb4547,2026-09-24T16:52:52.388192+00:00,633,2987350,Catly,To be announced,Unpriced (Coming Soon),https://store.steampowered.com/app/2987350/Catly/,26,8
3bd926d5-123f-46ba-bb00-e88a11fb4547,2026-09-24T16:52:52.388192+00:00,634,2160070,Forge of the Fae,To be announced,Unpriced (Coming Soon),https://store.steampowered.com/app/2160070/Forge_of_the_Fae/,26,9
3bd926d5-123f-46ba-bb00-e88a11fb4547,2026-09-24T16:52:52.388192+00:00,635,4753290,JUJUTSU KAISEN RUMBLE: SURVIVATON,2027,Free,https://store.steampowered.com/app/4753290/JUJUTSU_KAISEN_RUMBLE_SURVIVATON/,26,10
3bd926d5-123f-46ba-bb00-e88a11fb4547,2026-09-24T16:52:52.388192+00:00,636,2130800,Hisako and Shyla,2027,Free,https://store.steampowered.com/app/2130800/Hisako_and_Shyla/,26,11
3bd926d5-123f-46ba-bb00-e88a11fb4547,2026-09-24T16:52:52.388192+00:00,637,2974160,Blighted,2027,Free,https://store.steampowered.com/app/2974160/Blighted/,26,12
3bd926d5-123f-46ba-bb00-e88a11fb4547,2026-09-24T16:52:52.388192+00:00,638,3676410,Senua,Coming soon,Free,https://store.steampowered.com/app/3676410/Senua/,26,13
3bd926d5-123f-46ba-bb00-e88a11fb4547,2026-09-24T16:52:52.388192+00:00,639,3669430,Twilight Imperium Digital,To be announced,Unpriced (Coming Soon),https://store.steampowered.com/app/3669430/Twilight_Imperium_Digital/,26,14
3bd926d5-123f-46ba-bb00-e88a11fb4547,2026-09-24T16:52:52.388192+00:00,640,4280880,SHORE,Q4 2026,Unpriced (Coming Soon),https://store.steampowered.com/app/4280880/SHORE/,26,15
3bd926d5-123f-46ba-bb00-e88a11fb4547,2026-09-24T16:52:52.388192+00:00,641,1622130,Our Life: Now & Forever,2026,Free,https://store.steampowered.com/app/1622130/Our_Life_Now__Forever/,26,16
3bd926d5-123f-46ba-bb00-e88a11fb4547,2026-09-24T16:52:52.388192+00:00,642,2262630,Wish Upon A Llama,2026,Unpriced (Coming Soon),https://store.steampowered.com/app/2262630/Wish_Upon_A_Llama/,26,17
3bd926d5-123f-46ba-bb00-e88a11fb4547,2026-09-24T16:52:52.388192+00:00,643,4119090,The Daughter,Coming soon,Free,https://store.steampowered.com/app/4119090/The_Daughter/,26,18
3bd926d5-123f-46ba-bb00-e88a11fb4547,2026-09-24T16:52:52.388192+00:00,644,4664840,In the Van,To be announced,Unpriced (Coming Soon),https://store.steampowered.com/app/4664840/In_the_Van/,26,19
3bd926d5-123f-46ba-bb00-e88a11fb4547,2026-09-24T16:52:52.388192+00:00,645,1590430,Snow Daze: Redaze,To be announced,Unpriced (Coming Soon),https://store.steampowered.com/app/1590430/Snow_Daze_Redaze/,26,20
3bd926d5-123f-46ba-bb00-e88a11fb4547,2026-09-24T16:52:52.388192+00:00,646,2630420,Elven Watcher,Q4 2026,Unpriced (Coming Soon),https://store.steampowered.com/app/2630420/Elven_Watcher/,26,21
3bd926d5-123f-46ba-bb00-e88a11fb4547,2026-09-24T16:52:52.388192+00:00,647,3587020,Dream Eaters.exe,Coming soon,Free,https://store.steampowered.com/app/3587020/Dream_Eatersexe/,26,22
3bd926d5-123f-46ba-bb00-e88a11fb4547,2026-09-24T16:52:52.388192+00:00,648,1149450,Tree of Life 2,Coming soon,Free,https://store.steampowered.com/app/1149450/Tree_of_Life_2/,26,23
3bd926d5-123f-46ba-bb00-e88a11fb4547,2026-09-24T16:52:52.388192+00:00,649,4163270,Half Grip,2026,Unpriced (Coming Soon),https://store.steampowered.com/app/4163270/Half_Grip/,26,24
3bd926d5-123f-46ba-bb00-e88a11fb4547,2026-09-24T16:52:52.388192+00:00,650,4029090,Rizz Dungeon: Skeleton Key to My Heart,2027,Free,https://store.steampowered.com/app/4029090/Rizz_Dungeon_Skeleton_Key_to_My_Heart/,26,25
3bd926d5-123f-46ba-bb00-e88a11fb4547,2026-09-24T16:52:52.388192+00:00,651,4065120,Host Club Harem - Making Every Woman Mine,Q1 2027,Free,https://store.steampowered.com/app/4065120/Host_Club_Harem__Making_Every_Woman_Mine/,27,1
3bd926d5-123f-46ba-bb00-e88a11fb4547,2026-09-24T16:52:52.388192+00:00,652,2302120,Infinitum: The Backrooms Story,To be announced,Unpriced (Coming Soon),https://store.steampowered.com/app/2302120/Infinitum_The_Backrooms_Story/,27,2
3bd926d5-123f-46ba-bb00-e88a11fb4547,2026-09-24T16:52:52.388192+00:00,653,4317460,Bel's Fanfare,Coming soon,Free,https://store.steampowered.com/app/4317460/Bels_Fanfare/,27,3
3bd926d5-123f-46ba-bb00-e88a11fb4547,2026-09-24T16:52:52.388192+00:00,654,2789680,Hello Neighbor 3,To be announced,Unpriced (Coming Soon),https://store.steampowered.com/app/2789680/Hello_Neighbor_3/,27,4
3bd926d5-123f-46ba-bb00-e88a11fb4547,2026-09-24T16:52:52.388192+00:00,655,3176500,Wizard Cats,Coming soon,Free,https://store.steampowered.com/app/3176500/Wizard_Cats/,27,5
3bd926d5-123f-46ba-bb00-e88a11fb4547,2026-09-24T16:52:52.388192+00:00,656,3498720,Rain98,2026,Unpriced (Coming Soon),https://store.steampowered.com/app/3498720/Rain98/,27,6
3bd926d5-123f-46ba-bb00-e88a11fb4547,2026-09-24T16:52:52.388192+00:00,657,5159870,Needle In A Haystack Simulator,Q4 2026,Unpriced (Coming Soon),https://store.steampowered.com/app/5159870/Needle_In_A_Haystack_Simulator/,27,7
3bd926d5-123f-46ba-bb00-e88a11fb4547,2026-09-24T16:52:52.388192+00:00,658,3456950,Pixel Gun 2,Coming soon,Free,https://store.steampowered.com/app/3456950/Pixel_Gun_2/,27,8
3bd926d5-123f-46ba-bb00-e88a11fb4547,2026-09-24T16:52:52.388192+00:00,659,3798860,Shutter Story,Q1 2027,Free,https://store.steampowered.com/app/3798860/Shutter_Story/,27,9
3bd926d5-123f-46ba-bb00-e88a11fb4547,2026-09-24T16:52:52.388192+00:00,660,3596040,Time Takers,Coming soon,Free,https://store.steampowered.com/app/3596040/Time_Takers/,27,10
3bd926d5-123f-46ba-bb00-e88a11fb4547,2026-09-24T16:52:52.388192+00:00,661,2581850,HUMANKIND™ 2,2027,Free,https://store.steampowered.com/app/2581850/HUMANKIND_2/,27,11
3bd926d5-123f-46ba-bb00-e88a11fb4547,2026-09-24T16:52:52.388192+00:00,662,1748280,Gate Zero,Coming soon,Free,https://store.steampowered.com/app/1748280/Gate_Zero/,27,12
3bd926d5-123f-46ba-bb00-e88a11fb4547,2026-09-24T16:52:52.388192+00:00,663,4735760,Vivarium,To be announced,Unpriced (Coming Soon),https://store.steampowered.com/app/4735760/Vivarium/,27,13
3bd926d5-123f-46ba-bb00-e88a11fb4547,2026-09-24T16:52:52.388192+00:00,664,3185060,Ruina Remake,Coming soon,Free,https://store.steampowered.com/app/3185060/Ruina_Remake/,27,14
3bd926d5-123f-46ba-bb00-e88a11fb4547,2026-09-24T16:52:52.388192+00:00,665,3664440,Red Rust Pioneers,2026,Unpriced (Coming Soon),https://store.steampowered.com/app/3664440/Red_Rust_Pioneers/,27,15
3bd926d5-123f-46ba-bb00-e88a11fb4547,2026-09-24T16:52:52.388192+00:00,666,4461460,Fantasy Blacksmith Simulator,2026,Unpriced (Coming Soon),https://store.steampowered.com/app/4461460/Fantasy_Blacksmith_Simulator/,27,16
3bd926d5-123f-46ba-bb00-e88a11fb4547,2026-09-24T16:52:52.388192+00:00,667,2589980,Eden's Guardian,Coming soon,Free,https://store.steampowered.com/app/2589980/Edens_Guardian/,27,17
3bd926d5-123f-46ba-bb00-e88a11fb4547,2026-09-24T16:52:52.388192+00:00,668,4876650,Never Sort By Color,"Nov 10, 2026",Unpriced (Coming Soon),https://store.steampowered.com/app/4876650/Never_Sort_By_Color/,27,18
3bd926d5-123f-46ba-bb00-e88a11fb4547,2026-09-24T16:52:52.388192+00:00,669,4346690,Genigods: Nezha,To be announced,Unpriced (Coming Soon),https://store.steampowered.com/app/4346690/Genigods_Nezha/,27,19
3bd926d5-123f-46ba-bb00-e88a11fb4547,2026-09-24T16:52:52.388192+00:00,670,1460210,Compound Fracture,To be announced,Unpriced (Coming Soon),https://store.steampowered.com/app/1460210/Compound_Fracture/,27,20
3bd926d5-123f-46ba-bb00-e88a11fb4547,2026-09-24T16:52:52.388192+00:00,671,1040260,Arouse,Coming soon,Free,https://store.steampowered.com/app/1040260/Arouse/,27,21
3bd926d5-123f-46ba-bb00-e88a11fb4547,2026-09-24T16:52:52.388192+00:00,672,2193150,Kibu,To be announced,Unpriced (Coming Soon),https://store.steampowered.com/app/2193150/Kibu/,27,22
3bd926d5-123f-46ba-bb00-e88a11fb4547,2026-09-24T16:52:52.388192+00:00,673,3778820,Architect of Ruin,Coming soon,Free,https://store.steampowered.com/app/3778820/Architect_of_Ruin/,27,23
3bd926d5-123f-46ba-bb00-e88a11fb4547,2026-09-24T16:52:52.388192+00:00,674,3469910,Star Trek: Outposts Unknown,"Oct 20, 2026",Unpriced (Coming Soon),https://store.steampowered.com/app/3469910/Star_Trek_Outposts_Unknown/,27,24
3bd926d5-123f-46ba-bb00-e88a11fb4547,2026-09-24T16:52:52.388192+00:00,675,2087540,Escape from Playtime,"Oct 21, 2026",Unpriced (Coming Soon),https://store.steampowered.com/app/2087540/Escape_from_Playtime/,27,25
3bd926d5-123f-46ba-bb00-e88a11fb4547,2026-09-24T16:52:52.388192+00:00,676,3464000,Eropsychosis: The Project Elysiara,"Sep 29, 2026",Unpriced (Coming Soon),https://store.steampowered.com/app/3464000/Eropsychosis_The_Project_Elysiara/,28,1
3bd926d5-123f-46ba-bb00-e88a11fb4547,2026-09-24T16:52:52.388192+00:00,677,1505940,Orc Warchief: Strategy Story,2026,Unpriced (Coming Soon),https://store.steampowered.com/app/1505940/Orc_Warchief_Strategy_Story/,28,2
3bd926d5-123f-46ba-bb00-e88a11fb4547,2026-09-24T16:52:52.388192+00:00,678,3268370,Tenkemo,To be announced,Unpriced (Coming Soon),https://store.steampowered.com/app/3268370/Tenkemo/,28,3
3bd926d5-123f-46ba-bb00-e88a11fb4547,2026-09-24T16:52:52.388192+00:00,679,4738100,10 Million Pixels,"Nov 13, 2026",Unpriced (Coming Soon),https://store.steampowered.com/app/4738100/10_Million_Pixels/,28,4
3bd926d5-123f-46ba-bb00-e88a11fb4547,2026-09-24T16:52:52.388192+00:00,680,3470500,Ember and Blade,Coming soon,Free,https://store.steampowered.com/app/3470500/Ember_and_Blade/,28,5
3bd926d5-123f-46ba-bb00-e88a11fb4547,2026-09-24T16:52:52.388192+00:00,681,1260940,Core Decay,To be announced,Unpriced (Coming Soon),https://store.steampowered.com/app/1260940/Core_Decay/,28,6
3bd926d5-123f-46ba-bb00-e88a11fb4547,2026-09-24T16:52:52.388192+00:00,682,4200960,Thief: The Dark Project Remastered,To be announced,Unpriced (Coming Soon),https://store.steampowered.com/app/4200960/Thief_The_Dark_Project_Remastered/,28,7
3bd926d5-123f-46ba-bb00-e88a11fb4547,2026-09-24T16:52:52.388192+00:00,683,2643540,Age Twisters,To be announced,Unpriced (Coming Soon),https://store.steampowered.com/app/2643540/Age_Twisters/,28,8
3bd926d5-123f-46ba-bb00-e88a11fb4547,2026-09-24T16:52:52.388192+00:00,684,2251170,ZWAARD,2026,Unpriced (Coming Soon),https://store.steampowered.com/app/2251170/ZWAARD/,28,9
3bd926d5-123f-46ba-bb00-e88a11fb4547,2026-09-24T16:52:52.388192+00:00,685,2946850,Streets of Fortuna,To be announced,Unpriced (Coming Soon),https://store.steampowered.com/app/2946850/Streets_of_Fortuna/,28,10
3bd926d5-123f-46ba-bb00-e88a11fb4547,2026-09-24T16:52:52.388192+00:00,686,3367820,My Femboy Roommate: Special Weekend,2026,Unpriced (Coming Soon),https://store.steampowered.com/app/3367820/My_Femboy_Roommate_Special_Weekend/,28,11
3bd926d5-123f-46ba-bb00-e88a11fb4547,2026-09-24T16:52:52.388192+00:00,687,3024130,PAO PAO,"Oct 26, 2026",Unpriced (Coming Soon),https://store.steampowered.com/app/3024130/PAO_PAO/,28,12
3bd926d5-123f-46ba-bb00-e88a11fb4547,2026-09-24T16:52:52.388192+00:00,688,3644020,Cleaner Company,2026,Unpriced (Coming Soon),https://store.steampowered.com/app/3644020/Cleaner_Company/,28,13
3bd926d5-123f-46ba-bb00-e88a11fb4547,2026-09-24T16:52:52.388192+00:00,689,4115300,A Date with Death 2: REMNANTS,Q1 2027,Free,https://store.steampowered.com/app/4115300/A_Date_with_Death_2_REMNANTS/,28,14
3bd926d5-123f-46ba-bb00-e88a11fb4547,2026-09-24T16:52:52.388192+00:00,690,4218620,Double Dealers,Q4 2026,Unpriced (Coming Soon),https://store.steampowered.com/app/4218620/Double_Dealers/,28,15
3bd926d5-123f-46ba-bb00-e88a11fb4547,2026-09-24T16:52:52.388192+00:00,691,4259360,Milki Delivery,"Nov 17, 2026",Unpriced (Coming Soon),https://store.steampowered.com/app/4259360/Milki_Delivery/,28,16
3bd926d5-123f-46ba-bb00-e88a11fb4547,2026-09-24T16:52:52.388192+00:00,692,4687390,Abiotic Factor - Entropic Break,To be announced,Unpriced (Coming Soon),https://store.steampowered.com/app/4687390/Abiotic_Factor__Entropic_Break/,28,17
3bd926d5-123f-46ba-bb00-e88a11fb4547,2026-09-24T16:52:52.388192+00:00,693,2616540,Croak,2026,Unpriced (Coming Soon),https://store.steampowered.com/app/2616540/Croak/,28,18
3bd926d5-123f-46ba-bb00-e88a11fb4547,2026-09-24T16:52:52.388192+00:00,694,3948160,Waste The Fallen,Coming soon,Free,https://store.steampowered.com/app/3948160/Waste_The_Fallen/,28,19
3bd926d5-123f-46ba-bb00-e88a11fb4547,2026-09-24T16:52:52.388192+00:00,695,2961860,Honcho,To be announced,Unpriced (Coming Soon),https://store.steampowered.com/app/2961860/Honcho/,28,20
3bd926d5-123f-46ba-bb00-e88a11fb4547,2026-09-24T16:52:52.388192+00:00,696,2960250,Tempus Triad,2026,Unpriced (Coming Soon),https://store.steampowered.com/app/2960250/Tempus_Triad/,28,21
3bd926d5-123f-46ba-bb00-e88a11fb4547,2026-09-24T16:52:52.388192+00:00,697,4745600,Motorsport Manager 2,2027,Free,https://store.steampowered.com/app/4745600/Motorsport_Manager_2/,28,22
3bd926d5-123f-46ba-bb00-e88a11fb4547,2026-09-24T16:52:52.388192+00:00,698,3846900,Sword Sage: Awakening,Coming soon,Free,https://store.steampowered.com/app/3846900/Sword_Sage_Awakening/,28,23
3bd926d5-123f-46ba-bb00-e88a11fb4547,2026-09-24T16:52:52.388192+00:00,699,2530870,GARBAGE COUNTRY,To be announced,Unpriced (Coming Soon),https://store.steampowered.com/app/2530870/GARBAGE_COUNTRY/,28,24
3bd926d5-123f-46ba-bb00-e88a11fb4547,2026-09-24T16:52:52.388192+00:00,700,3470960,Tales of Eternia Remastered,"Oct 15, 2026",Unpriced (Coming Soon),https://store.steampowered.com/app/3470960/Tales_of_Eternia_Remastered/,28,25
3bd926d5-123f-46ba-bb00-e88a11fb4547,2026-09-24T16:52:52.388192+00:00,701,443190,Project Haven,Coming soon,Free,https://store.steampowered.com/app/443190/Project_Haven/,29,1
3bd926d5-123f-46ba-bb00-e88a11fb4547,2026-09-24T16:52:52.388192+00:00,702,3915840,Steel Ark,Coming soon,Free,https://store.steampowered.com/app/3915840/Steel_Ark/,29,2
3bd926d5-123f-46ba-bb00-e88a11fb4547,2026-09-24T16:52:52.388192+00:00,703,5001840,Crimson Desert Enhanced: Charting the Unknown,"Oct 15, 2026",$24.99,https://store.steampowered.com/app/5001840/Crimson_Desert_Enhanced_Charting_the_Unknown/,29,3
3bd926d5-123f-46ba-bb00-e88a11fb4547,2026-09-24T16:52:52.388192+00:00,704,4626020,Happy Ending Simulator,Q4 2026,Unpriced (Coming Soon),https://store.steampowered.com/app/4626020/Happy_Ending_Simulator/,29,4
3bd926d5-123f-46ba-bb00-e88a11fb4547,2026-09-24T16:52:52.388192+00:00,705,4260270,Stranded with You,"Sep 25, 2026",Unpriced (Coming Soon),https://store.steampowered.com/app/4260270/Stranded_with_You/,29,5
3bd926d5-123f-46ba-bb00-e88a11fb4547,2026-09-24T16:52:52.388192+00:00,706,1101370,Wind Runners,2027,Free,https://store.steampowered.com/app/1101370/Wind_Runners/,29,6
3bd926d5-123f-46ba-bb00-e88a11fb4547,2026-09-24T16:52:52.388192+00:00,707,4413130,Battlespace Command,2027,Free,https://store.steampowered.com/app/4413130/Battlespace_Command/,29,7
3bd926d5-123f-46ba-bb00-e88a11fb4547,2026-09-24T16:52:52.388192+00:00,708,969330,The Way of Wrath,2026,Unpriced (Coming Soon),https://store.steampowered.com/app/969330/The_Way_of_Wrath/,29,8
3bd926d5-123f-46ba-bb00-e88a11fb4547,2026-09-24T16:52:52.388192+00:00,709,2708040,Keelblade (formerly Triarchy),2027,Free,https://store.steampowered.com/app/2708040/Keelblade_formerly_Triarchy/,29,9
3bd926d5-123f-46ba-bb00-e88a11fb4547,2026-09-24T16:52:52.388192+00:00,710,2544820,The First Explorers®,To be announced,Unpriced (Coming Soon),https://store.steampowered.com/app/2544820/The_First_Explorers/,29,10
3bd926d5-123f-46ba-bb00-e88a11fb4547,2026-09-24T16:52:52.388192+00:00,711,2261560,We The People,Coming soon,Free,https://store.steampowered.com/app/2261560/We_The_People/,29,11
3bd926d5-123f-46ba-bb00-e88a11fb4547,2026-09-24T16:52:52.388192+00:00,712,3743140,Battleplan,"Oct 12, 2026",Unpriced (Coming Soon),https://store.steampowered.com/app/3743140/Battleplan/,29,12
3bd926d5-123f-46ba-bb00-e88a11fb4547,2026-09-24T16:52:52.388192+00:00,713,1937070,Engines Of Destruction,Coming soon,Free,https://store.steampowered.com/app/1937070/Engines_Of_Destruction/,29,13
3bd926d5-123f-46ba-bb00-e88a11fb4547,2026-09-24T16:52:52.388192+00:00,714,3812830,Tiny Delivery,Coming soon,Free,https://store.steampowered.com/app/3812830/Tiny_Delivery/,29,14
3bd926d5-123f-46ba-bb00-e88a11fb4547,2026-09-24T16:52:52.388192+00:00,715,1872970,Food Truck Empire,2026,Unpriced (Coming Soon),https://store.steampowered.com/app/1872970/Food_Truck_Empire/,29,15
3bd926d5-123f-46ba-bb00-e88a11fb4547,2026-09-24T16:52:52.388192+00:00,716,2244700,Glasshouse,Coming soon,Free,https://store.steampowered.com/app/2244700/Glasshouse/,29,16
3bd926d5-123f-46ba-bb00-e88a11fb4547,2026-09-24T16:52:52.388192+00:00,717,3839180,POSTAL 2 Redux,2027,Free,https://store.steampowered.com/app/3839180/POSTAL_2_Redux/,29,17
3bd926d5-123f-46ba-bb00-e88a11fb4547,2026-09-24T16:52:52.388192+00:00,718,3154460,Office Party,2026,Unpriced (Coming Soon),https://store.steampowered.com/app/3154460/Office_Party/,29,18
3bd926d5-123f-46ba-bb00-e88a11fb4547,2026-09-24T16:52:52.388192+00:00,719,3925150,AUDIOMECH: your music transformed,To be announced,Unpriced (Coming Soon),https://store.steampowered.com/app/3925150/AUDIOMECH_your_music_transformed/,29,19
3bd926d5-123f-46ba-bb00-e88a11fb4547,2026-09-24T16:52:52.388192+00:00,720,2411200,Underkeep,"Nov 5, 2026",Unpriced (Coming Soon),https://store.steampowered.com/app/2411200/Underkeep/,29,20
3bd926d5-123f-46ba-bb00-e88a11fb4547,2026-09-24T16:52:52.388192+00:00,721,4771290,"Hands Up, G!",Coming soon,Free,https://store.steampowered.com/app/4771290/Hands_Up_G/,29,21
3bd926d5-123f-46ba-bb00-e88a11fb4547,2026-09-24T16:52:52.388192+00:00,722,3788160,Terminal War,Coming soon,Free,https://store.steampowered.com/app/3788160/Terminal_War/,29,22
3bd926d5-123f-46ba-bb00-e88a11fb4547,2026-09-24T16:52:52.388192+00:00,723,3838790,The Twilight Project,To be announced,Unpriced (Coming Soon),https://store.steampowered.com/app/3838790/The_Twilight_Project/,29,23
3bd926d5-123f-46ba-bb00-e88a11fb4547,2026-09-24T16:52:52.388192+00:00,724,3225880,Lenin Street Geek Shop,Coming soon,Free,https://store.steampowered.com/app/3225880/Lenin_Street_Geek_Shop/,29,24
3bd926d5-123f-46ba-bb00-e88a11fb4547,2026-09-24T16:52:52.388192+00:00,725,4170840,Akina,2026,Unpriced (Coming Soon),https://store.steampowered.com/app/4170840/Akina/,29,25
3bd926d5-123f-46ba-bb00-e88a11fb4547,2026-09-24T16:52:52.388192+00:00,726,4498480,Hold My Thing,Coming soon,Free,https://store.steampowered.com/app/4498480/Hold_My_Thing/,30,1
3bd926d5-123f-46ba-bb00-e88a11fb4547,2026-09-24T16:52:52.388192+00:00,727,3348640,TSAREVNA. Age of Tales,2027,Free,https://store.steampowered.com/app/3348640/TSAREVNA_Age_of_Tales/,30,2
3bd926d5-123f-46ba-bb00-e88a11fb4547,2026-09-24T16:52:52.388192+00:00,728,2464520,Surviving Deponia,2026,Unpriced (Coming Soon),https://store.steampowered.com/app/2464520/Surviving_Deponia/,30,3
3bd926d5-123f-46ba-bb00-e88a11fb4547,2026-09-24T16:52:52.388192+00:00,729,4267870,Washington Prime,To be announced,Unpriced (Coming Soon),https://store.steampowered.com/app/4267870/Washington_Prime/,30,4
3bd926d5-123f-46ba-bb00-e88a11fb4547,2026-09-24T16:52:52.388192+00:00,730,3864190,MISHA,To be announced,Unpriced (Coming Soon),https://store.steampowered.com/app/3864190/MISHA/,30,5
3bd926d5-123f-46ba-bb00-e88a11fb4547,2026-09-24T16:52:52.388192+00:00,731,2975680,Revelation of Decay,2026,Unpriced (Coming Soon),https://store.steampowered.com/app/2975680/Revelation_of_Decay/,30,6
3bd926d5-123f-46ba-bb00-e88a11fb4547,2026-09-24T16:52:52.388192+00:00,732,908770,Global Conflagration,To be announced,Unpriced (Coming Soon),https://store.steampowered.com/app/908770/Global_Conflagration/,30,7
3bd926d5-123f-46ba-bb00-e88a11fb4547,2026-09-24T16:52:52.388192+00:00,733,3922000,Neighborhoods,To be announced,Unpriced (Coming Soon),https://store.steampowered.com/app/3922000/Neighborhoods/,30,8
3bd926d5-123f-46ba-bb00-e88a11fb4547,2026-09-24T16:52:52.388192+00:00,734,3989240,FPS Quest,To be announced,Unpriced (Coming Soon),https://store.steampowered.com/app/3989240/FPS_Quest/,30,9
3bd926d5-123f-46ba-bb00-e88a11fb4547,2026-09-24T16:52:52.388192+00:00,735,4430020,Hamsteria,Q1 2027,Free,https://store.steampowered.com/app/4430020/Hamsteria/,30,10
3bd926d5-123f-46ba-bb00-e88a11fb4547,2026-09-24T16:52:52.388192+00:00,736,4574370,Sword & Banner,Q1 2027,Free,https://store.steampowered.com/app/4574370/Sword__Banner/,30,11
3bd926d5-123f-46ba-bb00-e88a11fb4547,2026-09-24T16:52:52.388192+00:00,737,4287480,Backrooms Protocol,September 2026,Unpriced (Coming Soon),https://store.steampowered.com/app/4287480/Backrooms_Protocol/,30,12
3bd926d5-123f-46ba-bb00-e88a11fb4547,2026-09-24T16:52:52.388192+00:00,738,1443980,Roman Empire Wars,Coming soon,Free,https://store.steampowered.com/app/1443980/Roman_Empire_Wars/,30,13
3bd926d5-123f-46ba-bb00-e88a11fb4547,2026-09-24T16:52:52.388192+00:00,739,1104600,Rune Fencer Illyia,2027,Free,https://store.steampowered.com/app/1104600/Rune_Fencer_Illyia/,30,14
3bd926d5-123f-46ba-bb00-e88a11fb4547,2026-09-24T16:52:52.388192+00:00,740,3144010,Usagi Shima: Bunny Island,October 2026,Unpriced (Coming Soon),https://store.steampowered.com/app/3144010/Usagi_Shima_Bunny_Island/,30,15
3bd926d5-123f-46ba-bb00-e88a11fb4547,2026-09-24T16:52:52.388192+00:00,741,4504970,AetherCycle,November 2026,Unpriced (Coming Soon),https://store.steampowered.com/app/4504970/AetherCycle/,30,16
3bd926d5-123f-46ba-bb00-e88a11fb4547,2026-09-24T16:52:52.388192+00:00,742,3257270,Haunted by Femboy,2026,Unpriced (Coming Soon),https://store.steampowered.com/app/3257270/Haunted_by_Femboy/,30,17
3bd926d5-123f-46ba-bb00-e88a11fb4547,2026-09-24T16:52:52.388192+00:00,743,994680,The Dungeon Experience,To be announced,Unpriced (Coming Soon),https://store.steampowered.com/app/994680/The_Dungeon_Experience/,30,18
3bd926d5-123f-46ba-bb00-e88a11fb4547,2026-09-24T16:52:52.388192+00:00,744,4358270,Pickmos,To be announced,Unpriced (Coming Soon),https://store.steampowered.com/app/4358270/Pickmos/,30,19
3bd926d5-123f-46ba-bb00-e88a11fb4547,2026-09-24T16:52:52.388192+00:00,745,3434920,SAGE,Coming soon,Free,https://store.steampowered.com/app/3434920/SAGE/,30,20
3bd926d5-123f-46ba-bb00-e88a11fb4547,2026-09-24T16:52:52.388192+00:00,746,3123130,Moon Princess,2027,Free,https://store.steampowered.com/app/3123130/Moon_Princess/,30,21
3bd926d5-123f-46ba-bb00-e88a11fb4547,2026-09-24T16:52:52.388192+00:00,747,2266890,BECROWNED,Q4 2026,Unpriced (Coming Soon),https://store.steampowered.com/app/2266890/BECROWNED/,30,22
3bd926d5-123f-46ba-bb00-e88a11fb4547,2026-09-24T16:52:52.388192+00:00,748,4954970,No Body No Problem!,Coming soon,Free,https://store.steampowered.com/app/4954970/No_Body_No_Problem/,30,23
3bd926d5-123f-46ba-bb00-e88a11fb4547,2026-09-24T16:52:52.388192+00:00,749,3078140,Five Laps at Freddy's,2026,Unpriced (Coming Soon),https://store.steampowered.com/app/3078140/Five_Laps_at_Freddys/,30,24
3bd926d5-123f-46ba-bb00-e88a11fb4547,2026-09-24T16:52:52.388192+00:00,750,3850550,Isekai: Waifu Overlord,"Sep 25, 2026",Free,https://store.steampowered.com/app/3850550/Isekai_Waifu_Overlord/,30,25
3bd926d5-123f-46ba-bb00-e88a11fb4547,2026-09-24T16:52:52.388192+00:00,751,3078760,LIVING HELL,2026,Unpriced (Coming Soon),https://store.steampowered.com/app/3078760/LIVING_HELL/,31,1
3bd926d5-123f-46ba-bb00-e88a11fb4547,2026-09-24T16:52:52.388192+00:00,752,4096830,S.O.N.A.R. - Submarine Operators Not Actually Ready,"Oct 29, 2026",Unpriced (Coming Soon),https://store.steampowered.com/app/4096830/SONAR__Submarine_Operators_Not_Actually_Ready/,31,2
3bd926d5-123f-46ba-bb00-e88a11fb4547,2026-09-24T16:52:52.388192+00:00,753,4623570,Deskrawl: Idle ARPG,"Sep 28, 2026",Unpriced (Coming Soon),https://store.steampowered.com/app/4623570/Deskrawl_Idle_ARPG/,31,3
3bd926d5-123f-46ba-bb00-e88a11fb4547,2026-09-24T16:52:52.388192+00:00,754,2666580,Pathfinder: Abomination Vaults,To be announced,Unpriced (Coming Soon),https://store.steampowered.com/app/2666580/Pathfinder_Abomination_Vaults/,31,4
3bd926d5-123f-46ba-bb00-e88a11fb4547,2026-09-24T16:52:52.388192+00:00,755,1368050,La Mer La Guerre,To be announced,Unpriced (Coming Soon),https://store.steampowered.com/app/1368050/La_Mer_La_Guerre/,31,5
3bd926d5-123f-46ba-bb00-e88a11fb4547,2026-09-24T16:52:52.388192+00:00,756,3370490,Giggleland,Coming soon,Free,https://store.steampowered.com/app/3370490/Giggleland/,31,6
3bd926d5-123f-46ba-bb00-e88a11fb4547,2026-09-24T16:52:52.388192+00:00,757,1167820,Airport Contraband,"Oct 28, 2026",Unpriced (Coming Soon),https://store.steampowered.com/app/1167820/Airport_Contraband/,31,7
3bd926d5-123f-46ba-bb00-e88a11fb4547,2026-09-24T16:52:52.388192+00:00,758,2355020,Lost Hellden,2026,Unpriced (Coming Soon),https://store.steampowered.com/app/2355020/Lost_Hellden/,31,8
3bd926d5-123f-46ba-bb00-e88a11fb4547,2026-09-24T16:52:52.388192+00:00,759,3335310,Remothered: Red Nun's Legacy,"Oct 27, 2026",Unpriced (Coming Soon),https://store.steampowered.com/app/3335310/Remothered_Red_Nuns_Legacy/,31,9
3bd926d5-123f-46ba-bb00-e88a11fb4547,2026-09-24T16:52:52.388192+00:00,760,3399240,Buster JAM!,Coming soon,Free,https://store.steampowered.com/app/3399240/Buster_JAM/,31,10
3bd926d5-123f-46ba-bb00-e88a11fb4547,2026-09-24T16:52:52.388192+00:00,761,3804800,DUST: Origins,To be announced,Unpriced (Coming Soon),https://store.steampowered.com/app/3804800/DUST_Origins/,31,11
3bd926d5-123f-46ba-bb00-e88a11fb4547,2026-09-24T16:52:52.388192+00:00,762,3714000,Rogue Carrier,Coming soon,Free,https://store.steampowered.com/app/3714000/Rogue_Carrier/,31,12
3bd926d5-123f-46ba-bb00-e88a11fb4547,2026-09-24T16:52:52.388192+00:00,763,4114100,Inkblood,2026,Unpriced (Coming Soon),https://store.steampowered.com/app/4114100/Inkblood/,31,13
3bd926d5-123f-46ba-bb00-e88a11fb4547,2026-09-24T16:52:52.388192+00:00,764,3481610,Hopetown,To be announced,Unpriced (Coming Soon),https://store.steampowered.com/app/3481610/Hopetown/,31,14
3bd926d5-123f-46ba-bb00-e88a11fb4547,2026-09-24T16:52:52.388192+00:00,765,3470850,Void Martyrs,2027,Free,https://store.steampowered.com/app/3470850/Void_Martyrs/,31,15
3bd926d5-123f-46ba-bb00-e88a11fb4547,2026-09-24T16:52:52.388192+00:00,766,3809080,Never Wither,Coming soon,Free,https://store.steampowered.com/app/3809080/Never_Wither/,31,16
3bd926d5-123f-46ba-bb00-e88a11fb4547,2026-09-24T16:52:52.388192+00:00,767,3744040,Kaidan,To be announced,Unpriced (Coming Soon),https://store.steampowered.com/app/3744040/Kaidan/,31,17
3bd926d5-123f-46ba-bb00-e88a11fb4547,2026-09-24T16:52:52.388192+00:00,768,4626070,SUPERS,Q4 2026,Unpriced (Coming Soon),https://store.steampowered.com/app/4626070/SUPERS/,31,18
3bd926d5-123f-46ba-bb00-e88a11fb4547,2026-09-24T16:52:52.388192+00:00,769,4186890,Kitman,Q1 2027,Free,https://store.steampowered.com/app/4186890/Kitman/,31,19
3bd926d5-123f-46ba-bb00-e88a11fb4547,2026-09-24T16:52:52.388192+00:00,770,3905010,ONE PIECE: Grand Gourmet,"Oct 22, 2026",$19.99,https://store.steampowered.com/app/3905010/ONE_PIECE_Grand_Gourmet/,31,20
3bd926d5-123f-46ba-bb00-e88a11fb4547,2026-09-24T16:52:52.388192+00:00,771,2671300,Trailblazers: Into the March,To be announced,Unpriced (Coming Soon),https://store.steampowered.com/app/2671300/Trailblazers_Into_the_March/,31,21
3bd926d5-123f-46ba-bb00-e88a11fb4547,2026-09-24T16:52:52.388192+00:00,772,3038500,Cooking Simulator 2: Prologue,Coming soon,Free,https://store.steampowered.com/app/3038500/Cooking_Simulator_2_Prologue/,31,22
3bd926d5-123f-46ba-bb00-e88a11fb4547,2026-09-24T16:52:52.388192+00:00,773,4018380,Chronoscript: The Endless End,2027,Free,https://store.steampowered.com/app/4018380/Chronoscript_The_Endless_End/,31,23
3bd926d5-123f-46ba-bb00-e88a11fb4547,2026-09-24T16:52:52.388192+00:00,774,3473430,All Our Broken Parts,To be announced,Unpriced (Coming Soon),https://store.steampowered.com/app/3473430/All_Our_Broken_Parts/,31,24
3bd926d5-123f-46ba-bb00-e88a11fb4547,2026-09-24T16:52:52.388192+00:00,775,1511480,AlterLife,To be announced,Unpriced (Coming Soon),https://store.steampowered.com/app/1511480/AlterLife/,31,25
3bd926d5-123f-46ba-bb00-e88a11fb4547,2026-09-24T16:52:52.388192+00:00,776,2400980,AMONG THE WILD,To be announced,Unpriced (Coming Soon),https://store.steampowered.com/app/2400980/AMONG_THE_WILD/,32,1
3bd926d5-123f-46ba-bb00-e88a11fb4547,2026-09-24T16:52:52.388192+00:00,777,4868310,Character House -Desktop Companion-,2026,Unpriced (Coming Soon),https://store.steampowered.com/app/4868310/Character_House_Desktop_Companion/,32,2
3bd926d5-123f-46ba-bb00-e88a11fb4547,2026-09-24T16:52:52.388192+00:00,778,4877950,Moylo,To be announced,Unpriced (Coming Soon),https://store.steampowered.com/app/4877950/Moylo/,32,3
3bd926d5-123f-46ba-bb00-e88a11fb4547,2026-09-24T16:52:52.388192+00:00,779,4824220,Meltdown Crew,December 2026,Unpriced (Coming Soon),https://store.steampowered.com/app/4824220/Meltdown_Crew/,32,4
3bd926d5-123f-46ba-bb00-e88a11fb4547,2026-09-24T16:52:52.388192+00:00,780,2541950,Sirens,To be announced,Unpriced (Coming Soon),https://store.steampowered.com/app/2541950/Sirens/,32,5
3bd926d5-123f-46ba-bb00-e88a11fb4547,2026-09-24T16:52:52.388192+00:00,781,2935800,Chalk Warfare,Coming soon,Free,https://store.steampowered.com/app/2935800/Chalk_Warfare/,32,6
3bd926d5-123f-46ba-bb00-e88a11fb4547,2026-09-24T16:52:52.388192+00:00,782,4030000,Goddess of Death,Q4 2026,Unpriced (Coming Soon),https://store.steampowered.com/app/4030000/Goddess_of_Death/,32,7
3bd926d5-123f-46ba-bb00-e88a11fb4547,2026-09-24T16:52:52.388192+00:00,783,2275860,BAKUDO,To be announced,Unpriced (Coming Soon),https://store.steampowered.com/app/2275860/BAKUDO/,32,8
3bd926d5-123f-46ba-bb00-e88a11fb4547,2026-09-24T16:52:52.388192+00:00,784,4717850,Magical Girl Taboo Village,2026,Unpriced (Coming Soon),https://store.steampowered.com/app/4717850/Magical_Girl_Taboo_Village/,32,9
3bd926d5-123f-46ba-bb00-e88a11fb4547,2026-09-24T16:52:52.388192+00:00,785,4383190,Intravenous 3,Q2 2027,Free,https://store.steampowered.com/app/4383190/Intravenous_3/,32,10
3bd926d5-123f-46ba-bb00-e88a11fb4547,2026-09-24T16:52:52.388192+00:00,786,2220860,TSURUGIHIME,To be announced,Unpriced (Coming Soon),https://store.steampowered.com/app/2220860/TSURUGIHIME/,32,11
3bd926d5-123f-46ba-bb00-e88a11fb4547,2026-09-24T16:52:52.388192+00:00,787,4532500,Atelier Karia: The Night Kingdom & the Guide of Memories,"Feb 24, 2027",Free,https://store.steampowered.com/app/4532500/Atelier_Karia_The_Night_Kingdom__the_Guide_of_Memories/,32,12
3bd926d5-123f-46ba-bb00-e88a11fb4547,2026-09-24T16:52:52.388192+00:00,788,2885330,Fractured Mind,2026,Free,https://store.steampowered.com/app/2885330/Fractured_Mind/,32,13
3bd926d5-123f-46ba-bb00-e88a11fb4547,2026-09-24T16:52:52.388192+00:00,789,3867570,Stellar Trader,To be announced,Unpriced (Coming Soon),https://store.steampowered.com/app/3867570/Stellar_Trader/,32,14
3bd926d5-123f-46ba-bb00-e88a11fb4547,2026-09-24T16:52:52.388192+00:00,790,4043740,Hero's Hour 2,2026,Unpriced (Coming Soon),https://store.steampowered.com/app/4043740/Heros_Hour_2/,32,15
3bd926d5-123f-46ba-bb00-e88a11fb4547,2026-09-24T16:52:52.388192+00:00,791,2726580,PUBG: DED.NET,To be announced,Unpriced (Coming Soon),https://store.steampowered.com/app/2726580/PUBG_DEDNET/,32,16
3bd926d5-123f-46ba-bb00-e88a11fb4547,2026-09-24T16:52:52.388192+00:00,792,4734550,RollerCoaster Tycoon® Wonderworks,Coming soon,Free,https://store.steampowered.com/app/4734550/RollerCoaster_Tycoon_Wonderworks/,32,17
3bd926d5-123f-46ba-bb00-e88a11fb4547,2026-09-24T16:52:52.388192+00:00,793,4090310,Primal Repairs,Coming soon,Free,https://store.steampowered.com/app/4090310/Primal_Repairs/,32,18
3bd926d5-123f-46ba-bb00-e88a11fb4547,2026-09-24T16:52:52.388192+00:00,794,2487330,Stuntman: Hollywood,To be announced,Unpriced (Coming Soon),https://store.steampowered.com/app/2487330/Stuntman_Hollywood/,32,19
3bd926d5-123f-46ba-bb00-e88a11fb4547,2026-09-24T16:52:52.388192+00:00,795,3832490,Antivirus Survivors 2003 Professional,"Sep 28, 2026",Unpriced (Coming Soon),https://store.steampowered.com/app/3832490/Antivirus_Survivors_2003_Professional/,32,20
3bd926d5-123f-46ba-bb00-e88a11fb4547,2026-09-24T16:52:52.388192+00:00,796,4694270,Backrooms: Code Yellow,Coming soon,Free,https://store.steampowered.com/app/4694270/Backrooms_Code_Yellow/,32,21
3bd926d5-123f-46ba-bb00-e88a11fb4547,2026-09-24T16:52:52.388192+00:00,797,4278970,Bad Magpie,Coming soon,Free,https://store.steampowered.com/app/4278970/Bad_Magpie/,32,22
3bd926d5-123f-46ba-bb00-e88a11fb4547,2026-09-24T16:52:52.388192+00:00,798,3891160,CRYMELIGHT,"Nov 4, 2026",Unpriced (Coming Soon),https://store.steampowered.com/app/3891160/CRYMELIGHT/,32,23
3bd926d5-123f-46ba-bb00-e88a11fb4547,2026-09-24T16:52:52.388192+00:00,799,2413800,Samurai Pizza Cats: Blast from the Past!,To be announced,Unpriced (Coming Soon),https://store.steampowered.com/app/2413800/Samurai_Pizza_Cats_Blast_from_the_Past/,32,24
3bd926d5-123f-46ba-bb00-e88a11fb4547,2026-09-24T16:52:52.388192+00:00,800,3183080,Kyoryu,To be announced,Unpriced (Coming Soon),https://store.steampowered.com/app/3183080/Kyoryu/,32,25
3bd926d5-123f-46ba-bb00-e88a11fb4547,2026-09-24T16:52:52.388192+00:00,801,2065580,Kitsune: The Journey of Adashino,Q4 2026,Unpriced (Coming Soon),https://store.steampowered.com/app/2065580/Kitsune_The_Journey_of_Adashino/,33,1
3bd926d5-123f-46ba-bb00-e88a11fb4547,2026-09-24T16:52:52.388192+00:00,802,1879250,Teatopia,To be announced,Unpriced (Coming Soon),https://store.steampowered.com/app/1879250/Teatopia/,33,2
3bd926d5-123f-46ba-bb00-e88a11fb4547,2026-09-24T16:52:52.388192+00:00,803,2346870,The Big Lez Video Game,Coming soon,Free,https://store.steampowered.com/app/2346870/The_Big_Lez_Video_Game/,33,3
3bd926d5-123f-46ba-bb00-e88a11fb4547,2026-09-24T16:52:52.388192+00:00,804,2895410,Monsterest,To be announced,Unpriced (Coming Soon),https://store.steampowered.com/app/2895410/Monsterest/,33,4
3bd926d5-123f-46ba-bb00-e88a11fb4547,2026-09-24T16:52:52.388192+00:00,805,3100690,Dust & Diesel: Deadland Delivery,To be announced,Unpriced (Coming Soon),https://store.steampowered.com/app/3100690/Dust__Diesel_Deadland_Delivery/,33,5
3bd926d5-123f-46ba-bb00-e88a11fb4547,2026-09-24T16:52:52.388192+00:00,806,2842310,Among Us Story: On Guard,To be announced,Unpriced (Coming Soon),https://store.steampowered.com/app/2842310/Among_Us_Story_On_Guard/,33,6
3bd926d5-123f-46ba-bb00-e88a11fb4547,2026-09-24T16:52:52.388192+00:00,807,3477910,The Willowmist Emporium of Antiques & Curiosities,To be announced,Unpriced (Coming Soon),https://store.steampowered.com/app/3477910/The_Willowmist_Emporium_of_Antiques__Curiosities/,33,7
3bd926d5-123f-46ba-bb00-e88a11fb4547,2026-09-24T16:52:52.388192+00:00,808,3264150,Paloma Island,Coming soon,Free,https://store.steampowered.com/app/3264150/Paloma_Island/,33,8
3bd926d5-123f-46ba-bb00-e88a11fb4547,2026-09-24T16:52:52.388192+00:00,809,4061090,Rift Fishing,Q4 2026,Unpriced (Coming Soon),https://store.steampowered.com/app/4061090/Rift_Fishing/,33,9
3bd926d5-123f-46ba-bb00-e88a11fb4547,2026-09-24T16:52:52.388192+00:00,810,2052300,Glaciered,2026,Unpriced (Coming Soon),https://store.steampowered.com/app/2052300/Glaciered/,33,10
3bd926d5-123f-46ba-bb00-e88a11fb4547,2026-09-24T16:52:52.388192+00:00,811,3810050,Rabona,2026,Unpriced (Coming Soon),https://store.steampowered.com/app/3810050/Rabona/,33,11
3bd926d5-123f-46ba-bb00-e88a11fb4547,2026-09-24T16:52:52.388192+00:00,812,2937940,Desert Island Debauchery: Stranded Broads and Underhanded Plots,2027,Free,https://store.steampowered.com/app/2937940/Desert_Island_Debauchery_Stranded_Broads_and_Underhanded_Plots/,33,12
3bd926d5-123f-46ba-bb00-e88a11fb4547,2026-09-24T16:52:52.388192+00:00,813,4822580,Kingdom III: Rising Realms,To be announced,Unpriced (Coming Soon),https://store.steampowered.com/app/4822580/Kingdom_III_Rising_Realms/,33,13
3bd926d5-123f-46ba-bb00-e88a11fb4547,2026-09-24T16:52:52.388192+00:00,814,694320,UnderRail 2: Infusion,To be announced,Unpriced (Coming Soon),https://store.steampowered.com/app/694320/UnderRail_2_Infusion/,33,14
3bd926d5-123f-46ba-bb00-e88a11fb4547,2026-09-24T16:52:52.388192+00:00,815,4564150,Titan Hunters,To be announced,Unpriced (Coming Soon),https://store.steampowered.com/app/4564150/Titan_Hunters/,33,15
3bd926d5-123f-46ba-bb00-e88a11fb4547,2026-09-24T16:52:52.388192+00:00,816,4416300,Yu-Gi-Oh! TAG FORCE GX,"Feb 16, 2027",$49.99,https://store.steampowered.com/app/4416300/YuGiOh_TAG_FORCE_GX/,33,16
3bd926d5-123f-46ba-bb00-e88a11fb4547,2026-09-24T16:52:52.388192+00:00,817,3551140,Hoarder,To be announced,Unpriced (Coming Soon),https://store.steampowered.com/app/3551140/Hoarder/,33,17
3bd926d5-123f-46ba-bb00-e88a11fb4547,2026-09-24T16:52:52.388192+00:00,818,3867170,Sengoku Rance,"Oct 1, 2026",Unpriced (Coming Soon),https://store.steampowered.com/app/3867170/Sengoku_Rance/,33,18
3bd926d5-123f-46ba-bb00-e88a11fb4547,2026-09-24T16:52:52.388192+00:00,819,1963690,ENENRA: DΔEMON CORE,To be announced,Unpriced (Coming Soon),https://store.steampowered.com/app/1963690/ENENRA_DEMON_CORE/,33,19
3bd926d5-123f-46ba-bb00-e88a11fb4547,2026-09-24T16:52:52.388192+00:00,820,3685570,FIGHT-QUEST,Q4 2026,Unpriced (Coming Soon),https://store.steampowered.com/app/3685570/FIGHTQUEST/,33,20
3bd926d5-123f-46ba-bb00-e88a11fb4547,2026-09-24T16:52:52.388192+00:00,821,4176460,Dungeons of DUSK,Coming soon,Free,https://store.steampowered.com/app/4176460/Dungeons_of_DUSK/,33,21
3bd926d5-123f-46ba-bb00-e88a11fb4547,2026-09-24T16:52:52.388192+00:00,822,2528410,Price for Freedom: Gold and Sand,2026,Unpriced (Coming Soon),https://store.steampowered.com/app/2528410/Price_for_Freedom_Gold_and_Sand/,33,22
3bd926d5-123f-46ba-bb00-e88a11fb4547,2026-09-24T16:52:52.388192+00:00,823,3878760,Migration,To be announced,Unpriced (Coming Soon),https://store.steampowered.com/app/3878760/Migration/,33,23
3bd926d5-123f-46ba-bb00-e88a11fb4547,2026-09-24T16:52:52.388192+00:00,824,3758950,Death at Fleming Manor,"Nov 3, 2026",Unpriced (Coming Soon),https://store.steampowered.com/app/3758950/Death_at_Fleming_Manor/,33,24
3bd926d5-123f-46ba-bb00-e88a11fb4547,2026-09-24T16:52:52.388192+00:00,825,4336170,Age of Empires IV: Raiders of the North,Q4 2026,Unpriced (Coming Soon),https://store.steampowered.com/app/4336170/Age_of_Empires_IV_Raiders_of_the_North/,33,25
3bd926d5-123f-46ba-bb00-e88a11fb4547,2026-09-24T16:52:52.388192+00:00,826,4200110,Nekome: Nazi Hunter,Q1 2027,Free,https://store.steampowered.com/app/4200110/Nekome_Nazi_Hunter/,34,1
3bd926d5-123f-46ba-bb00-e88a11fb4547,2026-09-24T16:52:52.388192+00:00,827,4704000,Shark Mart,Coming soon,Free,https://store.steampowered.com/app/4704000/Shark_Mart/,34,2
3bd926d5-123f-46ba-bb00-e88a11fb4547,2026-09-24T16:52:52.388192+00:00,828,3066300,Sky Dust,To be announced,Unpriced (Coming Soon),https://store.steampowered.com/app/3066300/Sky_Dust/,34,3
3bd926d5-123f-46ba-bb00-e88a11fb4547,2026-09-24T16:52:52.388192+00:00,829,2945040,Shot One Fighters,Coming soon,Free,https://store.steampowered.com/app/2945040/Shot_One_Fighters/,34,4
3bd926d5-123f-46ba-bb00-e88a11fb4547,2026-09-24T16:52:52.388192+00:00,830,2444760,Nexomon 3,To be announced,Unpriced (Coming Soon),https://store.steampowered.com/app/2444760/Nexomon_3/,34,5
3bd926d5-123f-46ba-bb00-e88a11fb4547,2026-09-24T16:52:52.388192+00:00,831,3845010,Lofsöng,To be announced,Unpriced (Coming Soon),https://store.steampowered.com/app/3845010/Lofsong/,34,6
3bd926d5-123f-46ba-bb00-e88a11fb4547,2026-09-24T16:52:52.388192+00:00,832,1238190,Ant Colony: Wild Forest,Q4 2026,Unpriced (Coming Soon),https://store.steampowered.com/app/1238190/Ant_Colony_Wild_Forest/,34,7
3bd926d5-123f-46ba-bb00-e88a11fb4547,2026-09-24T16:52:52.388192+00:00,833,1445880,ROCKBEASTS,Coming soon,Free,https://store.steampowered.com/app/1445880/ROCKBEASTS/,34,8
3bd926d5-123f-46ba-bb00-e88a11fb4547,2026-09-24T16:52:52.388192+00:00,834,3219360,SOL Shogunate,To be announced,Unpriced (Coming Soon),https://store.steampowered.com/app/3219360/SOL_Shogunate/,34,9
3bd926d5-123f-46ba-bb00-e88a11fb4547,2026-09-24T16:52:52.388192+00:00,835,3867130,Rance 01 + 02,Coming soon,Free,https://store.steampowered.com/app/3867130/Rance_01__02/,34,10
3bd926d5-123f-46ba-bb00-e88a11fb4547,2026-09-24T16:52:52.388192+00:00,836,2788210,DEEP STATE,Coming soon,Free,https://store.steampowered.com/app/2788210/DEEP_STATE/,34,11
3bd926d5-123f-46ba-bb00-e88a11fb4547,2026-09-24T16:52:52.388192+00:00,837,4244770,Midnight Watcher: Village,To be announced,Unpriced (Coming Soon),https://store.steampowered.com/app/4244770/Midnight_Watcher_Village/,34,12
3bd926d5-123f-46ba-bb00-e88a11fb4547,2026-09-24T16:52:52.388192+00:00,838,2613150,Bendy and the Ink Factory,To be announced,Unpriced (Coming Soon),https://store.steampowered.com/app/2613150/Bendy_and_the_Ink_Factory/,34,13
3bd926d5-123f-46ba-bb00-e88a11fb4547,2026-09-24T16:52:52.388192+00:00,839,1606970,Ronin Trail,Coming soon,Free,https://store.steampowered.com/app/1606970/Ronin_Trail/,34,14
3bd926d5-123f-46ba-bb00-e88a11fb4547,2026-09-24T16:52:52.388192+00:00,840,2702430,Usual June,"Oct 28, 2026",Unpriced (Coming Soon),https://store.steampowered.com/app/2702430/Usual_June/,34,15
3bd926d5-123f-46ba-bb00-e88a11fb4547,2026-09-24T16:52:52.388192+00:00,841,2936810,RUINER 2,Coming soon,Free,https://store.steampowered.com/app/2936810/RUINER_2/,34,16
3bd926d5-123f-46ba-bb00-e88a11fb4547,2026-09-24T16:52:52.388192+00:00,842,2934330,RADIOSOL,"Sep 30, 2026",Unpriced (Coming Soon),https://store.steampowered.com/app/2934330/RADIOSOL/,34,17
3bd926d5-123f-46ba-bb00-e88a11fb4547,2026-09-24T16:52:52.388192+00:00,843,2822720,Echoes of Extinction,To be announced,Unpriced (Coming Soon),https://store.steampowered.com/app/2822720/Echoes_of_Extinction/,34,18
3bd926d5-123f-46ba-bb00-e88a11fb4547,2026-09-24T16:52:52.388192+00:00,844,2679070,IRONHIVE,Coming soon,Free,https://store.steampowered.com/app/2679070/IRONHIVE/,34,19
3bd926d5-123f-46ba-bb00-e88a11fb4547,2026-09-24T16:52:52.388192+00:00,845,3617990,Star Wrath,Q1 2027,Free,https://store.steampowered.com/app/3617990/Star_Wrath/,34,20
3bd926d5-123f-46ba-bb00-e88a11fb4547,2026-09-24T16:52:52.388192+00:00,846,4327690,How to Train Your Spirit: The Exorcism of a Busty Ghost,Coming soon,Free,https://store.steampowered.com/app/4327690/How_to_Train_Your_Spirit_The_Exorcism_of_a_Busty_Ghost/,34,21
3bd926d5-123f-46ba-bb00-e88a11fb4547,2026-09-24T16:52:52.388192+00:00,847,1171980,Neverlooted Dungeon,2026,Unpriced (Coming Soon),https://store.steampowered.com/app/1171980/Neverlooted_Dungeon/,34,22
3bd926d5-123f-46ba-bb00-e88a11fb4547,2026-09-24T16:52:52.388192+00:00,848,4716160,Hitman Classic Trilogy Remastered,Coming soon,Free,https://store.steampowered.com/app/4716160/Hitman_Classic_Trilogy_Remastered/,34,23
3bd926d5-123f-46ba-bb00-e88a11fb4547,2026-09-24T16:52:52.388192+00:00,849,2616100,Plague Lords,2026,Unpriced (Coming Soon),https://store.steampowered.com/app/2616100/Plague_Lords/,34,24
3bd926d5-123f-46ba-bb00-e88a11fb4547,2026-09-24T16:52:52.388192+00:00,850,4487060,Northgard Battlegrounds,2026,Unpriced (Coming Soon),https://store.steampowered.com/app/4487060/Northgard_Battlegrounds/,34,25
3bd926d5-123f-46ba-bb00-e88a11fb4547,2026-09-24T16:52:52.388192+00:00,851,4540840,DIOXIDE,Coming soon,Free,https://store.steampowered.com/app/4540840/DIOXIDE/,35,1
3bd926d5-123f-46ba-bb00-e88a11fb4547,2026-09-24T16:52:52.388192+00:00,852,3893290,Stray Dog: nobody cares,Coming soon,Free,https://store.steampowered.com/app/3893290/Stray_Dog_nobody_cares/,35,2
3bd926d5-123f-46ba-bb00-e88a11fb4547,2026-09-24T16:52:52.388192+00:00,853,1349300,Yakuza Empire,To be announced,Unpriced (Coming Soon),https://store.steampowered.com/app/1349300/Yakuza_Empire/,35,3
3bd926d5-123f-46ba-bb00-e88a11fb4547,2026-09-24T16:52:52.388192+00:00,854,4049810,Lancer Tactics,Coming soon,Free,https://store.steampowered.com/app/4049810/Lancer_Tactics/,35,4
3bd926d5-123f-46ba-bb00-e88a11fb4547,2026-09-24T16:52:52.388192+00:00,855,1871640,The Backworld,2027,Free,https://store.steampowered.com/app/1871640/The_Backworld/,35,5
3bd926d5-123f-46ba-bb00-e88a11fb4547,2026-09-24T16:52:52.388192+00:00,856,1048250,Bowlbo: The Quest for Bing Bing,Coming soon,Free,https://store.steampowered.com/app/1048250/Bowlbo_The_Quest_for_Bing_Bing/,35,6
3bd926d5-123f-46ba-bb00-e88a11fb4547,2026-09-24T16:52:52.388192+00:00,857,3602270,Whisk,2026,Unpriced (Coming Soon),https://store.steampowered.com/app/3602270/Whisk/,35,7
3bd926d5-123f-46ba-bb00-e88a11fb4547,2026-09-24T16:52:52.388192+00:00,858,2548880,Divine Frequency,To be announced,Unpriced (Coming Soon),https://store.steampowered.com/app/2548880/Divine_Frequency/,35,8
3bd926d5-123f-46ba-bb00-e88a11fb4547,2026-09-24T16:52:52.388192+00:00,859,2313380,Vicious Red,To be announced,Unpriced (Coming Soon),https://store.steampowered.com/app/2313380/Vicious_Red/,35,9
3bd926d5-123f-46ba-bb00-e88a11fb4547,2026-09-24T16:52:52.388192+00:00,860,2372340,THREEDAYS,Coming soon,Free,https://store.steampowered.com/app/2372340/THREEDAYS/,35,10
3bd926d5-123f-46ba-bb00-e88a11fb4547,2026-09-24T16:52:52.388192+00:00,861,3376960,Nighthold,To be announced,Unpriced (Coming Soon),https://store.steampowered.com/app/3376960/Nighthold/,35,11
3bd926d5-123f-46ba-bb00-e88a11fb4547,2026-09-24T16:52:52.388192+00:00,862,3348370,Ship Graveyard Simulator 3,To be announced,Unpriced (Coming Soon),https://store.steampowered.com/app/3348370/Ship_Graveyard_Simulator_3/,35,12
3bd926d5-123f-46ba-bb00-e88a11fb4547,2026-09-24T16:52:52.388192+00:00,863,3905500,Beware of the Cartographer!,To be announced,Unpriced (Coming Soon),https://store.steampowered.com/app/3905500/Beware_of_the_Cartographer/,35,13
3bd926d5-123f-46ba-bb00-e88a11fb4547,2026-09-24T16:52:52.388192+00:00,864,3036260,Wylde Society,To be announced,Unpriced (Coming Soon),https://store.steampowered.com/app/3036260/Wylde_Society/,35,14
3bd926d5-123f-46ba-bb00-e88a11fb4547,2026-09-24T16:52:52.388192+00:00,865,1688640,Isle Goblin,To be announced,Unpriced (Coming Soon),https://store.steampowered.com/app/1688640/Isle_Goblin/,35,15
3bd926d5-123f-46ba-bb00-e88a11fb4547,2026-09-24T16:52:52.388192+00:00,866,4892120,ROUTE,Coming soon,Free,https://store.steampowered.com/app/4892120/ROUTE/,35,16
3bd926d5-123f-46ba-bb00-e88a11fb4547,2026-09-24T16:52:52.388192+00:00,867,2676350,Pikuniku 2,Coming soon,Free,https://store.steampowered.com/app/2676350/Pikuniku_2/,35,17
3bd926d5-123f-46ba-bb00-e88a11fb4547,2026-09-24T16:52:52.388192+00:00,868,4214960,Romancing SaGa 3: Destinies United,"Feb 16, 2027",$59.99,https://store.steampowered.com/app/4214960/Romancing_SaGa_3_Destinies_United/,35,18
3bd926d5-123f-46ba-bb00-e88a11fb4547,2026-09-24T16:52:52.388192+00:00,869,1403850,Mars Colony Builder,To be announced,Unpriced (Coming Soon),https://store.steampowered.com/app/1403850/Mars_Colony_Builder/,35,19
3bd926d5-123f-46ba-bb00-e88a11fb4547,2026-09-24T16:52:52.388192+00:00,870,2321960,Spirit Crossing,2026,Unpriced (Coming Soon),https://store.steampowered.com/app/2321960/Spirit_Crossing/,35,20
3bd926d5-123f-46ba-bb00-e88a11fb4547,2026-09-24T16:52:52.388192+00:00,871,3325070,Forest Reigns,To be announced,Unpriced (Coming Soon),https://store.steampowered.com/app/3325070/Forest_Reigns/,35,21
3bd926d5-123f-46ba-bb00-e88a11fb4547,2026-09-24T16:52:52.388192+00:00,872,3695930,Penguin Colony,"Oct 16, 2026",Unpriced (Coming Soon),https://store.steampowered.com/app/3695930/Penguin_Colony/,35,22
3bd926d5-123f-46ba-bb00-e88a11fb4547,2026-09-24T16:52:52.388192+00:00,873,2792320,Critter Crosser,To be announced,Unpriced (Coming Soon),https://store.steampowered.com/app/2792320/Critter_Crosser/,35,23
3bd926d5-123f-46ba-bb00-e88a11fb4547,2026-09-24T16:52:52.388192+00:00,874,1361090,Restitched,To be announced,Unpriced (Coming Soon),https://store.steampowered.com/app/1361090/Restitched/,35,24
3bd926d5-123f-46ba-bb00-e88a11fb4547,2026-09-24T16:52:52.388192+00:00,875,4839390,Muse Dash 2,Coming soon,Free,https://store.steampowered.com/app/4839390/Muse_Dash_2/,35,25
3bd926d5-123f-46ba-bb00-e88a11fb4547,2026-09-24T16:52:52.388192+00:00,876,3266110,Black Pine: Incident Response,Coming soon,Free,https://store.steampowered.com/app/3266110/Black_Pine_Incident_Response/,36,1
3bd926d5-123f-46ba-bb00-e88a11fb4547,2026-09-24T16:52:52.388192+00:00,877,2389020,Dreadwoods Gatekeeper,To be announced,Unpriced (Coming Soon),https://store.steampowered.com/app/2389020/Dreadwoods_Gatekeeper/,36,2
3bd926d5-123f-46ba-bb00-e88a11fb4547,2026-09-24T16:52:52.388192+00:00,878,2743290,Lazy River,To be announced,Unpriced (Coming Soon),https://store.steampowered.com/app/2743290/Lazy_River/,36,3
3bd926d5-123f-46ba-bb00-e88a11fb4547,2026-09-24T16:52:52.388192+00:00,879,3764400,LIMIT ZERO BREAKERS,Coming soon,Free,https://store.steampowered.com/app/3764400/LIMIT_ZERO_BREAKERS/,36,4
3bd926d5-123f-46ba-bb00-e88a11fb4547,2026-09-24T16:52:52.388192+00:00,880,2378230,Neo Junk City,"Nov 9, 2026",Unpriced (Coming Soon),https://store.steampowered.com/app/2378230/Neo_Junk_City/,36,5
3bd926d5-123f-46ba-bb00-e88a11fb4547,2026-09-24T16:52:52.388192+00:00,881,2659410,Elta: Defy All Gods,Q1 2027,Free,https://store.steampowered.com/app/2659410/Elta_Defy_All_Gods/,36,6
3bd926d5-123f-46ba-bb00-e88a11fb4547,2026-09-24T16:52:52.388192+00:00,882,1877490,Projekt Melody: A Nut Between Worlds,To be announced,Unpriced (Coming Soon),https://store.steampowered.com/app/1877490/Projekt_Melody_A_Nut_Between_Worlds/,36,7
3bd926d5-123f-46ba-bb00-e88a11fb4547,2026-09-24T16:52:52.388192+00:00,883,3804840,MILF's Plaza 2,2026,Unpriced (Coming Soon),https://store.steampowered.com/app/3804840/MILFs_Plaza_2/,36,8
3bd926d5-123f-46ba-bb00-e88a11fb4547,2026-09-24T16:52:52.388192+00:00,884,3296060,Escape Academy 2: Back 2 School,November 2026,Unpriced (Coming Soon),https://store.steampowered.com/app/3296060/Escape_Academy_2_Back_2_School/,36,9
3bd926d5-123f-46ba-bb00-e88a11fb4547,2026-09-24T16:52:52.388192+00:00,885,395830,LOW-FI,Coming soon,Free,https://store.steampowered.com/app/395830/LOWFI/,36,10
3bd926d5-123f-46ba-bb00-e88a11fb4547,2026-09-24T16:52:52.388192+00:00,886,2406140,AIKODE,Coming soon,Free,https://store.steampowered.com/app/2406140/AIKODE/,36,11
3bd926d5-123f-46ba-bb00-e88a11fb4547,2026-09-24T16:52:52.388192+00:00,887,3262820,Uncanny Valley: Checkpoint,Coming soon,Free,https://store.steampowered.com/app/3262820/Uncanny_Valley_Checkpoint/,36,12
3bd926d5-123f-46ba-bb00-e88a11fb4547,2026-09-24T16:52:52.388192+00:00,888,4691270,Company of Heroes - Definitive Edition,To be announced,Unpriced (Coming Soon),https://store.steampowered.com/app/4691270/Company_of_Heroes__Definitive_Edition/,36,13
3bd926d5-123f-46ba-bb00-e88a11fb4547,2026-09-24T16:52:52.388192+00:00,889,2322260,Don't Kill Them All,Q4 2026,Unpriced (Coming Soon),https://store.steampowered.com/app/2322260/Dont_Kill_Them_All/,36,14
3bd926d5-123f-46ba-bb00-e88a11fb4547,2026-09-24T16:52:52.388192+00:00,890,4123800,The Road,To be announced,Unpriced (Coming Soon),https://store.steampowered.com/app/4123800/The_Road/,36,15
3bd926d5-123f-46ba-bb00-e88a11fb4547,2026-09-24T16:52:52.388192+00:00,891,4040060,Model Kit Studio,2027,Free,https://store.steampowered.com/app/4040060/Model_Kit_Studio/,36,16
3bd926d5-123f-46ba-bb00-e88a11fb4547,2026-09-24T16:52:52.388192+00:00,892,5056630,Last Ditch Effort,2027,Free,https://store.steampowered.com/app/5056630/Last_Ditch_Effort/,36,17
3bd926d5-123f-46ba-bb00-e88a11fb4547,2026-09-24T16:52:52.388192+00:00,893,1402820,Hostile Mars,Coming soon,Free,https://store.steampowered.com/app/1402820/Hostile_Mars/,36,18
3bd926d5-123f-46ba-bb00-e88a11fb4547,2026-09-24T16:52:52.388192+00:00,894,3218100,I AM RIPPER,To be announced,Unpriced (Coming Soon),https://store.steampowered.com/app/3218100/I_AM_RIPPER/,36,19
3bd926d5-123f-46ba-bb00-e88a11fb4547,2026-09-24T16:52:52.388192+00:00,895,4618570,Booster Pack Heroes,"Nov 10, 2026",Unpriced (Coming Soon),https://store.steampowered.com/app/4618570/Booster_Pack_Heroes/,36,20
3bd926d5-123f-46ba-bb00-e88a11fb4547,2026-09-24T16:52:52.388192+00:00,896,2228250,Endurance Motorsport Series,Coming soon,Free,https://store.steampowered.com/app/2228250/Endurance_Motorsport_Series/,36,21
3bd926d5-123f-46ba-bb00-e88a11fb4547,2026-09-24T16:52:52.388192+00:00,897,4400800,American Truck Simulator - Indiana,To be announced,Unpriced (Coming Soon),https://store.steampowered.com/app/4400800/American_Truck_Simulator__Indiana/,36,22
3bd926d5-123f-46ba-bb00-e88a11fb4547,2026-09-24T16:52:52.388192+00:00,898,2362070,Hollow Home,2026,Unpriced (Coming Soon),https://store.steampowered.com/app/2362070/Hollow_Home/,36,23
3bd926d5-123f-46ba-bb00-e88a11fb4547,2026-09-24T16:52:52.388192+00:00,899,2156390,WorldShards,2027,Free,https://store.steampowered.com/app/2156390/WorldShards/,36,24
3bd926d5-123f-46ba-bb00-e88a11fb4547,2026-09-24T16:52:52.388192+00:00,900,3548810,Ritual Tides,Coming soon,Free,https://store.steampowered.com/app/3548810/Ritual_Tides/,36,25
3bd926d5-123f-46ba-bb00-e88a11fb4547,2026-09-24T16:52:52.388192+00:00,901,1108600,Last Moon,Coming soon,Free,https://store.steampowered.com/app/1108600/Last_Moon/,37,1
3bd926d5-123f-46ba-bb00-e88a11fb4547,2026-09-24T16:52:52.388192+00:00,902,1046920,Bushiden,To be announced,Unpriced (Coming Soon),https://store.steampowered.com/app/1046920/Bushiden/,37,2
3bd926d5-123f-46ba-bb00-e88a11fb4547,2026-09-24T16:52:52.388192+00:00,903,3564500,Lambda Fortress,Coming soon,Free,https://store.steampowered.com/app/3564500/Lambda_Fortress/,37,3
3bd926d5-123f-46ba-bb00-e88a11fb4547,2026-09-24T16:52:52.388192+00:00,904,2085080,Princess Hunter,Coming soon,Free,https://store.steampowered.com/app/2085080/Princess_Hunter/,37,4
3bd926d5-123f-46ba-bb00-e88a11fb4547,2026-09-24T16:52:52.388192+00:00,905,3459340,Lacey's Flash Games,2026,Unpriced (Coming Soon),https://store.steampowered.com/app/3459340/Laceys_Flash_Games/,37,5
3bd926d5-123f-46ba-bb00-e88a11fb4547,2026-09-24T16:52:52.388192+00:00,906,3164230,THE IRONY,Coming soon,Free,https://store.steampowered.com/app/3164230/THE_IRONY/,37,6
3bd926d5-123f-46ba-bb00-e88a11fb4547,2026-09-24T16:52:52.388192+00:00,907,2731030,Dungeon Automata,2026,Unpriced (Coming Soon),https://store.steampowered.com/app/2731030/Dungeon_Automata/,37,7
3bd926d5-123f-46ba-bb00-e88a11fb4547,2026-09-24T16:52:52.388192+00:00,908,3618000,Hordeguard: Winds of the North,To be announced,Unpriced (Coming Soon),https://store.steampowered.com/app/3618000/Hordeguard_Winds_of_the_North/,37,8
3bd926d5-123f-46ba-bb00-e88a11fb4547,2026-09-24T16:52:52.388192+00:00,909,4420980,Drunkslop: Pub crawl COOP,Coming soon,Free,https://store.steampowered.com/app/4420980/Drunkslop_Pub_crawl_COOP/,37,9
3bd926d5-123f-46ba-bb00-e88a11fb4547,2026-09-24T16:52:52.388192+00:00,910,937450,Metropolisim,Coming soon,Free,https://store.steampowered.com/app/937450/Metropolisim/,37,10
3bd926d5-123f-46ba-bb00-e88a11fb4547,2026-09-24T16:52:52.388192+00:00,911,3445250,Daydream,To be announced,Unpriced (Coming Soon),https://store.steampowered.com/app/3445250/Daydream/,37,11
3bd926d5-123f-46ba-bb00-e88a11fb4547,2026-09-24T16:52:52.388192+00:00,912,2420570,Portal BAGLEY,To be announced,Free,https://store.steampowered.com/app/2420570/Portal_BAGLEY/,37,12
3bd926d5-123f-46ba-bb00-e88a11fb4547,2026-09-24T16:52:52.388192+00:00,913,2929290,Stretchmancer,Coming soon,Free,https://store.steampowered.com/app/2929290/Stretchmancer/,37,13
3bd926d5-123f-46ba-bb00-e88a11fb4547,2026-09-24T16:52:52.388192+00:00,914,3758090,Necrofane,2027,Free,https://store.steampowered.com/app/3758090/Necrofane/,37,14
3bd926d5-123f-46ba-bb00-e88a11fb4547,2026-09-24T16:52:52.388192+00:00,915,2869850,Lorn Vale,To be announced,Unpriced (Coming Soon),https://store.steampowered.com/app/2869850/Lorn_Vale/,37,15
3bd926d5-123f-46ba-bb00-e88a11fb4547,2026-09-24T16:52:52.388192+00:00,916,2083660,Littlelands,To be announced,Unpriced (Coming Soon),https://store.steampowered.com/app/2083660/Littlelands/,37,16
3bd926d5-123f-46ba-bb00-e88a11fb4547,2026-09-24T16:52:52.388192+00:00,917,1343010,Antimatter,To be announced,Unpriced (Coming Soon),https://store.steampowered.com/app/1343010/Antimatter/,37,17
3bd926d5-123f-46ba-bb00-e88a11fb4547,2026-09-24T16:52:52.388192+00:00,918,1879940,Dark Mass,Coming soon,Free,https://store.steampowered.com/app/1879940/Dark_Mass/,37,18
3bd926d5-123f-46ba-bb00-e88a11fb4547,2026-09-24T16:52:52.388192+00:00,919,1268790,Dark Fracture,To be announced,Unpriced (Coming Soon),https://store.steampowered.com/app/1268790/Dark_Fracture/,37,19
3bd926d5-123f-46ba-bb00-e88a11fb4547,2026-09-24T16:52:52.388192+00:00,920,2831170,Color Fear,Q3 2026,Unpriced (Coming Soon),https://store.steampowered.com/app/2831170/Color_Fear/,37,20
3bd926d5-123f-46ba-bb00-e88a11fb4547,2026-09-24T16:52:52.388192+00:00,921,1803110,ASCENDANT,2026,Unpriced (Coming Soon),https://store.steampowered.com/app/1803110/ASCENDANT/,37,21
3bd926d5-123f-46ba-bb00-e88a11fb4547,2026-09-24T16:52:52.388192+00:00,922,1415230,For The Stars,Coming soon,Free,https://store.steampowered.com/app/1415230/For_The_Stars/,37,22
3bd926d5-123f-46ba-bb00-e88a11fb4547,2026-09-24T16:52:52.388192+00:00,923,1577230,City of Atlantis,To be announced,Unpriced (Coming Soon),https://store.steampowered.com/app/1577230/City_of_Atlantis/,37,23
3bd926d5-123f-46ba-bb00-e88a11fb4547,2026-09-24T16:52:52.388192+00:00,924,5019180,Epic Seven,2026,Free,https://store.steampowered.com/app/5019180/Epic_Seven/,37,24
3bd926d5-123f-46ba-bb00-e88a11fb4547,2026-09-24T16:52:52.388192+00:00,925,2962520,Violet Saga,Q2 2027,Free,https://store.steampowered.com/app/2962520/Violet_Saga/,37,25
3bd926d5-123f-46ba-bb00-e88a11fb4547,2026-09-24T16:52:52.388192+00:00,926,3699910,Lines of Battle,To be announced,Unpriced (Coming Soon),https://store.steampowered.com/app/3699910/Lines_of_Battle/,38,1
3bd926d5-123f-46ba-bb00-e88a11fb4547,2026-09-24T16:52:52.388192+00:00,927,3464670,Dead Watch,Coming soon,Free,https://store.steampowered.com/app/3464670/Dead_Watch/,38,2
3bd926d5-123f-46ba-bb00-e88a11fb4547,2026-09-24T16:52:52.388192+00:00,928,3440200,The Holy Fool,To be announced,Unpriced (Coming Soon),https://store.steampowered.com/app/3440200/The_Holy_Fool/,38,3
3bd926d5-123f-46ba-bb00-e88a11fb4547,2026-09-24T16:52:52.388192+00:00,929,4413210,Tachyon Flow,Coming soon,Free,https://store.steampowered.com/app/4413210/Tachyon_Flow/,38,4
3bd926d5-123f-46ba-bb00-e88a11fb4547,2026-09-24T16:52:52.388192+00:00,930,2591790,ANIMAL USE PROTOCOL,To be announced,Unpriced (Coming Soon),https://store.steampowered.com/app/2591790/ANIMAL_USE_PROTOCOL/,38,5
3bd926d5-123f-46ba-bb00-e88a11fb4547,2026-09-24T16:52:52.388192+00:00,931,4928430,OUTER WATCH,Coming soon,Free,https://store.steampowered.com/app/4928430/OUTER_WATCH/,38,6
3bd926d5-123f-46ba-bb00-e88a11fb4547,2026-09-24T16:52:52.388192+00:00,932,925500,Innkeep,To be announced,Unpriced (Coming Soon),https://store.steampowered.com/app/925500/Innkeep/,38,7
3bd926d5-123f-46ba-bb00-e88a11fb4547,2026-09-24T16:52:52.388192+00:00,933,2303850,Toxic Crusaders,2026,Unpriced (Coming Soon),https://store.steampowered.com/app/2303850/Toxic_Crusaders/,38,8
3bd926d5-123f-46ba-bb00-e88a11fb4547,2026-09-24T16:52:52.388192+00:00,934,2787850,Runa,To be announced,Unpriced (Coming Soon),https://store.steampowered.com/app/2787850/Runa/,38,9
3bd926d5-123f-46ba-bb00-e88a11fb4547,2026-09-24T16:52:52.388192+00:00,935,3340880,Silicone Heart,"Dec 1, 2026",Unpriced (Coming Soon),https://store.steampowered.com/app/3340880/Silicone_Heart/,38,10
3bd926d5-123f-46ba-bb00-e88a11fb4547,2026-09-24T16:52:52.388192+00:00,936,4244460,Sealbreakers,Coming soon,Free,https://store.steampowered.com/app/4244460/Sealbreakers/,38,11
3bd926d5-123f-46ba-bb00-e88a11fb4547,2026-09-24T16:52:52.388192+00:00,937,3755370,Pushu Pushu! Let's rescue the girls in danger!,Coming soon,Free,https://store.steampowered.com/app/3755370/Pushu_Pushu_Lets_rescue_the_girls_in_danger/,38,12
3bd926d5-123f-46ba-bb00-e88a11fb4547,2026-09-24T16:52:52.388192+00:00,938,2405340,Dead On Arrival,To be announced,Unpriced (Coming Soon),https://store.steampowered.com/app/2405340/Dead_On_Arrival/,38,13
3bd926d5-123f-46ba-bb00-e88a11fb4547,2026-09-24T16:52:52.388192+00:00,939,3523120,AEROMACHINA,Coming soon,Free,https://store.steampowered.com/app/3523120/AEROMACHINA/,38,14
3bd926d5-123f-46ba-bb00-e88a11fb4547,2026-09-24T16:52:52.388192+00:00,940,2106730,Phantom Hellcat,To be announced,Unpriced (Coming Soon),https://store.steampowered.com/app/2106730/Phantom_Hellcat/,38,15
3bd926d5-123f-46ba-bb00-e88a11fb4547,2026-09-24T16:52:52.388192+00:00,941,2359660,Arisen Force: Vonimir,Coming soon,Free,https://store.steampowered.com/app/2359660/Arisen_Force_Vonimir/,38,16
3bd926d5-123f-46ba-bb00-e88a11fb4547,2026-09-24T16:52:52.388192+00:00,942,1403030,Wanderlost,Coming soon,Free,https://store.steampowered.com/app/1403030/Wanderlost/,38,17
3bd926d5-123f-46ba-bb00-e88a11fb4547,2026-09-24T16:52:52.388192+00:00,943,4373620,Fresco,To be announced,Unpriced (Coming Soon),https://store.steampowered.com/app/4373620/Fresco/,38,18
3bd926d5-123f-46ba-bb00-e88a11fb4547,2026-09-24T16:52:52.388192+00:00,944,3386780,Trials of the Demonic Seal,2026,Unpriced (Coming Soon),https://store.steampowered.com/app/3386780/Trials_of_the_Demonic_Seal/,38,19
3bd926d5-123f-46ba-bb00-e88a11fb4547,2026-09-24T16:52:52.388192+00:00,945,2665020,Milo,"Oct 29, 2026",Unpriced (Coming Soon),https://store.steampowered.com/app/2665020/Milo/,38,20
3bd926d5-123f-46ba-bb00-e88a11fb4547,2026-09-24T16:52:52.388192+00:00,946,2134470,34EVERLAST,To be announced,Unpriced (Coming Soon),https://store.steampowered.com/app/2134470/34EVERLAST/,38,21
3bd926d5-123f-46ba-bb00-e88a11fb4547,2026-09-24T16:52:52.388192+00:00,947,4012150,BREKEKEKEX,To be announced,Unpriced (Coming Soon),https://store.steampowered.com/app/4012150/BREKEKEKEX/,38,22
3bd926d5-123f-46ba-bb00-e88a11fb4547,2026-09-24T16:52:52.388192+00:00,948,3660260,Out Fishing,2027,Free,https://store.steampowered.com/app/3660260/Out_Fishing/,38,23
3bd926d5-123f-46ba-bb00-e88a11fb4547,2026-09-24T16:52:52.388192+00:00,949,1362000,Skyclimbers,2026,Unpriced (Coming Soon),https://store.steampowered.com/app/1362000/Skyclimbers/,38,24
3bd926d5-123f-46ba-bb00-e88a11fb4547,2026-09-24T16:52:52.388192+00:00,950,3080520,Farsight,To be announced,Unpriced (Coming Soon),https://store.steampowered.com/app/3080520/Farsight/,38,25
3bd926d5-123f-46ba-bb00-e88a11fb4547,2026-09-24T16:52:52.388192+00:00,951,1163020,The Looter,To be announced,Unpriced (Coming Soon),https://store.steampowered.com/app/1163020/The_Looter/,39,1
3bd926d5-123f-46ba-bb00-e88a11fb4547,2026-09-24T16:52:52.388192+00:00,952,2155070,Fate/EXTRA Record,"Jan 28, 2027",Free,https://store.steampowered.com/app/2155070/FateEXTRA_Record/,39,2
3bd926d5-123f-46ba-bb00-e88a11fb4547,2026-09-24T16:52:52.388192+00:00,953,2231980,HELLREAPER,To be announced,Unpriced (Coming Soon),https://store.steampowered.com/app/2231980/HELLREAPER/,39,3
3bd926d5-123f-46ba-bb00-e88a11fb4547,2026-09-24T16:52:52.388192+00:00,954,4424120,Sugar-Mommied by a Fox Babe,Q4 2026,Unpriced (Coming Soon),https://store.steampowered.com/app/4424120/SugarMommied_by_a_Fox_Babe/,39,4
3bd926d5-123f-46ba-bb00-e88a11fb4547,2026-09-24T16:52:52.388192+00:00,955,3035270,Backrooms,2026,Free,https://store.steampowered.com/app/3035270/Backrooms/,39,5
3bd926d5-123f-46ba-bb00-e88a11fb4547,2026-09-24T16:52:52.388192+00:00,956,3620530,Police Stories 2,To be announced,Unpriced (Coming Soon),https://store.steampowered.com/app/3620530/Police_Stories_2/,39,6
3bd926d5-123f-46ba-bb00-e88a11fb4547,2026-09-24T16:52:52.388192+00:00,957,5118500,Safari-TV,To be announced,Unpriced (Coming Soon),https://store.steampowered.com/app/5118500/SafariTV/,39,7
3bd926d5-123f-46ba-bb00-e88a11fb4547,2026-09-24T16:52:52.388192+00:00,958,1680780,Big Boy Boxing,To be announced,Unpriced (Coming Soon),https://store.steampowered.com/app/1680780/Big_Boy_Boxing/,39,8
3bd926d5-123f-46ba-bb00-e88a11fb4547,2026-09-24T16:52:52.388192+00:00,959,4045480,Drawquarium,Coming soon,Free,https://store.steampowered.com/app/4045480/Drawquarium/,39,9
3bd926d5-123f-46ba-bb00-e88a11fb4547,2026-09-24T16:52:52.388192+00:00,960,1842040,Soul Split,Coming soon,Free,https://store.steampowered.com/app/1842040/Soul_Split/,39,10
3bd926d5-123f-46ba-bb00-e88a11fb4547,2026-09-24T16:52:52.388192+00:00,961,811760,The Last Exterminator,To be announced,Unpriced (Coming Soon),https://store.steampowered.com/app/811760/The_Last_Exterminator/,39,11
3bd926d5-123f-46ba-bb00-e88a11fb4547,2026-09-24T16:52:52.388192+00:00,962,3919900,Dead Zone Revive,Coming soon,Free,https://store.steampowered.com/app/3919900/Dead_Zone_Revive/,39,12
3bd926d5-123f-46ba-bb00-e88a11fb4547,2026-09-24T16:52:52.388192+00:00,963,4193690,Terranigma,"Jan 14, 2027",Free,https://store.steampowered.com/app/4193690/Terranigma/,39,13
3bd926d5-123f-46ba-bb00-e88a11fb4547,2026-09-24T16:52:52.388192+00:00,964,3356660,Game Quest: The Backlog Battler,"Feb 1, 2027",Free,https://store.steampowered.com/app/3356660/Game_Quest_The_Backlog_Battler/,39,14
3bd926d5-123f-46ba-bb00-e88a11fb4547,2026-09-24T16:52:52.388192+00:00,965,2852140,Dumb Ways to Party,2026,Unpriced (Coming Soon),https://store.steampowered.com/app/2852140/Dumb_Ways_to_Party/,39,15
3bd926d5-123f-46ba-bb00-e88a11fb4547,2026-09-24T16:52:52.388192+00:00,966,1394650,Detained: Too Good for School,2026,Unpriced (Coming Soon),https://store.steampowered.com/app/1394650/Detained_Too_Good_for_School/,39,16
3bd926d5-123f-46ba-bb00-e88a11fb4547,2026-09-24T16:52:52.388192+00:00,967,2561460,Burning Sword: Death Sun,Coming soon,Free,https://store.steampowered.com/app/2561460/Burning_Sword_Death_Sun/,39,17
3bd926d5-123f-46ba-bb00-e88a11fb4547,2026-09-24T16:52:52.388192+00:00,968,2184280,Vexlands,Coming soon,Free,https://store.steampowered.com/app/2184280/Vexlands/,39,18
3bd926d5-123f-46ba-bb00-e88a11fb4547,2026-09-24T16:52:52.388192+00:00,969,3726180,In Hope Voiden,Coming soon,Free,https://store.steampowered.com/app/3726180/In_Hope_Voiden/,39,19
3bd926d5-123f-46ba-bb00-e88a11fb4547,2026-09-24T16:52:52.388192+00:00,970,4258880,Basement To The Sky,Q2 2027,Free,https://store.steampowered.com/app/4258880/Basement_To_The_Sky/,39,20
3bd926d5-123f-46ba-bb00-e88a11fb4547,2026-09-24T16:52:52.388192+00:00,971,3113580,Kaido Genkai: An Anime Racing RPG,To be announced,Unpriced (Coming Soon),https://store.steampowered.com/app/3113580/Kaido_Genkai_An_Anime_Racing_RPG/,39,21
3bd926d5-123f-46ba-bb00-e88a11fb4547,2026-09-24T16:52:52.388192+00:00,972,1894140,Seed of Nostalgia,To be announced,Unpriced (Coming Soon),https://store.steampowered.com/app/1894140/Seed_of_Nostalgia/,39,22
3bd926d5-123f-46ba-bb00-e88a11fb4547,2026-09-24T16:52:52.388192+00:00,973,1722610,Unawake,To be announced,Unpriced (Coming Soon),https://store.steampowered.com/app/1722610/Unawake/,39,23
3bd926d5-123f-46ba-bb00-e88a11fb4547,2026-09-24T16:52:52.388192+00:00,974,2750400,Spearhead 2,Coming soon,Free,https://store.steampowered.com/app/2750400/Spearhead_2/,39,24
3bd926d5-123f-46ba-bb00-e88a11fb4547,2026-09-24T16:52:52.388192+00:00,975,4982920,The Watcher,To be announced,Unpriced (Coming Soon),https://store.steampowered.com/app/4982920/The_Watcher/,39,25
3bd926d5-123f-46ba-bb00-e88a11fb4547,2026-09-24T16:52:52.388192+00:00,976,4299480,Vampire Mistress,"Oct 9, 2026",Unpriced (Coming Soon),https://store.steampowered.com/app/4299480/Vampire_Mistress/,40,1
3bd926d5-123f-46ba-bb00-e88a11fb4547,2026-09-24T16:52:52.388192+00:00,977,3301510,Tomo: Endless Blue,To be announced,Unpriced (Coming Soon),https://store.steampowered.com/app/3301510/Tomo_Endless_Blue/,40,2
3bd926d5-123f-46ba-bb00-e88a11fb4547,2026-09-24T16:52:52.388192+00:00,978,3125320,Isadora's Edge,Coming soon,Free,https://store.steampowered.com/app/3125320/Isadoras_Edge/,40,3
3bd926d5-123f-46ba-bb00-e88a11fb4547,2026-09-24T16:52:52.388192+00:00,979,4715160,Finals Week ✍🏻,Coming soon,Free,https://store.steampowered.com/app/4715160/Finals_Week/,40,4
3bd926d5-123f-46ba-bb00-e88a11fb4547,2026-09-24T16:52:52.388192+00:00,980,3408450,Tiny Hero Courier,To be announced,Unpriced (Coming Soon),https://store.steampowered.com/app/3408450/Tiny_Hero_Courier/,40,5
3bd926d5-123f-46ba-bb00-e88a11fb4547,2026-09-24T16:52:52.388192+00:00,981,4247140,Everlasting Summer 2,To be announced,Unpriced (Coming Soon),https://store.steampowered.com/app/4247140/Everlasting_Summer_2/,40,6
3bd926d5-123f-46ba-bb00-e88a11fb4547,2026-09-24T16:52:52.388192+00:00,982,2559840,Lust Kingdom,Coming soon,Free,https://store.steampowered.com/app/2559840/Lust_Kingdom/,40,7
3bd926d5-123f-46ba-bb00-e88a11fb4547,2026-09-24T16:52:52.388192+00:00,983,3419080,The Regreening,Coming soon,Free,https://store.steampowered.com/app/3419080/The_Regreening/,40,8
3bd926d5-123f-46ba-bb00-e88a11fb4547,2026-09-24T16:52:52.388192+00:00,984,4271520,The Pines,2027,Free,https://store.steampowered.com/app/4271520/The_Pines/,40,9
3bd926d5-123f-46ba-bb00-e88a11fb4547,2026-09-24T16:52:52.388192+00:00,985,2740750,Rollin' Rascal,Coming soon,Free,https://store.steampowered.com/app/2740750/Rollin_Rascal/,40,10
3bd926d5-123f-46ba-bb00-e88a11fb4547,2026-09-24T16:52:52.388192+00:00,986,3322630,Culdcept BEGINS,Q4 2026,Unpriced (Coming Soon),https://store.steampowered.com/app/3322630/Culdcept_BEGINS/,40,11
3bd926d5-123f-46ba-bb00-e88a11fb4547,2026-09-24T16:52:52.388192+00:00,987,2545200,Animaloid Girl,To be announced,Unpriced (Coming Soon),https://store.steampowered.com/app/2545200/Animaloid_Girl/,40,12
3bd926d5-123f-46ba-bb00-e88a11fb4547,2026-09-24T16:52:52.388192+00:00,988,2700560,Expedition: Backrooms,Coming soon,Free,https://store.steampowered.com/app/2700560/Expedition_Backrooms/,40,13
3bd926d5-123f-46ba-bb00-e88a11fb4547,2026-09-24T16:52:52.388192+00:00,989,4269150,Campwood,Coming soon,Free,https://store.steampowered.com/app/4269150/Campwood/,40,14
3bd926d5-123f-46ba-bb00-e88a11fb4547,2026-09-24T16:52:52.388192+00:00,990,1968940,Nazralath: The Fallen World,Coming soon,Free,https://store.steampowered.com/app/1968940/Nazralath_The_Fallen_World/,40,15
3bd926d5-123f-46ba-bb00-e88a11fb4547,2026-09-24T16:52:52.388192+00:00,991,2571410,500 CALIBER CONTRACTZ,2026,Unpriced (Coming Soon),https://store.steampowered.com/app/2571410/500_CALIBER_CONTRACTZ/,40,16
3bd926d5-123f-46ba-bb00-e88a11fb4547,2026-09-24T16:52:52.388192+00:00,992,1774190,Elysian Eclipse,To be announced,Unpriced (Coming Soon),https://store.steampowered.com/app/1774190/Elysian_Eclipse/,40,17
3bd926d5-123f-46ba-bb00-e88a11fb4547,2026-09-24T16:52:52.388192+00:00,993,3411810,Cobra Strike,To be announced,Unpriced (Coming Soon),https://store.steampowered.com/app/3411810/Cobra_Strike/,40,18
3bd926d5-123f-46ba-bb00-e88a11fb4547,2026-09-24T16:52:52.388192+00:00,994,2059980,Oriental Immortal,To be announced,Unpriced (Coming Soon),https://store.steampowered.com/app/2059980/Oriental_Immortal/,40,19
3bd926d5-123f-46ba-bb00-e88a11fb4547,2026-09-24T16:52:52.388192+00:00,995,2920220,Terrible Lizards,"Oct 29, 2026",Unpriced (Coming Soon),https://store.steampowered.com/app/2920220/Terrible_Lizards/,40,20
3bd926d5-123f-46ba-bb00-e88a11fb4547,2026-09-24T16:52:52.388192+00:00,996,1158190,Do Not Buy This Game,2027,Free,https://store.steampowered.com/app/1158190/Do_Not_Buy_This_Game/,40,21
3bd926d5-123f-46ba-bb00-e88a11fb4547,2026-09-24T16:52:52.388192+00:00,997,2559740,Tower Of Tears,2026,Unpriced (Coming Soon),https://store.steampowered.com/app/2559740/Tower_Of_Tears/,40,22
3bd926d5-123f-46ba-bb00-e88a11fb4547,2026-09-24T16:52:52.388192+00:00,998,3370970,Star Garden,To be announced,Unpriced (Coming Soon),https://store.steampowered.com/app/3370970/Star_Garden/,40,23
3bd926d5-123f-46ba-bb00-e88a11fb4547,2026-09-24T16:52:52.388192+00:00,999,1707680,Referee Simulator,Coming soon,Free,https://store.steampowered.com/app/1707680/Referee_Simulator/,40,24
3bd926d5-123f-46ba-bb00-e88a11fb4547,2026-09-24T16:52:52.388192+00:00,1000,3681260,Frostliner,To be announced,Unpriced (Coming Soon),https://store.steampowered.com/app/3681260/Frostliner/,40,25
3bd926d5-123f-46ba-bb00-e88a11fb4547,2026-09-24T16:52:52.388192+00:00,1001,1815150,NIGHT OF THE CONSUMERS,Coming soon,Free,https://store.steampowered.com/app/1815150/NIGHT_OF_THE_CONSUMERS/,41,1
3bd926d5-123f-46ba-bb00-e88a11fb4547,2026-09-24T16:52:52.388192+00:00,1002,1257480,American Motorcycle Simulator,To be announced,Unpriced (Coming Soon),https://store.steampowered.com/app/1257480/American_Motorcycle_Simulator/,41,2
3bd926d5-123f-46ba-bb00-e88a11fb4547,2026-09-24T16:52:52.388192+00:00,1003,2861090,War Mechanic,Coming soon,Free,https://store.steampowered.com/app/2861090/War_Mechanic/,41,3
3bd926d5-123f-46ba-bb00-e88a11fb4547,2026-09-24T16:52:52.388192+00:00,1004,4261180,Ascension: The Hehuan Sect & 66 Waifus,Coming soon,Free,https://store.steampowered.com/app/4261180/Ascension_The_Hehuan_Sect__66_Waifus/,41,4
3bd926d5-123f-46ba-bb00-e88a11fb4547,2026-09-24T16:52:52.388192+00:00,1005,3908100,Steam To Electric,Coming soon,Free,https://store.steampowered.com/app/3908100/Steam_To_Electric/,41,5
3bd926d5-123f-46ba-bb00-e88a11fb4547,2026-09-24T16:52:52.388192+00:00,1006,1659360,Townseek,Coming soon,Free,https://store.steampowered.com/app/1659360/Townseek/,41,6
3bd926d5-123f-46ba-bb00-e88a11fb4547,2026-09-24T16:52:52.388192+00:00,1007,4563860,KAIJECT,Coming soon,Free,https://store.steampowered.com/app/4563860/KAIJECT/,41,7
3bd926d5-123f-46ba-bb00-e88a11fb4547,2026-09-24T16:52:52.388192+00:00,1008,2962470,Corruption of Belrand - Princess Knight Lysithea,Q1 2027,Free,https://store.steampowered.com/app/2962470/Corruption_of_Belrand__Princess_Knight_Lysithea/,41,8
3bd926d5-123f-46ba-bb00-e88a11fb4547,2026-09-24T16:52:52.388192+00:00,1009,2494020,Samurai Unicorn,To be announced,Unpriced (Coming Soon),https://store.steampowered.com/app/2494020/Samurai_Unicorn/,41,9
3bd926d5-123f-46ba-bb00-e88a11fb4547,2026-09-24T16:52:52.388192+00:00,1010,1205660,WOLFHOUND,To be announced,Unpriced (Coming Soon),https://store.steampowered.com/app/1205660/WOLFHOUND/,41,10
3bd926d5-123f-46ba-bb00-e88a11fb4547,2026-09-24T16:52:52.388192+00:00,1011,4328840,Tideborne Haven,To be announced,Unpriced (Coming Soon),https://store.steampowered.com/app/4328840/Tideborne_Haven/,41,11
3bd926d5-123f-46ba-bb00-e88a11fb4547,2026-09-24T16:52:52.388192+00:00,1012,2601530,Regular Home Renovation Simulator,Coming soon,Free,https://store.steampowered.com/app/2601530/Regular_Home_Renovation_Simulator/,41,12
3bd926d5-123f-46ba-bb00-e88a11fb4547,2026-09-24T16:52:52.388192+00:00,1013,3280240,Nailcrown,Coming soon,Free,https://store.steampowered.com/app/3280240/Nailcrown/,41,13
3bd926d5-123f-46ba-bb00-e88a11fb4547,2026-09-24T16:52:52.388192+00:00,1014,3068720,I Am Security,Coming soon,Free,https://store.steampowered.com/app/3068720/I_Am_Security/,41,14
3bd926d5-123f-46ba-bb00-e88a11fb4547,2026-09-24T16:52:52.388192+00:00,1015,1390760,Nanzou: The Divine Court,Coming soon,Free,https://store.steampowered.com/app/1390760/Nanzou_The_Divine_Court/,41,15
3bd926d5-123f-46ba-bb00-e88a11fb4547,2026-09-24T16:52:52.388192+00:00,1016,2985880,Farming Camp,"Sep 24, 2026",$15.99,https://store.steampowered.com/app/2985880/Farming_Camp/,41,16
3bd926d5-123f-46ba-bb00-e88a11fb4547,2026-09-24T16:52:52.388192+00:00,1017,4024440,Haunted Heist,"Oct 12, 2026",Unpriced (Coming Soon),https://store.steampowered.com/app/4024440/Haunted_Heist/,41,17
3bd926d5-123f-46ba-bb00-e88a11fb4547,2026-09-24T16:52:52.388192+00:00,1018,2999670,Front Edge,2026,Free,https://store.steampowered.com/app/2999670/Front_Edge/,41,18
3bd926d5-123f-46ba-bb00-e88a11fb4547,2026-09-24T16:52:52.388192+00:00,1019,2141160,Alien Deathstorm,To be announced,Unpriced (Coming Soon),https://store.steampowered.com/app/2141160/Alien_Deathstorm/,41,19
3bd926d5-123f-46ba-bb00-e88a11fb4547,2026-09-24T16:52:52.388192+00:00,1020,1920290,Barkour,Q4 2026,Unpriced (Coming Soon),https://store.steampowered.com/app/1920290/Barkour/,41,20
3bd926d5-123f-46ba-bb00-e88a11fb4547,2026-09-24T16:52:52.388192+00:00,1021,4754550,Medieval Dynasty - The Backwood,2027,Free,https://store.steampowered.com/app/4754550/Medieval_Dynasty__The_Backwood/,41,21
3bd926d5-123f-46ba-bb00-e88a11fb4547,2026-09-24T16:52:52.388192+00:00,1022,4414620,Book Nook,2026,Unpriced (Coming Soon),https://store.steampowered.com/app/4414620/Book_Nook/,41,22
3bd926d5-123f-46ba-bb00-e88a11fb4547,2026-09-24T16:52:52.388192+00:00,1023,2749920,The Transylvania Adventure of Simon Quest,Coming soon,Free,https://store.steampowered.com/app/2749920/The_Transylvania_Adventure_of_Simon_Quest/,41,23
3bd926d5-123f-46ba-bb00-e88a11fb4547,2026-09-24T16:52:52.388192+00:00,1024,3106270,HELLCARD II,Q1 2027,Free,https://store.steampowered.com/app/3106270/HELLCARD_II/,41,24
3bd926d5-123f-46ba-bb00-e88a11fb4547,2026-09-24T16:52:52.388192+00:00,1025,3264980,HELL YEAH simulator,Coming soon,Free,https://store.steampowered.com/app/3264980/HELL_YEAH_simulator/,41,25
3bd926d5-123f-46ba-bb00-e88a11fb4547,2026-09-24T16:52:52.388192+00:00,1026,4009490,Arctic Drive,"Nov 25, 2026",Unpriced (Coming Soon),https://store.steampowered.com/app/4009490/Arctic_Drive/,42,1
3bd926d5-123f-46ba-bb00-e88a11fb4547,2026-09-24T16:52:52.388192+00:00,1027,2601980,Space Scum,2027,Free,https://store.steampowered.com/app/2601980/Space_Scum/,42,2
3bd926d5-123f-46ba-bb00-e88a11fb4547,2026-09-24T16:52:52.388192+00:00,1028,2824520,Displacement,To be announced,Unpriced (Coming Soon),https://store.steampowered.com/app/2824520/Displacement/,42,3
3bd926d5-123f-46ba-bb00-e88a11fb4547,2026-09-24T16:52:52.388192+00:00,1029,2155140,Police Station Simulator,Coming soon,Free,https://store.steampowered.com/app/2155140/Police_Station_Simulator/,42,4
3bd926d5-123f-46ba-bb00-e88a11fb4547,2026-09-24T16:52:52.388192+00:00,1030,2841710,Vermin,To be announced,Unpriced (Coming Soon),https://store.steampowered.com/app/2841710/Vermin/,42,5
3bd926d5-123f-46ba-bb00-e88a11fb4547,2026-09-24T16:52:52.388192+00:00,1031,4042070,Angels In Orbit,Coming soon,Free,https://store.steampowered.com/app/4042070/Angels_In_Orbit/,42,6
3bd926d5-123f-46ba-bb00-e88a11fb4547,2026-09-24T16:52:52.388192+00:00,1032,3788110,DungeonBox,Q4 2026,Unpriced (Coming Soon),https://store.steampowered.com/app/3788110/DungeonBox/,42,7
3bd926d5-123f-46ba-bb00-e88a11fb4547,2026-09-24T16:52:52.388192+00:00,1033,3251540,Oil Rig Simulator,To be announced,Unpriced (Coming Soon),https://store.steampowered.com/app/3251540/Oil_Rig_Simulator/,42,8
3bd926d5-123f-46ba-bb00-e88a11fb4547,2026-09-24T16:52:52.388192+00:00,1034,2795110,Petal Runner,To be announced,Unpriced (Coming Soon),https://store.steampowered.com/app/2795110/Petal_Runner/,42,9
3bd926d5-123f-46ba-bb00-e88a11fb4547,2026-09-24T16:52:52.388192+00:00,1035,2441590,Ark：Release,Coming soon,Free,https://store.steampowered.com/app/2441590/ArkRelease/,42,10
3bd926d5-123f-46ba-bb00-e88a11fb4547,2026-09-24T16:52:52.388192+00:00,1036,4414860,Direland,To be announced,Unpriced (Coming Soon),https://store.steampowered.com/app/4414860/Direland/,42,11
3bd926d5-123f-46ba-bb00-e88a11fb4547,2026-09-24T16:52:52.388192+00:00,1037,4156710,Coin Maker Simulator,March 2027,Free,https://store.steampowered.com/app/4156710/Coin_Maker_Simulator/,42,12
3bd926d5-123f-46ba-bb00-e88a11fb4547,2026-09-24T16:52:52.388192+00:00,1038,3278930,Worms: Galactic Tactics,2027,Free,https://store.steampowered.com/app/3278930/Worms_Galactic_Tactics/,42,13
3bd926d5-123f-46ba-bb00-e88a11fb4547,2026-09-24T16:52:52.388192+00:00,1039,4623300,Open Waters,To be announced,Unpriced (Coming Soon),https://store.steampowered.com/app/4623300/Open_Waters/,42,14
3bd926d5-123f-46ba-bb00-e88a11fb4547,2026-09-24T16:52:52.388192+00:00,1040,3130220,Sagas of Lumin,"Feb 4, 2027",Free,https://store.steampowered.com/app/3130220/Sagas_of_Lumin/,42,15
3bd926d5-123f-46ba-bb00-e88a11fb4547,2026-09-24T16:52:52.388192+00:00,1041,3447460,Gravity Circuit 2,2027,Free,https://store.steampowered.com/app/3447460/Gravity_Circuit_2/,42,16
3bd926d5-123f-46ba-bb00-e88a11fb4547,2026-09-24T16:52:52.388192+00:00,1042,3846360,The Goblin Tavern,To be announced,Unpriced (Coming Soon),https://store.steampowered.com/app/3846360/The_Goblin_Tavern/,42,17
3bd926d5-123f-46ba-bb00-e88a11fb4547,2026-09-24T16:52:52.388192+00:00,1043,3195360,Coromon: Rogue Planet,Coming soon,Free,https://store.steampowered.com/app/3195360/Coromon_Rogue_Planet/,42,18
3bd926d5-123f-46ba-bb00-e88a11fb4547,2026-09-24T16:52:52.388192+00:00,1044,3703630,The Talos Principle 3,Coming soon,Free,https://store.steampowered.com/app/3703630/The_Talos_Principle_3/,42,19
3bd926d5-123f-46ba-bb00-e88a11fb4547,2026-09-24T16:52:52.388192+00:00,1045,2421000,BANDIT KNIGHT,To be announced,Unpriced (Coming Soon),https://store.steampowered.com/app/2421000/BANDIT_KNIGHT/,42,20
3bd926d5-123f-46ba-bb00-e88a11fb4547,2026-09-24T16:52:52.388192+00:00,1046,1355900,Tattered Banners,Q1 2027,Free,https://store.steampowered.com/app/1355900/Tattered_Banners/,42,21
3bd926d5-123f-46ba-bb00-e88a11fb4547,2026-09-24T16:52:52.388192+00:00,1047,5096600,Highways & Co.,2026,Unpriced (Coming Soon),https://store.steampowered.com/app/5096600/Highways__Co/,42,22
3bd926d5-123f-46ba-bb00-e88a11fb4547,2026-09-24T16:52:52.388192+00:00,1048,2548410,In the Same Boat,To be announced,Unpriced (Coming Soon),https://store.steampowered.com/app/2548410/In_the_Same_Boat/,42,23
3bd926d5-123f-46ba-bb00-e88a11fb4547,2026-09-24T16:52:52.388192+00:00,1049,2513270,UvsU: You vs You,2026,Unpriced (Coming Soon),https://store.steampowered.com/app/2513270/UvsU_You_vs_You/,42,24
3bd926d5-123f-46ba-bb00-e88a11fb4547,2026-09-24T16:52:52.388192+00:00,1050,3620610,Primal Survival,2026,Unpriced (Coming Soon),https://store.steampowered.com/app/3620610/Primal_Survival/,42,25
3bd926d5-123f-46ba-bb00-e88a11fb4547,2026-09-24T16:52:52.388192+00:00,1051,1732910,Photography Simulator,Coming soon,Free,https://store.steampowered.com/app/1732910/Photography_Simulator/,43,1
3bd926d5-123f-46ba-bb00-e88a11fb4547,2026-09-24T16:52:52.388192+00:00,1052,3201450,SACRATA,Coming soon,Free,https://store.steampowered.com/app/3201450/SACRATA/,43,2
3bd926d5-123f-46ba-bb00-e88a11fb4547,2026-09-24T16:52:52.388192+00:00,1053,1359270,Pirate Commander,To be announced,Unpriced (Coming Soon),https://store.steampowered.com/app/1359270/Pirate_Commander/,43,3
3bd926d5-123f-46ba-bb00-e88a11fb4547,2026-09-24T16:52:52.388192+00:00,1054,2363200,Fae & Fauna,Coming soon,Free,https://store.steampowered.com/app/2363200/Fae__Fauna/,43,4
3bd926d5-123f-46ba-bb00-e88a11fb4547,2026-09-24T16:52:52.388192+00:00,1055,3962420,Futa Slug EX,"Oct 16, 2026",Unpriced (Coming Soon),https://store.steampowered.com/app/3962420/Futa_Slug_EX/,43,5
3bd926d5-123f-46ba-bb00-e88a11fb4547,2026-09-24T16:52:52.388192+00:00,1056,2847780,Nocturnal 2,"Nov 10, 2026",Unpriced (Coming Soon),https://store.steampowered.com/app/2847780/Nocturnal_2/,43,6
3bd926d5-123f-46ba-bb00-e88a11fb4547,2026-09-24T16:52:52.388192+00:00,1057,2664600,The Last Hour of an Epic TO THE MOON RPG,2027,Free,https://store.steampowered.com/app/2664600/The_Last_Hour_of_an_Epic_TO_THE_MOON_RPG/,43,7
3bd926d5-123f-46ba-bb00-e88a11fb4547,2026-09-24T16:52:52.388192+00:00,1058,4784080,"Oh, My Doug!",To be announced,Unpriced (Coming Soon),https://store.steampowered.com/app/4784080/Oh_My_Doug/,43,8
3bd926d5-123f-46ba-bb00-e88a11fb4547,2026-09-24T16:52:52.388192+00:00,1059,3122600,Glintseeker Island,2027,Free,https://store.steampowered.com/app/3122600/Glintseeker_Island/,43,9
3bd926d5-123f-46ba-bb00-e88a11fb4547,2026-09-24T16:52:52.388192+00:00,1060,2681560,Train Station Project,Coming soon,Free,https://store.steampowered.com/app/2681560/Train_Station_Project/,43,10
3bd926d5-123f-46ba-bb00-e88a11fb4547,2026-09-24T16:52:52.388192+00:00,1061,3534150,POSTAL 2 VR,2027,Free,https://store.steampowered.com/app/3534150/POSTAL_2_VR/,43,11
3bd926d5-123f-46ba-bb00-e88a11fb4547,2026-09-24T16:52:52.388192+00:00,1062,1761210,The Touhou Empires,Coming soon,Free,https://store.steampowered.com/app/1761210/The_Touhou_Empires/,43,12
3bd926d5-123f-46ba-bb00-e88a11fb4547,2026-09-24T16:52:52.388192+00:00,1063,4049170,Disney/Pixar Toy Story: Retro Roundup!,"Oct 15, 2026",Unpriced (Coming Soon),https://store.steampowered.com/app/4049170/DisneyPixar_Toy_Story_Retro_Roundup/,43,13
3bd926d5-123f-46ba-bb00-e88a11fb4547,2026-09-24T16:52:52.388192+00:00,1064,2168070,Sorceress,To be announced,Unpriced (Coming Soon),https://store.steampowered.com/app/2168070/Sorceress/,43,14
3bd926d5-123f-46ba-bb00-e88a11fb4547,2026-09-24T16:52:52.388192+00:00,1065,3048190,Bubbles & Babes,2027,Free,https://store.steampowered.com/app/3048190/Bubbles__Babes/,43,15
3bd926d5-123f-46ba-bb00-e88a11fb4547,2026-09-24T16:52:52.388192+00:00,1066,3829400,Grand Tactician: Napoleonic Wars (1792-1815),To be announced,Unpriced (Coming Soon),https://store.steampowered.com/app/3829400/Grand_Tactician_Napoleonic_Wars_17921815/,43,16
3bd926d5-123f-46ba-bb00-e88a11fb4547,2026-09-24T16:52:52.388192+00:00,1067,3722130,Indigo Park: Chapter 2,To be announced,Unpriced (Coming Soon),https://store.steampowered.com/app/3722130/Indigo_Park_Chapter_2/,43,17
3bd926d5-123f-46ba-bb00-e88a11fb4547,2026-09-24T16:52:52.388192+00:00,1068,3475880,Train Goes Right,2026,Unpriced (Coming Soon),https://store.steampowered.com/app/3475880/Train_Goes_Right/,43,18
3bd926d5-123f-46ba-bb00-e88a11fb4547,2026-09-24T16:52:52.388192+00:00,1069,3695350,Hounded,To be announced,Unpriced (Coming Soon),https://store.steampowered.com/app/3695350/Hounded/,43,19
3bd926d5-123f-46ba-bb00-e88a11fb4547,2026-09-24T16:52:52.388192+00:00,1070,3261450,Tangerine Antarctic,To be announced,Unpriced (Coming Soon),https://store.steampowered.com/app/3261450/Tangerine_Antarctic/,43,20
3bd926d5-123f-46ba-bb00-e88a11fb4547,2026-09-24T16:52:52.388192+00:00,1071,3561320,Open Fortress,2026,Free,https://store.steampowered.com/app/3561320/Open_Fortress/,43,21
3bd926d5-123f-46ba-bb00-e88a11fb4547,2026-09-24T16:52:52.388192+00:00,1072,2583660,Fractured Alliance,To be announced,Unpriced (Coming Soon),https://store.steampowered.com/app/2583660/Fractured_Alliance/,43,22
3bd926d5-123f-46ba-bb00-e88a11fb4547,2026-09-24T16:52:52.388192+00:00,1073,3439410,HellHeart Breaker,Q2 2027,Free,https://store.steampowered.com/app/3439410/HellHeart_Breaker/,43,23
3bd926d5-123f-46ba-bb00-e88a11fb4547,2026-09-24T16:52:52.388192+00:00,1074,4703930,Grilluminati,Q4 2026,Unpriced (Coming Soon),https://store.steampowered.com/app/4703930/Grilluminati/,43,24
3bd926d5-123f-46ba-bb00-e88a11fb4547,2026-09-24T16:52:52.388192+00:00,1075,4143000,FERRA,To be announced,Unpriced (Coming Soon),https://store.steampowered.com/app/4143000/FERRA/,43,25
3bd926d5-123f-46ba-bb00-e88a11fb4547,2026-09-24T16:52:52.388192+00:00,1076,2713380,Shadows of Chroma Tower,Q1 2027,Free,https://store.steampowered.com/app/2713380/Shadows_of_Chroma_Tower/,44,1
3bd926d5-123f-46ba-bb00-e88a11fb4547,2026-09-24T16:52:52.388192+00:00,1077,3018390,PSYCHO DEAD,Q4 2026,Unpriced (Coming Soon),https://store.steampowered.com/app/3018390/PSYCHO_DEAD/,44,2
3bd926d5-123f-46ba-bb00-e88a11fb4547,2026-09-24T16:52:52.388192+00:00,1078,4020810,NTL: No Time Left,Coming soon,Free,https://store.steampowered.com/app/4020810/NTL_No_Time_Left/,44,3
3bd926d5-123f-46ba-bb00-e88a11fb4547,2026-09-24T16:52:52.388192+00:00,1079,2390130,Design and Conjure,Coming soon,Free,https://store.steampowered.com/app/2390130/Design_and_Conjure/,44,4
3bd926d5-123f-46ba-bb00-e88a11fb4547,2026-09-24T16:52:52.388192+00:00,1080,2159260,Vampire Rancher,2026,Unpriced (Coming Soon),https://store.steampowered.com/app/2159260/Vampire_Rancher/,44,5
3bd926d5-123f-46ba-bb00-e88a11fb4547,2026-09-24T16:52:52.388192+00:00,1081,3845070,Dupery: A Game of Solo Deduction,"Oct 15, 2026",Unpriced (Coming Soon),https://store.steampowered.com/app/3845070/Dupery_A_Game_of_Solo_Deduction/,44,6
3bd926d5-123f-46ba-bb00-e88a11fb4547,2026-09-24T16:52:52.388192+00:00,1082,3975260,METAL SLUG ULTIMATE COLLECTION,To be announced,Unpriced (Coming Soon),https://store.steampowered.com/app/3975260/METAL_SLUG_ULTIMATE_COLLECTION/,44,7
3bd926d5-123f-46ba-bb00-e88a11fb4547,2026-09-24T16:52:52.388192+00:00,1083,2440760,GRAVHOUNDS,Coming soon,Free,https://store.steampowered.com/app/2440760/GRAVHOUNDS/,44,8
3bd926d5-123f-46ba-bb00-e88a11fb4547,2026-09-24T16:52:52.388192+00:00,1084,1630450,EDEN.schemata();,2026,Unpriced (Coming Soon),https://store.steampowered.com/app/1630450/EDENschemata/,44,9
3bd926d5-123f-46ba-bb00-e88a11fb4547,2026-09-24T16:52:52.388192+00:00,1085,3519480,Carthage: Bellum Punicum,To be announced,Unpriced (Coming Soon),https://store.steampowered.com/app/3519480/Carthage_Bellum_Punicum/,44,10
3bd926d5-123f-46ba-bb00-e88a11fb4547,2026-09-24T16:52:52.388192+00:00,1086,2471680,Risimon,Coming soon,Free,https://store.steampowered.com/app/2471680/Risimon/,44,11
3bd926d5-123f-46ba-bb00-e88a11fb4547,2026-09-24T16:52:52.388192+00:00,1087,1818660,Kalyskah,2027,Free,https://store.steampowered.com/app/1818660/Kalyskah/,44,12
3bd926d5-123f-46ba-bb00-e88a11fb4547,2026-09-24T16:52:52.388192+00:00,1088,3175790,Mecha Legends,To be announced,Unpriced (Coming Soon),https://store.steampowered.com/app/3175790/Mecha_Legends/,44,13
3bd926d5-123f-46ba-bb00-e88a11fb4547,2026-09-24T16:52:52.388192+00:00,1089,3645320,Succupie: An Erotic Short Story,To be announced,Unpriced (Coming Soon),https://store.steampowered.com/app/3645320/Succupie_An_Erotic_Short_Story/,44,14
3bd926d5-123f-46ba-bb00-e88a11fb4547,2026-09-24T16:52:52.388192+00:00,1090,2370280,Nobody's Left,To be announced,Unpriced (Coming Soon),https://store.steampowered.com/app/2370280/Nobodys_Left/,44,15
3bd926d5-123f-46ba-bb00-e88a11fb4547,2026-09-24T16:52:52.388192+00:00,1091,1323140,Ninja Simulator,Coming soon,Free,https://store.steampowered.com/app/1323140/Ninja_Simulator/,44,16
3bd926d5-123f-46ba-bb00-e88a11fb4547,2026-09-24T16:52:52.388192+00:00,1092,4123070,MonCraft 199X,To be announced,Unpriced (Coming Soon),https://store.steampowered.com/app/4123070/MonCraft_199X/,44,17
3bd926d5-123f-46ba-bb00-e88a11fb4547,2026-09-24T16:52:52.388192+00:00,1093,1927360,Mira and the Legend of the Djinns,To be announced,Unpriced (Coming Soon),https://store.steampowered.com/app/1927360/Mira_and_the_Legend_of_the_Djinns/,44,18
3bd926d5-123f-46ba-bb00-e88a11fb4547,2026-09-24T16:52:52.388192+00:00,1094,4096880,Raji: Kaliyuga,Coming soon,Free,https://store.steampowered.com/app/4096880/Raji_Kaliyuga/,44,19
3bd926d5-123f-46ba-bb00-e88a11fb4547,2026-09-24T16:52:52.388192+00:00,1095,2201470,Remnant Protocol,Coming soon,Free,https://store.steampowered.com/app/2201470/Remnant_Protocol/,44,20
3bd926d5-123f-46ba-bb00-e88a11fb4547,2026-09-24T16:52:52.388192+00:00,1096,1196230,Book of Aliens,To be announced,Unpriced (Coming Soon),https://store.steampowered.com/app/1196230/Book_of_Aliens/,44,21
3bd926d5-123f-46ba-bb00-e88a11fb4547,2026-09-24T16:52:52.388192+00:00,1097,2166730,Electrokinetic,To be announced,Unpriced (Coming Soon),https://store.steampowered.com/app/2166730/Electrokinetic/,44,22
3bd926d5-123f-46ba-bb00-e88a11fb4547,2026-09-24T16:52:52.388192+00:00,1098,669270,Momentum Mod,To be announced,Free,https://store.steampowered.com/app/669270/Momentum_Mod/,44,23
3bd926d5-123f-46ba-bb00-e88a11fb4547,2026-09-24T16:52:52.388192+00:00,1099,2415030,Crimson Hollow,Coming soon,Free,https://store.steampowered.com/app/2415030/Crimson_Hollow/,44,24
3bd926d5-123f-46ba-bb00-e88a11fb4547,2026-09-24T16:52:52.388192+00:00,1100,3688110,Kaiju Cleaner Simulator,To be announced,Unpriced (Coming Soon),https://store.steampowered.com/app/3688110/Kaiju_Cleaner_Simulator/,44,25
3bd926d5-123f-46ba-bb00-e88a11fb4547,2026-09-24T16:52:52.388192+00:00,1101,2738660,Mecha Simultactics,To be announced,Unpriced (Coming Soon),https://store.steampowered.com/app/2738660/Mecha_Simultactics/,45,1
3bd926d5-123f-46ba-bb00-e88a11fb4547,2026-09-24T16:52:52.388192+00:00,1102,2517940,Century of Steam,To be announced,Unpriced (Coming Soon),https://store.steampowered.com/app/2517940/Century_of_Steam/,45,2
3bd926d5-123f-46ba-bb00-e88a11fb4547,2026-09-24T16:52:52.388192+00:00,1103,3109590,Cat Cafe Manager 2: Big City Bliss,To be announced,Unpriced (Coming Soon),https://store.steampowered.com/app/3109590/Cat_Cafe_Manager_2_Big_City_Bliss/,45,3
3bd926d5-123f-46ba-bb00-e88a11fb4547,2026-09-24T16:52:52.388192+00:00,1104,3545200,Space Dingus,To be announced,Unpriced (Coming Soon),https://store.steampowered.com/app/3545200/Space_Dingus/,45,4
3bd926d5-123f-46ba-bb00-e88a11fb4547,2026-09-24T16:52:52.388192+00:00,1105,2626570,GodsTV,Coming soon,Free,https://store.steampowered.com/app/2626570/GodsTV/,45,5
3bd926d5-123f-46ba-bb00-e88a11fb4547,2026-09-24T16:52:52.388192+00:00,1106,2932260,Trine 6: Together in Time,"Mar 4, 2027",Free,https://store.steampowered.com/app/2932260/Trine_6_Together_in_Time/,45,6
3bd926d5-123f-46ba-bb00-e88a11fb4547,2026-09-24T16:52:52.388192+00:00,1107,1376880,Ultimate Hunting®,To be announced,Unpriced (Coming Soon),https://store.steampowered.com/app/1376880/Ultimate_Hunting/,45,7
3bd926d5-123f-46ba-bb00-e88a11fb4547,2026-09-24T16:52:52.388192+00:00,1108,3738890,Frontline Logistics: Isarian Warfare,"Nov 5, 2026",Unpriced (Coming Soon),https://store.steampowered.com/app/3738890/Frontline_Logistics_Isarian_Warfare/,45,8
3bd926d5-123f-46ba-bb00-e88a11fb4547,2026-09-24T16:52:52.388192+00:00,1109,3546610,Wielders of the Essence,"Nov 5, 2026",Unpriced (Coming Soon),https://store.steampowered.com/app/3546610/Wielders_of_the_Essence/,45,9
3bd926d5-123f-46ba-bb00-e88a11fb4547,2026-09-24T16:52:52.388192+00:00,1110,1531180,Lost Isle,2026,Unpriced (Coming Soon),https://store.steampowered.com/app/1531180/Lost_Isle/,45,10
3bd926d5-123f-46ba-bb00-e88a11fb4547,2026-09-24T16:52:52.388192+00:00,1111,3530630,Bless You Again,2026,Unpriced (Coming Soon),https://store.steampowered.com/app/3530630/Bless_You_Again/,45,11
3bd926d5-123f-46ba-bb00-e88a11fb4547,2026-09-24T16:52:52.388192+00:00,1112,3743260,Virtue and a Sledgehammer,"Oct 27, 2026",Unpriced (Coming Soon),https://store.steampowered.com/app/3743260/Virtue_and_a_Sledgehammer/,45,12
3bd926d5-123f-46ba-bb00-e88a11fb4547,2026-09-24T16:52:52.388192+00:00,1113,2697620,Combo Devils,To be announced,Unpriced (Coming Soon),https://store.steampowered.com/app/2697620/Combo_Devils/,45,13
3bd926d5-123f-46ba-bb00-e88a11fb4547,2026-09-24T16:52:52.388192+00:00,1114,2744430,Nightmare House,Coming soon,Free,https://store.steampowered.com/app/2744430/Nightmare_House/,45,14
3bd926d5-123f-46ba-bb00-e88a11fb4547,2026-09-24T16:52:52.388192+00:00,1115,4208770,Launch Window,To be announced,Unpriced (Coming Soon),https://store.steampowered.com/app/4208770/Launch_Window/,45,15
3bd926d5-123f-46ba-bb00-e88a11fb4547,2026-09-24T16:52:52.388192+00:00,1116,1808160,Demon Spore,2026,Unpriced (Coming Soon),https://store.steampowered.com/app/1808160/Demon_Spore/,45,16
3bd926d5-123f-46ba-bb00-e88a11fb4547,2026-09-24T16:52:52.388192+00:00,1117,912000,Mike goes on hike,Q4 2026,Unpriced (Coming Soon),https://store.steampowered.com/app/912000/Mike_goes_on_hike/,45,17
3bd926d5-123f-46ba-bb00-e88a11fb4547,2026-09-24T16:52:52.388192+00:00,1118,4633090,Misa Online,To be announced,Free,https://store.steampowered.com/app/4633090/Misa_Online/,45,18
3bd926d5-123f-46ba-bb00-e88a11fb4547,2026-09-24T16:52:52.388192+00:00,1119,2711690,VanLife Simulator,Coming soon,Free,https://store.steampowered.com/app/2711690/VanLife_Simulator/,45,19
3bd926d5-123f-46ba-bb00-e88a11fb4547,2026-09-24T16:52:52.388192+00:00,1120,4374950,KAREN,To be announced,Unpriced (Coming Soon),https://store.steampowered.com/app/4374950/KAREN/,45,20
3bd926d5-123f-46ba-bb00-e88a11fb4547,2026-09-24T16:52:52.388192+00:00,1121,3309550,Skarven,To be announced,Unpriced (Coming Soon),https://store.steampowered.com/app/3309550/Skarven/,45,21
3bd926d5-123f-46ba-bb00-e88a11fb4547,2026-09-24T16:52:52.388192+00:00,1122,3500810,DreadOut 3,Coming soon,Free,https://store.steampowered.com/app/3500810/DreadOut_3/,45,22
3bd926d5-123f-46ba-bb00-e88a11fb4547,2026-09-24T16:52:52.388192+00:00,1123,1924600,March of Giants,Coming soon,Free,https://store.steampowered.com/app/1924600/March_of_Giants/,45,23
3bd926d5-123f-46ba-bb00-e88a11fb4547,2026-09-24T16:52:52.388192+00:00,1124,3973160,Crimson Freedom,To be announced,Unpriced (Coming Soon),https://store.steampowered.com/app/3973160/Crimson_Freedom/,45,24
3bd926d5-123f-46ba-bb00-e88a11fb4547,2026-09-24T16:52:52.388192+00:00,1125,4466940,Lost & Found,Coming soon,Free,https://store.steampowered.com/app/4466940/Lost__Found/,45,25
3bd926d5-123f-46ba-bb00-e88a11fb4547,2026-09-24T16:52:52.388192+00:00,1126,2455020,Sexorcism,Q4 2026,Unpriced (Coming Soon),https://store.steampowered.com/app/2455020/Sexorcism/,46,1
3bd926d5-123f-46ba-bb00-e88a11fb4547,2026-09-24T16:52:52.388192+00:00,1127,4295810,A Whisper of Fall: Jinyiwei,To be announced,Unpriced (Coming Soon),https://store.steampowered.com/app/4295810/A_Whisper_of_Fall_Jinyiwei/,46,2
3bd926d5-123f-46ba-bb00-e88a11fb4547,2026-09-24T16:52:52.388192+00:00,1128,3275120,Wasteland Travelers,Coming soon,Free,https://store.steampowered.com/app/3275120/Wasteland_Travelers/,46,3
3bd926d5-123f-46ba-bb00-e88a11fb4547,2026-09-24T16:52:52.388192+00:00,1129,1965550,Wildaria,"Oct 8, 2026",Unpriced (Coming Soon),https://store.steampowered.com/app/1965550/Wildaria/,46,4
3bd926d5-123f-46ba-bb00-e88a11fb4547,2026-09-24T16:52:52.388192+00:00,1130,4234750,Kaiju Princess: Super Survivor Showdown,Q4 2026,Unpriced (Coming Soon),https://store.steampowered.com/app/4234750/Kaiju_Princess_Super_Survivor_Showdown/,46,5
3bd926d5-123f-46ba-bb00-e88a11fb4547,2026-09-24T16:52:52.388192+00:00,1131,3355070,Ambroise Niflette & the Gleaned Bell,Coming soon,Free,https://store.steampowered.com/app/3355070/Ambroise_Niflette__the_Gleaned_Bell/,46,6
3bd926d5-123f-46ba-bb00-e88a11fb4547,2026-09-24T16:52:52.388192+00:00,1132,2949750,Margin of the Strange,To be announced,Unpriced (Coming Soon),https://store.steampowered.com/app/2949750/Margin_of_the_Strange/,46,7
3bd926d5-123f-46ba-bb00-e88a11fb4547,2026-09-24T16:52:52.388192+00:00,1133,1116390,Negative Atmosphere,To be announced,Unpriced (Coming Soon),https://store.steampowered.com/app/1116390/Negative_Atmosphere/,46,8
3bd926d5-123f-46ba-bb00-e88a11fb4547,2026-09-24T16:52:52.388192+00:00,1134,2526200,Eyes Never Wake,Coming soon,Free,https://store.steampowered.com/app/2526200/Eyes_Never_Wake/,46,9
3bd926d5-123f-46ba-bb00-e88a11fb4547,2026-09-24T16:52:52.388192+00:00,1135,3436160,Cao Cao's Ambition--A Harem of MILFs,December 2026,Unpriced (Coming Soon),https://store.steampowered.com/app/3436160/Cao_Caos_AmbitionA_Harem_of_MILFs/,46,10
3bd926d5-123f-46ba-bb00-e88a11fb4547,2026-09-24T16:52:52.388192+00:00,1136,2666160,STARVEIL PROTOCOL A.A.A.,To be announced,Unpriced (Coming Soon),https://store.steampowered.com/app/2666160/STARVEIL_PROTOCOL_AAA/,46,11
3bd926d5-123f-46ba-bb00-e88a11fb4547,2026-09-24T16:52:52.388192+00:00,1137,1287610,Nirvana Noir,Coming soon,Free,https://store.steampowered.com/app/1287610/Nirvana_Noir/,46,12
3bd926d5-123f-46ba-bb00-e88a11fb4547,2026-09-24T16:52:52.388192+00:00,1138,3107530,Danchi Days,"Oct 29, 2026",Unpriced (Coming Soon),https://store.steampowered.com/app/3107530/Danchi_Days/,46,13
3bd926d5-123f-46ba-bb00-e88a11fb4547,2026-09-24T16:52:52.388192+00:00,1139,2271050,RESISTOR,Coming soon,Free,https://store.steampowered.com/app/2271050/RESISTOR/,46,14
3bd926d5-123f-46ba-bb00-e88a11fb4547,2026-09-24T16:52:52.388192+00:00,1140,4121600,Psychopomp 2,Coming soon,Free,https://store.steampowered.com/app/4121600/Psychopomp_2/,46,15
3bd926d5-123f-46ba-bb00-e88a11fb4547,2026-09-24T16:52:52.388192+00:00,1141,3460960,Echograph,To be announced,Unpriced (Coming Soon),https://store.steampowered.com/app/3460960/Echograph/,46,16
3bd926d5-123f-46ba-bb00-e88a11fb4547,2026-09-24T16:52:52.388192+00:00,1142,3054550,Sil and the Fading World,Coming soon,Free,https://store.steampowered.com/app/3054550/Sil_and_the_Fading_World/,46,17
3bd926d5-123f-46ba-bb00-e88a11fb4547,2026-09-24T16:52:52.388192+00:00,1143,2620450,Highreach,Q4 2026,Unpriced (Coming Soon),https://store.steampowered.com/app/2620450/Highreach/,46,18
3bd926d5-123f-46ba-bb00-e88a11fb4547,2026-09-24T16:52:52.388192+00:00,1144,2706400,A Silent Desolation,Coming soon,Free,https://store.steampowered.com/app/2706400/A_Silent_Desolation/,46,19
3bd926d5-123f-46ba-bb00-e88a11fb4547,2026-09-24T16:52:52.388192+00:00,1145,1918830,The Time I Have Left,To be announced,Unpriced (Coming Soon),https://store.steampowered.com/app/1918830/The_Time_I_Have_Left/,46,20
3bd926d5-123f-46ba-bb00-e88a11fb4547,2026-09-24T16:52:52.388192+00:00,1146,1905580,Kloa - Child of the Forest,2026,Unpriced (Coming Soon),https://store.steampowered.com/app/1905580/Kloa__Child_of_the_Forest/,46,21
3bd926d5-123f-46ba-bb00-e88a11fb4547,2026-09-24T16:52:52.388192+00:00,1147,2790850,Wing Haven,Coming soon,Free,https://store.steampowered.com/app/2790850/Wing_Haven/,46,22
3bd926d5-123f-46ba-bb00-e88a11fb4547,2026-09-24T16:52:52.388192+00:00,1148,2688780,Odd Town,"Oct 15, 2026",Unpriced (Coming Soon),https://store.steampowered.com/app/2688780/Odd_Town/,46,23
3bd926d5-123f-46ba-bb00-e88a11fb4547,2026-09-24T16:52:52.388192+00:00,1149,4628160,Speak,2026,Unpriced (Coming Soon),https://store.steampowered.com/app/4628160/Speak/,46,24
3bd926d5-123f-46ba-bb00-e88a11fb4547,2026-09-24T16:52:52.388192+00:00,1150,2334930,DEEPEST FEAR™,To be announced,Unpriced (Coming Soon),https://store.steampowered.com/app/2334930/DEEPEST_FEAR/,46,25
