appid,evidence_type,date_classification,url,title,snippet,contents_preview,matched_keywords,evidence_score,confidence_label,reason_for_score,query_group
5072600,youtube_video,inside_spike_window,https://www.youtube.com/watch?v=diGhwpzCEwc,Family Time Dev Part 8 - Piggies And Damage Mechanics!,,Wishlist: https://store.steampowered.com/app/5072600/Family_Time/ Try the demo and see more videos here: ...,demo,85,strong,Inside spike window (+30); YouTube (+15); Exact title match (+20); Keywords ['demo'] (+20),
5072600,youtube_video,inside_extended_window,https://www.youtube.com/watch?v=TjPPjFEpJsA,Family Time Dev - Wolf Mama and Chicken Husbandry!,,Wishlist: https://store.steampowered.com/app/5072600/Family_Time/ Try the demo and see more videos here: ...,demo,70,strong,Inside extended window (+15); YouTube (+15); Exact title match (+20); Keywords ['demo'] (+20),
5072600,youtube_video,inside_extended_window,https://www.youtube.com/watch?v=TjPPjFEpJsA,Family Time Dev - Wolf Mama and Chicken Husbandry!,,Wishlist: https://store.steampowered.com/app/5072600/Family_Time/ Try the demo and see more videos here: ...,demo,70,strong,Inside extended window (+15); YouTube (+15); Exact title match (+20); Keywords ['demo'] (+20),
5072600,youtube_video,inside_extended_window,https://www.youtube.com/watch?v=PtlE_h6EqOE,I&#39;M A FATHER?!?!?!?! | Family Time Tech Demo 1,,https://www.patreon.com/AquadudeVT?utm_campaign=creatorshare_creator Creator patreon: ...,demo,70,strong,Inside extended window (+15); YouTube (+15); Exact title match (+20); Keywords ['demo'] (+20),
5072600,youtube_video,inside_extended_window,https://www.youtube.com/watch?v=TjPPjFEpJsA,Family Time Dev - Wolf Mama and Chicken Husbandry!,,Wishlist: https://store.steampowered.com/app/5072600/Family_Time/ Try the demo and see more videos here: ...,demo,70,strong,Inside extended window (+15); YouTube (+15); Exact title match (+20); Keywords ['demo'] (+20),
5072600,youtube_video,inside_extended_window,https://www.youtube.com/watch?v=GtqraRDjiqk,WOLF MAMA | Family Time Tech Demo Episode 2,,wholesome #cute #vtuber #gaming #letsplay #demo #familytime #indiegame #funny #aquadudevt ...,demo,70,strong,Inside extended window (+15); YouTube (+15); Exact title match (+20); Keywords ['demo'] (+20),
5072600,youtube_video,inside_extended_window,https://www.youtube.com/watch?v=PtlE_h6EqOE,I&#39;M A FATHER?!?!?!?! | Family Time Tech Demo 1,,https://www.patreon.com/AquadudeVT?utm_campaign=creatorshare_creator Creator patreon: ...,demo,70,strong,Inside extended window (+15); YouTube (+15); Exact title match (+20); Keywords ['demo'] (+20),
5072600,youtube_video,inside_extended_window,https://www.youtube.com/watch?v=exRQ1jLnRpc,Family Time Development 7/11/26 - Uppies and Food Mechanics!,,Try the demo and see more videos here: https://tinyurl.com/fmlytm.,demo,70,strong,Inside extended window (+15); YouTube (+15); Exact title match (+20); Keywords ['demo'] (+20),
5072600,youtube_video,outside_window,https://www.youtube.com/watch?v=QygSmOeKbJU,Family Time S01 - Trailer,,Anthony and Lisa Stallworth are the parents of a working-class family who suddenly get bumped to the middle-class by a winning ...,trailer,55,medium,YouTube (+15); Exact title match (+20); Keywords ['trailer'] (+20),
5072600,youtube_video,outside_window,https://www.youtube.com/watch?v=Hy56ql96xAU,"Family Time, Announcement!",,https://www.patreon.com/sgthale.,announcement,55,medium,YouTube (+15); Exact title match (+20); Keywords ['announcement'] (+20),
5072600,youtube_video,outside_window,https://www.youtube.com/watch?v=RizyGnn-_lY,Family Time (2023) | Trailer | Tia Kouvo | Tom Wentzel | Leena Uotila | Elina Knihtilä,,Subscribe to get all the latest content https://bit.ly/3mYsgne ▻ About Are you an arthouse film lover and wants to keep updated ...,trailer,55,medium,YouTube (+15); Exact title match (+20); Keywords ['trailer'] (+20),
5072600,youtube_video,outside_window,https://www.youtube.com/watch?v=Hy56ql96xAU,"Family Time, Announcement!",,https://www.patreon.com/sgthale.,announcement,55,medium,YouTube (+15); Exact title match (+20); Keywords ['announcement'] (+20),
5072600,youtube_video,outside_window,https://www.youtube.com/watch?v=Hy56ql96xAU,"Family Time, Announcement!",,https://www.patreon.com/sgthale.,announcement,55,medium,YouTube (+15); Exact title match (+20); Keywords ['announcement'] (+20),
5072600,youtube_video,inside_extended_window,https://www.youtube.com/watch?v=7Tsn6IsHRz8,Family Time Steam Update!,,Wishlist: https://tinyurl.com/ftswldd Play today: tinyurl.com/fmlytm X: https://x.com/DevShinobu.,,50,medium,Inside extended window (+15); YouTube (+15); Exact title match (+20),
5072600,web_result,unknown_date,https://store.steampowered.com/app/5072600/Family_Time,Family Time on Steam,"English

| Interface | Full Audio | Subtitles |
 --- 
| English | ✔ | ✔ | ✔ |

Title: Family Time  
 Genre: Adventure, Casual, Indie, Simulation  

Developer: sgthale

Publisher: sgthale

Release Date: Q1 2027

Discord External   X External   YouTube External   View update history   Read related news   View discussions   Find Community Groups

Embed

Report this Product)

Links & info

This game is not yet available on Steam

# Planned Release Date: Q1 2027 [...] All Games > Indie Games > Family Time

Community Hub

Family Time

Family Time

Family Time

Developer

sgthale

Publisher

sgthale

Release

Q1 2027

Build a family with thousands of wolf children with your own wolf partner!

All Reviews:

No user reviews

Release Date:

Q1 2027

Developer:

sgthale

Publisher:

sgthale

Tags

Popular user-defined tags for this product: [...] Adventure  Casual  Simulation  Colony Sim  Farming Sim  Life Sim  Sandbox  Exploration  Immersive Sim  3D  Cartoon  First-Person  Cartoony  Cozy  Indie  Funny  Emotional  Base Building  Automation  Crafting 

+

Reviews

All Reviews:

No user reviews

Sign in to add this item to your wishlist, follow it, or mark it as ignored

)

Features

Single-player

Family Sharing

Steam is learning about this game   

Languages:

English",,release date,40,medium,Exact title match (+20); Keywords ['release date'] (+20),general
5072600,web_result,unknown_date,https://vimeo.com/856389639,Family Time (2023) – Official Trailer,"This is ""Family Time (2023) – Official Trailer"" by Aurora Studios on Vimeo, the home for high quality videos and the people who love them.",,trailer,40,medium,Exact title match (+20); Keywords ['trailer'] (+20),general
5072600,web_result,unknown_date,https://www.screendaily.com/news/first-trailer-for-tia-kouvos-berlinale-encounters-title-family-time-exclusive/5178649.article,First trailer for Tia Kouvo’s Berlinale Encounters title ‘Family Time’ (exclusive) | News | Screen,"The comedy-drama follows an annual family Christmas get-together that sees the usual tensions rise. It’s based on Kouvo’s s 2018 short of the same name which picked up a special mention at Helsinki International Film Festival (Love & Anarchy).

Family Time is produced by Finland’s Aamu Film Company ( Compartment No. 6, The Happiest Day In The Life Of Olli Mäki) in co-production with Sweden outfits Vilda Bomben Film and Film i Väst.

The Match Factory is handling world sales. [...] 'A Happy Family'

### ‘A Happy Family’: exclusive trailer for first Swiss film in Karlovy Vary main competition

# First trailer for Tia Kouvo’s Berlinale Encounters title ‘Family Time’ (exclusive)

By Ellie Calnan2023-01-31T11:24:00+00:00

Screen can reveal the trailer for Tia Kouvo’s debut feature Family Time which is world premiering at the Berlinale (February 16-26) in the Encounters strand. [...] 2026-08-04T16:16:00Z

By Michael Rosser

'Prosecution'

### German thriller ‘Prosecution’ sets key sales, releases first trailer

2026-07-02T13:30:00Z

By Ben Dalton

### Related articles

Brace Your Heart

### ’Brace Your Heart’ review: Quietly powerful exploration of trauma and community in a remote Swedish mountain village

2026-09-12T23:30:00Z
By Nikki Baughan

Amanda Kernell follows Charter and Sámi Blood with nuanced tale of a female Sámi reindeer herder struggling to make her mark",,trailer,40,medium,Exact title match (+20); Keywords ['trailer'] (+20),general
5072600,web_result,unknown_date,https://www.youtube.com/watch?v=QygSmOeKbJU,Family Time S01 - Trailer,"# Family Time S01 - Trailer
## Kwesé iflix
2790 subscribers
65 likes

### Description
9772 views
Posted: 1 Apr 2019
Anthony and Lisa Stallworth are the parents of a working-class family who suddenly get bumped to the middle-class by a winning lottery ticket. Catch Omar Gooding in this funny family favourite. Four seasons available for free on the Kwesé iflix app.
 
Dig into this and more hilarious local and international sitcoms on Kwesé iflix! [...] Download the Kwesé iflix app for LIVE sports, TV channels, movies, series, reality and kids shows... on your phone!

Google Play: 
or 
Aplle App Store: Search for ""iflix""

### Transcript:",,trailer,40,medium,Exact title match (+20); Keywords ['trailer'] (+20),general
5072600,web_result,unknown_date,https://www.youtube.com/watch?v=RizyGnn-_lY,Family Time (2023) | Trailer | Tia Kouvo | Tom Wentzel | Leena Uotila | Elina Knihtilä,"# Family Time (2023) | Trailer | Tia Kouvo | Tom Wentzel | Leena Uotila | Elina Knihtilä
## The Match Factory
22300 subscribers
56 likes

### Description
33266 views
Posted: 31 Jan 2023
► Subscribe to get all the latest content 

► About
Are you an arthouse film lover and wants to keep updated about great films at first-hand? Then you are at the right channel! [...] We are The Match Factory, a leading world sales company representing director-driven films by critically acclaimed filmmakers like Aki Kaurismäki, Apichatpong Weerasethakul, Fatih Akin, Pablo Larraín and Alice Rohrwacher to mention just a few, as well as young upcoming talents. Our films are regularly presented in festivals all over the world, including Berlinale, Festival de Cannes, Venice Film Festival, Toronto International Film Festival, and have won the most prestigious of awards, such as [...] of awards, such as the Golden Bear, Palm d'Or, Golden Globe and Golden Shell amongst others.",,trailer,40,medium,Exact title match (+20); Keywords ['trailer'] (+20),general
5072600,web_result,unknown_date,https://www.youtube.com/playlist?list=PLreXyMA8japYJKOctxvVlLwcV2Es9Wtqy,Family Time,#FamilyTime returns to Bounce with an all-new season #FamilyTime Season 6 Press Trailer Bounce 24K views,,trailer,40,medium,Exact title match (+20); Keywords ['trailer'] (+20),general
5072600,web_result,unknown_date,https://www.tryazon.com/super-fun-family-time-game-night,Super Fun Family Time Game Night,"Game play is simple! The judge flicks the spinner to see which of the three fun categories to pull a card from that round: Best, Worst, or Funniest. Players do what’s on the card and the judge picks their favorite response. The player to the left becomes the next judge and the family fun continues. [...] The Super Fun Family Time Game from DSS Games is the perfect activity to bring the whole family together without screens. Create memories and start conversations with your kids and teens. There are no winners or losers, just laughs! Play at the family dinner table, on a road trip, at the park, or on a family vacation. Wherever your family time takes you! [...] Tryazon will select 75 hosts for this party opportunity. Those chosen will receive a party pack with a Super Fun Family Time Game to showcase and play with friends and family! Learn more about the game and party by clicking the tabs below!",,showcase,40,medium,Exact title match (+20); Keywords ['showcase'] (+20),general
5072600,web_result,unknown_date,https://www.nintendo.com/us/whatsnew/family-time-is-play-time-with-great-games-and-more-from-nintendo,Family time is play time with great games and more from Nintendo - News - Nintendo Official Site,"You can go brain-to-brain with your kids in four-player\matches to see who gets the highest score in the Big Brain Academy: Brain vs. Brain game. Everyone can play together at varying difficulties, so a kid can hold their own against an adult in this battle of the brains. Want a sneak peek at the game? You can download the free demo to try three activities in Solo and Party mode!

Get the free demo > [...] You can take family game time to a whole new level with great multiplayer games for the Nintendo Switch family of systems. We created a helpful list of ways to play together with family-friendly games like the Mario Party™ Superstars, Big Brain Academy™: Brain vs Brain, Mario Golf: Super Rush, Clubhouse Games™: 51 Worldwide Classics, Just Dance™ 2022, and Mario Kart Live: Home Circuit™ games.

Tell me more! > [...] If you’re planning a gaming session with faraway family and friends, be sure to check out the party game of the year: Mario Party Superstars! You can play tons of minigames in Mario Party mode or in seven different courses in Mt. Minigames. Plus, all modes can be played online. Up to three players can play on one system in online play.",,demo,40,medium,Exact title match (+20); Keywords ['demo'] (+20),general
5072600,web_result,unknown_date,https://store.steampowered.com/app/5072600/Family_Time,Family Time on Steam,"Interested?  
Add to your wishlist and get notified when it becomes available.

View Community Hub

## About This Game

## You're a Father Now

All of a sudden you have to take care of dozens of wolf children! Every night their number grows! Fail to do so and your partner, the Wolf Mama, will kill you! How many can you sustain?

## Shelter Your Family!

Build houses for them, or command them to build them for you!

## Feed your Family!

Farm food for them or go out hunting with them! [...] All Games > Indie Games > Family Time

Community Hub

Family Time

Family Time

Family Time

Developer

sgthale

Publisher

sgthale

Release

Q1 2027

Build a family with thousands of wolf children with your own wolf partner!

All Reviews:

No user reviews

Release Date:

Q1 2027

Developer:

sgthale

Publisher:

sgthale

Tags

Popular user-defined tags for this product: [...] Adventure  Casual  Simulation  Colony Sim  Farming Sim  Life Sim  Sandbox  Exploration  Immersive Sim  3D  Cartoon  First-Person  Cartoony  Cozy  Indie  Funny  Emotional  Base Building  Automation  Crafting 

+

Reviews

All Reviews:

No user reviews

Sign in to add this item to your wishlist, follow it, or mark it as ignored

)

Features

Single-player

Family Sharing

Steam is learning about this game   

Languages:

English",,release date,40,medium,Exact title match (+20); Keywords ['release date'] (+20),general
5072600,web_result,unknown_date,https://www.youtube.com/watch?v=Hy56ql96xAU,"Family Time, Announcement!","### Transcript
[0:00] This is your child. That one, too. And those, too. And all of these other ones.
[0:08] But how did you get here, Papa?
[0:11] Well, you were walking in the wild when suddenly a kimono attacked you. You fought your hardest, but she won.
[0:19] Papa.
[0:20] Naturally, you were cast out from society, and now you must survive in the wild.
[0:27] And that was the exposition for Family Time. [...] [0:32] It's a new game I'm working on, still just barely starting, but there is plenty of cool tech, modeling, and art that I make videos about over on my Patreon.
[0:43] If you're interested, stop [...] # Family Time, Announcement!
## Channel: sgthale - Indie Dev!
111K subscribers
77K likes

### Description
1,388,292 views
Posted: 2026-06-24
  / sgthale",,announcement,40,medium,Exact title match (+20); Keywords ['announcement'] (+20),general
5072600,web_result,unknown_date,https://www.youtube.com/watch?v=PtlE_h6EqOE,I'M A FATHER?!?!?!?! | Family Time Tech Demo 1,"[music] Hey yo, what's up my dudes and dudettes? I am Aqua Dude and welcome to this little tech demo of a game called Family Time. This is a work in progress game. Um yeah, it's um a tech demo. Um and I think it's a I think it's a nice wholesome game. It's basically where you're the father of a bunch of little wolf girl children. Uh and look at that, there's a wolf mama. Wolf mama doesn't do anything yet, but she wants to find chickens for your children. All right. Uh press F to follow. Oh, [...] I'm going to go get your sisters in a second. Um All right. Cuz I'm going down down. Come on. No, no, no, no. Come on. Follow me. Follow me. Oh, they're stuck. They're stuck. Um Okay, well, um that was Family Time uh the tech demo. And um uh I got to say I quite like it and uh as of right now um well, I mean, of course there's definitely things that need work. Um but again, it's just a demo, so I ain't too mad about it. Um but uh yeah, um if you want to um uh support the creator, um uh I guess [...] um uh I guess I will link the Patreon in the description. Um Also, make sure to join my Patreon. I'll link that in the description as well. And you know the good stuff. If you enjoyed, make sure to like, comment, subscribe, and stick around for when I play uh the full game whenever that releases. Um, but yeah. So, anyways, that's all for this episode of Family Time. There will be more uh whenever more demos and stuff come out and whenever the full game releases. But, uh Yeah, anyways, thank you",,demo,40,medium,Exact title match (+20); Keywords ['demo'] (+20),general
5072600,web_result,unknown_date,https://sgthale.itch.io/family-time/devlog/1581003/family-time-devblog-71026-uppies-and-food-mechanics,Family Time DevBlog 7/10/26 - Uppies and Food Mechanics! - Family Time by sgthale,"23 days ago
 Family Time DevBlog 7/10/26 - Chickens and Hunger!

  30 days ago
 Family Time DevBlog 7/3/26 - Chickens and Hunger!

  72 days ago

## Comments

Log in with itch.io to leave a comment.

luoka23 days ago

could we have a demo version to play?

Reply

sgthale3 days ago

yes very soon!

Reply

Anubka61 days ago

Question. Does any of characters have canon names? Like player and uh, her?

Reply

sgthale59 days ago

not yet

Reply

Scp GUEST63 days ago [...] View all by sgthalesgthale
 Follow sgthaleFollowFollowing sgthaleFollowing
 Add To CollectionCollection
 Community
 Devlog

Family Time

# Family Time

# Family Time DevBlog 7/10/26 - Uppies and Food Mechanics!

Family Time » Devlog

65 days ago by sgthale (@devshinobu)

Share this post:

Share on BlueskyShare on TwitterShare on Facebook

(

### Family Time

Take care of thousands of your wolf children!

Add Game To Collection [...] |  |  |
 --- |
| Status | Released |
| Author | sgthale |
| Genre | Simulation, Role Playing |
| Tags | Animals, Anime, Cozy, Cute, Physics, Singleplayer, Slice Of Life, Unity |

### More posts

 Family Time Now On Steam for Wishlists!

  2 days ago
 Family Time DevBlog 8/01/26 - Building and Sleeping!

  9 days ago
 Family Time DevBlog 7/15/26 - Commands And Digging!

  16 days ago
 Family Time DevBlog 7/11/26 - Uppies and Food Mechanics!",,demo,40,medium,Exact title match (+20); Keywords ['demo'] (+20),general
5072600,web_result,unknown_date,https://store.steampowered.com/app/5072600/Family_Time,Family Time on Steam,"All Games > Indie Games > Family Time

Community Hub

Family Time

Family Time

Family Time

Developer

sgthale

Publisher

sgthale

Release

Q1 2027

Build a family with thousands of wolf children with your own wolf partner!

All Reviews:

No user reviews

Release Date:

Q1 2027

Developer:

sgthale

Publisher:

sgthale

Tags

Popular user-defined tags for this product: [...] English

| Interface | Full Audio | Subtitles |
 --- 
| English | ✔ | ✔ | ✔ |

Title: Family Time  
 Genre: Adventure, Casual, Indie, Simulation  

Developer: sgthale

Publisher: sgthale

Release Date: Q1 2027

Discord External   X External   YouTube External   View update history   Read related news   View discussions   Find Community Groups

Embed

Report this Product)

Links & info

This game is not yet available on Steam

# Planned Release Date: Q1 2027 [...] Adventure  Casual  Simulation  Colony Sim  Farming Sim  Life Sim  Sandbox  Exploration  Immersive Sim  3D  Cartoon  First-Person  Cartoony  Cozy  Indie  Funny  Emotional  Base Building  Automation  Crafting 

+

Reviews

All Reviews:

No user reviews

Sign in to add this item to your wishlist, follow it, or mark it as ignored

)

Features

Single-player

Family Sharing

Steam is learning about this game   

Languages:

English",,release date,40,medium,Exact title match (+20); Keywords ['release date'] (+20),general
5072600,web_result,unknown_date,https://www.patreon.com/sgthale/posts/family-time-161995291,"Family Time, Announcement! | sgthale","New

June 24

_The first juicy development blog drops on Friday!_ I've been working hard alongside on MyRobot patches to get this video finally out!

I will be continuing the weekly routine and posting videos, blogs, and most importantly DEMOS here for members.

Please look forward to it! And comment below for any questions you may have!

First playable demo ETA? 1 month.

265

26

Share

  

## 26 comments

Image 18

Comment Field

Image 19

Blue Demon

·

3mo

Yay another Dad simulator!!! [...] mobz

·

2mo

this looks really neat!! i am excited for the future of this game! also, i'm curious, is generative AI used at any point during production? thank you!!

2

1

Image 34

sgthale

AUTHOR

·

2mo

yes

4

Collapse replies

Load more comments

Watch the videos you love from anywhere.

Open app

## Related posts

Image 35

Locked

### Family Time Development Part 2 - The Tech and Food

June 26

35

6

Image 36

Locked

### Family Time Development Part 3 - Chickens and Hunger

July 3",,"demo, announcement",40,medium,"Exact title match (+20); Keywords ['demo', 'announcement'] (+20)",general
5072600,web_result,unknown_date,https://tvseriesfinale.com/tv-show/family-time,"Family Time TV Show on Bounce TV (Cancelled or Renewed?) - canceled + renewed TV shows, ratings - TV Series Finale","# canceled + renewed TV shows, ratings - TV Series Finale

canceled + renewed TV shows, ratings - TV Series Finale

# Family Time

Family Time TV show on Bounce TV: canceled or renewed?

Family Time TV show on Bounce TV: canceled or renewed?

Network: Bounce TV.   
Episodes: Ongoing (half-hour).   
Seasons: Ongoing.

TV show dates: June 18,2 012 — present.   
Series status: Has not been cancelled. [...] ##### In the Cut: Season Five: Bounce Barbershop Comedy Series Returns

Family Time TV show on Bounce TV: canceled or renewed?

##### Family Time: Season Six; Bounce Sitcom Returning in October

Grown Folks TV show on Bounce: canceled or season 2? (release date); Vulture Watch

##### Family Time, Grown Folks: Ratings for Bounce TV Shows Are Up

Grown Folks TV show on Bounce: canceled or renewed?

##### Grown Folks

Living Single TV show on FOX: canceled or renewed? [...] ##### Living Single, Family Time, Grown Folks: Bounce TV Announces Fall Premieres

Bounce TV logo

##### Grown Folks: Bounce Orders New Sitcom for This Fall

In the Cut TV show on Bounce TV: canceled or renewed?

##### Saints & Sinners, Family Time, In the Cut: Bounce TV Shows Renewed

##### Family Time: Bounce TV Comedy Series Returns Next Week

In the Cut TV show on Bounce TV: season 2 (canceled or renewed?).

##### In the Cut: Bounce Series Adds Bernie Mac Show Vet; Premieres July 5th",,release date,40,medium,Exact title match (+20); Keywords ['release date'] (+20),general
5072600,web_result,unknown_date,https://www.youtube.com/watch?v=Hy56ql96xAU,"Family Time, Announcement!","# Family Time, Announcement!
## Channel: sgthale - Indie Dev!
111K subscribers
77K likes

### Description
1,388,292 views
Posted: 2026-06-24
  / sgthale [...] ### Transcript
[0:00] This is your child. That one, too. And those, too. And all of these other ones.
[0:08] But how did you get here, Papa?
[0:11] Well, you were walking in the wild when suddenly a kimono attacked you. You fought your hardest, but she won.
[0:19] Papa.
[0:20] Naturally, you were cast out from society, and now you must survive in the wild.
[0:27] And that was the exposition for Family Time. [...] [0:32] It's a new game I'm working on, still just barely starting, but there is plenty of cool tech, modeling, and art that I make videos about over on my Patreon.
[0:43] If you're interested, stop",,announcement,40,medium,Exact title match (+20); Keywords ['announcement'] (+20),general
5072600,web_result,unknown_date,https://sgthale.itch.io/myrobot/devlog/1563286/family-time-announcement,"Family Time, Announcement! - MyRobot (Now on Steam!) by ...","Share this post:

Share on Bluesky%0Ahttps%3A%2F%2Fsgthale.itch.io%2Fmyrobot%2Fdevlog%2F1563286%2Ffamily-time-announcement ""Share on Bluesky..."")Share on Twitter&via=devshinobu&hashtags=indiegames ""Share on Twitter..."")Share on Facebook&app_id=537395183072744&href=https%3A%2F%2Fsgthale.itch.io%2Fmyrobot%2Fdevlog%2F1563286%2Ffamily-time-announcement&display=popup ""Share on Facebook..."")

## Get MyRobot (Now on Steam!)

Download NowName your own price

### MyRobot (Now on Steam!) [...] View all by sgthalesgthale
 Follow sgthaleFollowFollowing sgthaleFollowing
 Add To CollectionCollection
 Comments
 Devlog
 Related gamesRelated

MyRobot (Now on Steam!)

# MyRobot (Now on Steam!)

# Family Time, Announcement!

MyRobot (Now on Steam!) » Devlog

81 days ago by sgthale (@devshinobu)

Share this post: [...] May 09, 2026
 MyRobot DevBlog 4/1/26 - Post Launch Steam Work

  Apr 30, 2026
 Steam Launch!

  Mar 28, 2026
 Steam Release!

  Mar 27, 2026
 MyRobot DevBlog 1/28/26 - Teasing Behaviors!

  Mar 11, 2026
 MyRobot DevBlog 1/14/26 - Quality of Life

  Mar 05, 2026

See all posts

## Comments

Log in with itch.io to leave a comment.

Erack29 days ago

itch.io·View all by sgthale·Report;)

MyRobot (Now on Steam!) › Blog",,announcement,40,medium,Exact title match (+20); Keywords ['announcement'] (+20),general
5072600,web_result,unknown_date,https://www.patreon.com/sgthale/posts/family-time-161995291,"Family Time, Announcement! | sgthale on Patreon","Join for free

Log in

   Home
   Posts
   Collections
   Chats
   Membership

Video 1

Image 13

0:45 

0:00 / 0:46

Image 14Image 15Image 16

Get more from sgthale

Join to get free updates and posts delivered right to your inbox.

Join for free

Join for free

Get free updates and posts delivered right to your inbox.

Join

Join

# Family Time, Announcement!

Image 17: Creator profile picture

### sgthale

June 24

New

265

26

Share

# Family Time, Announcement!

New

June 24 [...] mobz

·

2mo

this looks really neat!! i am excited for the future of this game! also, i'm curious, is generative AI used at any point during production? thank you!!

2

1

Image 34

sgthale

AUTHOR

·

2mo

yes

4

Collapse replies

Load more comments

Watch the videos you love from anywhere.

Open app

## Related posts

Image 35

Locked

### Family Time Development Part 2 - The Tech and Food

June 26

35

6

Image 36

Locked

### Family Time Development Part 3 - Chickens and Hunger

July 3 [...] 10

1

Image 27

sgthale

AUTHOR

·

3mo

Come to the right place!

6

Collapse replies

Image 28

Agent Ice

·

3mo

Kemono Friends? No... Kemono Family!

10

Image 29

Image 30

Yulha's Malewife

·

3mo

Joined to support. The child army reminds me of Patapon and I cannot wait to lead my family towards global conquest.

3

Image 31

Alexis Ramirez

·

2mo

😈😏

3

Image 32

Glavos

·

3mo

Not what I expected but...Interesting

2

Image 33

mobz

·

2mo",,announcement,40,medium,Exact title match (+20); Keywords ['announcement'] (+20),general
5072600,web_result,unknown_date,https://www.youtube.com/watch?v=QygSmOeKbJU,Family Time S01 - Trailer,"# Family Time S01 - Trailer
## Kwesé iflix
2790 subscribers
65 likes

### Description
9772 views
Posted: 1 Apr 2019
Anthony and Lisa Stallworth are the parents of a working-class family who suddenly get bumped to the middle-class by a winning lottery ticket. Catch Omar Gooding in this funny family favourite. Four seasons available for free on the Kwesé iflix app.
 
Dig into this and more hilarious local and international sitcoms on Kwesé iflix! [...] Download the Kwesé iflix app for LIVE sports, TV channels, movies, series, reality and kids shows... on your phone!

Google Play: 
or 
Aplle App Store: Search for ""iflix""

### Transcript:",,trailer,40,medium,Exact title match (+20); Keywords ['trailer'] (+20),general
5072600,web_result,unknown_date,https://www.youtube.com/playlist?list=PLreXyMA8japYJKOctxvVlLwcV2Es9Wtqy,Family Time,"#FamilyTime Season 6 Press Trailer. Bounce. 24K views • 7 years ago. 0:18 ... Family Time - Season Premiere BTS featuring Tameka ""Tiny"" Harris. Bounce. 19K",,trailer,40,medium,Exact title match (+20); Keywords ['trailer'] (+20),general
5072600,web_result,unknown_date,https://www.youtube.com/watch?v=RizyGnn-_lY,Family Time (2023) | Trailer | Tia Kouvo | Tom Wentzel | Leena ...,"We are The Match Factory, a leading world sales company representing director-driven films by critically acclaimed filmmakers like Aki Kaurismäki, Apichatpong Weerasethakul, Fatih Akin, Pablo Larraín and Alice Rohrwacher to mention just a few, as well as young upcoming talents. Our films are regularly presented in festivals all over the world, including Berlinale, Festival de Cannes, Venice Film Festival, Toronto International Film Festival, and have won the most prestigious of awards, such as [...] # Family Time (2023) | Trailer | Tia Kouvo | Tom Wentzel | Leena Uotila | Elina Knihtilä
## The Match Factory
22300 subscribers
56 likes

### Description
33266 views
Posted: 31 Jan 2023
► Subscribe to get all the latest content 

► About
Are you an arthouse film lover and wants to keep updated about great films at first-hand? Then you are at the right channel! [...] of awards, such as the Golden Bear, Palm d'Or, Golden Globe and Golden Shell amongst others.",,trailer,40,medium,Exact title match (+20); Keywords ['trailer'] (+20),general
5072600,youtube_video,outside_window,https://www.youtube.com/watch?v=nrMaCkn0k-0,#FamilyTime Season 6 Press Trailer,,Here's a sneak peek of what to expect this season on Bounce's hit sitcom #FamilyTime!,trailer,35,medium,YouTube (+15); Keywords ['trailer'] (+20),
5072600,social_post,unknown_date,https://www.tiktok.com/discover/singing-in-front-of-family-1st-time,Singing in Front of Family 1st Time | TikTok,"# Singing in Front of Family 1st Time. Experience the joy of singing in front of family for the first time with tips from talented singers and heartfelt family moments! ""singing in front of family tips"", "" first time singing family reactions"", "" talented singers performing"". ## Experience the joy of singing in front of family for the first time with tips from talented singers and heartfelt family moments! ""singing in front of family tips"", "" first time singing family reactions"", "" talented singers performing"". singing in front of mom, son surprises mom singing, mom reaction first time singing, family singing moment, heartwarming surprise, surprise singing video, viral singing reaction, special family moment, emotional singing reveal, cute family bonding. Singing first time in front of my family to get their reaction #singing #cover #fyp #viral. Jake's Golden Hour, Singing Surprise for Mom, New York Youth Symphony, debut album, heartwarming reaction, emotional performance, family reactions, Golden Hour song, TV debut, Golden Hour singer, family surprises. Discover the touching moment when a family uncovers their son's incredible singing ability for the first time. hidden singing talent revelation family karaoke experience singing skills discovery son sings for first time unexpected singing ability. Watch as she unveils her hidden singing talent in front of her family for the first time! singing in front of family, hidden singing talent, surprising singing moments, vocal singing performance, singing videos to family, first time singing, Talented TikTok singers, emotional family singing, Hailey Baylee singing, surprise family performance. singing for the first time, singing challenge, TikTok artists, family dinner, conquering fears, talent showcase, first time performance, musical debut, overcoming stage fright, supportive audience. Watch as I sing in front of my family for the first time, with my momma as my biggest supporter! singing in front of family, first time singing, supportive family, CODSquadUp, heartwarming surprise, family love, singing performance, 2022, family support, special moment. family karaoke moments 2026, emotional family reactions, singing I will always love you, new year family traditions, karaoke family bonding, heartfelt karaoke performances, fun family celebrations, new year emotional moments, tender family interactions, karaoke night highlights. ### Related to Singing in Front of Family 1st Time.",,showcase,25,weak,Social Index (+5); Keywords ['showcase'] (+20),social
5072600,social_post,unknown_date,https://www.tiktok.com/discover/singing-for-the-first-time-in-front-of-family,Singing for The First Time in Front of Family | TikTok,"Singing for The First Time in Front of Family | TikTok. Singing for The First Time in Front of Family. Watch as we sing our mom's favorite song for the first time, surprising her and capturing her emotional reaction. singing mom surprise, family reactions, emotional mother's day surprise, surprise song for mom, heartwarming family moment, siblings singing together, mother's favorite song reaction, family emotional reaction, surprise singing video, emotional family surprise. Singing first time in front of my family to get their reaction #singing #cover #fyp #viral. Watch the adorable moment when a son surprises his mom with his singing skills for the first time. singing in front of mom, son surprises mom singing, mom reaction first time singing, family singing moment, heartwarming surprise, surprise singing video, viral singing reaction, special family moment, emotional singing reveal, cute family bonding. Watch as she unveils her hidden singing talent in front of her family for the first time! singing in front of family, hidden singing talent, surprising singing moments, vocal singing performance, singing videos to family, first time singing, Talented TikTok singers, emotional family singing, Hailey Baylee singing, surprise family performance. Discover the touching moment when a family uncovers their son's incredible singing ability for the first time. hidden singing talent revelation family karaoke experience singing skills discovery son sings for first time unexpected singing ability. 1st time singing in front of my family I was super nervous 😩. singing for the first time for my family and friends ❤️❤️ #fyp #foryou #singingchallenge #TikTokArtists #FamilyDinner First Time Singing in Front of Family and Friends. singing for the first time, singing challenge, TikTok artists, family dinner, conquering fears, talent showcase, first time performance, musical debut, overcoming stage fright, supportive audience. Watch as I sing in front of my family for the first time, with my momma as my biggest supporter! singing in front of family, first time singing, supportive family, CODSquadUp, heartwarming surprise, family love, singing performance, 2022, family support, special moment. ### Related to Singing for The First Time in Front of Family. ### Related to Singing for The First Time in Front of Family.",,showcase,25,weak,Social Index (+5); Keywords ['showcase'] (+20),social
5072600,social_post,unknown_date,https://www.instagram.com/p/DdMEjF9RHlb,Instagram,"Family time is the best time. ❤️  
  
Nothing better than making memories with the people you love.  
  
What are your favorite things to do together as a family? 👇  
  
#FamilyTime #MakingMemories #GrandmaLife ❤️

serenabarrera4's profile picture

serenabarrera4

Children or grandchildren?

Reply

kickinfour's profile picture

kickinfour

Awesome Family ❤️❤️

1 like

Reply

harry.davyguerrero's profile picture

harry.davyguerrero

❤️🙌🔥

1 like

Reply

juanky_rm's profile picture

juanky\_rm [...] 8 likes

Reply

catwoman361's profile picture

catwoman361

You and your sister are very lucky to have each other. Both of you are beautiful girls.

7 likes

Reply

amalfapeter's profile picture

amalfapeter

Great Photo ❤️❤️❤️❤️ Love this ❤️❤️❤️❤️❤️

6 likes

Reply

oliviawilliams5701's profile picture

oliviawilliams5701

Beautiful eyes ❤️

5 likes

Reply

amelia664137's profile picture

amelia664137

##💋🎁🌹

7 likes

Reply

haroldguerrero657's profile picture

haroldguerrero657

❤️🙌🔥 [...] juanky\_rm

Alegria

2 likes

Reply

fred79929's profile picture

fred79929

Loving the content! Single old trucker looking for a partner to share the journey

2 likes

Reply

harolddavid989's profile picture

harolddavid989

❤️🙌🔥

2 likes

Reply

lamarguy40's profile picture

lamarguy40

Beautiful 🙂🌹❤️

2 likes

Reply

nami_samantha's profile picture

nami\_samantha

😍😍😍😍😍

7 likes

Reply

wierdanatalie's profile picture

wierdanatalie

Erin & Diane 😀😀

8 likes

Reply",,,25,weak,Social Index (+5); Exact title match (+20),social
5072600,social_post,unknown_date,https://www.instagram.com/familytime___,Family Time (@familytime___) • Instagram photos and videos,"Photo by Family Time on May 26, 2022.

Video by Family Time on May 22, 2022.

Video by Family Time on May 20, 2022.

Photo by Family Time on May 20, 2022.

Video by Family Time on May 19, 2022.

Video by Family Time on May 19, 2022.

Photo by Family Time on May 18, 2022.

Show more posts from familytime\_\_\_ [...] Log In

Sign Up

 1,861 followers
 263 following

Family Time

𝑻𝒉𝒆 𝑮𝒐𝒍𝒅𝒆𝒏 𝒀𝒆𝒂𝒓𝒔 out now!

ffm.bio/familytime

 familytime___'s highlight story picture

  Live!
 familytime___'s highlight story picture

  The Quintet
 familytime___'s highlight story picture

  The Films

Video by Family Time on January 23, 2024.

Photo by Family Time on October 28, 2022.

Photo by Family Time on August 10, 2022.

Photo by Family Time on July 07, 2022.

Photo by Family Time on June 06, 2022.",,,25,weak,Social Index (+5); Exact title match (+20),social
5072600,social_post,unknown_date,https://www.instagram.com/familytimevlogs,Family Time Vlogs (@familytimevlogs) • Instagram photos and videos,"familytimevlogs's highlight story picture
familytimevlogs's highlight story picture
familytimevlogs's highlight story picture
Photo by Family Time Vlogs on September 14, 2026.
Video by Family Time Vlogs on September 13, 2026. May be an image of airplane and text.
Video by Family Time Vlogs on September 05, 2026. May be a cartoon of text that says 'wer the dingus... for μου.'.
Photo by Family Time Vlogs on August 27, 2026.
Photo by Family Time Vlogs on August 24, 2026. [...] Video by Family Time Vlogs on August 01, 2026. May be an image of covered bridge, barn and text.
Video by Family Time Vlogs on July 24, 2026. May be an image of elephant and text.
Video by Family Time Vlogs on July 07, 2026. May be an image of heart. [...] Video by Family Time Vlogs on August 23, 2026. May be an image of signboard and text that says 'Thank Thankyou you for Visiting! Please come back again soon, Thank Thankyou you for Visiting! again ckagainsoon soon. back backagain Please come LD.TOWN OLD.TOWN OLD TOWN'.
Photo by Family Time Vlogs on August 20, 2026.
Photo by Family Time Vlogs on August 11, 2026.
Photo by Family Time Vlogs on August 10, 2026.",,,25,weak,Social Index (+5); Exact title match (+20),social
5072600,social_post,unknown_date,https://familytimeinc.com/about,About - FamilyTime,"Family Time currently operates the parent-child program at the Ruth & Edward Taubman Early Childhood Center in Boca Raton, Florida. Karen’s influence in the field of parent-child programs can be seen throughout the public and private sectors where Karen has developed award-winning programs for public schools, faith-based programs, hospitals, and private for-profit centers. [...] Karen Deerwester is the owner of Family Time Coaching & Consulting, inspiring and supporting parents and professionals in all aspects of “living with children”. Karen is the author of The Entitlement-Free Child (Sourcebooks 2009), The Playskool Guide to Potty Training (Sourcebooks 2008) and The Potty Training Answer Book (Sourcebooks 2007) which won the 2008 NAPPA Gold Award for parenting resources. Karen also hosts the weekly podcast for parents, See Me Hear Me Love Me, where parents share [...] karen@familytimeinc.com  |      |

Search...

# About

The mission of Family Time Inc. is to be a leader in parent/child development by providing resources and decision-making strategies to parents and to the professionals who support families. We strive to create a vision of family life that sustains personal growth, joy and a better world for us all.",,,25,weak,Social Index (+5); Exact title match (+20),social
5072600,social_post,unknown_date,https://www.ft360.org,Family Time |,"(1)"")

Since 1998 Family Time, Inc. has provided social services to families and children.  By providing essential services and fostering a supportive atmosphere, the organization helps to alleviate the burdens faced by many families. These efforts contribute to a resilient and inclusive society and an increasingly connected and collaborative community where individuals and families are empowered to overcome challenges, gain successes, and achieve their fullest potential.

### Our Vision [...] ### About Us

Family Time is committed to supporting and uplifting the communities we serve. By employing a diverse team of professionals, we ensure that our services are both comprehensive and tailored to meet the unique needs of each family.  You can learn more about our agency here.

### Community Resources [...] Home-Based Casework
 Supervised Parenting Time
 Home-Based Therapy
 Fatherhood Engagement
 Parenting Education
 Family Preservation

Continue reading to learn more about the details of the services that we offer to support families in achieving identified goals.

You can download our brochure here.

Click here to learn more about our sites in Jeffersonville, New Albany, and Charlestown.

#### Comments or Concerns?",,,25,weak,Social Index (+5); Exact title match (+20),social
5072600,social_post,unknown_date,https://parentpower.planetyouth.ie/family-time,Family Time,"Skip to content

[](

[](

# Family Time

Our time is one of the greatest gifts we can give our children and setting time aside each day creates the opportunity and space to chat with them and listen to what they have to say.

Here are just a few good reasons why this is so important:

 It strengthens family bonds
 It improves communication
 It builds children’s self esteem
 It develops positive behaviours
 It can help your child to do better in school",,,25,weak,Social Index (+5); Exact title match (+20),social
5072600,social_post,unknown_date,https://www.casey.org/family-time,The Benefits of Family Time – Casey Family Programs,"Family time is essential for healthy child development, especially for children in foster care, as it helps to maintain parent-child attachment, reduce a child’s sense of abandonment, and preserve a sense of belonging as part of a family and community. Family time offers reassurance for children and their parents, opportunities to strengthen cultural and kinship connections, and motivation for parents to enroll in treatment or meet other permanency plan requirements. Although there is no [...] Family time should occur in places that provide as homelike and familiar of a setting as possible, while also maintaining safety. The visiting space should be comfortable, clean, relatively quiet, and include age-appropriate toys and activities. While many families meet in child protection agency offices, many jurisdictions are moving away from such sterile settings, instead hosting family time in the homes of birth parents, relatives, or foster parents, or at community centers, libraries, [...] While most agency policies, state laws, and court decisions have focused on family visits or visitation, “family time” and “family connection” are more appropriate terms and goals. “Visits” and “visitation” are terms more often associated with hospitals, prisons, treatment facilities, or other involuntary settings. Family time and family connection, on the other hand, reflect positive connotations and values, including that time spent with family members is fundamental.",,,25,weak,Social Index (+5); Exact title match (+20),social
5072600,social_post,unknown_date,https://wordpress.miracosta.edu/fmurillo/2014/11/22/the-importance-of-family-time,The importance of family time,"Ferny's Site

""Each child is unique and the protagonist of his or her own growth"".

Skip to content

   Home
   Bibliography
   Members
   Sample Page
   Schedule

Image 1

← Week #14 November 17-November 21 Planning Activities

Week #15 November 24 – November 26 Planning Activities →

# The importance of family time

Posted onNovember 22, 2014|Leave a comment

# Image 2: 413BqyG2tXL._SY300_

# Family time brings families closer [...] #### Spending time together as a family helps busy parents reconnect with their children. Children tend to share more information about their lives while enjoying an activity with you rather than when you ask them “What did you do today?” It is also a time when life lessons, like sharing, fairness and compassion, can be reinforced without conflict. Children grow and change quickly, so family time is a wonderful time to get to know your child better. [...] Proudly powered by WordPress. Theme: Coraline by WordPress.com.",,,25,weak,Social Index (+5); Exact title match (+20),social
5072600,web_result,unknown_date,https://sgthale.itch.io/family-time/devlog/1660825/family-time-now-on-steam-for-wishlists,Family Time Now On Steam for Wishlists! - Family Time by sgthale,"|  |  |
 --- |
| Status | Released |
| Author | sgthale |
| Genre | Simulation, Role Playing |
| Tags | Animals, Anime, Cozy, Cute, Physics, Singleplayer, Slice Of Life, Unity |

### More posts

 Family Time DevBlog 8/01/26 - Building and Sleeping!

  12 days ago
 Family Time DevBlog 7/15/26 - Commands And Digging!

  19 days ago
 Family Time DevBlog 7/11/26 - Uppies and Food Mechanics!

  26 days ago
 Family Time DevBlog 7/10/26 - Chickens and Hunger! [...] View all by sgthalesgthale
 Follow sgthaleFollowFollowing sgthaleFollowing
 Add To CollectionCollection
 Community
 Devlog

Family Time

# Family Time

# Family Time Now On Steam for Wishlists!

Family Time » Devlog

5 days ago by sgthale (@devshinobu)

Share this post:

Share on BlueskyShare on TwitterShare on Facebook

(

### Family Time

Take care of thousands of your wolf children!

Add Game To Collection [...] 33 days ago
 Family Time DevBlog 7/10/26 - Uppies and Food Mechanics!

  68 days ago
 Family Time DevBlog 7/3/26 - Chickens and Hunger!

  75 days ago

## Comments

Log in with itch.io to leave a comment.

Thebadnews2 days ago

damn i thought this would be more popular. Looks great :)

itch.io·View all by sgthale·Report;)

Family Time › Blog",,,20,weak,Exact title match (+20),general
5072600,web_result,unknown_date,https://medium.com/connected-parenting/how-to-make-gaming-time-family-time-637b8aed130c,Medium,"Don’t despair. I learned from my parent friends that there’s more than one way you can bond with your kids through games. It’s great if you can play together, but you can also cheerlead, support, and compromise.

## Play Together

After dinner, the homework is done. Let’s play some games and have some bonding time! I could either go get locked up in the things I’d like to do, or I could use this time as an opportunity to play with my kids. And that’s how I view our gaming time, as family time. [...] When his daughters were younger, they played Rock Band and Mario Kart together, and his younger daughter had a Minecraft phase. These days she’s more into YouTube and creating videos, and when they play together it’s most likely going to be card games. Steve describes card game nights as “high quality family time.” He’s given up on getting his girls into his games, and bonding time means watching TV shows together. “I’m a pushover. I’ll defer to whatever they want to watch.” He’s watching The [...] Sign up

Sign in

Sign up

Sign in

Unknown user

## Connected Parenting

Connected Parenting

Connected Parenting is a resource for parents who want the Internet and online games to be a force for good in the lives of their kids. We offer practical tips, expert perspectives, and parenting stories to help families reach their full potential in today’s connected world.

# How to Make Gaming Time Family Time

Mimi Ito

--

Listen

Share",,,20,weak,Exact title match (+20),general
5072600,web_result,unknown_date,https://www.game-seeker.com/products/demo-time-together-family,DEMO - Time Together-Family – Game Seeker,"Skip to content 

Game Seeker

Log in  Cart

  

## Item added to your cart

View cart

Skip to product information 

 

1  /  of 1

Game Seeker

# DEMO - Time Together-Family

## DEMO - Time Together-Family

Regular price  $16.99 USD

Regular price   Sale price  $16.99 USD

 Sale   Sold out

Quantity

Couldn't load pickup availability

     Share    View full details

DEMO - Time Together-Family

 Choosing a selection results in a full page refresh.
 Opens in a new window.",,demo,20,weak,Keywords ['demo'] (+20),general
5072600,web_result,unknown_date,https://en.wikipedia.org/wiki/Family_Time_(TV_series),Family Time (TV series) - Wikipedia,"| Production companies |  Bent Outta Shape Productions  3G Films  Harvest Studios  Bounce Original Production |
| Original release |
| Network | Bounce TV |
| Release | June 18, 2012 (2012-06-18) – December 16, 2020 (2020-12-16) | [...] Family Time is an American television sitcom that was created by Bentley Kyle Evans, and aired on Bounce TV from June 18, 2012, to December 16, 2020. It stars Omar Gooding and Angell Conwell as Anthony and Lisa Stallworth, a working-class family bumped to the middle class by a winning lottery ticket. It was the first original series for the network. [...] | Season | Episodes | Originally released |
 --- 
| First released | Last released |
| 1) | 6 | June 18, 2012 (2012-06-18) | July 23, 2012 (2012-07-23) |
| 2) | 10 | October 14, 2014 (2014-10-14) | December 14, 2014 (2014-12-14) |
| 3) | 10 | October 6, 2015 (2015-10-06) | December 8, 2015 (2015-12-08) |
| 4) | 13 | October 4, 2016 (2016-10-04) | December 27, 2016 (2016-12-27) |
| 5) | 13 | October 2, 2017 (2017-10-02) | December 18, 2017 (2017-12-18) |",,,20,weak,Exact title match (+20),general
5072600,web_result,unknown_date,http://www.thefutoncritic.com/showatch/family-time,Shows A-Z - family time on bounce tv | TheFutonCritic.com,"on the new Bounce TV original series ""Mann & Wife"" will begin in November. | | [09/22/14 - 08:44 AM] Bounce TV Sets Second Season Premiere Date for ""Family Time"": Tues. Oct. 14 @ 10:00 p.m. ET Plus: Bounce TV will encore the first season on Tuesday nights from 10:00-11:00 p.m. (ET) with two-episodes back-to-back starting September 23. | | [05/05/14 - 07:53 AM] Bounce TV Announces New Series & Series Renewals Newcomers ""Mann & Wife"" and ""Sisters"" will join returning series ""Family Time"" and ""Off [...] Bounce TV's press release, August 2020) The new season of Family Time, Bounce's longest-running original series, will bow this October and will see Tony (Omar Gooding, Jr.) and Lisa (Angell Conwell) dealing with all the good and the bad that comes with being empty nesters. | | PRINCIPAL CAST INFORMATION:  · Angell Conwell as Lisa · Bentley Kyle Evans, Jr. as Devin · Jayla Calhoun as Ebony · Omar Gooding as Anthony | | CREW INFORMATION:  · Bentley Kyle Evans as CRTR/EP · Trenten Gumbs as EP | | [...] ""Family Time"" Premieres Mon. Oct. 1 at 9/8c New season six episodes will debut on Bounce Monday nights this fall and will also be available on Tuesdays on the popular subscription video-on-demand service Brown Sugar, along with complete seasons one through five. | | [10/12/17 - 06:01 AM] Ratings Up for ""Family Time"" and ""Grown Folks,"" New Episodes Premiere Monday Nights at 9:00/9:30 p.m. ET/PT on Bounce Bounce TV spins the numbers for the season to date. | | [09/21/17 - 02:20 PM] Bounce Sets",,,20,weak,Exact title match (+20),general
5072600,web_result,unknown_date,https://www.youtube.com/watch?v=ReGlfTfIYZ4,Family Time Season 4 Sneak Peek,"two. And I'm happy to be a part of the Bounce family, and I'm happy that Family Time is doing well, and people are receiving it well. So, here we are, and we're glad that everybody is embracing us. I got one word for you. Haircut. That's all everyone's doing it nowadays. You ain't seen the weak ass hair yet? Yeah, I've seen his hair. And I know why he can't feel his face. It's an all new season of Family Time starring Omar Gooding and Angel Conwell. Premieres October 4th 9/8 Central only on [...] # Family Time Season 4 Sneak Peek
## Bounce
36700 subscribers
230 likes

### Description
44937 views
Posted: 23 Sep 2016
Here is a look at what you can expect this season on #Family Time! Check out the season premiere October 4th at 9/8c, only on Bounce TV. [...] 9/8 Central only on Bounce. TV our way.",,,20,weak,Exact title match (+20),general
5072600,web_result,unknown_date,https://www.bouncetv.com/show/family-time/21528,Bounce - Family Time,"Bentley Kyle Evans, Jr. began his professional acting career on the series Love That Girl! (2012), which quickly led to more roles on series such as Fishbowls Are Definitely My Thing (2014).

### Jayla Calhoun [...] X

Family Time follows the lives of the Stallworth family who relocated to the suburbs after hitting the lottery. High school sweethearts Tony (Omar Gooding) and Lisa (Angell Conwell) lovingly quarrel with each other and their mischievous children, Devin and Ebony, as they make up their own rules for love, marriage and family along the way.

X

‹ Previous

### Omar Gooding [...] ### Angell Conwell

Angell Conwell is best known for her role as Leslie Michaelson on the CBS daytime drama, The Young and the Restless (2010), but has been featured in numerous other series such as 3rd Rock from the Sun (2000), NYPD Blue (2000), Moesha (2001), That’s So Raven (2003), and The Real Husbands of Hollywood (2013). Conwell has also appeared on the big screen in such hit movies as Baby Boy (2001) and Soul Plane (2004).

### Bentley Kyle Evans, Jr.",,,20,weak,Exact title match (+20),general
5072600,web_result,unknown_date,https://familytimeinc.com,Home - FamilyTime,"Family Time offers workshops for educators and program development strategies for schools and businesses. We can customize solutions to meet your unique staff and program needs.

We offer:

 Coaching & Training
 Educational Consulting
 Program and Staff Development Seminars
 Mentoring

Learn More

### About Karen [...] Karen Deerwester is the owner of Family Time Coaching & Consulting, inspiring and supporting parents and professionals in all aspects of “living with children”. Karen is the author of The Entitlement-Free Child (Sourcebooks 2009), The Playskool Guide to Potty Training (Sourcebooks 2008) and The Potty Training Answer Book (Sourcebooks 2007) which won the 2008 NAPPA Gold Award for parenting resources. Karen also hosts the weekly podcast for parents, See Me Hear Me Love Me, where parents share [...] See Me Hear Me Love Me is the guiding principle of everything Family Time: how to meet your child exactly where they are and grow and learn together!

Learn More

##### Books by Karen

The Entitlement-Free Child",,,20,weak,Exact title match (+20),general
5072600,web_result,unknown_date,https://en.wikipedia.org/wiki/Family_Time_(TV_series),Family Time (TV series),"Family Time is an American television sitcom that was created by Bentley Kyle Evans, and aired on Bounce TV from June 18, 2012, to December 16, 2020. It stars Omar Gooding and Angell Conwell as Anthony and Lisa Stallworth, a working-class family bumped to the middle class by a winning lottery ticket. It was the first original series for the network. [...] was renewed for a sixth season and premiered on October 1, 2018. The series has also been renewed for a 13 episode-seventh season, that premiered on October 9, 2019. On August 11, the series was renewed for an eighth season, airing from October 7, 2020, to December 16, 2020. [...] The first season has six episodes and aired in the summer of 2012. The 10-episode second season aired from October 14, 2014, to December 14, 2014. On May 7, 2015, the series was renewed for a third season that aired from October 6, 2015, to December 8, 2015. On April 13, 2016, the show was renewed for a fourth season, airing from October 4, 2016, to December 27, 2016. On August 3, 2017, the show was renewed for a fifth season, that premiered on October 3, 2017. The series was renewed for a",,,20,weak,Exact title match (+20),general
5072600,web_result,unknown_date,https://www.tvguide.com/tvshows/family-time/1030417616,Family Time - Where to Watch and Stream - TV Guide,"# Family Time

Anthony and Lisa Stallworth and their children, Ebony and Devin, are an authentic picture of an African-American family working to live the American dream. When this working-class family scratches off the right lottery ticket one night, they're suddenly propelled to a middle-class community in sunny southern California. [...] Anthony and Lisa Stallworth and their children, Ebony and Devin, are an authentic picture of an African-American family working to live the American dream. When this working-class family scratches off the right lottery ticket one night, they're suddenly propelled to a middle-class community in sunny southern California.

Currently not available to stream. Add it to your Watchlist to be notified when it becomes available. [...] Like a lot of small businesses, Lucille Williams' once-prospering 30s-and-older lounge, Lucille's Place, took a huge hit, forcing her to sell. Lucille's baby brother, Henry Williams, couldn't stand by and let Lucille's Place slip away, so he recruited his fraternal twins, Aaliyah and Alfonso, to keep the business in the family. With Aaliyah's creative sensibilities and Alfonso's business mind, a safe space for planning and hosting events was born. Alfonso's wife, Kimberly, and son, Alfonso Jr.",,,20,weak,Exact title match (+20),general
5072600,web_result,unknown_date,https://familytime.io,FamilyTime: Parental Control App | Screen Time Limit for Android ...,"Five Stars

I am impressed by the FamilyTime parental control app for Android. It is easy to use and budget-friendly. It took me a few minutes to set up the app, and I could set screen time limits, internet schedule, and geofence for my kids. Highly recommended!

Emma

### Emma Brignano

via Google Play Store

Five Stars [...] Five Stars

FamilyTime is much better than the cell phone monitoring app I used previously. It's cost-efficient, has more tools, and allows me to block games, apps, and websites that are not good for my child.

Start Free Trial Live Chat)

Offer Image

##### Flash Sale! Get

45% Discount

##### on FamilyTime Premium

## Why FamilyTime is the Best Parental Control App

Take Back Control of Your Family Time with Effortless and Effective Digital Parenting

Why FamilyTime [...] Five Stars

I am using the FamilyTime3 plan for my kids of different age groups. I must say, it's the best parental monitoring app to monitor kids' phones. The app gives me control over the digital devices of my tweens and teens at the same time.

Tyler

### Tyler Jensen

via Google Play Store

Five Stars",,,20,weak,Exact title match (+20),general
5072600,web_result,unknown_date,https://gnomeroadpublishing.com/products/family-time-bundle,Family Time Bundle – Gnome Road Publishing,"### Share:

Share on Facebook   Tweet on Twitter   Pin on Pinterest

There's nothing like spending time with the family over the holidays! Explore family bonds by reading these popular favorites with the special people in your life.

### Limited time only!

Key Concepts

Multi-generational, quality time, new vocabulary, art and music appreciation.

Additional Details

 ## Where To Buy

  Need a copy of this (or any Gnome Road Publishing) book? We've got you covered! [...] + Available Now
  + Pre-Order
  + Coming Soon
  + The Gnome Shop!
 + Meet Gnome Road
  + Submissions
  + Our Creatives
  + Reviews & Recognition
 + Our Blog
  + For Teachers & Librarians

 Log in
 Create account

 Twitter
 Instagram
 TikTok
 YouTube
 Email

Gnome Road Publishing

Search our site

 Family Time Bundle
 Family Time Bundle
 Family Time Bundle
 Family Time Bundle

## Family Time Bundle

Written by Clark • Hawkins • Hobbs

### Share: [...] # Your cart -

Your cart is currently empty.

TODO: $0.00 USD",,,20,weak,Exact title match (+20),general
5072600,web_result,unknown_date,https://parentpower.planetyouth.ie/family-time,Family Time - Parent Power,"Positive Parenting: Bringing Up Responsible, Well-behaved & Happy Children by John Sharry. Check Amazon and the Solution Talk website.

Effective Parenting: A Simple Guide for a Happy Home by Patricia Fitzpatrick. Check Amazon and the Effective Parenting website.

Love In, Love Out: A Compassionate Approach to Parenting Your Anxious Child by Dr Malie Coyne. Check Amazon and Malie’s website.

Got any recommendations?  Let us know and we’ll add the links.

## Top Tips from other parents [...] Barnardos has developed a series of booklets to help parents answer common concerns and deal with the challenges of parenthood.

### Listening

Some nice videos on YouTube about listening and communicating  
Active Listening: How To Communicate Effectively

Communication Skills: Empathetic Listening – Inside Out, 2015

### Some books on parenting by Irish authors: [...] Skip to content

[](

[](

# Family Time

Our time is one of the greatest gifts we can give our children and setting time aside each day creates the opportunity and space to chat with them and listen to what they have to say.

Here are just a few good reasons why this is so important:

 It strengthens family bonds
 It improves communication
 It builds children’s self esteem
 It develops positive behaviours
 It can help your child to do better in school",,,20,weak,Exact title match (+20),general
5072600,web_result,unknown_date,https://www.thesecret.tv/stories/family-time,The Secret® Stories | Family Time,"### Search Topics

## Family Time

#### Submitted by: Grateful n Happy

Mumbai

I am a mother of a 3 year old and a full time working professional and successfully managing :)

I grew up with a wonderful loving family of my parents, grand parents and 2 siblings. We always had a lot fun together and supported each other throughout our childhood. Subsequently each of us moved to different cities and started our own families. [...] Explore
  + Thought Rules
  + Countdown to Riches
  + Bundles
  + Secret Stories
  + Tell Us Your Story
  + Manifestation Cards
  + The Secret: Remastered
  + The Greatest Secret
  + Masterclass
 Rhonda
  + Rhonda Live
  + Rhonda Talks
  + Ask Rhonda
 About
  + Our Mission
  + Rhonda Byrne’s Biography
  + Creative Team
  + History of The Secret
 Products
  + All Products
  + Apps
  + Audiobooks
  + Books
  + Card Deck
  + E-Books
  + Films
  + Masterclass
  + World Languages
 Films [...] Tweet

Share

Share

Pin

Family

← More Stories

 Prev
 Next",,,20,weak,Exact title match (+20),general
5072600,social_post,unknown_date,https://en.wikipedia.org/wiki/Family,Family,"of the family for a considerable period of time. [...] Times have changed; it is more acceptable and encouraged for mothers to work and fathers to spend more time at home with the children. The way roles are balanced between the parents will help children grow and learn valuable life lessons. There is [the] great importance of communication and equality in families, in order to avoid role strain. [...] A single-parent family consists of one parent together with their children, where the parent is either widowed, divorced (and not remarried), or never married. The parent may have sole custody of the children, or separated parents may have a shared-parenting arrangement where the children divide their time (possibly equally) between two different single-parent families or between one single-parent family and one blended family. As compared to sole custody, physical, mental and social well-being",,,5,weak,Social Index (+5),social
5072600,social_post,unknown_date,https://www.youtube.com/watch?v=tvUrsot3ESI,My Family's Accident on Moving Day...,"through all this at once, especially with what happened to him today. So, Enes, when I get my money up one day, I'll repay you back for the TV and all the other things you've done for me. Hope you get better. Love you, bro. Now, let me go find the kids. Running out of time. Let's go. I cannot let anybody know about the TV. All right, let me go check if there's anything in this room. [music] By the way, guys, this is the guest room. Nope, no box in here. Maybe the bathroom? Nope. Oh, no. Okay. I [...] in one of the boxes now to help us distract Alan. Bro, what is that I'm hearing down there? Bro, I'm hearing something, [music] bro. Someone's for sure downstairs. Milo, Noah, you guys can have my Nintendo Switch if you come out. He's on his way. There are footsteps. Maybe even my computer. You guys can play Roblox. Yo. Whose shoes that is? I have to pick this. Someone's in here, bro. All right, is it Milo or is it Noah? Milo wears red shoes. Noah wears red shoes, so time to open up and find [...] but hey, I only have a few minutes, guys. So, Guys, he's bad at hide and seek, but he might [music] find us this time. Guys, there's this box, this box, one in there, and another one in Sol's room. So, I've got four boxes. I think it's Sol's room it is. All right, we got to go quick, bro. I have no time. I hear Alan. I hear Alan. All right, let me go check out Sol's room. All right. I think he's coming. The two boxes. He's right [music] there. Didn't I pick this one already? How is it standing",,,5,weak,Social Index (+5),social
5072600,social_post,unknown_date,https://www.youtube.com/watch?v=bqLz8ccv9fw,I Ran Away From My Family For 24 Hours! - YouTube,"[8:37] What? What time? What time? 4 4:30. You want me to pick you up? I think you Yeah, 4:30. 4 4:30.
[8:43] Okay, bro. We just can't be late for the party. Uh, I'll I'll call you back, bro. All right. Sounds good. All right. Catch you, bro.
[8:48] You're done for, bro. Why did he have to call me now, bro? But then we arrived to our second stop. Okay, [music] guys. Here's his wallet.
[8:54] Here's his credit card. And now it's time to go to the mall. Let's go. We're here at the mall, guys. [...] Check our Latest Videos:
$1 vs $100,000,000 YouTuber Houses! ft. Salish and Jordan Matter 
   • $1 vs $100,000,000 YouTuber Houses! ft. Jo...  
I Gave $1000 to Ages 1-18 to Spend Freely 
   • I Gave $1000 to Ages 1-18 to Spend Freely  

_____
Past YouTuber Collabs:
Rebecca Zamolo: Extreme Hide and Seek in Abandoned School!
   • Extreme Hide and Seek in Abandoned School!...  

Royalty Family: We ADOPTED a GIRL!!! (So Exciting)
   • We ADOPTED a GIRL!!! (So Exciting) | The R... [...] [20:08] me. Guys, welcome to the new house. Okay guys, one second. I just want to check how far he is. So, guys, he's 8 minutes away. So, I'm going to show you a quick empty house tour. So right here we have
[20:17] a family room. And then you run this way you have formal dining room. We have the guest bathroom. And then here we have
[20:25] the um office. And then here we have the living room. And then here we have the",,,5,weak,Social Index (+5),social
5072600,social_post,unknown_date,https://acf.gov/fysb,Family and Youth Services Bureau (FYSB),"FYSB supports organizations that work to promote youth well-being, prevent & end youth homelessness, & support a holistic adolescent approach by fostering collaborative partnerships across communities; leading in partnership with youth & young adults; & supporting data-driven practices.

## Latest from FYSB",,,5,weak,Social Index (+5),social
5072600,social_post,unknown_date,https://www.strongfamilyalliance.org,Strong Family Alliance: Support for parents of LGBTQ,"A resource for loved ones trying to understand this change in the family, this book covers insights on the child’s journey, common parent questions, risks ahead, how to help, what to avoid and more. You’ll find answers to concerns you may have now and those you may encounter in the future.

  FIND IT HERE!

###### Our Story

### “Mom, will you still love me? Will you always love me?” [...] # Stories

 #### “I was devastated when my child came out, but through time, patience and a lot of prayer, I’m finally to the point where I can accept my child. It’s been hard, but so worth it to keep my family intact.”

  ###### A Mother From Arkansas
 #### ""Be brave and proud. You were born this way and God loves you just the way you are."" [...] That is every child’s greatest need — and greatest fear. That question is more important than the words “I’m gay” or “I’m trans”.

That question started a journey for our founder, Janet Duke — to keep her child safe, to deal with her own fear and worry, and eventually to help countless parents navigate the upheaval that occurs when a child comes out.

Watch Video

 ### “Shame needs three things to grow ... secrecy, silence and judgment.”

  ~ Brene Brown",,,5,weak,Social Index (+5),social
5072600,social_post,unknown_date,https://www.tiktok.com/discover/first-time-singing-in-front-of-family?lang=ja-JP,First Time Singing in Front of Family | TikTok,"First Time Singing in Front of Family | TikTok. First Time Singing in Front of Family. family karaoke moments 2026, emotional family reactions, singing I will always love you, new year family traditions, karaoke family bonding, heartfelt karaoke performances, fun family celebrations, new year emotional moments, tender family interactions, karaoke night highlights. Watch the adorable moment when a son surprises his mom with his singing skills for the first time. singing in front of mom, son surprises mom singing, mom reaction first time singing, family singing moment, heartwarming surprise, surprise singing video, viral singing reaction, special family moment, emotional singing reveal, cute family bonding. Watch as she unveils her hidden singing talent in front of her family for the first time! singing in front of family, hidden singing talent, surprising singing moments, vocal singing performance, singing videos to family, first time singing, Talented TikTok singers, emotional family singing, Hailey Baylee singing, surprise family performance. 1st time singing in front of my family I was super nervous 😩. #cutestsisters #sisters #hermanas #girls #mygirls #princess #sing Sisters' Heartwarming First Time Singing for Family Reactions ❤️. Experience the touching moment as two sisters sing for the first time to their family, watch till the end for heartwarming reactions. sisters, singing, Singing Videos, singing in front of family, singing in front of family first time, small sister and big sister, Vocal Singing, Surprise Singing, Surprise Singing Reaction, sister love. Singing first time in front of my family to get their reaction #singing #cover #fyp #viral. Jake's Golden Hour, Singing Surprise for Mom, New York Youth Symphony, debut album, heartwarming reaction, emotional performance, family reactions, Golden Hour song, TV debut, Golden Hour singer, family surprises. #ASOSChaoticToCalm #mexican #cantando #vicentefernandez #ranchera #singing #fypシ #foryoupage #foryou #viral #thisvideogoviral #family Family Singing Mexican Ranchera Song for the First Time. Watch this heartwarming video of a family singing a Vicente Fernandez ranchera song for the first time. أول عرض غنائي لابنتي, لحظات جميلة مع العائلة, أول غناء أمام العائلة, ابنتي تغني لأول مرة, ضحكات العائلة أثناء الغناء, تجربة غنائية لأبنتي, فيديو عائلي مميز, ذكريات الغناء العائلية, فرحة أول غناء, الأحداث العائلية المميزة. Tips for singing in front of family for the first time.",,,5,weak,Social Index (+5),social
5072600,social_post,unknown_date,https://www.tiktok.com/discover/singing-for-first-time-in-front-of-family,Singing for First Time in Front of Family | TikTok,"# Singing for First Time in Front of Family. Discover videos related to Singing for First Time in Front of Family on TikTok. ## Discover videos related to Singing for First Time in Front of Family on TikTok. Singing first time in front of my family to get their reaction #singing #cover #fyp #viral. Watch as she unveils her hidden singing talent in front of her family for the first time! singing in front of family, hidden singing talent, surprising singing moments, vocal singing performance, singing videos to family, first time singing, Talented TikTok singers, emotional family singing, Hailey Baylee singing, surprise family performance. Watch the adorable moment when a son surprises his mom with his singing skills for the first time. singing in front of mom, son surprises mom singing, mom reaction first time singing, family singing moment, heartwarming surprise, surprise singing video, viral singing reaction, special family moment, emotional singing reveal, cute family bonding. Was nervous ash 😂😂 was my first time singing in front of my family #singing #blowthisupforme #fyp #karaoke First Time Singing in Front of Family: A Nervous Moment. first time singing in front of family, karaoke nervous moments, cousin support while singing, family singing experience, performing karaoke for the first time, overcoming stage fright with family, emotional singing moments with family, nervousness while singing in front of family, karaoke support from cousins, unforgettable family karaoke night. Discover the touching moment when a family uncovers their son's incredible singing ability for the first time. hidden singing talent revelation family karaoke experience singing skills discovery son sings for first time unexpected singing ability. Watch as we sing our mom's favorite song for the first time, surprising her and capturing her emotional reaction. singing mom surprise, family reactions, emotional mother's day surprise, surprise song for mom, heartwarming family moment, siblings singing together, mother's favorite song reaction, family emotional reaction, surprise singing video, emotional family surprise. singing in front of family, first time singing, supportive family, CODSquadUp, heartwarming surprise, family love, singing performance, 2022, family support, special moment. ### Related to Singing for First Time in Front of Family.",,,5,weak,Social Index (+5),social
5072600,social_post,unknown_date,https://www.tiktok.com/discover/is-sephora-friends-and-family-a-oke-time-use,err_profile,"TikTok

Log in

TikTok

Search

For You

Explore

Following

LIVE

Upload

Profile

More

Log in

© 2026 TikTok

Log in

Log in

# Is Sephora Friends and Family A Oke Time Use",,,5,weak,Social Index (+5),social
5072600,social_post,unknown_date,https://en.wikipedia.org/wiki/Family,Family,"of the family for a considerable period of time. [...] Times have changed; it is more acceptable and encouraged for mothers to work and fathers to spend more time at home with the children. The way roles are balanced between the parents will help children grow and learn valuable life lessons. There is [the] great importance of communication and equality in families, in order to avoid role strain. [...] A single-parent family consists of one parent together with their children, where the parent is either widowed, divorced (and not remarried), or never married. The parent may have sole custody of the children, or separated parents may have a shared-parenting arrangement where the children divide their time (possibly equally) between two different single-parent families or between one single-parent family and one blended family. As compared to sole custody, physical, mental and social well-being",,,5,weak,Social Index (+5),social
5072600,social_post,unknown_date,https://podcasts.apple.com/us/podcast/family-trips-with-the-meyers-brothers/id1693673771,Family Trips with the Meyers Brothers - Apple Podcasts,"weaving Jon Cryer and Lisa Joyner’s family stories into a playful musical trip down memory lane—from military-family moves and Trailways upgrades to a luxurious trip to India, an unexpected water-station celebrity, and Lisa discovering a sibling named Strawberry. Family Trips is produced by Rabbit Grin Productions. Theme song written and performed by Jeff Tweedy. About the Show: Lifelong brothers Seth Meyers and Josh Meyers ask guests to relive childhood memories, unforgettable family trips, [...] available in all 50 states. Wegovy® is the registered trademark of Novo Nordisk A/S. To get started and learn more, including important safety information, Wegovy® clinical study information, and restrictions, visit Hims.com. Family Trips is produced by Rabbit Grin Productions. Theme song written and performed by Jeff Tweedy. About the Show: Lifelong brothers Seth Meyers and Josh Meyers ask guests to relive childhood memories, unforgettable family trips, and other disasters! New Episodes of [...] a playful musical memoir. From family trips to the Galápagos and Machu Picchu to Glastonbury, South of France thrifting, and her obsession with iconic designers, the song celebrates Juno’s eye for giving one-of-a-kind pieces a whole new life. Family Trips is produced by Rabbit Grin Productions. Theme song written and performed by Jeff Tweedy. About the Show: Lifelong brothers Seth Meyers and Josh Meyers ask guests to relive childhood memories, unforgettable family trips, and other disasters!",,,5,weak,Social Index (+5),social
5072600,social_post,unknown_date,https://time.com/4475634/trans-man-pregnancy-evan,My Brother's Pregnancy and the Making of a New American Family,"## Sections

## More

## About Us

## Your Subscriptions

© 2026 TIME USA, LLC. All Rights Reserved. Use of this site constitutes acceptance of our Terms of Service, Privacy Policy and Do Not Sell or Share My Personal Information.

TIME may receive compensation for some links to products and services on this website. Offers may be subject to change without notice.

This site is protected by reCAPTCHA and the Google Privacy Policy and Terms of Service apply. [...] A friend’s daugther plays with Evan’s newborn son at his home. He will eventually begin taking T again. Elinor Carucci for TIME [...] evan-hempel-transgender-pregnancy-elinor-carucci-4

Evan, 35, came out as trans when he was 19. He began hormone treatment and transitioned, but always retained his desire to have a baby. Elinor Carucci for TIME

evan-hempel-transgender-pregnancy-elinor-carucci-4

Evan bathes his newborn son in his kitchen sink at his home, July 15, 2016. Elinor Carucci for TIME

evan-hempel-transgender-pregnancy-elinor-carucci-4",,,5,weak,Social Index (+5),social
5072600,social_post,unknown_date,https://www.instagram.com/time?hl=en,TIME (@time) • Instagram photos and videos,"Video by TIME on September 16, 2026. May be an image of football and text that says 'T ATHM - ADE SPORTS What WhatColinKaepernick Colin Kaepernick wants his 4-year-old old daughter to know about his legacy'.

Photo by TIME on September 16, 2026. May be an image of text.

Video by TIME on September 15, 2026. May be an image of one or more people, magazine and text that says 'T T II TIME100 AI Joseph Gordon-Levitt Levitt says AI makers have lost control of their creations'. [...] Photo by TIME on September 15, 2026. May be an image of text.

Video by TIME on September 15, 2026. May be an image of basketball, ball, magazine and text.

Photo by TIME on September 15, 2026. May be an image of text that says 'T SEE WHO ELSEMADE ELSE MADE THE LIST ATTHELINK AT THE LINK IN INBIO BIO'. [...] Log In

Sign Up

## time

 12.8M followers
 283 following

TIME

time

News and current events from around the globe. Since 1923.

likeshop.me/time

Photo by TIME on September 15, 2026. May be a graphic of magazine, newspaper, poster, timer and text that says 'DCT.12,2026 2026 TIME How dangerous are you? + Chat Cowork THE AI TIPPING POINT HARRY nB BOTИ, NAOMINT & BILLY PERRIGO time.com'.",,,5,weak,Social Index (+5),social
5072600,social_post,unknown_date,https://www.youtube.com/watch?v=rFJ7G4bG--8,"Her Last Sight - ""Hit Me Like A Piñata (...One More Time)"" | (Official Music Video)","WHY BROTHER, [screaming] WHY? [music] [music] [music] [music] [music] [music] [music] [music] I WANTED TO BELIEVE I WOULD figure a way out of this. [music] Oh, I can't deliver anything. I have to consider I can't make it out. [music] [music] [music] [music] [music] I wanted to believe I would figure a way out of this. [music] Oh, I can't deliver anything. I have to consider I can't make it out. [music] I wanted to believe I would figure a way out of this. Oh, I can't deliver anything. Oh, yeah, [...] I wanted to believe I would figure a way out of this oh...
I can't deliver anything oh...
Yeah, I know I can't make it right

Today is the day, I will finally be free
I'll never su…

Oh my god guys...
Another breakdown?
¡Vamos muchachos a la fiesta!

¡Olé!

Some things were never meant to be - I've got a death wish
There's voices whispering to me, and I can't hold on
Please father forgive my soul
I wouldn't choose to be born
Please god, take me home [...] I wanted to believe I would figure a way out of this oh...
I can't deliver anything oh...
I have to consider I can't make it right
(I know I'll never make it right)

I feel so ashamed of the man I've become
Moved on many times but the damage is done
Fuck it
I am who I am
I've accepted my fate
I will never surrender

I wanted to believe I would figure a way out of this oh...
I can't deliver anything oh...
I have to consider I can't make it right
(I know I'll never make it right)",,,5,weak,Social Index (+5),social
5072600,social_post,unknown_date,https://www.youtube.com/watch?v=DS_gMagTeow,"Hailey Bieber Opens Up About Motherhood, Fame and Her ...","to have him see both of his parents say, ""No, we're not okay with this."" I spent so much time with people asking like, ""Oh, like how are you doing?"" ""Yeah, I'm good. I'm fine."" And not really being good and not really being fine. I realized getting older I I became so much more connected to people that I cared about and loved by just being like, ""You know what? I'm actually having a really hard time with this."" And I was like, ""Oh, wow, vulnerability is really cool because it actually really [...] like hurts in the same way and be like, ""Man, I really understand that because like I've been through that and I know how that feels and I know how hurtful that can be."" And to just like again, like connection, like be connected over that. I think that makes me feel really seen, like understanding makes me feel really seen, like, ""Hey, I really feel you on that and I really understand. I'm sorry that that's the way that that feels. I'm sorry that you went through that today."" To be understood, [...] I don't think it's all sunshine and rainbows and I don't think it's all bad. I just think it's you experience so many different emotions and so many different things. Selling my company in the first year of also having a child, it's like there's a lot of change happening at once. Becoming a mom is so far in my life the biggest change I've ever been through. I I feel like a lot of women would probably agree that the biggest identity shift that you go through in your life is becoming a parent,",,,5,weak,Social Index (+5),social
5072600,social_post,unknown_date,https://www.youtube.com/watch?v=N6-svj5HK9o,Arca — Time,"I know you want it
Time
To let it out
It’s time 
I know you want it
I-I know you want it
And it’s time to let it out 
And show the world
Take this time
It’s all yours
It is all yours
You know it is baby 
T-t-take this time tonight for yourself 
Take this time tonight for your Self to unwind
It’s time

Merch:  

Follow Arca 
  / arca1000000   
  / arca1000000   
  / arca1000000   

KiCk i is available now on XL Recordings: [...] ### Transcript
[0:00] [Music]
[0:22] [Music]
[0:34] [Music]
[0:50] [Music]
[1:12] [Applause]
[1:13] [Music]
[1:31] [Music]
[1:49] [Music]
[2:25] [Applause]
[2:39] [Music] [...] Special thanks: CANADA, Bliss",,,5,weak,Social Index (+5),social
5072600,web_result,unknown_date,https://store.steampowered.com/news/app/593110/view/4605582245626919823,Steam News - Steam Families is here - Steam News,"Steam Families includes new parental controls that allow parents to set limits on what and when children play games on Steam. You can control which games your children have access to and monitor their activity. This information is available from wherever you access Steam, including your mobile device when you are away from home. [...] Of course! Let's say that you are in a family with 4 members and that you own a copy of Portal 2 and a copy of Half-Life. At any time, any one member can play Portal 2 and another can play Half-Life. If two of you would like to play Portal 2 at the same time, someone else in the family will need to purchase a copy of the game. After that purchase, there are two owned copies of Portal 2 across the family and any two members can play at the same time. [...] ## Family Sharing

When you join a Steam Family, you automatically gain access to the shareable games that your family members own and they will also be able to access the shareable titles in your library. The next time you log in to Steam, this new 'family library' will appear in the left column as a subsection of your games list. You maintain ownership of your current titles and when you purchase a new game it will still show up in your collection.",,,0,weak,,general
5072600,web_result,unknown_date,https://help.steampowered.com/en/faqs/view/054C-3167-DD7F-49D4,Steam Support :: Steam Families User Guide & FAQ,"Ability to play a family member’s game simultaneously, even if another game is being played.

Parental Controls:

    Manage game access and monitor activity from anywhere.

    Two roles: adult (can manage invites and restrictions) and child (subject to parental controls).

    Features include game access permissions, Steam Store/community/chat restrictions, playtime limits, playtime reports, requests approval for additional playtime/feature access, and account recovery for children. [...] Of course! Let's say that you are in a family with 4 members and that you own a copy of Portal 2 and a copy of Half-Life. At any time, any one member can play Portal 2 and another can play Half-Life. If two of you would like to play Portal 2 at the same time, someone else in the family will need to purchase a copy of the game. After that purchase, there are two owned copies of Portal 2 across the family and any two members can play at the same time. [...] Steam Families are intended to contain your immediate family. As who you include in your immediate family can change over time due to growing up, marriage or other events, it is understandable that some day you may need to change to a new Steam Family. Adults can leave a family at any time, however, they will need to wait 1 year from when they joined the previous family to create or join a new family.",,,0,weak,,general
5072600,web_result,unknown_date,https://www.internetmatters.org/parental-controls/gaming-consoles/steam,Steam platform safety guide for parents | Internet Matters,"To customise the games your child can play, manage their screen time and restrict inappropriate content, you must add your child to your Family on Steam.

#### To add your child’s account:

Step 1 – Make sure your child is on your Friends list. Once you’ve created your Family, click Invite a Member.

Screenshot of the Family Management screen on Steam with 'Invite a member' highlighted.",,,0,weak,,general
5072600,web_result,unknown_date,https://familytime.io,FamilyTime: Parental Control App | Screen Time Limit for Android & iOS,"FamilyTime Awards FamilyTime Awards FamilyTime Awards FamilyTime Awards FamilyTime Awards

Features Header Image

FamilyTime on CBS News

Yahoo

Huffpost

Daily Mail

Mashabale

Tom's Guide

Washington Post

PC Magzine

BBC

Fox News

## Best Parental Control App Tailored for Every Age Group

FamilyTime - The best parental control app offers digital well-being solutions for every age group to help you deal with the diverse challenges of digital parenting.

### 3-8 Years Old | Early Childhood [...] Quick controls enable you to add or edit limits, manage child devices & more on the go.

Why FamilyTime

#### Co-Parenting Made Easy

Invite your partner, relatives or friends as guardians to control, manage & supervise child’s devices for FREE.

Why FamilyTime

#### GDPR Compliance

Privacy protection and GDPR compliance ensure children's data privacy with end-to-end encryption.

Why FamilyTime

#### One Account Multiple Devices [...] Why FamilyTime

#### 30-Day Reporting History

Review your child’s activity data to identify device usage patterns, interactions, and more.

Why FamilyTime

#### FREE Access to New Features

New features added to the app are accessible for free to all the existing users.

Why FamilyTime

#### Uninstall Protection

Secure FamilyTime Jr. setting prevents kids from uninstalling FamilyTime from their device.

Why FamilyTime

#### Easy to Use Interface",,,0,weak,,general
5072600,web_result,unknown_date,https://www.safetydetectives.com/best-parental-control/familytime,FamilyTime Review 2026: Can It Keep Your Kids Safe?,"FamilyTime Review: Quick Expert Summary
 FamilyTime Full Review — Decent Parental Control App (Good Social Media Monitoring)
 FamilyTime Plans & Pricing — On the Expensive Side (& No Money-Back Guarantee)
 FamilyTime Features — All the Basics & Some Advanced Extras
 FamilyTime Installation & Setup — Pretty Simple & Intuitive
 FamilyTime Ease of Use — Easy to Navigate & Beginner-Friendly
 Customer Support — Helpful & Responsive Email & Live Chat [...] ## FamilyTime Review: Quick Expert Summary

FamilyTime offers many useful features to keep your kids safe online and offline. It’s also very user-friendly, so it’s very easy to find your way around it, and it allows monitoring up to 5 devices. However, I think there are much better parental controls available on the market in 2026, including Qustodio and Norton Family. [...] FamilyTime is a decent parental control that offers a range of useful features. These include web and app filtering, a location tracker, scheduling, social media monitoring, and a panic button. Additionally, it even provides a speed limit feature that sends notifications if your teen is over-speeding (which is only available on iOS). However, there are areas that could be improved: its web and app filtering is limited, and the iOS app misses several features such as daily time limits. Other",,,0,weak,,general
5072600,web_result,unknown_date,https://www.safewise.com/kids-safety/parental-control-apps/familytime-app,FamilyTime App Review | SafeWise,"Out of the many parental control apps we’ve researched and reviewed, FamilyTime is one of our favorites. It allows you full control over how your child uses their phone. From app blocking to tracking, it does almost everything. It also has some nifty features that can ease the mind of parents of both younger and older kids.

We picked FamilyTime as the most parent-friendly parental control app in our second annual Kids Safety Awards.

pro

Pros

pro  Geofencing and location tracking [...] skip to main content

We may earn money when you buy through our links.  Join 22K+ viewers on our YouTube channel >>

Icon Close  Dark

SafeWise logo

Home | Kids Safety | FamilyTime App Review

# FamilyTime App Review

We researched over a dozen parental control apps and FamilyTime is a top pick.

Family favorite: Kids Safety Awards

Visit FamilyTime for current prices and features

FamilyTime

4.3 out of 5 stars

4.25

Monitoring starts at$29.00/yr

 pro

  Multiple subscription options
 pro [...] The FamilyTime app helps you control how your child uses their phone to protect your child online and off. You can see who they are calling and texting, block apps, schedule screen time, limit screen time and more. You can also use it to track your child’s location. Your child can use FamilyTime Jr. to send you SOS alerts with their location if they are in trouble.

Yes, the app is available in the Apple Store and the Google Play Store.",,,0,weak,,general
5072600,web_result,unknown_date,https://www.theycallmeblessed.org/familytime-monitor-kids-digitally,FamilyTime Review: Why and How To Monitor Kids Digitally - They Call Me Blessed,"Here is my FamilyTime Review to help other parents switch to smart parenting to make their life tension free as well!

# How to Get Started with FamilyTime

FamilyTime is easy to use, gives separate dashboards from parents and children, lets you monitor multiple devices with a single account and is compatible with both iOS and Android devices. You just have to follow very basic and simple steps to get this app started, nothing fancy or complicated is required. [...] As a homeschool family, we have been adhering more and more to the use of digital apps and online resources in our homeschool. FamilyTime gives me the peace of mind to handle my kids their devices knowing what they are accessing when I’m not seeing and the chance to parent them when they spend time in places they shouldn’t online. Not only that but also with FamilyTime parental control app, parents can save their kids from cyber-bullying, kidnapping, excessive screen Usage, etc. [...] ##### They Call Me Blessed

A Charlotte Mason Inspired Homeschool Sisterhood



Send email Mail

Print Print; ""Print"")

Digital Apps & Online Resources, Family

# FamilyTime Review: Why and How To Monitor Kids Digitally

 3 Comments
 by Ana Willis

FamilyTime Parental Control App is the best app to monitor kids digitally. But why and how it’s important that we monitor our kids digitally?",,,0,weak,,general
5072600,web_result,unknown_date,https://www.trustpilot.com/review/familytime.io,"Familytime is rated ""Poor"" with 2.3 / 5 on Trustpilot","Evaluating 42 reviews, most reviewers were unhappy with their experience overall. Consumers frequently complained that the application does not function properly on mobile devices and completely fails to deliver its advertised parental control features. Users also stated they faced unexpected annual charges after attempting to cancel subscriptions, noting that trying to secure a refund turned into a frustrating process involving endless automated responses. Though some customers faced severe [...] April 25, 2026

Unprompted review

Useful

Share

JA

Jared US•1 review

Apr 6, 2026

Image 49: Rated 5 out of 5 stars

## Great and friendly chat support
Great and friendly chat support. Helped me with my questions and answered fast.

April 6, 2026

Unprompted review

Useful

Share

ER

Erika US•3 reviews

Mar 27, 2026

Image 50: Rated 5 out of 5 stars

## Great chat support
Great chat support! I had a question about the app and received a response very quickly!

March 27, 2026 [...] faced severe difficulties, a few reviewers were happy with the helpful chat support team. These individuals described the staff as very responsive, polite, and efficient when guiding users through installation steps and addressing urgent account inquiries. Some people also mentioned that the interface is generally easy to understand when operational.See more",,,0,weak,,general
5072600,web_result,unknown_date,https://en.wikipedia.org/wiki/The_Family_Book,The Family Book - Wikipedia,"Wikipedia
The Free Encyclopedia

## Contents

# The Family Book

The Family Book

|  |  |
 --- |
| First edition | |
| Author | Todd Parr |
| Illustrator | Todd Parr |
| Language | English |
| Subject | Families |
| Genre | Children's literature |
| Publisher | Little, Brown Books for Young Readers |
| Publication date | 2003 |
| Publication place | United States |
| Media type | Print |
| ISBN ""ISBN (identifier)"") | 0316155632 | [...] The Family Book is a 2003 children's picture book written and illustrated by Todd Parr that details the daily lives of all kinds of families. Each unique family structure is depicted with vivid illustrations that complement the book’s themes of family diversity and inclusivity. The book has been adopted in various educational settings as a teaching tool to normalize the acceptance of various family forms. The Family Book has been challenged repeatedly and has sparked controversy in certain [...] ## Other books by Todd Parr

The Family Book is part of a larger collection by Todd Parr that aims to expose children to complex social themes in an accessible manner. At the end of The Family Book, a list of similarly-related books written by Todd Parr are listed.

It’s Okay to Be Different - This book celebrates individuality and self-acceptance, highlighting how individual differences make people special.",,,0,weak,,general
5072600,web_result,unknown_date,https://www.youtube.com/watch?v=yyMDJtZaWE4,WE ARE FAMILY | Patricia Hegarty | Read aloud 💜 #storyoftheweek,"Wherever we are, whatever the weather, families always stick together.

All families are different- and yet in many ways the same. This book celebrates the differences and similarities between ten families as they eat, sleep, work, and play together.

A gentle rhyming text and vivid illustrations bring each family's story to life.

To view a playlist of each story of the week please click on the link below: 
   • 📚 STORY OF THE WEEK 📚 [...] # WE ARE FAMILY | Patricia Hegarty | Read aloud 💜 #storyoftheweek
## Channel: Love2Read with Miss Ellis
9.91K subscribers
65 likes

### Description
21,510 views
Posted: 2022-08-17
WE ARE FAMILY book | Patricia Hegarty,  illustrated by Ryan Wheatcroft | Read by Miss Ellis 💜 #storyoftheweek 

To get your own copy of 'We Are Family' please click on the link: 

We are Family is a lovely book written by Patricia Hegarty and illustrated by Ryan Wheatcroft, read aloud by Miss Ellis. [...] ⭐ Thanks for visiting! If you want your children to smile and learn, remember to SUBSCRIBE to my channel, Love2Read with Miss Ellis and you will keep updated with all my new videos. ⭐

(When available, I use affiliate links and may earn a commission.  Please note that I only recommend products and books that I have purchased myself and can be sure of their quality and appropriateness. It does not affect the cost of the item).",,,0,weak,,general
5072600,web_result,unknown_date,https://familytime.io,FamilyTime: Parental Control App | Screen Time Limit for Android ...,"Five Stars

I am impressed by the FamilyTime parental control app for Android. It is easy to use and budget-friendly. It took me a few minutes to set up the app, and I could set screen time limits, internet schedule, and geofence for my kids. Highly recommended!

Emma

### Emma Brignano

via Google Play Store

Five Stars [...] Five Stars

I am using the FamilyTime3 plan for my kids of different age groups. I must say, it's the best parental monitoring app to monitor kids' phones. The app gives me control over the digital devices of my tweens and teens at the same time.

Tyler

### Tyler Jensen

via Google Play Store

Five Stars [...] Develop a child's healthy screen time routine by setting daily screen time limits, creating custom device and internet schedules for dinner, study, bedtime, and more.

home features manage screen time

home explore apps icon

### Stay Up-to-Date with Your Child’s Social World

View WhatsApp, WhatsApp Business, BiP, Instagram, TikTok, imo, Twitch, and Signal chats to find with whom and what your child’s talking about.

home features social media monitoring

home explore apps icon",,,0,weak,,general
5072600,web_result,unknown_date,https://developer.apple.com/documentation/xcode/configuring-family-controls,Configuring Family Controls | Apple Developer Documentation,"to Group Activities. The Family Controls (Development) capability is in a selected state. The text on the information pane explains that this capability enables your app for parental controls, granting access to the Managed Settings and Device Activity frameworks in the Screen Time API. [...] If your app includes a Screen Time API extension, use the same steps to update the provisioning profile of the extension.

### Request the Family Controls entitlement [...] To distribute your app, you need an entitlement that enables distribution. When you submit your app to TestFlight and the App Store, request permission to use the `Family Controls` entitlement. This entitlement supports provisioning profiles for development, Ad Hoc, and App Store distribution. If your app includes a Screen Time API app extension, submit the same request for the extension.

## See Also

### Security

Configuring the hardened runtime",,,0,weak,,general
5072600,web_result,unknown_date,https://developer.apple.com/videos/play/wwdc2021/10123,Meet the Screen Time API - WWDC21 - Videos - Apple Developer,"with your app's branding and functionality. Next is Family Controls. By leveraging Family Sharing, Family Controls prevents access to the Screen Time API without guardian approval. Once your app has been approved by the guardian, it cannot be removed from the device without guardian approval. Additionally, Family Controls provides opaque tokens that represent apps and websites. [...] Over the last three years, Screen Time brought some great new abilities to iPhone, iPad, and Mac. Screen Time helps you keep track of how often you and your family use apps and websites, manage time by setting limits, share usage with family members to provide a view of how your devices are being used, and finally, you can also manage who your children communicate with and more. We've also heard from many of you that you'd like to leverage some of these capabilities in your own parental [...] In order to set up my Xcode project to include Family Controls capability, I'll go to the Project editor, select the app target, and under Signing and Capabilities, click the plus button. I'll search for Family Controls to find the capability and add it to my project.",,,0,weak,,general
5072600,web_result,unknown_date,https://developer.apple.com/documentation/screentimeapidocumentation,Screen Time Technology Frameworks | Apple Developer Documentation,"## Topics

### Essentials

Manage settings on devices in a Family Sharing group

Empower parents and guardians to configure constraints on other devices while preserving the family’s privacy.

### Family Controls

Family Controls

Authorize your app to provide parental controls on a device.

Configuring Family Controls

Add the Family Controls entitlement to enable parental control features in your app and its Screen Time API app extensions.

Requesting the Family Controls entitlement [...] ---

Skip Navigation 

# Screen Time Technology Frameworks

Empower users to manage their device settings and usage while maintaining user privacy.

## Overview

The Screen Time suite of frameworks includes Family Controls, Managed Settings, and Device Activity. You can use these frameworks to perform Screen Time-related functions in your app.

For information related to sharing and managing web-usage data, see Screen Time. [...] Controls framework requires guardian approval to authorize your app with Family Sharing. Requiring guardian approval through Family Sharing protects the user from unauthorized access of their information outside of a single Family Sharing group.",,,0,weak,,general
5072600,web_result,unknown_date,https://www.youtube.com/watch?v=DKH0cw9LhtM,WWDC21: Meet the Screen Time API | Apple,"our third guiding principle was to ensure that you,
the developers, can create fantastic new dynamic
parental controls experiences. It's no coincidence that
our three guiding principles led us to create
three new frameworks. The three frameworks,
taken together, comprise the Screen Time API. First, Managed Settings. Managed Settings gives
your app direct access to the same restrictions
available in Screen Time. Second, Family Controls. Family Controls [...] Explore related documentation, sample code, and more:
ManagedSettings: 
FamilyControls: 
DeviceActivity: 
Manage Settings on Devices in a Family Sharing Group: 
Get ready for iCloud Private Relay: 
Tuesday@WWDC21: 

More Apple Developer resources:
Video sessions: 
Documentation: 
Forums: 
App: [...] Signing and Capabilities, click the plus button. I'll search for Family Controls
to find the capability and add it to my project. Now that the capability has
been added, I'm ready to code. The first thing Homework needs
to do is request authorization for Family Controls. I'll use the shared
authorization center in the Family Controls framework
to make this request when my app launches. The request can either result
in success or failure. Calling this function will",,,0,weak,,general
