appid,evidence_type,date_classification,url,title,snippet,contents_preview,matched_keywords,evidence_score,confidence_label,reason_for_score,query_group
4530370,steam_news,inside_spike_window,https://steamstore-a.akamaihd.net/news/externalpost/PlayGround.ru - официальная группа/1845383656379923,Football Manager 27 выйдет 10 ноября - новая версия получит обновлённый интерфейс и улучшенную экосистему футбола,,"SEGA и Sports Interactive объявили дату выхода Football Manager 27. Новая часть популярного футбольного менеджера поступит в продажу 10 ноября на ПК, PlayStation 5, Xbox Series, iOS и Android. Игра также будет доступна через Game Pass. Одним из главных изменений разработчики называют переработанный ",,70,strong,Inside spike window (+30); Official Steam News (+20); Exact title match (+20),
4530370,youtube_video,inside_extended_window,https://www.youtube.com/watch?v=x5FgvowXlSg,Football Manager is BACK! | FM 27 FIRST TRAILER | Football Manager 27 Feature Deep Dive,,"Football Manager 27 is here! In this video, we react to the first FM27 Feature Deep Dive, showcasing the new interface, smoother ...",trailer,70,strong,Inside extended window (+15); YouTube (+15); Exact title match (+20); Keywords ['trailer'] (+20),
4530370,steam_news,inside_extended_window,https://steamstore-a.akamaihd.net/news/externalpost/PlayGround.ru - официальная группа/1845383656378335,Football Manager 27 выйдет 10 ноября - игра получит более живые матчи и обновлённую графику,,"Разработчики Football Manager 27 объявили дату выхода новой части серии — игра станет доступна 10 ноября 2027 года. Вместе с анонсом разработчики показали ролик, посвящённый визуальным и геймплейным улучшениям. Одним из главных направлений обновления станет атмосфера матчей. В Football Manager 27 по",,55,medium,Inside extended window (+15); Official Steam News (+20); Exact title match (+20),
4530370,steam_news,inside_extended_window,https://steamstore-a.akamaihd.net/news/externalpost/steam_community_announcements/1845383656377398,Football Manager 27 launches from 10 November ,,"Flow from the tactics board to the touchline in Football Manager 27, launching globally from 10 November and available to wishlist now. Foundations evolve to deliver greater control, smoother discovery and a deeper, more immersive football world, with new, returning and reimagined features that invi",,55,medium,Inside extended window (+15); Official Steam News (+20); Exact title match (+20),
4530370,steam_news,inside_extended_window,https://steamstore-a.akamaihd.net/news/externalpost/steam_community_announcements/1844751498224233,FM27: Clearer Interface & Smoother Navigation,,"Elevating game flow and navigation has been at the heart of the work on Football Manager 27’s User Interface and Experience.Driven by internal reviews and your feedback, FM27 evolves our existing design language while reintroducing familiar behaviours, creating a cleaner, more intuitive experience f",,55,medium,Inside extended window (+15); Official Steam News (+20); Exact title match (+20),
4530370,youtube_video,inside_extended_window,https://www.youtube.com/watch?v=NAV1aX-AQbg,Football Manager 27’s NEW UI Is Here… And It’s VERY Different,,Football Manager 27 has officially shown off its new-look user interface— but have Sports Interactive actually listened to the ...,,50,medium,Inside extended window (+15); YouTube (+15); Exact title match (+20),
4530370,youtube_video,inside_extended_window,https://www.youtube.com/watch?v=Xst61z4xFLQ,FOOTBALL MANAGER 27 - THE NEW FEATURES AND FIXES WE NEED,,Let's talk about Football Manager 27. The improvements we want to see. Fixes to the UI and the AI. I also discuss the headline ...,,50,medium,Inside extended window (+15); YouTube (+15); Exact title match (+20),
4530370,youtube_video,inside_extended_window,https://www.youtube.com/watch?v=MVxOAn6B6A0,Football Manager 27 Looks VERY Different...,,Football Manager 27 is here! This is our FIRST LOOK at FM27 and the brand-new user interface. Let's dive into the UI and UX ...,,50,medium,Inside extended window (+15); YouTube (+15); Exact title match (+20),
4530370,youtube_video,inside_extended_window,https://www.youtube.com/watch?v=gMpe-lDfc00,Football Manager 27 First Screenshots! Everything You Need To Know!,,Has Sports Interactive SAVED Football Manager? My FM27 first look at all the new screenshots! FM27 is bringing back deadline ...,,50,medium,Inside extended window (+15); YouTube (+15); Exact title match (+20),
4530370,youtube_video,inside_extended_window,https://www.youtube.com/watch?v=cy0biWiSAHY,PRIMERAS NOVEDADES DE FOOTBALL MANAGER 27,,"Football Manager 27 presenta una nueva evolución de su interfaz: menos clics, navegación más directa, más personalización y ...",,50,medium,Inside extended window (+15); YouTube (+15); Exact title match (+20),
4530370,social_post,unknown_date,https://www.instagram.com/popular/football-manager-27-release-date,Football Manager 27 Release Date,"Title: Football Manager 27 Release Date
# Football Manager 27 Release Date. Sports Interactive has not announced a release date for Football Manager 27 yet. The most recent entry, Football Manager 26, launched on November 4, 2025 across PC, Mac, PlayStation 5, Xbox Series... FM27 RELEASE DATE CONFIRMED ✅ #footballmanager. FC 27 Career Mode doesn’t need every Football Manager layer. The Football Manager collection - what’s your earliest FM memory? Football Manager is the BEST Football Game EVER 👏 I am sorry but nothing comes close… #football #footballmanager #fifa #fc26 #gaming. Here are my favourite player roles in the new football manager 26. Some overpowered and just some roles that I have enjoyed using on FM26. Some overpowered and just some roles that I have enjoyed using on FM26 #FM26 #FootballManager. Pieface is enjoying life on Football Manager 26 again 😭. Pieface is enjoying life on Football Manager 26 again 😭 📺: @pieface23ttv #fm26 #footballmanager #reels #explorepage. Football Manager 26 Mobile İçin Tanıtım Videosu Geldi. Football Manager 26 Mobile İçin Tanıtım Videosu Geldi Süreyya Hanımın Muhteşem Değişimi #FootballManager #FM26 #FM26Mobile. INICIO DE LA SEGUNDA TEMPORADA EN PREMIER DECEPCIONANTE | Modo Carrera Soccer Manager 2026 #7. INICIO DE LA SEGUNDA TEMPORADA EN PREMIER DECEPCIONANTE | Modo Carrera Soccer Manager 2026 #7 Video completo ya disponible por el canal de Youtube! With a new engine and next-level tactical tools, you’re not just playing the game. 📅 Release date: November 4th (PC, Mac, Xbox, PS5, Mobile via Netflix). ⚽ Unity engine, new matchday graphics, a completely redesigned UI, the Premier League licence, and – at long last – women’s football! Which women’s leagues?), and I’ll be reacting to every new announcement as it happens – so hit follow here and subscribe on YouTube to stay in the loop. 🚨 📅 Release date: November 4th (PC, Mac, Xbox, PS5, Mobile via Netflix) 🎮 Switch Touch: December 4th ⚽ Unity engine, new matchday graphics, a completely redesigned UI, the Premier League licence, and – at long last – women’s football! Release Date: 4 Nov, 2025. We’ve had our first look at gameplay, the brand new UI, confirmation of the release date, and pre-orders are now live. 👉 What are you most excited about: gameplay, new UI, or the release date?",,"gameplay, announcement, release date",45,medium,"Social Index (+5); Exact title match (+20); Keywords ['gameplay', 'announcement', 'release date'] (+20)",social
4530370,social_post,unknown_date,https://store.steampowered.com/app/4530370/Football_Manager_27,Football Manager 27 on Steam,"All Games > Sports Games > Football Manager 27

Community Hub

Football Manager 27

Football Manager 27

Football Manager 27

Developer

Sports Interactive

Publisher

SEGA

Released

Coming soon

Flow from the tactics board to the touchline in FM27, as foundations evolve to deliver greater control, smoother discovery and a richer footballing world to explore.

All Reviews:

No user reviews

Release Date:

Coming soon

Developer:

Sports Interactive

Publisher:

SEGA

Tags [...] See all 20 supported languages

Content

Includes Interactive Elements

In-game purchases, Online interactivity

Title: Football Manager 27  
 Genre: Simulation, Sports, Strategy  

Developer: Sports Interactive

Publisher: SEGA

Franchise: Football Manager

Release Date: Coming soon [...] Visit the website External   Instagram External   X External   TikTok External   YouTube External   Facebook External   View update history   Read related news   View discussions   Visit the Workshop   Find Community Groups

Embed

Report this Product)

Links & info

This game is not yet available on Steam

# Coming soon

Interested?  
Add to your wishlist and get notified when it becomes available.

View Community Hub

## About This Game",,release date,45,medium,Social Index (+5); Exact title match (+20); Keywords ['release date'] (+20),social
4530370,web_result,unknown_date,https://store.steampowered.com/app/4530370/Football_Manager_27,Football Manager 27 on Steam,"All Games > Sports Games > Football Manager 27

Community Hub

Football Manager 27

Football Manager 27

Football Manager 27

Developer

Sports Interactive

Publisher

SEGA

Released

Coming soon

Flow from the tactics board to the touchline in FM27, as foundations evolve to deliver greater control, smoother discovery and a richer footballing world to explore.

All Reviews:

No user reviews

Release Date:

Coming soon

Developer:

Sports Interactive

Publisher:

SEGA

Tags [...] See all 20 supported languages

Content

Includes Interactive Elements

In-game purchases, Online interactivity

Title: Football Manager 27  
 Genre: Simulation, Sports, Strategy  

Developer: Sports Interactive

Publisher: SEGA

Franchise: Football Manager

Release Date: Coming soon [...] ## About This Game

Foundations evolve in FM27, delivering firmer ground for your footballing adventure. From the moment your save begins, you’ll discover a cleaner, more intuitive, and easier to navigate experience, with new and returning features enhancing immersion and decision-making.

## A World that goes further",,release date,40,medium,Exact title match (+20); Keywords ['release date'] (+20),general
4530370,web_result,unknown_date,https://www.instant-gaming.com/en/23818-buy-football-manager-27-pc-mac-steam,Buy Football Manager 27 - PC & Mac (Steam) - Europe,"Foundations evolve in FM27, delivering firmer ground for your footballing adventure. From the moment your save begins, you’ll discover a cleaner, more intuitive, and easier to navigate experience, with new and returning features enhancing immersion and decision-making.A World that goes further Familiar ideas and behaviours shape the evolution of an interface with control and discovery at its core. Get what you need and where you’re going more efficiently with fewer clicks, smarter navigation... [...] ## Game features

Single-player  Multi-Player  Steam Achievements  Steam Cloud  Family Sharing  XBOX Controller Support  DualShock Controller Support  DualSense Controller Support  In-App Purchases

## Description

Foundations evolve in FM27, delivering firmer ground for your footballing adventure. From the moment your save begins, you’ll discover a cleaner, more intuitive, and easier to navigate experience, with new and returning features enhancing immersion and decision-making. [...] Read more

| Country Compatibility: | See the list |
 --- |
| Languages: | See the supported languages |
| Installation: | How to activate your game |
| Developer: | Sports Interactive, |
| Publisher: | SEGA, |
| Release date: | 10 November 2026 |
| Genre: | Simulation,  Sports,  Strategy, |
| Recent Steam reviews: | No user reviews |
| All Steam reviews: | No user reviews |",,release date,40,medium,Exact title match (+20); Keywords ['release date'] (+20),general
4530370,web_result,unknown_date,https://www.youtube.com/watch?v=RJjuOptkJ-M,FM27 Is Going Back To What Made Football Manager Great (Football Manager 27 New Features Trailer),"[13:34] Derby clash with your rivals is back in a familiar format. In the same vein, FM27 gives you an enhanced transfer
[13:42] deadline day experience with some key differences. [music] You'll now see that agent offers are visible and active on the recruitment screen throughout the
[13:50] window rather than just appearing on deadline day itself with offers from agents increasing as the deadline gets closer. [music] Finally, there's data. [...] # FM27 Is Going Back To What Made Football Manager Great (Football Manager 27 New Features Trailer)
## Channel: JohnFMTV (verified)
160K subscribers
20 likes

### Description
3,268 views
Posted: 2026-09-26
Football Manager 27 is starting to feel much more like the Football Manager games fans know and love!

In this latest FM27 Feature Deep Dive, we get another look at the new Football Manager 27 interface, player profiles, club screens and the deeper football world coming to the game. [...] After the negative reaction to FM26, it's interesting to see FM27 combining a modern updated interface with more of the familiar Football Manager feel from previous games. The deeper we get into these feature reveals, the more FM27 is beginning to look like a proper evolution of the classic FM experience rather than something completely different.

In this video, I react to the latest Football Manager 27 features and give my thoughts on the direction Sports Interactive is taking the series.",,trailer,40,medium,Exact title match (+20); Keywords ['trailer'] (+20),general
4530370,web_result,unknown_date,https://www.youtube.com/watch?v=x5FgvowXlSg,Football Manager is BACK! | FM 27 FIRST TRAILER | Football Manager 27 Feature Deep Dive,"[3:57] your next navigational step is always available  and immediately obvious. We've also updated the   names of the main sections of the game to better  reflect your core responsibilities as a football  
[4:07] manager, your squad, tactics, recruitment,  training, and club. In the squad screen,  
[4:14] you'll see your full squad straight away. Tactics  takes you straight to your tactics. Easy and   training takes you straight to your training  and so on. Perfect. We've reduced the number [...] [1:34] I like it. Uh, I like Yeah, I like the skin.  All the names. Love to see it. Logos. All right,  
[1:42] this is not too bad. Shaping menus. The changes  allow you to focus on what's important. More time  
[1:48] spent shaping your story, exploring the wider  game world, and less time spent navigating the   menus. In practical terms, that means all of your  navigation now takes place in the menus at the [...] [9:47] clicks, more gameplay, more relevant information  in each screen, and more ways to shape how you  
[9:54] engage with the game means more control and depth  to your experience. There's even more detail in  
[10:00] our deep dive feature blog, and we'll be answering  your questions about our approach in dedicated   AMAs on Reddit. In our next deep dive, we'll  showcase the new, improved, and returning elements",,"trailer, gameplay, showcase",40,medium,"Exact title match (+20); Keywords ['trailer', 'gameplay', 'showcase'] (+20)",general
4530370,web_result,unknown_date,https://www.thesixthaxis.com/2026/09/30/football-manager-27-launch-date-confirmed-with-a-match-day-experience-trailer,Football Manager 27 launch date confirmed with a match day experience trailer | TheSixthAxis,"TheSixthAxis TheSixthAxis TheSixthAxis

 

# Football Manager 27 launch date confirmed with a match day experience trailer

Stefan L No Comments

Football Manager 27 FM27 - header keyart

Football Manager 27 is launching on 10th November, Sega and Sports Interactive have confirmed, arriving with the PC version, FM27 Console and FM27 Mobile. [...] This is one of the key areas that Sports Interactive has looked to improve with the recent jump to the Unity game engine, allowing for greater graphical fidelity in the 3D match playback. FM26 was the first game on this engine, and FM27 is able to refine it. [...] FM26, as fans of the series all know, was a troubled entry that struggled with that jump to a new engine and to new navigational ideas. Last week saw SI explore how the navigation has been improved, removing clicks where possible and clarifying the customisable menu structure, and a followup then delved into the deepening world of the football simulation.",,trailer,40,medium,Exact title match (+20); Keywords ['trailer'] (+20),general
4530370,web_result,unknown_date,https://www.youtube.com/watch?v=x5FgvowXlSg,Football Manager is BACK! | FM 27 FIRST TRAILER | Football Manager 27 Feature Deep Dive,"[9:23] defaulting to the overview, you can change it.  FM27 evolves the design language we introduced  
[9:29] in FM26 combined with ideas and behaviors that  recapture the core navigation and user experience  
[9:36] flow from previous titles. Our goal with these  changes is simple for them to feel efficient,  
[9:42] intuitive, so you can focus on discovery and  exploring the wider footballing world. Less [...] [3:57] your next navigational step is always available  and immediately obvious. We've also updated the   names of the main sections of the game to better  reflect your core responsibilities as a football  
[4:07] manager, your squad, tactics, recruitment,  training, and club. In the squad screen,  
[4:14] you'll see your full squad straight away. Tactics  takes you straight to your tactics. Easy and   training takes you straight to your training  and so on. Perfect. We've reduced the number [...] [1:11] core focus as we've evolved the current design  and navigational features from adaptive layouts  
[1:17] and customizable screens to removing unnecessary  clicks and reshaping menus. The changes allow you  
[1:22] to focus on what's important more click obviously.  Yeah, we'll take a look at the key screens because  
[1:29] yeah, then you might yeah pick out I like Yeah,  the foot the the screen looks very full as well.",,trailer,40,medium,Exact title match (+20); Keywords ['trailer'] (+20),general
4530370,web_result,unknown_date,https://store.steampowered.com/app/4530370/Football_Manager_27,Football Manager 27 on Steam,"All Games > Sports Games > Football Manager 27

Community Hub

Football Manager 27

Football Manager 27

Football Manager 27

Developer

Sports Interactive

Publisher

SEGA

Released

Coming soon

Flow from the tactics board to the touchline in FM27, as foundations evolve to deliver greater control, smoother discovery and a richer footballing world to explore.

All Reviews:

No user reviews

Release Date:

Coming soon

Developer:

Sports Interactive

Publisher:

SEGA

Tags [...] ## About This Game

Foundations evolve in FM27, delivering firmer ground for your footballing adventure. From the moment your save begins, you’ll discover a cleaner, more intuitive, and easier to navigate experience, with new and returning features enhancing immersion and decision-making.

## A World that goes further [...] See all 20 supported languages

Content

Includes Interactive Elements

In-game purchases, Online interactivity

Title: Football Manager 27  
 Genre: Simulation, Sports, Strategy  

Developer: Sports Interactive

Publisher: SEGA

Franchise: Football Manager

Release Date: Coming soon",,release date,40,medium,Exact title match (+20); Keywords ['release date'] (+20),general
4530370,web_result,unknown_date,https://www.radiotimes.com/technology/gaming/fm27-release-date-confirmed-newsupdate,"FM27 release date is confirmed, but some players will have to wait | Radio Times","Indeed, today's news confirms that Football Manager 27 will launch on 10 November for PC, Mac, PS5, Xbox Series X/S and Mobile (the latter of which is releasing via Netflix). The game will be priced at £49.99.

The eagle-eyed among you will notice that the Nintendo Switch 2 is not listed among those day-one platforms. Apple Arcade was not mentioned, either. The developers noted in the announcement that ""details on further platforms will be confirmed subsequently"". ​ [...] ❚ We may earn commission from links on this page. Our editorial is always independent (learn more).

# Football Manager 27 release date confirmed, but some players will have to wait

Ready to go again?

Sports Interactive

 Rob Leane

Published: Wednesday, 30 September 2026 at 2:28 pm

Stay ahead of the game! Sign up for our FREE gaming newsletter

 Share on facebook
 Share on twitter
 Share on pinterest
 Share on reddit
 Email to a friend [...] As the 10 November release date for FM27 nears, we'll be sure to keep you updated with all things FM27. Sports Interactive has also promised a preview version that will launch a couple of weeks before. Until then, watch this space! And you can watch the latest deep dive below.

#### Want to see this content?",,"announcement, release date",40,medium,"Exact title match (+20); Keywords ['announcement', 'release date'] (+20)",general
4530370,web_result,unknown_date,https://www.cosmocover.com/newsroom/football-manager-27-launches-across-platforms-from-10-november,Football Manager 27 launches across platforms from 10 November 👾 COSMOCOVER - The best PR agency for video games in Europe!,"| |  |  |  |  |  |  |  ---  ---  --- | | |  |  | Football Manager 27 launches across platforms from 10 November | | – Release date confirmed for FM27, FM27 Console and FM27 Mobile – | | London, England –  September 30, 2026  – Delivering greater control, smoother discovery and a more enticing football world, Football Manager 27 launches across platforms from 10 November.   FM27 (PC/Mac) will be available across Steam, Epic and the Xbox PC app, including being available for Xbox Game Pass [...] for Xbox Game Pass Ultimate or PC Game Pass subscribers for a retail price of €59.99. Also launching day one are FM27 Console (Xbox/PS5) and FM27 Mobile (Netflix). Details on further platforms will be confirmed subsequently.   A Launch Preview version of FM27 will be available to play 1-2 weeks before the street date, with further information on that plus digital pre-purchase and discount incentives to follow.  Today’s announcement comes alongside Sports Interactive’s latest gameplay deep dive, [...] Assembly and Sports Interactive. SEGA Europe’s website is located at www.sega.co.uk | | |  |  | Screenshots   ---   Watch the Trailer  YouTube   ---   Download Press Kit here   ---   Previous Announcements  Football Manager 27 shares first feature drop ahead of November launch   ---   Press Contact  For all media/interview requests, contact Cosmocover by email or phone:  +33 (0) 184 200 104 | | |",,"trailer, gameplay, announcement, release date",40,medium,"Exact title match (+20); Keywords ['trailer', 'gameplay', 'announcement', 'release date'] (+20)",general
4530370,web_result,unknown_date,https://www.footballmanager.com/news/getting-ready-football-manager-27,Getting ready for Football Manager 27 | Football Manager 27,"Be the first to know what's next by following us across social media @FootballManager. Same handle, every platform.

Follow on Instagram   Follow on X   Follow on Facebook   Follow on TikTok   Follow on Youtube

27.08.26

FM Admin

# Getting ready for Football Manager 27

As the final stages of development near on Football Manager 27, we are pleased to confirm that the game will launch in November, with the specific launch date alongside confirmed platforms to follow. [...] Plans for a new community channel were also made known with an official Football Manager Discord server due to go live in September, where players can connect deeper with the Studio in the run up to release and beyond.

More Football Manager 27 details will be shared in the coming weeks. In the meantime, catch the Community video in full and check out a list of FAQs related to this update for more details.

## Latest News

## Get 50% off FM26 across platforms

11.06.2026  - FM Admin [...] Getting ready for Football Manager 27

In a new video led by Community Manager, Chris Groves, we revealed that a series of feature deep dives and first looks at gameplay will roll out from September.

Around what players can expect from FM27, Chris shared that “We’re evolving the current design whilst restoring ideas and behaviours you (our players) value and that worked well in previous editions.”",,gameplay,40,medium,Exact title match (+20); Keywords ['gameplay'] (+20),general
4530370,web_result,unknown_date,https://www.footballmanager.com,Football Manager 27 | Out November,"11.06.2026

Football Manager team up with FIFAe to launch Curaçao Challenge for FIFA World Cup 2026™

## Football Manager team up with FIFAe to launch Curaçao Challenge for FIFA World Cup 2026™

09.06.2026

Football Manager expands licensing agreement with DFB

## Football Manager expands licensing agreement with DFB

05.06.2026

More News

A background image for FM A background image for FM

logo for FM light logo for FM dark

## Join The Squad. Get Rewarded. [...] Sign up to FMFC and get FM27 news delivered straight to your inbox, as well as exclusive prize draws and member-only giveaways.

Join The Squad

## Unparalleled Authenticity

Immerse yourself in an authentic gameplay experience featuring the world’s biggest leagues and iconic competitions.

## Latest From FM

More News

Getting ready for Football Manager 27

## Getting ready for Football Manager 27

27.08.2026

Get 50% off FM26 across platforms

## Get 50% off FM26 across platforms

11.06.2026 [...] Be the first to know what's next by following us across social media @FootballManager. Same handle, every platform.

Follow on Instagram   Follow on X   Follow on Facebook   Follow on TikTok   Follow on Youtube

en         

# FM27 Out November

Greater control. Smoother discovery. Find out how FM27 brings you closer to the living, breathing football universe that exists beyond your club.

Watch Video  Explore Blog

 

# What's New In FM27?",,gameplay,40,medium,Exact title match (+20); Keywords ['gameplay'] (+20),general
4530370,web_result,unknown_date,https://www.footballmanager.com,Football Manager 27 | Out November,"11.06.2026

Football Manager team up with FIFAe to launch Curaçao Challenge for FIFA World Cup 2026™

## Football Manager team up with FIFAe to launch Curaçao Challenge for FIFA World Cup 2026™

09.06.2026

Football Manager expands licensing agreement with DFB

## Football Manager expands licensing agreement with DFB

05.06.2026

More News

A background image for FM A background image for FM

logo for FM light logo for FM dark

## Join The Squad. Get Rewarded. [...] Sign up to FMFC and get FM27 news delivered straight to your inbox, as well as exclusive prize draws and member-only giveaways.

Join The Squad

## Unparalleled Authenticity

Immerse yourself in an authentic gameplay experience featuring the world’s biggest leagues and iconic competitions.

## Latest From FM

More News

Getting ready for Football Manager 27

## Getting ready for Football Manager 27

27.08.2026

Get 50% off FM26 across platforms

## Get 50% off FM26 across platforms

11.06.2026 [...] Be the first to know what's next by following us across social media @FootballManager. Same handle, every platform.

Follow on Instagram   Follow on X   Follow on Facebook   Follow on TikTok   Follow on Youtube

en         

# FM27 Out November

Greater control. Smoother discovery. Find out how FM27 brings you closer to the living, breathing football universe that exists beyond your club.

Watch Video  Explore Blog

 

# What's New In FM27?",,gameplay,40,medium,Exact title match (+20); Keywords ['gameplay'] (+20),general
4530370,web_result,unknown_date,https://store.steampowered.com/app/4530370/Football_Manager_27,Football Manager 27 on Steam,"All Games > Sports Games > Football Manager 27

Community Hub

Football Manager 27

Football Manager 27

Football Manager 27

Developer

Sports Interactive

Publisher

SEGA

Released

Coming soon

Flow from the tactics board to the touchline in FM27, as foundations evolve to deliver greater control, smoother discovery and a richer footballing world to explore.

All Reviews:

No user reviews

Release Date:

Coming soon

Developer:

Sports Interactive

Publisher:

SEGA

Tags [...] See all 20 supported languages

Content

Includes Interactive Elements

In-game purchases, Online interactivity

Title: Football Manager 27  
 Genre: Simulation, Sports, Strategy  

Developer: Sports Interactive

Publisher: SEGA

Franchise: Football Manager

Release Date: Coming soon [...] ## About This Game

Foundations evolve in FM27, delivering firmer ground for your footballing adventure. From the moment your save begins, you’ll discover a cleaner, more intuitive, and easier to navigate experience, with new and returning features enhancing immersion and decision-making.

## A World that goes further",,release date,40,medium,Exact title match (+20); Keywords ['release date'] (+20),general
4530370,web_result,unknown_date,https://www.youtube.com/watch?v=x5FgvowXlSg,Football Manager is BACK! | FM 27 FIRST TRAILER | Football Manager 27 Feature Deep Dive,"[3:57] your next navigational step is always available  and immediately obvious. We've also updated the   names of the main sections of the game to better  reflect your core responsibilities as a football  
[4:07] manager, your squad, tactics, recruitment,  training, and club. In the squad screen,  
[4:14] you'll see your full squad straight away. Tactics  takes you straight to your tactics. Easy and   training takes you straight to your training  and so on. Perfect. We've reduced the number [...] [9:23] defaulting to the overview, you can change it.  FM27 evolves the design language we introduced  
[9:29] in FM26 combined with ideas and behaviors that  recapture the core navigation and user experience  
[9:36] flow from previous titles. Our goal with these  changes is simple for them to feel efficient,  
[9:42] intuitive, so you can focus on discovery and  exploring the wider footballing world. Less [...] [9:05] side, if you navigate to the preferences menu,  you'll now see that you've got the ability to edit   the shortcuts to whatever you want them to be.  The preferences menu also contains a setting that  
[9:14] allows you to change where you land when you click  on each of the options in the primary navigation   bar. So, if there's something specific you want to  see first within squad or recruitment, rather than",,trailer,40,medium,Exact title match (+20); Keywords ['trailer'] (+20),general
4530370,web_result,unknown_date,https://www.youtube.com/watch?v=RJjuOptkJ-M,FM27 Is Going Back To What Made Football Manager Great (Football Manager 27 New Features Trailer),"[11:51] Okay, it just it looks really nice. It looks really nice. Please don't have gamebreaking bugs. Like if it's just
[11:59] like a usual older FM how the game would play out, that would that that would be perfect because it's looking really good, man. I like it. Yes, I'm excited.
[12:11] Improved quick flicks in the second navigation means it's easier to cycle through your own or other squats. [...] [2:11] More connected and more alive with upgrades and returning features that bring you closer to everything happening beyond your club. From your feedback and
[2:19] our internal reviews, we know we needed to make it easier and more enjoyable to explore the wider football world that exists around your team. One of the many
[2:28] changes to help achieve this is enhancing the wider news content within the game. For FM27, we've designed bespoke news content related to each [...] [12:41] Ultimately, this is about giving you more choice. We'll set the starting point, but just as there are new settings allowing you to change where you land in each key screen, it's up for you to determine how you want to play.
[12:52] [music]
[12:53] For FM27, we've reviewed cup draws, transfer deadline, date.
[12:58] Okay, hold on. What's a cup What's the cup draw looking like? Okay. Yeah, a bit of facelift. I like how that's looking where you get a visual represent. Let's",,trailer,40,medium,Exact title match (+20); Keywords ['trailer'] (+20),general
4530370,web_result,unknown_date,https://store.steampowered.com/app/4530370/Football_Manager_27,Football Manager 27 on Steam,"All Games > Sports Games > Football Manager 27

Community Hub

Football Manager 27

Football Manager 27

Football Manager 27

Developer

Sports Interactive

Publisher

SEGA

Released

Coming soon

Flow from the tactics board to the touchline in FM27, as foundations evolve to deliver greater control, smoother discovery and a richer footballing world to explore.

All Reviews:

No user reviews

Release Date:

Coming soon

Developer:

Sports Interactive

Publisher:

SEGA

Tags [...] ## About This Game

Foundations evolve in FM27, delivering firmer ground for your footballing adventure. From the moment your save begins, you’ll discover a cleaner, more intuitive, and easier to navigate experience, with new and returning features enhancing immersion and decision-making.

## A World that goes further [...] See all 20 supported languages

Content

Includes Interactive Elements

In-game purchases, Online interactivity

Title: Football Manager 27  
 Genre: Simulation, Sports, Strategy  

Developer: Sports Interactive

Publisher: SEGA

Franchise: Football Manager

Release Date: Coming soon",,release date,40,medium,Exact title match (+20); Keywords ['release date'] (+20),general
4530370,web_result,unknown_date,https://store.steampowered.com/app/4530370/Football_Manager_27,Football Manager 27 on Steam,"All Games > Sports Games > Football Manager 27

Community Hub

Football Manager 27

Football Manager 27

Football Manager 27

Developer

Sports Interactive

Publisher

SEGA

Released

Coming soon

Flow from the tactics board to the touchline in FM27, as foundations evolve to deliver greater control, smoother discovery and a richer footballing world to explore.

All Reviews:

No user reviews

Release Date:

Coming soon

Developer:

Sports Interactive

Publisher:

SEGA

Tags [...] See all 20 supported languages

Content

Includes Interactive Elements

In-game purchases, Online interactivity

Title: Football Manager 27  
 Genre: Simulation, Sports, Strategy  

Developer: Sports Interactive

Publisher: SEGA

Franchise: Football Manager

Release Date: Coming soon [...] SEGA

Tags

Popular user-defined tags for this product:

Simulation  Sports  Strategy  eSports  Strategy RPG  Immersive Sim  Real Time Tactics  Tactical RPG  2D  3D  Football (Soccer)  Management  Character Customization  Choices Matter  PvE  Text-Based  Multiplayer  Singleplayer 

+

Reviews

All Reviews:

No user reviews

Sign in to add this item to your wishlist, follow it, or mark it as ignored

)

Features

Single-player

Multi-player

Steam Achievements

Steam Workshop

In-App Purchases",,release date,40,medium,Exact title match (+20); Keywords ['release date'] (+20),general
4530370,web_result,unknown_date,https://www.radiotimes.com/technology/gaming/fm27-release-date-confirmed-newsupdate,"FM27 release date is confirmed, but some players will have to wait | Radio Times","#### Want to see this content?

This page contains content provided by Google reCAPTCHA. We ask for your permission before anything is loaded, as Google reCAPTCHA may use cookies and other technologies. To view this content, choose 'Accept and continue' to allow Google reCAPTCHA and its required purposes.

In the announcement, Sports Interactive also promised that FM27 will deliver ""greater control, smoother discovery and a more enticing football world"". [...] As the 10 November release date for FM27 nears, we'll be sure to keep you updated with all things FM27. Sports Interactive has also promised a preview version that will launch a couple of weeks before. Until then, watch this space! And you can watch the latest deep dive below.

#### Want to see this content? [...] ❚ We may earn commission from links on this page. Our editorial is always independent (learn more).

# Football Manager 27 release date confirmed, but some players will have to wait

Ready to go again?

Sports Interactive

 Rob Leane

Published: Wednesday, 30 September 2026 at 2:28 pm

Stay ahead of the game! Sign up for our FREE gaming newsletter

 Share on facebook
 Share on twitter
 Share on pinterest
 Share on reddit
 Email to a friend",,"announcement, release date",40,medium,"Exact title match (+20); Keywords ['announcement', 'release date'] (+20)",general
4530370,web_result,unknown_date,https://www.youtube.com/watch?v=x5FgvowXlSg,Football Manager is BACK! | FM 27 FIRST TRAILER | Football Manager 27 Feature Deep Dive,"[0:49] Follow also on this channel. I've made Football  Manager videos for so long now, over 10 years. So,  
[0:55] yeah, definitely excited for the new game. Hello,  I'm Remy. I'm the associate game director for  
[1:00] Sports Interactive. And I'm an senior features  manager at Sports Interactive. Today, we're diving   into the user experience and interface. Elevating  your experience and the flow of FM has been the [...] [9:23] defaulting to the overview, you can change it.  FM27 evolves the design language we introduced  
[9:29] in FM26 combined with ideas and behaviors that  recapture the core navigation and user experience  
[9:36] flow from previous titles. Our goal with these  changes is simple for them to feel efficient,  
[9:42] intuitive, so you can focus on discovery and  exploring the wider footballing world. Less",,trailer,40,medium,Exact title match (+20); Keywords ['trailer'] (+20),general
4530370,web_result,unknown_date,https://store.steampowered.com/app/4530370/Football_Manager_27,Football Manager 27 on Steam,"All Games > Sports Games > Football Manager 27

Community Hub

Football Manager 27

Football Manager 27

Football Manager 27

Developer

Sports Interactive

Publisher

SEGA

Released

Coming soon

Flow from the tactics board to the touchline in FM27, as foundations evolve to deliver greater control, smoother discovery and a richer footballing world to explore.

All Reviews:

No user reviews

Release Date:

Coming soon

Developer:

Sports Interactive

Publisher:

SEGA

Tags [...] See all 20 supported languages

Content

Includes Interactive Elements

In-game purchases, Online interactivity

Title: Football Manager 27  
 Genre: Simulation, Sports, Strategy  

Developer: Sports Interactive

Publisher: SEGA

Franchise: Football Manager

Release Date: Coming soon [...] SEGA

Tags

Popular user-defined tags for this product:

Simulation  Sports  Strategy  eSports  Strategy RPG  Immersive Sim  Real Time Tactics  Tactical RPG  2D  3D  Football (Soccer)  Management  Character Customization  Choices Matter  PvE  Text-Based  Multiplayer  Singleplayer 

+

Reviews

All Reviews:

No user reviews

Sign in to add this item to your wishlist, follow it, or mark it as ignored

)

Features

Single-player

Multi-player

Steam Achievements

Steam Workshop

In-App Purchases",,release date,40,medium,Exact title match (+20); Keywords ['release date'] (+20),general
4530370,steam_news,inside_extended_window,https://steamstore-a.akamaihd.net/news/externalpost/steam_community_announcements/1845383656377458,FM27: An Elevated Match Day Atmosphere ,,"If you’re to truly believe that you’re stepping into the shoes of a football manager, the world you’re immersed in needs to feel authentic to you as a fan. That's true of both the way the matches play but also the visual representation of the whole Match Day experience.  The beauty of FM is as much ",,35,medium,Inside extended window (+15); Official Steam News (+20),
4530370,steam_news,inside_extended_window,https://steamstore-a.akamaihd.net/news/externalpost/steam_community_announcements/1844751498224235,Deeper Football World: Increased Immersion in FM27,,"At the heart of the Football Manager experience is being part of a living, breathing football universe that exists well beyond the confines of your club. In tandem with navigation improvements that make exploring the football world easier, for FM27 we needed to elevate your curiosity levels with mor",,35,medium,Inside extended window (+15); Official Steam News (+20),
4530370,youtube_video,outside_window,https://www.youtube.com/watch?v=O60rrgARBPY,Probamos la DEMO de PRO SOCCER MANAGER 27 | Primeras Impresiones,,Hoy nos ponemos el traje de entrenador para probar la DEMO de Pro Soccer Manager '27! Analizamos a fondo este nuevo ...,demo,35,medium,YouTube (+15); Keywords ['demo'] (+20),
4530370,youtube_video,outside_window,https://www.youtube.com/watch?v=aHkhiHBrTqc,Let&#39;s Play Pro Soccer Manager 27 | First Look,,"Let's play a brand new game, as we try the demo of Pro Soccer Manager 27. Today, I have a first look at and walkthrough the ...",demo,35,medium,YouTube (+15); Keywords ['demo'] (+20),
4530370,youtube_video,outside_window,https://www.youtube.com/watch?v=kW9E6YQ7ydQ,Pro Soccer Manager 27 (Demo) - Nuevo manager de fútbol al estilo Football Manager,,"Echamos un ojo a la demo de Pro Soccer Manager 27, nuevo manager de fútbol. Su interfaz nos recuerda a Delta Manager, algo ...",demo,35,medium,YouTube (+15); Keywords ['demo'] (+20),
4530370,reddit_discussion,unknown_date,https://www.reddit.com/r/footballmanagergames/comments/1v846wi/fm27_release_date_how_is_fm26,FM27 Release Date? How is FM26?,"A reality check on the FM27 hype: Expect parity with FM24, not a revolution. · FM27: The typos are more polished this year. · Football manager 26",,release date,30,weak,Reddit (+10); Keywords ['release date'] (+20),social
4530370,youtube_video,inside_extended_window,https://www.youtube.com/watch?v=9rdMzTr0sAg,An Elevated Match Day Atmosphere | FM27 Feature Deep Dive,,"Our latest FM27 deep dive explores the anticipation, the atmosphere, and the on-pitch action that make every fixture feel like a ...",,30,weak,Inside extended window (+15); YouTube (+15),
4530370,youtube_video,inside_extended_window,https://www.youtube.com/watch?v=mzKBI0o5eek,A Deeper Football World | FM27 Feature Deep Dive,,"Our latest FM27 deep dive details the returning, reimagined and new features that bring you closer to the living, breathing football ...",,30,weak,Inside extended window (+15); YouTube (+15),
4530370,youtube_video,inside_extended_window,https://www.youtube.com/watch?v=cMqHJqzAq44,Clearer Interface &amp; Smoother Navigation | FM27 Feature Deep Dive,,"In the first of our FM27 feature deep dives, Associate Game Director Rémy Boicherot and Senior Features Manager Ant Farley ...",,30,weak,Inside extended window (+15); YouTube (+15),
4530370,youtube_video,inside_extended_window,https://www.youtube.com/watch?v=Q7X4pwxpwXM,FM27 Is Bringing Match Day to Life,,Subscribe http://bit.ly/subLollujo Join http://bit.ly/joinLollujo Support the channel on Patreon http://patreon.com/lollujo First ...,,30,weak,Inside extended window (+15); YouTube (+15),
4530370,youtube_video,inside_extended_window,https://www.youtube.com/watch?v=9rdMzTr0sAg,An Elevated Match Day Atmosphere | FM27 Feature Deep Dive,,"Our latest FM27 deep dive explores the anticipation, the atmosphere, and the on-pitch action that make every fixture feel like a ...",,30,weak,Inside extended window (+15); YouTube (+15),
4530370,youtube_video,inside_extended_window,https://www.youtube.com/watch?v=cMqHJqzAq44,Clearer Interface &amp; Smoother Navigation | FM27 Feature Deep Dive,,"In the first of our FM27 feature deep dives, Associate Game Director Rémy Boicherot and Senior Features Manager Ant Farley ...",,30,weak,Inside extended window (+15); YouTube (+15),
4530370,social_post,unknown_date,https://www.tiktok.com/@footballmanager,Football Manager (@footballmanager) | TikTok,"Image 26: @Harrogate Town AFC, you have a fan in Gian van Veen 😅 PDC pros share their best Football Manager stories 👀 @OfficialPDC #FootballManager #FM26 created by Football Manager with Football Manager’s original sound 96.5K

Image 27: Who better to ask than Curaçao experts about the FIFAe Curaçao challenge. Enter via FIFA.gg before the competition closes! @FIFAe #FootballManager #FM26 #Curacao created by Football Manager with Football Manager’s original sound 7442 [...] Image 11: A clearer, more intuitive experience 🖱️ Let us take you through FM27's evolved interface and how we're making your game world easier to navigate in fewer clicks. Watch our first #FM27 deep dive 🎥 created by Football Manager with Football Manager’s original sound - Football Manager 448.7K Pinned [...] Skip to content feed

TikTok

Log in

TikTok

Search

For You

Explore

Following

Short dramas

LIVE

Upload

Profile

More

Log in

© 2026 TikTok

Image 1

# Football Manager

## footballmanager

### 71Following

344.7KFollowers

5.2MLikes

Follow

Message

## Football Manager 27 - Out from 10 Nov #FM27

www.footballmanager.com/linkinbio

Suggested accounts

View all

Videos

Short dramas

Reposts

Favorites

Liked

Latest

Popular

Oldest

Playlists",,,25,weak,Social Index (+5); Exact title match (+20),social
4530370,social_post,unknown_date,https://www.tiktok.com/discover/football-manager-tactics-for-2024,Football Manager Tactics for 2024 | TikTok,"Image 27: 211 Likes, 6 Comments. TikTok video from ZIMS (@zimsmulaa): Discover the ultimate tactics for Football Manager that will elevate your game! Get insights for lower leagues and the Championship. 211 [...] Luis Enrique’s PSG Tactic Analysis #footballmanager #fm24 #footballmanager2024 #psg #luisenrique #fm24tactics @Football Manager Luis Enrique's Innovative Tactics at PSG Explained. Discover Luis Enrique's tactical genius in PSG. Uncover strategies for FM24 that can elevate your gameplay!

Image 26 FM.addicted12.6K [...] The Best Football Manager Tactic?! YOU need to try it ASAP! Cooked in Lower Leagues and Championship 🔥🔥🔥 #FootballManager #Tactic #FM24 Best Football Manager Tactics to Try Now. Discover the ultimate tactics for Football Manager that will elevate your game! Get insights for lower leagues and the Championship.

Image 28 ZIMS4691",,gameplay,25,weak,Social Index (+5); Keywords ['gameplay'] (+20),social
4530370,social_post,unknown_date,https://www.instagram.com/footballmanager?hl=en,Football Manager (@footballmanager) • Instagram photos and videos,"Log In

Sign Up

## footballmanager

 426K followers
 363 following

Football Manager

Football Manager 27 - Out from 10 Nov  
#FM27

www.footballmanager.com/linkinbio

Photo by Football Manager on September 30, 2026. May be an image of football, soccer, magazine, sports equipment, ball, stadium and text.

Video by Football Manager on October 03, 2026. May be an image of football, soccer, sports equipment, stadium and text. [...] Video by Football Manager on August 27, 2026. May be an image of football, soccer, sports equipment, stadium and text.

Photo by Football Manager on August 24, 2026. May be an image of poster and text that says 'MOST SIGNED SUMMER TRANSFERS 10,168 GEORGIA STANWAY 4,803 NIAMH CHARLES 3,494 KHIARA KEATING 3,450 ONA BATLLE 3,177 3,177 MARY EARPS 2,949 2,118 ALEXIA PUTELLAS MP LEÓN ผิ 1,341 VIVIEN ENDEMANN 1,077 ANDREA MEDINA 964 ผหั MELVINE MALARD BARCLAYS WSL FM26'. [...] Video by Football Manager on October 01, 2026. May be an image of one or more people, people standing, microphone, magazine and text.

Video by Football Manager on September 30, 2026. May be an image of football, soccer, card, magazine, sports equipment, ball, stadium and text.

Photo by Football Manager on September 26, 2026.

Video by Football Manager on September 25, 2026. May be an image of football, soccer, cleats, magazine, ball, sports equipment, stadium and text.",,,25,weak,Social Index (+5); Exact title match (+20),social
4530370,social_post,unknown_date,https://x.com/FootballManager,Football Manager (@FootballManager) / X,"Sep 30

  The date for your diary 📆 Football Manager 27 launches across platforms from 10 November.

  

  ​From footballmanager.com

  139
 @FootballManager

  Football Manager@FootballManager

  Sep 30

  Elevating Your Match Day Atmosphere in #FM27 🏟️ Dive into the changes that breathe more life into every match day 👇

  

  FM27: An Elevated Match Day AtmosphereFrom footballmanager.com

  39
 @FootballManager

  Football Manager@FootballManager

  Sep 30 [...] Football Manager 27 | Wishlist NowFrom footballmanager.com

  26
 @FootballManager

  Football Manager@FootballManager

  Sep 25

  Get swept up in the headlines as the season's narratives unfold around you 📰 Discover how #FM27 makes every decision feel part of something bigger 👇

  

  FM27: A Deeper, More Immersive Football WorldFrom footballmanager.com [...] Sep 30

  Experience an elevated match day atmosphere in #FM27 Enjoy a richer spectacle through improved crowds, stadiums and dynamic cutscenes that make every fixture feel like a piece of football theatre. Out from 10 Nov 🗓️

  

  00:00

  375
 @FootballManager

  Football Manager@FootballManager

  Sep 26

  Flow from the tactics board to the touchline in #FM27 👔 Wishlist Football Manager 27 now to get notified when it’s time to play 🔔",,,25,weak,Social Index (+5); Exact title match (+20),social
4530370,social_post,unknown_date,https://x.com/FMSpain,Football Manager ES (@FMSpain) / X,"Sep 30

  La fecha que debes marcar en el calendario 📆 Football Manager 27 se lanza en todas las plataformas a partir del 10 de noviembre. Todos los detalles 👉 fm27.info/Lanzamiento

  

  1
 @FMSpain

  Football Manager ES

  Football Manager

  @FMSpain

  Sep 30 [...] Sep 25

  Explora un mundo del fútbol más profundo en #FM27 🌍 Funciones rediseñadas, recuperadas y totalmente nuevas ofrecen una mayor inmersión desde tu primer día en el banquillo 👔

  

  00:00

  2
 @FMSpain

  Football Manager ES

  Football Manager

  @FMSpain

  Oct 1

  Hemos recopilado las preguntas más frecuentes tras nuestro análisis en profundidad sobre la experiencia de partido. Consúltalas en el enlace de abajo 👇 [...] FM27 – Experiencia del día de partido - Preguntas frecuentes (ES)From community.sports-interactive.com

  1
 @FMSpain

  Football Manager ES

  Football Manager

  @FMSpain

  Sep 30

  Elevando el ambiente del día de partido en #FM27 🏟️ Descubre los cambios que dan más vida a cada jornada 👇

  

  FM27: Un ambiente del día de partido mejoradoFrom footballmanager.com

  1
 @FMSpain

  Football Manager ES

  Football Manager

  @FMSpain

  Sep 30",,,25,weak,Social Index (+5); Exact title match (+20),social
4530370,social_post,unknown_date,https://x.com/FMFrance,Football Manager FRA (@FMFrance) / X,"FM27 : une atmosphère jour de match subliméeFrom footballmanager.com

  1
 @FMFrance

  Football Manager FRA

  Football Manager

  @FMFrance

  Sep 30

  À noter dans votre agenda 📆 Football Manager 27 sortira sur toutes les plateformes à partir du 10 novembre. Tous les détails 👉 fm27.info/DateDeSortie

  

  10
 @FMFrance

  Football Manager FRA

  Football Manager

  @FMFrance

  Sep 30 [...] Log inSign up

Log inSign up

Football Manager FRA

Football Manager

Football Manager FRA profile banner

@FMFrance

# Football Manager FRA

Football Manager

@FMFrance

Football Manager 27 - Dispo le 10 novembre #FM27

footballmanager.com/fr/linkinbio

Joined October 2009

929 Following61K Followers

RepliesRepliesRepostsRepostsMediaMedia

 Pinned

  @FMFrance

  Football Manager FRA

  Football Manager

  @FMFrance

  Sep 25 [...] Sep 25

  Découvrez un univers footballistique encore plus riche dans #FM27 🌍 Des fonctionnalités repensées, d'autres qui font leur retour et des nouvelles pour vous offrir une immersion encore plus totale dès votre premier jour sur le banc de touche 👔

  

  00:00

  9
 @FMFrance

  Football Manager FRA

  Football Manager

  @FMFrance

  Oct 1",,,25,weak,Social Index (+5); Exact title match (+20),social
4530370,social_post,unknown_date,https://x.com/FootballManager/status/2105277732380979205,"Football Manager on X: ""The date for your diary Football ...",4 days ago · The date for your diary 📆 Football Manager 27 launches across platforms from 10 November.,,,25,weak,Social Index (+5); Exact title match (+20),social
4530370,social_post,unknown_date,https://www.footballmanager.com/news/getting-ready-football-manager-27,Getting ready for Football Manager 27 | Football Manager 27,"Nous avons détecté que votre navigateur est en français, cliquez sur le bouton ci-dessous pour vous rendre sur la version en français du site internet de Football Manager.

Allez vers le site en français

Türkçe

## Türkçe sitemize gitmek ister misiniz?

Tarayıcınızın dilinin Türkçe olduğunu belirledik. Football Manager web sitesinin Türkçe versiyonuna gitmek için aşağıdaki düğmeye tıklayın.

Türkçe sitemize gidin

Italiano

## Vuoi andare al nostro sito in italiano? [...] Abbiamo rilevato che il tuo browser è in italiano, clicca sul pulsante qui sotto per andare alla versione italiana del sito di Football Manager.

Vai al sito italiano

Deutsch

## Zur deutschen Seite?

Wir haben erkannt, dass Ihr Browser auf Deutsch eingestellt ist. Klicken Sie auf die untere Schaltfläche, um zur deutschen Football Manager-Seite zu gelangen.

Zur deutschen Seite

Football Manager Football Manager

Football Manager Football Manager 

Features

 Deeper, More Immersive World [...] English

## Go to our English site?

We’ve detected that your browser is in English, click the button below to go to the dedicated English version of the Football Manager website.

Go to English site

Español

## ¿Quieres ir al sitio web en español?

Hemos detectado que tu navegador está en español. Haz clic en el botón de abajo para ir a la versión del sitio web de Football Manager en este idioma.

Ir al sitio web en español

Français

## Allez vers notre site en français ?",,,25,weak,Social Index (+5); Exact title match (+20),social
4530370,social_post,unknown_date,https://www.footballmanager.com,Football Manager 27 | Out November,"Nous avons détecté que votre navigateur est en français, cliquez sur le bouton ci-dessous pour vous rendre sur la version en français du site internet de Football Manager.

Allez vers le site en français

Türkçe

## Türkçe sitemize gitmek ister misiniz?

Tarayıcınızın dilinin Türkçe olduğunu belirledik. Football Manager web sitesinin Türkçe versiyonuna gitmek için aşağıdaki düğmeye tıklayın.

Türkçe sitemize gidin

Italiano

## Vuoi andare al nostro sito in italiano? [...] Abbiamo rilevato che il tuo browser è in italiano, clicca sul pulsante qui sotto per andare alla versione italiana del sito di Football Manager.

Vai al sito italiano

Deutsch

## Zur deutschen Seite?

Wir haben erkannt, dass Ihr Browser auf Deutsch eingestellt ist. Klicken Sie auf die untere Schaltfläche, um zur deutschen Football Manager-Seite zu gelangen.

Zur deutschen Seite

Football Manager Football Manager

Football Manager Football Manager 

Features

 Deeper, More Immersive World [...] English

## Go to our English site?

We’ve detected that your browser is in English, click the button below to go to the dedicated English version of the Football Manager website.

Go to English site

Español

## ¿Quieres ir al sitio web en español?

Hemos detectado que tu navegador está en español. Haz clic en el botón de abajo para ir a la versión del sitio web de Football Manager en este idioma.

Ir al sitio web en español

Français

## Allez vers notre site en français ?",,,25,weak,Social Index (+5); Exact title match (+20),social
4530370,social_post,unknown_date,https://www.footballmanager.com/fm27/wishlist,Football Manager 27 | Wishlist Now,"Nous avons détecté que votre navigateur est en français, cliquez sur le bouton ci-dessous pour vous rendre sur la version en français du site internet de Football Manager.

Allez vers le site en français

Türkçe

## Türkçe sitemize gitmek ister misiniz?

Tarayıcınızın dilinin Türkçe olduğunu belirledik. Football Manager web sitesinin Türkçe versiyonuna gitmek için aşağıdaki düğmeye tıklayın.

Türkçe sitemize gidin

Italiano

## Vuoi andare al nostro sito in italiano? [...] Abbiamo rilevato che il tuo browser è in italiano, clicca sul pulsante qui sotto per andare alla versione italiana del sito di Football Manager.

Vai al sito italiano

Deutsch

## Zur deutschen Seite?

Wir haben erkannt, dass Ihr Browser auf Deutsch eingestellt ist. Klicken Sie auf die untere Schaltfläche, um zur deutschen Football Manager-Seite zu gelangen.

Zur deutschen Seite

Football Manager Football Manager

Football Manager Football Manager 

Features

 Match day spectacle [...] English

## Go to our English site?

We’ve detected that your browser is in English, click the button below to go to the dedicated English version of the Football Manager website.

Go to English site

Español

## ¿Quieres ir al sitio web en español?

Hemos detectado que tu navegador está en español. Haz clic en el botón de abajo para ir a la versión del sitio web de Football Manager en este idioma.

Ir al sitio web en español

Français

## Allez vers notre site en français ?",,,25,weak,Social Index (+5); Exact title match (+20),social
4530370,web_result,unknown_date,https://steamcommunity.com/app/4530370/workshop,Steam Community :: Football Manager 27,"A: FM27 introduces visual changes during a match day that help set a realistic and engrossing scene for the match to unfold. Football fans will know how wintry afternoon games that start in the daylight, but finish in the dark, can add to the spectacle – and a new dynamic time-of-day system captures this. Through the 90 minutes you’ll see the day move forward with lighting changes and realistic shadows on players, stadia and the wider environment. Improvements to the in-game particle system [...] A: Transfer deadline day activity returns as a larger focus for the game, including a redesign of the way agent offers are presented to you. Offers will now be visible and accessible via the Recruitment screen, and they will be present throughout a transfer window, but more will appear on deadline day. A more recognisable and detailed approach to displaying data for players, teams and competitions is also a big focus and will be shown further in upcoming deep dives. [...] In FM27, we’ve enhanced the match day environment to give you the clearest sense of who you’re managing, when, and at what point of the season. That means elevating the crowd, the stadium and the pitch to make every fixture feel like a richer piece of football theatre.

Learn more about the match day atmosphere upgrades you'll soon see in FM27 in the Deep Dive blog [www.footballmanager.com]and check out a list of FAQs related to this update for more details.

FAQ",,,20,weak,Exact title match (+20),general
4530370,web_result,unknown_date,https://store.steampowered.com/app/4540240/International_Football_Manager_27,International Football Manager 27 on Steam,"International Football Manager 27 proposes a new way to experience football management, where every decision has consequences and every season becomes a unique story. Here you don't just manage a club; you define its identity within a shifting environment, full of nuances and constantly evolving situations.

## More personalities and characters, less predictable [...] \ Starting February 15, 2024, the Steam Client will no longer support 32-bit games or macOS 10.14 or lower.

International Football Manager 27. Published and developed by UPLAY Online© UPLAY Online SL. All rights reserved. International Football Manager 27 is a registered trademark of UPLAY Online. All other copyrights and trademarks are the property of their respective owners. [...] In International Football Manager 27 you can manage national teams and compete in international tournaments. Qualify during the season to participate in the most prestigious summer championships and represent your country's colors against the best national teams in the world.

## Take control of every match

Decide how to follow the matches:",,,20,weak,Exact title match (+20),general
4530370,web_result,unknown_date,https://www.youtube.com/watch?v=LnnaS0Etieg,FM27’s New UI – First Look at Football Manager 27,"[26:06] Um, okay. Yeah, obviously there's bugs in it still. We we noticed some. Is the skin shown? The background scheme is an area of the finings. That's might even
[26:15] be the colors. Uh platforms. Do we know the platforms? I don't know if we do.
[26:18] Steam, Epic, and PC, Xbox PC, including Xbox handheld devices. Series X, Series
[26:24] S, PlayStation 5, mobile, IO, iOS, and Android via Netflix. Further platforms to be confirmed. Uh, no Nintendo Switch,",,,20,weak,Exact title match (+20),general
4530370,web_result,unknown_date,https://www.fmscout.com/a-football-manager-2027-preview-videos.html,"FM27 Videos: All Official Trailers, Gameplay & Deep Dives | FM Scout","Sports Interactive is showing Football Manager 2027 through a series of deep dive videos before the game comes out on 10 November 2026.  
   
 Here you can watch every official FM27 video in one place. We add each new video on the day it comes out, newest first.  
   
 Last updated: 1 October 2026  
   

|  |

| Football Manager 2027 New Features |

  

### FM27 Official Videos

  

#### 3. Match Day Atmosphere | FM27 Deep Dive [...] 22 September 2026  
 The first look at FM27. All navigation moves to the top menus, the toggle button returns, and messages are colour-coded. It also shows ultrawide support, three scaling modes, custom shortcuts and the new Tactical Effectiveness system.  
  

|  |

| Football Manager 2027 Screenshots |

  

### Coming Next [...] Follow @fmscout
 2768 online

 TotD:
 FM26 Live Editor

 Sign In

On FM Scout you can chat about Football Manager in real time since 2011. Here are 10 reasons to join!

Home › Articles › News ↓

# Football Manager 2027 Preview Videos

Looking for FM27 videos? Watch every official Football Manager 2027 deep dive, trailer and gameplay video released by SI, all in one place.

By Stam on Oct 01, 2026   491 views   0 comments

News - Football Manager 2027 Preview Videos",,"trailer, gameplay",20,weak,"Keywords ['trailer', 'gameplay'] (+20)",general
4530370,web_result,unknown_date,https://en.wikipedia.org/wiki/Football,Football - Wikipedia,"The Chinese competitive game cuju (蹴鞠) is an early type of ball game where feet were used, in some aspects resembling modern association football. It was possibly played around the Han dynasty and early Qin dynasty, based on an attestation in a military manual from around the second to third centuries BC. In one version, gameplay consisted of players passing the ball between teammates without allowing it to touch the ground (much like keepie uppie). [...] | |  |  |  |  |  |  |  |  |  |  |  |  |  |  |  |  |  |  |  |  |  |  |  |  |  |  |  ---  ---  ---  ---  ---  ---  ---  ---  ---  ---  ---  ---  --- | |  | |  | |  | |  | |  | |  | |  | |  | |  | |  | | Football | | | | | | | |  | |  |  |  | |  | |  | |  | |  | |  | |  | |  | |  | |  |  |  | |  | |  | |  | |  | |  | |  | |  | |  | |  | |  | |  | |  | |  | |  | |  |  |  | | |  |  |  | |  | |  | |  |  |  | |  | |  | |  | |  | |  | |  | |  | |  | |  |  |  | |  | |  | |  | |  | |  | |  | |  |  |  | | [...] |  |  |  |  |  |  |  |  |  |  |  |  |  |  |  |  |  |  |  |  |  |  |  |  |  |  |
 ---  ---  ---  ---  ---  ---  ---  ---  ---  ---  ---  ---  --- |
|  | |  | |  | |  | |  | |  | |  | |  | |  | |  | | Football | | | | | |
|
|  | |  |  |  | |  | |  | |  | |  | |  | |  | |  | |  | |  |  |  | |  | |  | |  | |  | |  | |  | |  | |  | |  | |  | |  | |  | |  | |  | |  |  |  | |",,gameplay,20,weak,Keywords ['gameplay'] (+20),general
4530370,web_result,unknown_date,https://www.youtube.com/watch?v=aHkhiHBrTqc,Let's Play Pro Soccer Manager 27 | First Look,"[30:21] But for now, we're going to leave it here. If you did enjoy this video, a little first look at the Pro Soccer Manager 27 demo, part of the Football Fiesta event for the World Cup on Steam.
[30:32] Please do chuck a thumbs up on it. You can find a link to it in the Steam store in the description below if you want to give it a try. You can subscribe and
[30:39] turn the notification bell on for our regular FM26 content and loads of other things as well, including lots of tries [...] [0:41] competition is like and whether it's a viable option. We've been playing lots of new games and demos over recent weeks. You can find the whole playlist
[0:48] in the eye above, but today we are focused on Pro Soccer Manager 27. So, let's go over to the demo, start a new
[0:55] game, and as we have with a lot of these games recently, just go and take a little nose around of what's about.
[1:04] Here we go then. Ready to start a new game on Pro Soccer Manager 27, the demo. [...] ### Transcript
[0:00] Well, another day and another new game demo in the Steam Football Fiesta event to celebrate the World Cup as today we
[0:07] take a look at the demo for Pro Soccer Manager 27. It is essentially an alternative version to Football Manager.
[0:16] It's a very similar idea, very similar layout, and of course, a lot of the license is not there with it not being as big a studio or game title. But I",,demo,20,weak,Keywords ['demo'] (+20),general
4530370,web_result,unknown_date,https://www.fmscout.com/a-fm27-alpha-testing-first-look.html,FM27 Alpha Testing & FirstLook Platform | FM Scout,"|  |

| FM27 Community Update |

  

### Important: Alpha Testing is Not a Demo

It is important to remember that early play testing is very different from a final demo. Testers will see bugs, placeholders, missing features, and unfinished menus.  
   
 Your main job as a tester is to play the game, report bugs, and answer surveys to help make FM27 better ahead of its November release window.  
   

|  |

| FM27 Set for November Release |

  

### How to Register for FM27 Testing [...] ###### Football Manager 2027 Screenshots

#### Follow Us

YouTube

Subscribe to our channel for insightful videos

Facebook Page

Like the most popular FM fansite page

Twitter

Follow the largest fansite

Facebook Group

Join our discussion group

  
official FM26 Steam key

###### FMS Chat–

Stam  
hey, just wanted to let you know that we have a fb style chat for our members. login or sign up to start chatting.

↑ [...] ###### skogr skin free - October 3 update

[![FM26 Data Tweaks [v4.2 | v6.2]](

###### FM26 Data Tweaks [v4.2 | v6.2]](a-fm26-data-tweaks-by-sirtavares.html)

FM26 Transfers & Data Update Packs by TheNotoriousPr0 + FMTU

###### FM26 Transfers & Data Update Packs by TheNotoriousPr0 + FMTU

What we know about Football Manager 2027

###### What we know about Football Manager 2027

Football Manager 2027 New Features

###### Football Manager 2027 New Features

Football Manager 2027 Screenshots",,demo,20,weak,Keywords ['demo'] (+20),general
4530370,web_result,unknown_date,https://footballmanager.firstlook.gg,Football Manager,"Football Manager

# Sign up to join the waitlist for Football Manager 27 playtesting

In the sign-up form you’ll be asked about your FM experience; please answer honestly as we are looking for players with a variety of game experience.

Please note: Joining the waitlist does not guarantee entry into testing

Log in

If you have received an invite, use the link sent to your email to continue. Already in? Log in to access your dashboard.",,,20,weak,Exact title match (+20),general
4530370,web_result,unknown_date,https://www.youtube.com/watch?v=oh9zdU7zQgc,FM27 NEW FEATURES REVEALED! (And Official Release Date),"# FM27 NEW FEATURES REVEALED! (And Official Release Date)
## Channel: FM Scout (verified)
215K subscribers
270 likes

### Description
23,332 views
Posted: 2026-09-30
FM27 is coming, and Jake looks at the the new FM27 FEATURES that have been revealed - and the Official Release Date too for the new football manager game!

👍 Like the video? Let's get 1000 likes and subscribe for more! [...] Football Manager videos you can learn something from. FM Tips & tricks, gameplay, wonderkids, tactic replications & tests, how-to tutorials, experiments & more. The only strictly educational FM channel. Daily Football Manager uploads!

FMSCOUT is the finest Football Manager community. Home of exclusive FM tools & the Scouting Platform. Your #1 source for wonderkids, tactics, tips, player reviews, guides & more.

#FM27 #FootballManager27  #FootballManager [...] Be sure to follow Jake's own channel and Twitter - See his Rebuilds here!
▶ Jake's channel ➜    / jakecooperfm  
▶ Jake's Twitter ➜   / jakecooperfm  

SUBSCRIBE TO OUR CHANNEL (it's FREE)
❤️ To get notified of our new videos, click ➜ 
🔔 Then hit the bell icon and select 'All' to not miss anything

🔗 FOLLOW FMSCOUT
Site → 
Twitter →   / fmscout  
Facebook →   / fmscout  
Discord →   / discord",,"gameplay, release date",20,weak,"Keywords ['gameplay', 'release date'] (+20)",general
4530370,web_result,unknown_date,https://www.youtube.com/watch?v=oh9zdU7zQgc,FM27 NEW FEATURES REVEALED! (And Official Release Date),"# FM27 NEW FEATURES REVEALED! (And Official Release Date)
## Channel: FM Scout (verified)
215K subscribers
270 likes

### Description
23,332 views
Posted: 2026-09-30
FM27 is coming, and Jake looks at the the new FM27 FEATURES that have been revealed - and the Official Release Date too for the new football manager game!

👍 Like the video? Let's get 1000 likes and subscribe for more! [...] Football Manager videos you can learn something from. FM Tips & tricks, gameplay, wonderkids, tactic replications & tests, how-to tutorials, experiments & more. The only strictly educational FM channel. Daily Football Manager uploads!

FMSCOUT is the finest Football Manager community. Home of exclusive FM tools & the Scouting Platform. Your #1 source for wonderkids, tactics, tips, player reviews, guides & more.

#FM27 #FootballManager27  #FootballManager",,"gameplay, release date",20,weak,"Keywords ['gameplay', 'release date'] (+20)",general
4530370,web_result,unknown_date,https://www.footballmanager.com/fm27/features/fm27-clearer-interface-smoother-navigation,FM27 Deep Dive: Navigation Upgrades,"# FM27: Clearer Interface & Smoother Navigation

Elevating game flow and navigation has been at the heart of the work on Football Manager 27’s User Interface and Experience.

Driven by internal reviews and your feedback, FM27 evolves our existing design language while reintroducing familiar behaviours, creating a cleaner, more intuitive experience from the start of every career. [...] FM27 (PC/Mac) will launch on Steam, Epic Games Store and the Xbox PC app, including being available on Xbox handheld devices. FM27 Console will be available on Xbox Series X, Xbox Series S, Xbox handheld devices and PlayStation 5. FM27 Mobile will be available on iOS and Android exclusively via Netflix. Details on further platforms will be confirmed at a later date. We can also confirm that versions of FM27 will not release on Nintendo Switch or Xbox One, Xbox One X, or Xbox One S. This [...] This tile swapping system has also been introduced in the Match Day Interface, which you’ll see more of in our Match Engine deep dives, and is the start of a longer-term project on screen customisation.

FM27 evolves the design language we introduced in FM26 combined with ideas and behaviours that recapture the core navigation and user experience flow from previous titles.",,,20,weak,Exact title match (+20),general
4530370,web_result,unknown_date,https://www.footballmanager.com/fm27/features/fm27-clearer-interface-smoother-navigation,FM27 Deep Dive: Navigation Upgrades,"# FM27: Clearer Interface & Smoother Navigation

Elevating game flow and navigation has been at the heart of the work on Football Manager 27’s User Interface and Experience.

Driven by internal reviews and your feedback, FM27 evolves our existing design language while reintroducing familiar behaviours, creating a cleaner, more intuitive experience from the start of every career. [...] For FM27, we’ve refocused them so that their primary use is for information and almost all the navigation you need is in the primary and secondary menus at the top of the screen.

The primary navigation menu has been updated with renamed sections: Portal, Squad, Tactics, Recruitment, Training and Club. Each one better reflects your core responsibilities as a manager, while reducing the number of steps needed to reach the information and actions you use most. [...] Yes. FM27 includes ultrawide monitor support, which appears immediately once you load into the game when using a relevant monitor. Additionally, tables with large amounts of columns and information will rescale to show as much information as possible on ultrawide screens. Including the default option, there are three different scaling modes, available from Preferences, that allow you to load different amounts of information onto the screen, so you can maximise the space available to you.",,,20,weak,Exact title match (+20),general
4530370,web_result,unknown_date,https://www.threads.com/@videogames4news/post/Dd8E5jUnwnO/football-manager-for-pc-steam-epic-games-store-microsoft-store-football-manager,"Football Manager 27 for PC (Steam, Epic Games Store, Microsoft Store), Football Manager 27 Console for PlayStation 5 and Xbox Series, and Football Manager 27 Mobile for iOS and Android (via Netflix) will launch on November 10, publisher SEGA and developer Sports Interactive announced. It will also be available via Game Pass. Source: Gematsu","Source: Gematsu

3

Log in or sign up for ThreadsSee what people are talking about and join the conversation.
Log in with username instead [...] Home

New thread

Search

Messages

Activity

Profile

Insights

Log in

More

# Thread

256 views

videogames4news's profile picture

videogames4news

Football Manager 27 for PC (Steam, Epic Games Store, Microsoft Store), Football Manager 27 Console for PlayStation 5 and Xbox Series, and Football Manager 27 Mobile for iOS and Android (via Netflix) will launch on November 10, publisher SEGA and developer Sports Interactive announced. It will also be available via Game Pass.

Source: Gematsu

3",,,20,weak,Exact title match (+20),general
4530370,web_result,unknown_date,https://en.wikipedia.org/wiki/Football_Manager,Football Manager - Wikipedia,"Football Manager, also known as Worldwide Soccer Manager in North America from 2004 to 2008, also known colloquially as FM, is a series of football management simulation video games developed by British developer Sports Interactive and published by Sega. The game began its life in 1992 as Championship Manager. Following the break-up of their partnership with original publishers Eidos Interactive, triggered by the fiasco release of Championship Manager 4 in 2003, Sports Interactive lost the [...] 26. ↑ Romano, Sal (31 May 2025). ""SEGA Football Club Champions 2025 announced for PS5, PS4, PC, iOS, and Android"". Gematsu. Retrieved 2 June 2025.
27. ↑ Purchese, Robert (17 November 2008). ""Everton signs Football Manager database"". Eurogamer.net. Archived from the original on 19 October 2015. Retrieved 6 October 2024.
28. ↑ ""Football Manager: More Than Just A Game"". FM Scout. 31 October 2010. Archived from the original on 13 July 2012. Retrieved 6 October 2024. [...] On 12 February 2004, after splitting from publishers Eidos Interactive, it was announced that Sports Interactive, developers of the Championship Manager game, had retained the rights to the source code but not the rights to the title Championship Manager, which were held onto by Eidos (who previously acquired the brand rights from Domark upon their merger in 1995). These developments led to a further announcement that future Sports Interactive football management simulation games would be",,announcement,20,weak,Keywords ['announcement'] (+20),general
4530370,web_result,unknown_date,https://www.footballmanager.com,Football Manager 27 | Out November,"11.06.2026

Football Manager team up with FIFAe to launch Curaçao Challenge for FIFA World Cup 2026™

## Football Manager team up with FIFAe to launch Curaçao Challenge for FIFA World Cup 2026™

09.06.2026

Football Manager expands licensing agreement with DFB

## Football Manager expands licensing agreement with DFB

05.06.2026

More News

A background image for FM A background image for FM

logo for FM light logo for FM dark

## Join The Squad. Get Rewarded. [...] Be the first to know what's next by following us across social media @FootballManager. Same handle, every platform.

Follow on Instagram   Follow on X   Follow on Facebook   Follow on TikTok   Follow on Youtube

en         

# FM27 Out November

Greater control. Smoother discovery. Find out how FM27 brings you closer to the living, breathing football universe that exists beyond your club.

Watch Video  Explore Blog

 

# What's New In FM27? [...] We’re dropping regular videos and deep dive blogs detailing the features and improvements that shape the core of FM27. To stay up to date, join FMFC or follow our community channels.

Deeper, More Immersive World

Clearer interface. Smoother flow.

Next up

FMFC  Join The Squad

# Deeper, More Immersive World

Get lost in the season’s narratives as cup draws, transfer deadline day and an overhauled news feed keep you plugged into the world beyond your club.

Read more",,,20,weak,Exact title match (+20),general
4530370,reddit_discussion,unknown_date,https://www.reddit.com/r/footballmanagergames/comments/1wn72jx/fm27_new_screens_we_are_so_back,FM27 - NEW SCREENS ! We are so back,"FM27 officially launches in November ... Welcome to FootballManagerGames, the most active Football Manager Community/Forum on the internet. If",,,10,weak,Reddit (+10),social
4530370,reddit_discussion,unknown_date,https://www.reddit.com/r/footballmanagergames/comments/1wu3anv/fm27_launches_10_november_deep_dive_an_elevated,FM27 Launches 10 November - Deep Dive: An Elevated ...,FM launches on 10 November on all supported platforms. The casual players will buy FC27 and play its manager mode. FM27 officially launches in,,,10,weak,Reddit (+10),social
4530370,reddit_discussion,unknown_date,https://www.reddit.com/r/footballmanagergames/comments/1wh6z6u/what_do_you_realistically_expect_of_fm27,What do you realistically expect of FM27?,"Review-wise, feature-wise?

I’m getting twitchy feet wanting to play an FM game again after so long. I passed on 26 after the hoo-har of that whole saga.",,,10,weak,Reddit (+10),social
4530370,reddit_discussion,unknown_date,https://www.reddit.com/r/footballmanagergames,Reddit - Prove your humanity,"Image 1

# Prove your humanity

We’re committed to safety and security. But not for bots. Complete the challenge below and let us know you’re a real person.

Reddit, Inc. © ""2026"". All rights reserved.

User AgreementPrivacy PolicyContent PolicyHelp",,,10,weak,Reddit (+10),social
4530370,social_post,unknown_date,https://www.tiktok.com/discover/football-manager-2025,Football Manager 2025 | TikTok,"Image 27: 135.5K Likes, 375 Comments. TikTok video from ITV News (@itvnews): ""If you’ve ever played the game Football Manager, you’ve probably wondered if you could cut it in real life. This week 23-year-old Pardoe Kendrick from Hereford got the chance to find out. Having guided Suffolk non-league side Kings Park Rangers to a history sextuple (on the small screen), he was invited into the dugout to lead the real-life team for one match only. With the Kings chasing promotion, could he maintain [...] Image 5: 239 Likes, 2 Comments. TikTok video from FLASH⚡️ (@epf_murxflashy): Discover the top eFootball managers for 2025–27, their tactics, and best player picks to win games. 239

Top class e football managers of 2025-27… #fyp #viral #edit #konami #efootball Top eFootball Managers 2025-27: Best Tactics & Picks. Discover the top eFootball managers for 2025–27, their tactics, and best player picks to win games.

Image 6 FLASH⚡️27K [...] Image 6 FLASH⚡️27K

Image 7: 197 Likes, 7 Comments. TikTok video from FMInside (@fminside): Explore the new In-Between Highlights screen in Football Manager 2025, featuring a live 2D match view and an enhanced subs panel for crucial match information. 197",,,5,weak,Social Index (+5),social
4530370,social_post,unknown_date,https://www.tiktok.com/discover/italian-football-manager?lang=en,Italian Football Manager | TikTok,"🇮🇹 O SEGREDO DOS TREINADORES ITALIANOS Por que a Itália produz tantos nomes de sucesso como Carlo Ancelotti, Antonio Conte, Sacchi, entre outros? #futebolitaliano #treinadores #italia #ancelotti #conte #sacchi

Image 26 César Costa 🇮🇹12K

Image 27: 555 Likes, 6 Comments. TikTok video from Madridista Mania (@mmania_rm): ""ANTONIO CONTE'S MANAGERIAL CAREER 🇮🇹 🏴󠁧󠁢󠁥󠁮󠁧󠁿 🏆 #madridistamania #football #napoli"" 555

ANTONIO CONTE'S MANAGERIAL CAREER 🇮🇹 🏴󠁧󠁢󠁥󠁮󠁧󠁿 🏆 #madridistamania #football #napoli [...] Image 28 Madridista Mania50.6K

Image 29: 169 Likes, 3 Comments. TikTok video from Sheva (@sheva1899_7): ""#stefanopioli ; the greatest italian manager ever. 😻 #parati #paratii #foryourpage #futbol #manager #acmilan #milan #calcioitaliano #catenaccio #footballmanager #505 #sheva1899"" 169

#stefanopioli ; the greatest italian manager ever. 😻 #parati #paratii #foryourpage #futbol #manager #acmilan #milan #calcioitaliano #catenaccio #footballmanager #505 #sheva1899 

Image 30 Sheva8295 [...] 🇮🇹💪 MANCINI GETS HIS FIRST WIN BACK! Roberto Mancini secures his first victory since returning as Italy manager! 🔥⚽ A winning return for the Italian coach. 🇮🇹👏 #Mancini #RobertoMancini #Italy #Football #Soccer #FootballTikTok #FootballNews #NationsLeague #creatorsearchinsightsview #edit #fyp #bastonioedit #CreatorSearchInsights #viewsproblem #createsearchinsights Mancini gets his first win back with Italy. Roberto Mancini secures his first victory since returning as Italy manager — a winning",,,5,weak,Social Index (+5),social
4530370,social_post,unknown_date,https://www.tiktok.com/discover/football-manager-angry,Football Manager Angry,"37 Likes, 1 Comments. TikTok video from S A M I R (@samir_98xyz): ""When football managers LOSE THEIR TEMPER 😤☠️ José Mourinho, Jürgen Klopp, Antonio Conte & Thomas Tuchel showing their most intense football crashout, rage and angry moments on the touchline. 🔥⚽ Who had the craziest crashout? 👀👇 ❤️ Like if you love football 💬 Comment your pick 🔔 Subscribe to S A M I R for more football edits, football rage, crazy moments & legendary scenes! #football #soccer #goviral #trending #samir_98xyz"" [...] # Football Manager Angry

Get the full app experience

Enjoy more videos and great features on the app

44 Likes, 0 Comments. TikTok video from League Star (@its_sani_baba): ""When Football managers get angry #football #manager #foryou #soccer #fyp""

4336 Likes, 119 Comments. TikTok video from Boxing-icons (@sporthub316): ""Five most angry coach in football history . Football #So#Soccern#AngryCoacha#Rageo#Touchlineo#FootballTalk"" [...] 916.1K Likes, 5257 Comments. TikTok video from Prime Video Sport UK (@primevideosport): ""With Hansi Flick signing as Barcelona's new head coach, throwback to this iconic speech during his time with the German National team... 🤬 #hansiflick #geraçãotiktok #qatar🇶🇦 #barcelona #barcelonafc #footballtiktok""",,,5,weak,Social Index (+5),social
4530370,social_post,unknown_date,https://www.instagram.com/popular/chartered-surveyor-football-27,Chartered Surveyor Football 27,"Title: Chartered Surveyor Football 27
Watch reels about chartered surveyor football 27 from people around the world. Are you up to speed with the latest RICS mandatory CPD requirements? Staying compliant isn't just about ticking boxes - the RICS now require structured learning across three mandatory areas to ensure that surveying professionals are equipped for the future. In this quick clip, we break down:. ✅ The requirement for structured learning. ✅ The 3-year rolling basis timeframe. Watch the full video to ensure you're meeting the minimum standards as an AssocRICS surveyor or MRICS or FRICS Chartered Surveyor! In this quick clip, we break down: ✅ The three mandatory topics ✅ The requirement for structured learning. This new week is your chance to level up, and the MRICS qualification is your passport to global recognition, credibility, and career growth across the UK, USA & beyond 🌍. At @samprecacademy , we guide you step-by-step to achieve your MRICS and position you for global success. 📞 Register for the MRICS program today:. 👔✨ This new week is your chance to level up, and the MRICS qualification is your passport to global recognition, credibility, and career growth across the UK, USA & beyond 🌍 Why start now? • Reduces manual errors and rework. We’re delighted to introduce Ben Burnell as our newest member of the Cifra Solutions team, joining us as a Trainee Quantity Surveyor alongside Noah. 👷We’re on the lookout for a Quantity Surveyor to join the Structa team. Who Should Apply for the CEQS Program? Starting your career, planning a switch, or looking to grow in the construction industry — the MBA in Construction Economics & Quantity Surveying (CEQS) can open doors to roles like Contract Manager, Billing Engineer, Quantity Surveyor and more. 🎓🏗️ Starting your career, planning a switch, or looking to grow in the construction industry — the MBA in Construction Economics & Quantity Surveying (CEQS) can open doors to roles like Contract Manager, Billing Engineer, Quantity Surveyor and more. 📍 Priority High-Demand Locations We are looking for immediate capacity in: Bristol | Hull | Devon | Taunton | Cornwall | Newcastle upon Tyne | Portsmouth | Oxford | Bradford | Swansea (South Wales) | Blackpool.",,,5,weak,Social Index (+5),social
4530370,social_post,unknown_date,https://www.instagram.com/popular/chartered-surveyor-27-football,Chartered Surveyor 27 Football,"Title: Chartered Surveyor 27 Football
Watch reels about chartered surveyor 27 football from people around the world. Are you up to speed with the latest RICS mandatory CPD requirements? Staying compliant isn't just about ticking boxes - the RICS now require structured learning across three mandatory areas to ensure that surveying professionals are equipped for the future. In this quick clip, we break down:. ✅ The requirement for structured learning. ✅ The 3-year rolling basis timeframe. Watch the full video to ensure you're meeting the minimum standards as an AssocRICS surveyor or MRICS or FRICS Chartered Surveyor! In this quick clip, we break down: ✅ The three mandatory topics ✅ The requirement for structured learning. This new week is your chance to level up, and the MRICS qualification is your passport to global recognition, credibility, and career growth across the UK, USA & beyond 🌍. At @samprecacademy , we guide you step-by-step to achieve your MRICS and position you for global success. 📞 Register for the MRICS program today:. 👔✨ This new week is your chance to level up, and the MRICS qualification is your passport to global recognition, credibility, and career growth across the UK, USA & beyond 🌍 Why start now? • Reduces manual errors and rework. We’re delighted to introduce Ben Burnell as our newest member of the Cifra Solutions team, joining us as a Trainee Quantity Surveyor alongside Noah. 👷We’re on the lookout for a Quantity Surveyor to join the Structa team. Who Should Apply for the CEQS Program? Starting your career, planning a switch, or looking to grow in the construction industry — the MBA in Construction Economics & Quantity Surveying (CEQS) can open doors to roles like Contract Manager, Billing Engineer, Quantity Surveyor and more. 🎓🏗️ Starting your career, planning a switch, or looking to grow in the construction industry — the MBA in Construction Economics & Quantity Surveying (CEQS) can open doors to roles like Contract Manager, Billing Engineer, Quantity Surveyor and more. 📍 Priority High-Demand Locations We are looking for immediate capacity in: Bristol | Hull | Devon | Taunton | Cornwall | Newcastle upon Tyne | Portsmouth | Oxford | Bradford | Swansea (South Wales) | Blackpool.",,,5,weak,Social Index (+5),social
4530370,social_post,unknown_date,https://www.instagram.com/popular/football-manager-meme?hl=en,Football Manager Meme,"Title: Football Manager Meme
# Football Manager Meme. ESPN UK posted a viral football manager meme in early 2026 featuring a Premier League coach in a blue puffer jacket staring pensively at a scoreboard showing heavy defeats. The caption “Football is a... ## manager meme. ## footballs memes. ## memes football. ## meme manager. #manager #aura #football #viral #fyp. Manager Aura #manager #aura #football #viral #fyp. #footballmemes #football #soccer #soccermemes #footballmanager. “We trained for that” #footballmemes #football #soccer #soccermemes #footballmanager. I give Jose Mourinho level coaching 💯. Follow us @josemourinho_memes_daily_ for more of the best and most relatable jose mourinho and football memes and join us on our journey to reach 100K 🚀. #memes #footballmemes #soccermemes #football #soccer #fifa #worldcup #relatablememes #boys #men #theboys #bro #brotherhood #relationships #girlfriend #couple #love #dating #advice #relationshipadvice #datingadvice #smart #genius #mastermind #ego #aura #laugh #relatable #josemourinho #cristianoronaldo. José Mourinho, the renowned Portuguese football manager. José Mourinho is widely regarded as one of the greatest football managers of all time, known for his tactical intelligence, charismatic personality, and ability to win trophies with multiple clubs. Despite controversies, Mourinho’s impact on the sport remains undeniable, and he continues to be a respected name in football management. José Mário dos Santos Mourinho Félix is a Portuguese professional football manager and former player, who is currently the head coach of Primeira Liga club Benfica. 2024 · Sports / Internet Meme · Active. In the high-octane world of professional football, few figures possess the volcanic, raw intensity of Italian manager Antonio Conte. His transition from a respected coach to a. His transition from a respected coach to a ""POV"" meme icon has introduced his passionate personality to a global audience far beyond the pitch. This how they be 🤣🤣🤣 COMMENT DOWN BELOW YOUR TOP 3 GREATEST FOOTBALL MANAGERS‼️. Which manager is known for this🤣🤣. Which manager is known for this🤣🤣 #msl #muslimsoccerleague #football #manager #soccer. --------------------------------------- ➡️ Explanation: ---------------- This meme uses a picture of José Mourinho, a famous football manager, to depict the feeling of writing ""as we know that"" in an exam when you actually have no clue about the topic.",,,5,weak,Social Index (+5),social
4530370,social_post,unknown_date,https://x.com/FMSeasonHub,FM Season Hub (@FMSeasonHub) / X,"Aug 28

  FM Season Hub is officially oooout. 🚀 The public version is here! A companion app for Football Manager that keeps your season data alive after the reset. Windows only Steam + Game Pass Quick note: Windows / antivirus may flag a false positive. The app reads FM memory, so

  

  Made with AI

  20
 @FMSeasonHub

  FM Season Hub@FMSeasonHub

  3h [...] 3h

  Guys, I really enjoy coming up with my own tactics in FM. I'm thinking about posting some highlight clips here on my profile... what do you think?

  When you make a selection it cannot be changed

  15 votes5d left
 @FMSeasonHub

  FM Season Hub@FMSeasonHub

  5h

  OMG guys! This is huge for me 🥹 Thanks Jack! 🤝

  

  2
 @FMSeasonHub

  FM Season Hub@FMSeasonHub

  6h

  Almost one country pack a day!! 🔥🔥

  @fmkitshub

  FM Kits Hub@fmkitshub

  6h [...] 6h

  🚨 NEW PACK NETHERLANDS 🇳🇱 Netherlands Lower Leagues is live on FM Kits Hub! 👕 386 kits · 183 clubs · FM26 ready 🎨 3D + 2D kits included by: @wfm18\_tweets ⬇️ fmkitshub.com Or use our automated plugin or app: App: fmkitshub.com/download Plugin:

  
 @FMSeasonHub

  FM Season Hub@FMSeasonHub

  6h

  Last Dance started!",,,5,weak,Social Index (+5),social
4530370,social_post,unknown_date,https://www.footballmanager.com/fm27/features/deeper-more-immersive-world,"FM27: A Deeper, More Immersive Football World","Nous avons détecté que votre navigateur est en français, cliquez sur le bouton ci-dessous pour vous rendre sur la version en français du site internet de Football Manager.

Allez vers le site en français

Türkçe

## Türkçe sitemize gitmek ister misiniz?

Tarayıcınızın dilinin Türkçe olduğunu belirledik. Football Manager web sitesinin Türkçe versiyonuna gitmek için aşağıdaki düğmeye tıklayın.

Türkçe sitemize gidin

Italiano

## Vuoi andare al nostro sito in italiano? [...] English

## Go to our English site?

We’ve detected that your browser is in English, click the button below to go to the dedicated English version of the Football Manager website.

Go to English site

Español

## ¿Quieres ir al sitio web en español?

Hemos detectado que tu navegador está en español. Haz clic en el botón de abajo para ir a la versión del sitio web de Football Manager en este idioma.

Ir al sitio web en español

Français

## Allez vers notre site en français ? [...] Abbiamo rilevato che il tuo browser è in italiano, clicca sul pulsante qui sotto per andare alla versione italiana del sito di Football Manager.

Vai al sito italiano

Deutsch

## Zur deutschen Seite?

Wir haben erkannt, dass Ihr Browser auf Deutsch eingestellt ist. Klicken Sie auf die untere Schaltfläche, um zur deutschen Football Manager-Seite zu gelangen.

Zur deutschen Seite

Football Manager Football Manager 

Features

 Deeper, More Immersive World

  Deeper, More Immersive World",,,5,weak,Social Index (+5),social
4530370,web_result,unknown_date,https://www.youtube.com/watch?v=9rdMzTr0sAg,An Elevated Match Day Atmosphere | FM27 Feature Deep Dive,"[3:42] More athletic body types with increased muscle definition bring every touch to life in a new level of detail.
[3:49] Then, as your players sprint towards goal,  you'll notice more natural movement in their hair.
[3:54] This is most noticeable in women's football, but even as shorter haired managers pace up and down the pitch, you'll see more realistic hair physics play out. [...] [2:19] Adding to that sense of believability, you'll also see some new pitch variations in FM 27.
[2:24] Each one bringing a new level of detail, With the introduction of 3D grass and more testing conditions for your players in heavy weather.
[2:32] Improvements to the VFX system means a rainy day doesn't just show rain falling.
[2:37] The patch will now appear wet, and when it snows, players may have to navigate a layer of fresh powder, upping the stakes for getting those three points. [...] [3:15] This is especially true across Premier League and UEFA competitions, where you'll see a unique combination of shots for each pre-match build up or triumphant trophy left.
[3:26] With these new cutscene angles and far more variation, we're breathing new life into those pre-match moments, making every fixture feel more unique.
[3:35] After the build up, it's time for the match itself, and here you'll notice some fundamental changes to the way your players look.",,,0,weak,,general
4530370,web_result,unknown_date,https://www.bbc.co.uk/sport/football,"Football - latest news today, results & video highlights - BBC Sport","Who is hacker whose revelations led to Man City charges? Video, 00:03:00Who is hacker whose revelations led to Man City charges?

Rui Pinto

'Significant majority' of Republic of Ireland players voted to play Israel game. Video, 00:02:51'Significant majority' of Republic of Ireland players voted to play Israel game

David Courell

Spygate analyst has had tough time, says Saints CEO. Video, 00:01:43Spygate analyst has had tough time, says Saints CEO

Phil Parsons on salt [...] Craig Bellamy in a grey lesiure suit sits in the Wales dug out and looks towards a Wales player in the foreground

Start Gannon-Doak and Bowie, but not McGinn? Key Scotland questions

Sebastien Pocognoli

Haaland 'gave me his shirt... but didn't take mine'

Ben Cabango (right) challenges for the ball with Erling Haaland

'Everyone in Liverpool should be happy' - Klopp praises Wirtz performance

Florian Wirtz and Jurgen Klopp

Hallgrimsson marvels at 'magical' Parrott's solo goal

Troy Parrott [...] Group has 'exploded' after Wales win - Bellamy

Craig Bellamy looks on during Wales training 

The student playing in La Liga: Introvert Rodri's unique rise to top

Barcelona's Rodri

'I want to discover Manchester' - Olid hunts recommendations

Eva Olid

Too quiet for too long, can McGinn recapture best for Scotland?

Scotland midfielder John McGinn

Managerless Bradford City held by Reading

Reading players celebrate

## More top stories",,,0,weak,,general
4530370,web_result,unknown_date,https://www.espn.com/nfl,"NFL on ESPN - Scores, Stats and Highlights","2:51 - 3rd  4th & 12 CHI 13 ESPN ABC    Image 1 Philadelphia Eagles Eagles PHI 7  Image 2 Chicago Bears Bears CHI 20 4th & 12 CHI 13

GamecastBox Score

Final  Image 3 Atlanta Falcons Falcons ATL 35  Image 4 Green Bay Packers Packers GB 14

GamecastBox Score

 Final 

 Image 5 Carolina Panthers Panthers CAR 18  Image 6 Cleveland Browns Browns CLE 21

GamecastBox Score

 Final 

 Image 7 Cincinnati Bengals Bengals CIN 27  Image 8 Pittsburgh Steelers Steelers PIT 30

GamecastBox Score

 Final [...] Final 

 Image 25 Minnesota Vikings Vikings MIN 23  Image 26 Tampa Bay Buccaneers Buccaneers TB 16

GamecastBox Score

 Final 

 Image 27 Baltimore Ravens Ravens BAL 34  Image 28 Dallas Cowboys Cowboys DAL 31 NFL Rio Game

NFL Rio Game

GamecastBox Score

 Final 

 Image 29 Las Vegas Raiders Raiders LV 35  Image 30 New Orleans Saints Saints NO 27

GamecastBox Score

 Final 

 Image 31 Los Angeles Rams Rams LAR 26  Image 32 Denver Broncos Broncos DEN 30

Menu
## ESPN [...] Final 

 Image 9 Houston Texans Texans HOU 17  Image 10 Indianapolis Colts Colts IND 19

GamecastBox Score

 Final 

 Image 11 Kansas City Chiefs Chiefs KC 24  Image 12 Miami Dolphins Dolphins MIA 10

GamecastBox Score

 Final 

 Image 13 Los Angeles Chargers Chargers LAC 16  Image 14 Buffalo Bills Bills BUF 24

GamecastBox Score

 Final 

 Image 15 New York Jets Jets NYJ 24  Image 16 Detroit Lions Lions DET 31

GamecastBox Score

 Final",,,0,weak,,general
4530370,web_result,unknown_date,https://www.skysports.com/football,"Football Games, Results, Scores, Transfers, News | Sky Sports","## Latest News

Republic of Ireland players appeared to bow their heads before facing Israel

### Hallgrimsson admits 'toughest days' of career after Ireland beat Israel

Thomas Tuchel says Jude Bellingham is better when he plays with a 'bit of rage'

### Tuchel: Bellingham is better when he plays with a 'bit of rage'

### Leeds latest: Trafford relishing Pickford battle for England No 1 spot

### Man City latest: Haaland scores in Norway defeat to Portugal [...] Thomas Tuchel said England were a danger to themselves against Spain as he played down their defensive frailties

### Tuchel: On the ball, we were a danger to ourselves

### England latest: Tuchel refuses to rule Konsa and O'Reilly out

### Liverpool latest: Gakpo withdraws from Netherlands squad with injury

### Man Utd latest: Fernandes to remain with Portugal as Dorgu withdraws from Denmark

### Papers: Real Madrid defender rejected interest from Chelsea and Liverpool

Graham Alexander [...] ### Sunderland latest: O'Neill says Ballard injury is a 'bitter blow'

### Medina stars for Man Utd, Liverpool end Anfield hoodoo, Arsenal's title hopes over?

Alyssa Thompson celebrates after putting Chelsea in front

### Thompson strike seals Chelsea win to end Arsenal's unbeaten run

Andrea Medina celebrates after doubling Man Utd's lead over West Ham

### Man Utd earn first WSL win of season as Arsenal's 11-month unbeaten run ends

Gustav Isaksen celebrates scoring for Denmark",,,0,weak,,general
4530370,web_result,unknown_date,https://www.nfl.com/schedules,"NFL Schedules: Games, Times, Matchups & Tickets","# SCHEDULE 2026

2026

By WeekTeam Schedule
Prime Time GamesPrime Time

TNF football logo

### Thursday Night Football

 Steelers 24, Browns 27, FINAL, Thursday, October 1st

  Final

  Pittsburgh Steelers Team LogoSTEELERS2-2

  Cleveland Browns Team LogoBROWNS3-1

  Final

  Watch Replay

London 2026 logo

### International Game

 NFL logoLondon

  

  Colts at Commanders, Sunday, October 4th, 9:30 AM, GamePass

  LOCAL

  Indianapolis Colts Team LogoCOLTS",,,0,weak,,general
4530370,web_result,unknown_date,https://www.footballmanager.com/fm27/features/deeper-more-immersive-world,"FM27: A Deeper, More Immersive Football World","Transfer deadline day activity returns as a larger focus for the game, including a redesign of the way agent offers are presented to you. Offers will now be visible and accessible via the Recruitment screen, and they will be present throughout a transfer window, but more will appear on deadline day. A more recognisable and detailed approach to displaying data for players, teams and competitions is also a big focus and will be shown further in upcoming deep dives. [...] In tandem with navigation improvements that make exploring the football world easier, for FM27 we needed to elevate your curiosity levels with more relevant and dynamic content to spark greater interest in what’s happening beyond the confines of your club.

The return of Cup Draws and Transfer Deadline Day elevate every season’s big moments, ups and downs further, while giving you additional power in how you flow through the game creates a more connected experience every time you move forward. [...] ## More control over what you see - and how often you see it

Beyond those game features that connect you to the wider world are the things you stumble upon as you progress through your save.

This behaviour and invitation to discovery has been restored in FM27 with changes to the way the game processes. Now, when you click continue, you’ll now regularly land in different game areas outside of your Portal, thereby increasing the depth and breadth of the screens and information you see.",,,0,weak,,general
4530370,web_result,unknown_date,https://www.fmscout.com/a-what-we-know-about-football-manager-2027.html,What we know about Football Manager 2027 | FM Scout,"When does FM27 come out?  
 On 10 November 2026, on all platforms. The physical PS5 version comes out on 20 November.  
   
 Is there an FM27 Beta?  
 Not by that name. This year it's called the Launch Preview. PC/Mac players who pre-purchase from a SEGA-approved digital store can play a near-final version one to two weeks before launch. We expect it on October 29th.  
   
 What are the new features of FM27? [...] Features and Development have been heavily focused around feedback. The main points in improving the game for the FM27 launch include bringing back some key features, making the game easier to navigate and the football world around us feel more alive. The first deep dive covered the interface. The second one brought back Cup Draws and Transfer Deadline Day. The third one showed new crowds, stadiums, weather and player models. [...] There will be no FM27 on Nintendo Switch, and no version for Xbox One, Xbox One X or Xbox One S. SI says this was done to maximise quality on the remaining platforms. Nothing has been said about Switch 2 yet.
  
 There is no Beta this year. It's replaced by the Launch Preview. If you pre-purchase FM27 on PC/Mac from a SEGA-approved digital store, you can play a near-final version one to two weeks before launch. The exact date isn't set yet, but we expect it on October 29th.",,,0,weak,,general
4530370,web_result,unknown_date,https://www.youtube.com/watch?v=9rdMzTr0sAg,An Elevated Match Day Atmosphere | FM27 Feature Deep Dive,"[2:19] Adding to that sense of believability, you'll also see some new pitch variations in FM 27.
[2:24] Each one bringing a new level of detail, With the introduction of 3D grass and more testing conditions for your players in heavy weather.
[2:32] Improvements to the VFX system means a rainy day doesn't just show rain falling.
[2:37] The patch will now appear wet, and when it snows, players may have to navigate a layer of fresh powder, upping the stakes for getting those three points. [...] [3:42] More athletic body types with increased muscle definition bring every touch to life in a new level of detail.
[3:49] Then, as your players sprint towards goal,  you'll notice more natural movement in their hair.
[3:54] This is most noticeable in women's football, but even as shorter haired managers pace up and down the pitch, you'll see more realistic hair physics play out. [...] [3:15] This is especially true across Premier League and UEFA competitions, where you'll see a unique combination of shots for each pre-match build up or triumphant trophy left.
[3:26] With these new cutscene angles and far more variation, we're breathing new life into those pre-match moments, making every fixture feel more unique.
[3:35] After the build up, it's time for the match itself, and here you'll notice some fundamental changes to the way your players look.",,,0,weak,,general
4530370,web_result,unknown_date,https://www.youtube.com/watch?v=cMqHJqzAq44,Clearer Interface & Smoother Navigation | FM27 Feature Deep Dive,"[1:16] We've also updated the main sections of the game to better reflect your core responsibilities as a football manager.
[1:23] your squad, tactics, recruitment, training and club. in the squad screen. You'll see your full squad straight away.
[1:32] Tactics takes you straight to your tactics and training takes you straight to your training and so on. We've reduced the number of extra steps you need to take when you land. [...] # Clearer Interface & Smoother Navigation | FM27 Feature Deep Dive
## Channel: Football Manager (verified)
130K subscribers
4.9K likes

### Description
130,236 views
Posted: 2026-09-22
In the first of our FM27 feature deep dives, Associate Game Director Rémy Boicherot and Senior Features Manager Ant Farley detail the improvements and updates that evolve the interface, giving you greater control and smoother discovery as you navigate your game world. [...] [5:13] So if there's something specific you want to see first within squad or Recruitment, rather than defaulting to the overview, you can change it.
[5:20] FM27 evolves the design language we introduced in FM26, combined with IDs and behaviors that recapture the current aviation and user experience flow from previous titles.
[5:32] Our goal with these changes is simple for them to feel efficient, intuitive so you can focus on discovery and exploring the wider footballing world.",,,0,weak,,general
4530370,web_result,unknown_date,https://www.footballmanager.com/fm27/features/deeper-more-immersive-world,"FM27: A Deeper, More Immersive Football World","From major screen redesigns and the evolution of news content to returning elements like Cup Draws and Transfer Deadline Day, FM27 delivers greater depth and immersion from day one in the dugout.

Your game world will feel bigger and more alive, with your decisions and explorations feeling more consequential to what’s happening around you. [...] Transfer deadline day activity returns as a larger focus for the game, including a redesign of the way agent offers are presented to you. Offers will now be visible and accessible via the Recruitment screen, and they will be present throughout a transfer window, but more will appear on deadline day. A more recognisable and detailed approach to displaying data for players, teams and competitions is also a big focus and will be shown further in upcoming deep dives. [...] Cup Draws are back in a familiar format, starting with a message that takes you into a draw flow with a host. Within this you’ve got options to draw the next team, draw everyone and increase the speed of the automatic draw functionality. Rather than your next assignment now coming to you in a message, you’ll once again get that feeling of seeing your team’s name come out of the proverbial hat – whether it’s to play your local rivals or to take on a possible giant-killing.",,,0,weak,,general
4530370,web_result,unknown_date,https://www.youtube.com/watch?v=mzKBI0o5eek,A Deeper Football World | FM27 Feature Deep Dive,"[2:55] game setup flow. [music] Ultimately, this is about giving you more choice. We'll set the starting point, but just as there are new
[3:02] settings allowing you to change where you land in each key screen, it's up for you to determine how you want to play.
[3:09] For FM27, we've reviewed cup draws, transfer deadline day, [music] and made improvements to statistics and
[3:17] data visualization. So, yes, cup draws are returning. That moment of seeing your lower league club draw the [...] # A Deeper Football World | FM27 Feature Deep Dive
## Channel: Football Manager (verified)
130K subscribers
3.7K likes

### Description
119,723 views
Posted: 2026-09-25
Our latest FM27 deep dive details the returning, reimagined and new features that bring you closer to the living, breathing football universe that exists beyond your club, making every decision feel part of something bigger. [...] [2:11] follows the same logic. The real value is in the changes to the personal overview and carrier history. [music]
[2:18] Now, it's a full screen experience which gives you a deeper history of a player's career without the need to scroll. Plus,
[2:27] the improved quick flicks in the secondary navigation bar means it's easier to cycle through your own or other squats. So, that leads me on nicely to another key addition for FM27.
[2:37] [music]",,,0,weak,,general
4530370,web_result,unknown_date,https://www.youtube.com/watch?v=_ddYrGi3l88,FM27 - THE GAME WE WANTED IS FINALLY HERE?!? - LIVE REACTION,"[9:18] It does the job. It does the job, but it as a as a draw as a graphic for the draw.
[9:23] He's back in a smooch underwhelming.
[9:26] In the same vein, FM27 gives you an enhanced transfer deadline day experience with some Oh, that's just got the timing on. Okay.
[9:34] Key differences, you'll now see that agent offers are visible and active on the recruitment screen throughout the window rather than just appearing on [...] [12:49] these are all must have. These are all majorly good improvements just to the way we play the game and the navigation aspect and the overall look and feel and
[12:58] immersion as they said of the game. All good. But there are certain things to get my hype to a 10.
[13:08] I need to see drastic changes from the AI, like massive improvements to how AI manages [...] [0:55] In this deep dive, we go beyond the touchline and into a football world that will feel deeper, more connected, and more alive with upgrades and returning fe.
[1:04] It does look so much cleaner, doesn't it? I don't know if it's just because it's all boxed off a bit more.
[1:10] That bring you closer to everything happening beyond your Again, I'm not going to stop on every frame here and go through it, but if you see stuff, talk about it.",,,0,weak,,general
4530370,web_result,unknown_date,https://en.wikipedia.org/wiki/Football_Manager,Football Manager - Wikipedia,"Football Manager, also known as Worldwide Soccer Manager in North America from 2004 to 2008, also known colloquially as FM, is a series of football management simulation video games developed by British developer Sports Interactive and published by Sega. The game began its life in 1992 as Championship Manager. Following the break-up of their partnership with original publishers Eidos Interactive, triggered by the fiasco release of Championship Manager 4 in 2003, Sports Interactive lost the [...] Football Manager celebrated its twentieth birthday in the summer of 2012. To celebrate this milestone, Back Page Press released a book including interviews with the creators and players that became legends in-game. Another part of the book included stories about how the game has taken over one's life. In November 2012, Azerbaijani student Vugar Huseynzade was promoted to manager of FC Baku's reserve team based on his success in Football Manager. In 2013, stand-up comedian Tony Jameson performed [...] | Genre | Sports management |
| Developer | Sports Interactive |
| Publisher | Sega |
| Platforms | Microsoft Windows, macOS, Linux, iOS, Android ""Android (operating system)""), PlayStation Portable, PlayStation Vita, Nintendo Switch, Xbox 360, Stadia, Xbox One, Xbox Series X, Xbox Series S, PlayStation 5, Netflix |
| First release | Football Manager 2005 5 November 2004 |
| Latest release | Football Manager 26 4 November 2025 |",,,0,weak,,general
4530370,web_result,unknown_date,https://www.sportsgamersonline.com/games/soccer/fm27-is-almost-done-developers-tease-details-coming-soon,"FM27 Is Almost Done, Developers Tease Details Coming Soon | Sports Gamers Online","Join SGO
 Meet Our Team
 Review Policy

Saturday, October 3, 2026

Sports Gamers Online

 News
 Features
 Guides
 Reviews
 Previews
 Esports

No Result

View All Result

Sports Gamers Online

 News
 Features
 Guides
 Reviews
 Previews
 Esports

PATREON

No Result

View All Result

Sports Gamers Online

No Result

View All Result

 News
 Features
 Guides
 Reviews
 Previews
 Esports

Home » Games » Soccer » FM27 Is Almost Done, Developers Tease Details Coming Soon



© 2014-2022 SGO Entertainment [...] News
 Features
 Guides
 Reviews
 Previews
 Esports

© 2014-2022 SGO Entertainment",,,0,weak,,general
4530370,web_result,unknown_date,https://www.youtube.com/watch?v=mzKBI0o5eek,A Deeper Football World | FM27 Feature Deep Dive,"[1:04] For each of these areas, we task the design team with reviewing the most important narrative aspects. What has happened? What is happening? What will happen next? And who are the key people?
[1:14] So, for the club screens, we were looking to give you a sense of the identity of the club straight away. So you'll immediately see the manager, the top scorer, the highest performing players straight away in the header bar. [...] # A Deeper Football World | FM27 Feature Deep Dive
## Channel: Football Manager (verified)
130K subscribers
3.7K likes

### Description
119,723 views
Posted: 2026-09-25
Our latest FM27 deep dive details the returning, reimagined and new features that bring you closer to the living, breathing football universe that exists beyond your club, making every decision feel part of something bigger. [...] [1:48] have been redesigned to better highlight results, upcoming fixtures, key people, as well as dynamic aspects like team of
[1:56] the week stats and transfers. You will also see an uplift in the new competitions hub screen, [music] which offers a snapshot of what's going
[2:04] on in the various leagues and competitions you have loaded in your save. Our approach to player profiles",,,0,weak,,general
