appid,evidence_type,date_classification,url,title,snippet,contents_preview,matched_keywords,evidence_score,confidence_label,reason_for_score,query_group
4530370,steam_news,inside_spike_window,https://steamstore-a.akamaihd.net/news/externalpost/PlayGround.ru - официальная группа/1845383656379923,Football Manager 27 выйдет 10 ноября - новая версия получит обновлённый интерфейс и улучшенную экосистему футбола,,"SEGA и Sports Interactive объявили дату выхода Football Manager 27. Новая часть популярного футбольного менеджера поступит в продажу 10 ноября на ПК, PlayStation 5, Xbox Series, iOS и Android. Игра также будет доступна через Game Pass. Одним из главных изменений разработчики называют переработанный ",,70,strong,Inside spike window (+30); Official Steam News (+20); Exact title match (+20),
4530370,youtube_video,inside_extended_window,https://www.youtube.com/watch?v=x5FgvowXlSg,Football Manager is BACK! | FM 27 FIRST TRAILER | Football Manager 27 Feature Deep Dive,,"Football Manager 27 is here! In this video, we react to the first FM27 Feature Deep Dive, showcasing the new interface, smoother ...",trailer,70,strong,Inside extended window (+15); YouTube (+15); Exact title match (+20); Keywords ['trailer'] (+20),
4530370,youtube_video,inside_spike_window,https://www.youtube.com/watch?v=lbX9Ujz6hKQ,"Top 10 Gaming News: October 1, 2026 Edition",,Full videos: ▶️ In-Depth Look at Enhanced Match Atmosphere in Football Manager 27 ...,,65,strong,Inside spike window (+30); YouTube (+15); Exact title match (+20),
4530370,steam_news,inside_extended_window,https://steamstore-a.akamaihd.net/news/externalpost/PlayGround.ru - официальная группа/1845383656378335,Football Manager 27 выйдет 10 ноября - игра получит более живые матчи и обновлённую графику,,"Разработчики Football Manager 27 объявили дату выхода новой части серии — игра станет доступна 10 ноября 2027 года. Вместе с анонсом разработчики показали ролик, посвящённый визуальным и геймплейным улучшениям. Одним из главных направлений обновления станет атмосфера матчей. В Football Manager 27 по",,55,medium,Inside extended window (+15); Official Steam News (+20); Exact title match (+20),
4530370,steam_news,inside_extended_window,https://steamstore-a.akamaihd.net/news/externalpost/steam_community_announcements/1845383656377398,Football Manager 27 launches from 10 November ,,"Flow from the tactics board to the touchline in Football Manager 27, launching globally from 10 November and available to wishlist now. Foundations evolve to deliver greater control, smoother discovery and a deeper, more immersive football world, with new, returning and reimagined features that invi",,55,medium,Inside extended window (+15); Official Steam News (+20); Exact title match (+20),
4530370,steam_news,inside_extended_window,https://steamstore-a.akamaihd.net/news/externalpost/steam_community_announcements/1844751498224233,FM27: Clearer Interface & Smoother Navigation,,"Elevating game flow and navigation has been at the heart of the work on Football Manager 27’s User Interface and Experience.Driven by internal reviews and your feedback, FM27 evolves our existing design language while reintroducing familiar behaviours, creating a cleaner, more intuitive experience f",,55,medium,Inside extended window (+15); Official Steam News (+20); Exact title match (+20),
4530370,youtube_video,inside_extended_window,https://www.youtube.com/watch?v=MVxOAn6B6A0,Football Manager 27 Looks VERY Different...,,Football Manager 27 is here! This is our FIRST LOOK at FM27 and the brand-new user interface. Let's dive into the UI and UX ...,,50,medium,Inside extended window (+15); YouTube (+15); Exact title match (+20),
4530370,youtube_video,inside_extended_window,https://www.youtube.com/watch?v=NAV1aX-AQbg,Football Manager 27’s NEW UI Is Here… And It’s VERY Different,,Football Manager 27 has officially shown off its new-look user interface— but have Sports Interactive actually listened to the ...,,50,medium,Inside extended window (+15); YouTube (+15); Exact title match (+20),
4530370,youtube_video,inside_extended_window,https://www.youtube.com/watch?v=MVxOAn6B6A0,Football Manager 27 Looks VERY Different...,,Football Manager 27 is here! This is our FIRST LOOK at FM27 and the brand-new user interface. Let's dive into the UI and UX ...,,50,medium,Inside extended window (+15); YouTube (+15); Exact title match (+20),
4530370,youtube_video,inside_extended_window,https://www.youtube.com/watch?v=LnnaS0Etieg,FM27’s New UI – First Look at Football Manager 27,,"We have our first FM27 Deep Dive; Football Manager 27's new UI has had a major overhaul, so in this video I'm taking a closer ...",,50,medium,Inside extended window (+15); YouTube (+15); Exact title match (+20),
4530370,youtube_video,inside_extended_window,https://www.youtube.com/watch?v=cy0biWiSAHY,PRIMERAS NOVEDADES DE FOOTBALL MANAGER 27,,"Football Manager 27 presenta una nueva evolución de su interfaz: menos clics, navegación más directa, más personalización y ...",,50,medium,Inside extended window (+15); YouTube (+15); Exact title match (+20),
4530370,social_post,unknown_date,https://store.steampowered.com/app/4530370/Football_Manager_27,Football Manager 27 on Steam,"All Games > Sports Games > Football Manager 27

Community Hub

Football Manager 27

Football Manager 27

Football Manager 27

Developer

Sports Interactive

Publisher

SEGA

Released

Coming soon

Flow from the tactics board to the touchline in FM27, as foundations evolve to deliver greater control, smoother discovery and a richer footballing world to explore.

All Reviews:

No user reviews

Release Date:

Coming soon

Developer:

Sports Interactive

Publisher:

SEGA

Tags [...] See all 20 supported languages

Content

Includes Interactive Elements

In-game purchases, Online interactivity

Title: Football Manager 27  
 Genre: Simulation, Sports, Strategy  

Developer: Sports Interactive

Publisher: SEGA

Franchise: Football Manager

Release Date: Coming soon [...] Visit the website External   Instagram External   X External   TikTok External   YouTube External   Facebook External   View update history   Read related news   View discussions   Visit the Workshop   Find Community Groups

Embed

Report this Product)

Links & info

This game is not yet available on Steam

# Coming soon

Interested?  
Add to your wishlist and get notified when it becomes available.

View Community Hub

## About This Game",,release date,45,medium,Social Index (+5); Exact title match (+20); Keywords ['release date'] (+20),social
4530370,web_result,unknown_date,https://store.steampowered.com/app/4530370/Football_Manager_27,Football Manager 27 on Steam,"All Games > Sports Games > Football Manager 27

Community Hub

Football Manager 27

Football Manager 27

Football Manager 27

Developer

Sports Interactive

Publisher

SEGA

Released

Coming soon

Flow from the tactics board to the touchline in FM27, as foundations evolve to deliver greater control, smoother discovery and a richer footballing world to explore.

All Reviews:

No user reviews

Release Date:

Coming soon

Developer:

Sports Interactive

Publisher:

SEGA

Tags [...] See all 20 supported languages

Content

Includes Interactive Elements

In-game purchases, Online interactivity

Title: Football Manager 27  
 Genre: Simulation, Sports, Strategy  

Developer: Sports Interactive

Publisher: SEGA

Franchise: Football Manager

Release Date: Coming soon [...] ## About This Game

Foundations evolve in FM27, delivering firmer ground for your footballing adventure. From the moment your save begins, you’ll discover a cleaner, more intuitive, and easier to navigate experience, with new and returning features enhancing immersion and decision-making.

## A World that goes further",,release date,40,medium,Exact title match (+20); Keywords ['release date'] (+20),general
4530370,web_result,unknown_date,https://www.dlcompare.com/games/100039911/buy-football-manager-27-steam-key,Buy Football Manager 27 Steam PC,"$20.99

Buy Battlefield 6 Battlefield 6

$43.52

Buy 007 First Light 007 First Light

 ### Technical information
 Official website
 Categories : Simulation, Sports Sim, Strategy
 Editor : Sega
 Developer : Sports Interactive
 Release date : November 10, 2026
 System Requirements
 + Minimum
  + OS: Windows 10 or 11 with all updates
  + RAM : 6 GB
  + Storage : 20 GB
  + Recommended
  + OS: Windows 11 with all updates - 64 bit
  + RAM : 12 GB

Rewards [...] K4G $41.00
 Crimson Desert Enhanced

  GAMESEAL $40.31
 Crown Of Hispania

  GameBoost $10.25
 Tattoo Shop Simulator

  Kinguin $3.29
 Diablo 4 Lord of Hatred

  Eneba $30.57
 007 First Light

  GameBoost $43.52
 Graveyard Keeper 2

  GameBoost $16.01
 Valheim

  GAMESEAL $18.88
 Blood of Dawnwalker

  Kinguin $46.90

 New games
 MXGP 26 The Official Game

  Instant Gaming $36.40
 ACE COMBAT 8 WINGS OF THEVE

  LootBar $56.12
 Dynasty Warriors 3 Complete Edition Remastered [...] Kinguin $44.18
 Football Manager 2020

  Football Manager 2020

  GameBoost $31.31

 Also Published By Sega
 Persona 4 Revival

  Persona 4 Revival

  G2A $58.35
 Stranger Than Heaven

  Stranger Than Heaven

  Instant Gaming $60.87
 Yakuza Kiwami 3 & Dark Ties

  Yakuza Kiwami 3 & Dark Ties

  Eneba $15.91
 Yakuza 0 Director's Cut

  Yakuza 0 Director's Cut

  Kinguin $22.21
 Sonic Racing CrossWorlds

  GreenmanGaming $25.20
 SHINOBI Art of Vengeance

  SHINOBI Art of Vengeance",,release date,40,medium,Exact title match (+20); Keywords ['release date'] (+20),general
4530370,web_result,unknown_date,https://www.youtube.com/watch?v=RJjuOptkJ-M,FM27 Is Going Back To What Made Football Manager Great (Football Manager 27 New Features Trailer),"[13:34] Derby clash with your rivals is back in a familiar format. In the same vein, FM27 gives you an enhanced transfer
[13:42] deadline day experience with some key differences. [music] You'll now see that agent offers are visible and active on the recruitment screen throughout the
[13:50] window rather than just appearing on deadline day itself with offers from agents increasing as the deadline gets closer. [music] Finally, there's data. [...] # FM27 Is Going Back To What Made Football Manager Great (Football Manager 27 New Features Trailer)
## Channel: JohnFMTV (verified)
160K subscribers
20 likes

### Description
3,268 views
Posted: 2026-09-26
Football Manager 27 is starting to feel much more like the Football Manager games fans know and love!

In this latest FM27 Feature Deep Dive, we get another look at the new Football Manager 27 interface, player profiles, club screens and the deeper football world coming to the game. [...] After the negative reaction to FM26, it's interesting to see FM27 combining a modern updated interface with more of the familiar Football Manager feel from previous games. The deeper we get into these feature reveals, the more FM27 is beginning to look like a proper evolution of the classic FM experience rather than something completely different.

In this video, I react to the latest Football Manager 27 features and give my thoughts on the direction Sports Interactive is taking the series.",,trailer,40,medium,Exact title match (+20); Keywords ['trailer'] (+20),general
4530370,web_result,unknown_date,https://www.youtube.com/watch?v=x5FgvowXlSg,Football Manager is BACK! | FM 27 FIRST TRAILER | Football Manager 27 Feature Deep Dive,"[3:57] your next navigational step is always available  and immediately obvious. We've also updated the   names of the main sections of the game to better  reflect your core responsibilities as a football  
[4:07] manager, your squad, tactics, recruitment,  training, and club. In the squad screen,  
[4:14] you'll see your full squad straight away. Tactics  takes you straight to your tactics. Easy and   training takes you straight to your training  and so on. Perfect. We've reduced the number [...] [1:34] I like it. Uh, I like Yeah, I like the skin.  All the names. Love to see it. Logos. All right,  
[1:42] this is not too bad. Shaping menus. The changes  allow you to focus on what's important. More time  
[1:48] spent shaping your story, exploring the wider  game world, and less time spent navigating the   menus. In practical terms, that means all of your  navigation now takes place in the menus at the [...] [9:47] clicks, more gameplay, more relevant information  in each screen, and more ways to shape how you  
[9:54] engage with the game means more control and depth  to your experience. There's even more detail in  
[10:00] our deep dive feature blog, and we'll be answering  your questions about our approach in dedicated   AMAs on Reddit. In our next deep dive, we'll  showcase the new, improved, and returning elements",,"trailer, gameplay, showcase",40,medium,"Exact title match (+20); Keywords ['trailer', 'gameplay', 'showcase'] (+20)",general
4530370,web_result,unknown_date,https://www.thesixthaxis.com/2026/09/30/football-manager-27-launch-date-confirmed-with-a-match-day-experience-trailer,Football Manager 27 launch date confirmed with a match day experience trailer | TheSixthAxis,"TheSixthAxis TheSixthAxis TheSixthAxis

 

# Football Manager 27 launch date confirmed with a match day experience trailer

Stefan L No Comments

Football Manager 27 FM27 - header keyart

Football Manager 27 is launching on 10th November, Sega and Sports Interactive have confirmed, arriving with the PC version, FM27 Console and FM27 Mobile. [...] This is one of the key areas that Sports Interactive has looked to improve with the recent jump to the Unity game engine, allowing for greater graphical fidelity in the 3D match playback. FM26 was the first game on this engine, and FM27 is able to refine it. [...] FM26, as fans of the series all know, was a troubled entry that struggled with that jump to a new engine and to new navigational ideas. Last week saw SI explore how the navigation has been improved, removing clicks where possible and clarifying the customisable menu structure, and a followup then delved into the deepening world of the football simulation.",,trailer,40,medium,Exact title match (+20); Keywords ['trailer'] (+20),general
4530370,web_result,unknown_date,https://www.footballmanager.com/news/getting-ready-football-manager-27,Getting ready for Football Manager 27 | Football Manager 27,"Getting ready for Football Manager 27

In a new video led by Community Manager, Chris Groves, we revealed that a series of feature deep dives and first looks at gameplay will roll out from September.

Around what players can expect from FM27, Chris shared that “We’re evolving the current design whilst restoring ideas and behaviours you (our players) value and that worked well in previous editions.” [...] Deeper, More Immersive World 

  Get lost in the living, breathing universe that exists beyond your club.
 Clearer interface

  Clearer Interface 

  Get what you need with fewer clicks thanks to smarter navigation.

FMFC

News

The Dugout

Wishlist Now

## Select your language

English

English

Español

Español

Français

Français

Türkçe

Türkçe

Italiano

Italiano

Deutsch

Deutsch

한국어

한국어

日本語

日本語

العربية

العربية

Español (LATAM)

Español (LATAM)

## Don't Miss a Moment [...] Be the first to know what's next by following us across social media @FootballManager. Same handle, every platform.

Follow on Instagram   Follow on X   Follow on Facebook   Follow on TikTok   Follow on Youtube

27.08.26

FM Admin

# Getting ready for Football Manager 27

As the final stages of development near on Football Manager 27, we are pleased to confirm that the game will launch in November, with the specific launch date alongside confirmed platforms to follow.",,gameplay,40,medium,Exact title match (+20); Keywords ['gameplay'] (+20),general
4530370,web_result,unknown_date,https://store.steampowered.com/app/4530370/Football_Manager_27,Football Manager 27 on Steam,"All Games > Sports Games > Football Manager 27

Community Hub

Football Manager 27

Football Manager 27

Football Manager 27

Developer

Sports Interactive

Publisher

SEGA

Released

Coming soon

Flow from the tactics board to the touchline in FM27, as foundations evolve to deliver greater control, smoother discovery and a richer footballing world to explore.

All Reviews:

No user reviews

Release Date:

Coming soon

Developer:

Sports Interactive

Publisher:

SEGA

Tags [...] ## About This Game

Foundations evolve in FM27, delivering firmer ground for your footballing adventure. From the moment your save begins, you’ll discover a cleaner, more intuitive, and easier to navigate experience, with new and returning features enhancing immersion and decision-making.

## A World that goes further [...] See all 20 supported languages

Content

Includes Interactive Elements

In-game purchases, Online interactivity

Title: Football Manager 27  
 Genre: Simulation, Sports, Strategy  

Developer: Sports Interactive

Publisher: SEGA

Franchise: Football Manager

Release Date: Coming soon",,release date,40,medium,Exact title match (+20); Keywords ['release date'] (+20),general
4530370,web_result,unknown_date,https://www.footballmanager.com,Football Manager 27 | Out November,"Read more

# Clearer Interface. Smoother Flow.

Get what you need with fewer clicks thanks to smarter navigation and a more intuitive full screen experience that scales to how you play.

Read More

# Match Day Spectacle

In our next feature drop, discover the match day upgrades that make every fixture a richer piece of football theatre.

# Get More From Football Manager [...] We’re dropping regular videos and deep dive blogs detailing the features and improvements that shape the core of FM27. To stay up to date, join FMFC or follow our community channels.

Deeper, More Immersive World

Clearer interface. Smoother flow.

Next up

FMFC  Join The Squad

# Deeper, More Immersive World

Get lost in the season’s narratives as cup draws, transfer deadline day and an overhauled news feed keep you plugged into the world beyond your club.

Read more [...] Sign up to FMFC and get FM27 news delivered straight to your inbox, as well as exclusive prize draws and member-only giveaways.

Join The Squad

## Unparalleled Authenticity

Immerse yourself in an authentic gameplay experience featuring the world’s biggest leagues and iconic competitions.

## Latest From FM

More News

Getting ready for Football Manager 27

## Getting ready for Football Manager 27

27.08.2026

Get 50% off FM26 across platforms

## Get 50% off FM26 across platforms

11.06.2026",,gameplay,40,medium,Exact title match (+20); Keywords ['gameplay'] (+20),general
4530370,web_result,unknown_date,https://www.radiotimes.com/technology/gaming/fm27-release-date-confirmed-newsupdate,"FM27 release date is confirmed, but some players will have to wait | Radio Times","Indeed, today's news confirms that Football Manager 27 will launch on 10 November for PC, Mac, PS5, Xbox Series X/S and Mobile (the latter of which is releasing via Netflix). The game will be priced at £49.99.

The eagle-eyed among you will notice that the Nintendo Switch 2 is not listed among those day-one platforms. Apple Arcade was not mentioned, either. The developers noted in the announcement that ""details on further platforms will be confirmed subsequently"". ​ [...] ❚ We may earn commission from links on this page. Our editorial is always independent (learn more).

# Football Manager 27 release date confirmed, but some players will have to wait

Ready to go again?

Sports Interactive

 Rob Leane

Published: Wednesday, 30 September 2026 at 2:28 pm

Stay ahead of the game! Sign up for our FREE gaming newsletter

 Share on facebook
 Share on twitter
 Share on pinterest
 Share on reddit
 Email to a friend [...] As the 10 November release date for FM27 nears, we'll be sure to keep you updated with all things FM27. Sports Interactive has also promised a preview version that will launch a couple of weeks before. Until then, watch this space! And you can watch the latest deep dive below.

#### Want to see this content?",,"announcement, release date",40,medium,"Exact title match (+20); Keywords ['announcement', 'release date'] (+20)",general
4530370,web_result,unknown_date,https://www.footballmanager.com/news/football-manager-27-launches-10-november,Football Manager 27 launches from 10 November | Football Manager 27,"Flow from the tactics board to the touchline in Football Manager 27, launching globally from 10 November and available to wishlist now.

Foundations evolve to deliver greater control, smoother discovery and a deeper, more immersive football world, with new, returning and reimagined features that invite discovery from the moment your save begins. [...] You can wishlist FM27 on Steam, Epic Games or the Microsoft Store and get notified when it's time to play.

A Launch Preview version of FM27 will be available to play 1-2 weeks before the street date, with further information on that plus digital pre-purchase and discount incentives to follow.

There’ll be more announcements ahead of release, so join FMFC or follow our community channels to stay up to date.

## Latest News

## Getting ready for Football Manager 27

27.08.2026  - FM Admin [...] Day one platforms include Steam, Epic Games and the Xbox PC app, including Xbox Game Pass Ultimate and PC Game Pass subscribers. FM27 Console (Xbox/PS5), including Game Pass Console subscribers, and FM27 Mobile (Netflix) will also launch from 10 November, with further platform details to follow.

Football Manager 27 launches from 10 November 

## What’s new in FM27?",,announcement,40,medium,Exact title match (+20); Keywords ['announcement'] (+20),general
4530370,web_result,unknown_date,https://www.footballmanager.com,Football Manager 27 | Out November,"11.06.2026

Football Manager team up with FIFAe to launch Curaçao Challenge for FIFA World Cup 2026™

## Football Manager team up with FIFAe to launch Curaçao Challenge for FIFA World Cup 2026™

09.06.2026

Football Manager expands licensing agreement with DFB

## Football Manager expands licensing agreement with DFB

05.06.2026

More News

A background image for FM A background image for FM

logo for FM light logo for FM dark

## Join The Squad. Get Rewarded. [...] Sign up to FMFC and get FM27 news delivered straight to your inbox, as well as exclusive prize draws and member-only giveaways.

Join The Squad

## Unparalleled Authenticity

Immerse yourself in an authentic gameplay experience featuring the world’s biggest leagues and iconic competitions.

## Latest From FM

More News

Getting ready for Football Manager 27

## Getting ready for Football Manager 27

27.08.2026

Get 50% off FM26 across platforms

## Get 50% off FM26 across platforms

11.06.2026 [...] Be the first to know what's next by following us across social media @FootballManager. Same handle, every platform.

Follow on Instagram   Follow on X   Follow on Facebook   Follow on TikTok   Follow on Youtube

en         

# FM27 Out November

Greater control. Smoother discovery. Find out how FM27 brings you closer to the living, breathing football universe that exists beyond your club.

Watch Video  Explore Blog

 

# What's New In FM27?",,gameplay,40,medium,Exact title match (+20); Keywords ['gameplay'] (+20),general
4530370,web_result,unknown_date,https://store.steampowered.com/app/4530370/Football_Manager_27,Football Manager 27 on Steam,"All Games > Sports Games > Football Manager 27

Community Hub

Football Manager 27

Football Manager 27

Football Manager 27

Developer

Sports Interactive

Publisher

SEGA

Released

Coming soon

Flow from the tactics board to the touchline in FM27, as foundations evolve to deliver greater control, smoother discovery and a richer footballing world to explore.

All Reviews:

No user reviews

Release Date:

Coming soon

Developer:

Sports Interactive

Publisher:

SEGA

Tags [...] See all 20 supported languages

Content

Includes Interactive Elements

In-game purchases, Online interactivity

Title: Football Manager 27  
 Genre: Simulation, Sports, Strategy  

Developer: Sports Interactive

Publisher: SEGA

Franchise: Football Manager

Release Date: Coming soon [...] Join the conversation across social and community channels for many more gameplay reveals and first looks at what else is new in FM27. Follow @FootballManager now across platforms as we move through weekly feature drops towards launch.  
  
Wishlist FM27 now get notified when it’s time to play.

## System Requirements

Windows

macOS

Minimum:",,"gameplay, release date",40,medium,"Exact title match (+20); Keywords ['gameplay', 'release date'] (+20)",general
4530370,web_result,unknown_date,https://www.footballmanager.com/news/football-manager-27-launches-10-november,Football Manager 27 launches from 10 November | Football Manager 27,"Flow from the tactics board to the touchline in Football Manager 27, launching globally from 10 November and available to wishlist now.

Foundations evolve to deliver greater control, smoother discovery and a deeper, more immersive football world, with new, returning and reimagined features that invite discovery from the moment your save begins. [...] You can wishlist FM27 on Steam, Epic Games or the Microsoft Store and get notified when it's time to play.

A Launch Preview version of FM27 will be available to play 1-2 weeks before the street date, with further information on that plus digital pre-purchase and discount incentives to follow.

There’ll be more announcements ahead of release, so join FMFC or follow our community channels to stay up to date.

## Latest News

## Getting ready for Football Manager 27

27.08.2026  - FM Admin [...] So far, you can learn how smarter navigation and a more intuitive full-screen experience make it easier to get what you need with fewer clicks. Or explore how Cup Draws, Transfer Deadline Day, and an overhauled news feed keep you plugged into the world beyond your club. We've also announced upgrades to the match day experience that make every fixture feel like a richer piece of football theatre, with a lot more feature news still to come.

## Early play information",,announcement,40,medium,Exact title match (+20); Keywords ['announcement'] (+20),general
4530370,web_result,unknown_date,https://www.footballmanager.com,Football Manager 27 | Out November,"11.06.2026

Football Manager team up with FIFAe to launch Curaçao Challenge for FIFA World Cup 2026™

## Football Manager team up with FIFAe to launch Curaçao Challenge for FIFA World Cup 2026™

09.06.2026

Football Manager expands licensing agreement with DFB

## Football Manager expands licensing agreement with DFB

05.06.2026

More News

A background image for FM A background image for FM

logo for FM light logo for FM dark

## Join The Squad. Get Rewarded. [...] Sign up to FMFC and get FM27 news delivered straight to your inbox, as well as exclusive prize draws and member-only giveaways.

Join The Squad

## Unparalleled Authenticity

Immerse yourself in an authentic gameplay experience featuring the world’s biggest leagues and iconic competitions.

## Latest From FM

More News

Getting ready for Football Manager 27

## Getting ready for Football Manager 27

27.08.2026

Get 50% off FM26 across platforms

## Get 50% off FM26 across platforms

11.06.2026",,gameplay,40,medium,Exact title match (+20); Keywords ['gameplay'] (+20),general
4530370,web_result,unknown_date,https://store.steampowered.com/app/4540240/International_Football_Manager_27,International Football Manager 27 on Steam,"\ Starting February 15, 2024, the Steam Client will no longer support 32-bit games or macOS 10.14 or lower.

International Football Manager 27. Published and developed by UPLAY Online© UPLAY Online SL. All rights reserved. International Football Manager 27 is a registered trademark of UPLAY Online. All other copyrights and trademarks are the property of their respective owners. [...] Languages:

English and 5 more

| Interface | Full Audio | Subtitles |
 --- 
| English | ✔ |  |  |
| French | ✔ |  |  |
| Italian | ✔ |  |  |
| German | ✔ |  |  |
| Spanish - Spain | ✔ |  |  |
| Turkish | ✔ |  |  |

See all 6 supported languages

Title: International Football Manager 27  
 Genre: Simulation, Sports, Strategy  

Developer: UPLAY Online

Publisher: UPLAY Online

Release Date: 2026 [...] International Football Manager 27 proposes a new way to experience football management, where every decision has consequences and every season becomes a unique story. Here you don't just manage a club; you define its identity within a shifting environment, full of nuances and constantly evolving situations.

## More personalities and characters, less predictable",,release date,40,medium,Exact title match (+20); Keywords ['release date'] (+20),general
4530370,web_result,unknown_date,https://www.youtube.com/watch?v=x5FgvowXlSg,Football Manager is BACK! | FM 27 FIRST TRAILER | Football Manager 27 Feature Deep Dive,"[3:57] your next navigational step is always available  and immediately obvious. We've also updated the   names of the main sections of the game to better  reflect your core responsibilities as a football  
[4:07] manager, your squad, tactics, recruitment,  training, and club. In the squad screen,  
[4:14] you'll see your full squad straight away. Tactics  takes you straight to your tactics. Easy and   training takes you straight to your training  and so on. Perfect. We've reduced the number [...] [9:23] defaulting to the overview, you can change it.  FM27 evolves the design language we introduced  
[9:29] in FM26 combined with ideas and behaviors that  recapture the core navigation and user experience  
[9:36] flow from previous titles. Our goal with these  changes is simple for them to feel efficient,  
[9:42] intuitive, so you can focus on discovery and  exploring the wider footballing world. Less [...] [9:05] side, if you navigate to the preferences menu,  you'll now see that you've got the ability to edit   the shortcuts to whatever you want them to be.  The preferences menu also contains a setting that  
[9:14] allows you to change where you land when you click  on each of the options in the primary navigation   bar. So, if there's something specific you want to  see first within squad or recruitment, rather than",,trailer,40,medium,Exact title match (+20); Keywords ['trailer'] (+20),general
4530370,web_result,unknown_date,https://store.steampowered.com/app/4540240/International_Football_Manager_27,International Football Manager 27 on Steam,"International Football Manager 27 proposes a new way to experience football management, where every decision has consequences and every season becomes a unique story. Here you don't just manage a club; you define its identity within a shifting environment, full of nuances and constantly evolving situations.

## More personalities and characters, less predictable [...] In International Football Manager 27 you can manage national teams and compete in international tournaments. Qualify during the season to participate in the most prestigious summer championships and represent your country's colors against the best national teams in the world.

## Take control of every match

Decide how to follow the matches: [...] All Reviews:

No user reviews

Release Date:

2026

Developer:

UPLAY Online

Publisher:

UPLAY Online

Tags

Popular user-defined tags for this product:

Sports  Strategy  Simulation  Grand Strategy  2D  Football (Soccer)  Management  PvE  Singleplayer 

+

Reviews

All Reviews:

No user reviews

Sign in to add this item to your wishlist, follow it, or mark it as ignored

)

Features

Single-player

Steam Achievements

Steam Workshop

Steam Cloud

Family Sharing

Languages:",,release date,40,medium,Exact title match (+20); Keywords ['release date'] (+20),general
4530370,web_result,unknown_date,https://store.steampowered.com/app/4540240/International_Football_Manager_27,International Football Manager 27 on Steam,"International Football Manager 27 proposes a new way to experience football management, where every decision has consequences and every season becomes a unique story. Here you don't just manage a club; you define its identity within a shifting environment, full of nuances and constantly evolving situations.

## More personalities and characters, less predictable [...] All Reviews:

No user reviews

Release Date:

2026

Developer:

UPLAY Online

Publisher:

UPLAY Online

Tags

Popular user-defined tags for this product:

Sports  Strategy  Simulation  Grand Strategy  2D  Football (Soccer)  Management  PvE  Singleplayer 

+

Reviews

All Reviews:

No user reviews

Sign in to add this item to your wishlist, follow it, or mark it as ignored

)

Features

Single-player

Steam Achievements

Steam Workshop

Steam Cloud

Family Sharing

Languages: [...] All Games > Sports Games > International Football Manager 27

Community Hub

International Football Manager 27

International Football Manager 27

International Football Manager 27

Developer

UPLAY Online

Publisher

UPLAY Online

Release

2026

Football doesn't follow a script… and neither does International Football Manager 27. Make decisions, face the consequences, and experience a more exciting, authentic, and unpredictable simulation as you lead your soccer team to the top.",,release date,40,medium,Exact title match (+20); Keywords ['release date'] (+20),general
4530370,web_result,unknown_date,https://store.steampowered.com/app/4530370/Football_Manager_27,Football Manager 27 on Steam,"All Games > Sports Games > Football Manager 27

Community Hub

Football Manager 27

Football Manager 27

Football Manager 27

Developer

Sports Interactive

Publisher

SEGA

Released

Coming soon

Flow from the tactics board to the touchline in FM27, as foundations evolve to deliver greater control, smoother discovery and a richer footballing world to explore.

All Reviews:

No user reviews

Release Date:

Coming soon

Developer:

Sports Interactive

Publisher:

SEGA

Tags [...] See all 20 supported languages

Content

Includes Interactive Elements

In-game purchases, Online interactivity

Title: Football Manager 27  
 Genre: Simulation, Sports, Strategy  

Developer: Sports Interactive

Publisher: SEGA

Franchise: Football Manager

Release Date: Coming soon [...] SEGA

Tags

Popular user-defined tags for this product:

Simulation  Sports  Strategy  eSports  Strategy RPG  Immersive Sim  Real Time Tactics  Tactical RPG  2D  3D  Football (Soccer)  Management  Character Customization  Choices Matter  PvE  Text-Based  Multiplayer  Singleplayer 

+

Reviews

All Reviews:

No user reviews

Sign in to add this item to your wishlist, follow it, or mark it as ignored

)

Features

Single-player

Multi-player

Steam Achievements

Steam Workshop

In-App Purchases",,release date,40,medium,Exact title match (+20); Keywords ['release date'] (+20),general
4530370,web_result,unknown_date,https://www.radiotimes.com/technology/gaming/fm27-release-date-confirmed-newsupdate,"FM27 release date is confirmed, but some players will have to wait | Radio Times","#### Want to see this content?

This page contains content provided by Google reCAPTCHA. We ask for your permission before anything is loaded, as Google reCAPTCHA may use cookies and other technologies. To view this content, choose 'Accept and continue' to allow Google reCAPTCHA and its required purposes.

In the announcement, Sports Interactive also promised that FM27 will deliver ""greater control, smoother discovery and a more enticing football world"". [...] As the 10 November release date for FM27 nears, we'll be sure to keep you updated with all things FM27. Sports Interactive has also promised a preview version that will launch a couple of weeks before. Until then, watch this space! And you can watch the latest deep dive below.

#### Want to see this content? [...] ❚ We may earn commission from links on this page. Our editorial is always independent (learn more).

# Football Manager 27 release date confirmed, but some players will have to wait

Ready to go again?

Sports Interactive

 Rob Leane

Published: Wednesday, 30 September 2026 at 2:28 pm

Stay ahead of the game! Sign up for our FREE gaming newsletter

 Share on facebook
 Share on twitter
 Share on pinterest
 Share on reddit
 Email to a friend",,"announcement, release date",40,medium,"Exact title match (+20); Keywords ['announcement', 'release date'] (+20)",general
4530370,web_result,unknown_date,https://www.footballmanager.com/news/football-manager-27-launches-10-november,Football Manager 27 launches from 10 November | Football Manager 27,"You can wishlist FM27 on Steam, Epic Games or the Microsoft Store and get notified when it's time to play.

A Launch Preview version of FM27 will be available to play 1-2 weeks before the street date, with further information on that plus digital pre-purchase and discount incentives to follow.

There’ll be more announcements ahead of release, so join FMFC or follow our community channels to stay up to date.

## Latest News

## Getting ready for Football Manager 27

27.08.2026  - FM Admin [...] Flow from the tactics board to the touchline in Football Manager 27, launching globally from 10 November and available to wishlist now.

Foundations evolve to deliver greater control, smoother discovery and a deeper, more immersive football world, with new, returning and reimagined features that invite discovery from the moment your save begins. [...] Day one platforms include Steam, Epic Games and the Xbox PC app, including Xbox Game Pass Ultimate and PC Game Pass subscribers. FM27 Console (Xbox/PS5), including Game Pass Console subscribers, and FM27 Mobile (Netflix) will also launch from 10 November, with further platform details to follow.

Football Manager 27 launches from 10 November 

## What’s new in FM27?",,announcement,40,medium,Exact title match (+20); Keywords ['announcement'] (+20),general
4530370,web_result,unknown_date,https://store.steampowered.com/app/4540240/International_Football_Manager_27,International Football Manager 27 on Steam,"Languages:

English and 5 more

| Interface | Full Audio | Subtitles |
 --- 
| English | ✔ |  |  |
| French | ✔ |  |  |
| Italian | ✔ |  |  |
| German | ✔ |  |  |
| Spanish - Spain | ✔ |  |  |
| Turkish | ✔ |  |  |

See all 6 supported languages

Title: International Football Manager 27  
 Genre: Simulation, Sports, Strategy  

Developer: UPLAY Online

Publisher: UPLAY Online

Release Date: 2026 [...] \ Starting February 15, 2024, the Steam Client will no longer support 32-bit games or macOS 10.14 or lower.

International Football Manager 27. Published and developed by UPLAY Online© UPLAY Online SL. All rights reserved. International Football Manager 27 is a registered trademark of UPLAY Online. All other copyrights and trademarks are the property of their respective owners. [...] All Reviews:

No user reviews

Release Date:

2026

Developer:

UPLAY Online

Publisher:

UPLAY Online

Tags

Popular user-defined tags for this product:

Sports  Strategy  Simulation  Grand Strategy  2D  Football (Soccer)  Management  PvE  Singleplayer 

+

Reviews

All Reviews:

No user reviews

Sign in to add this item to your wishlist, follow it, or mark it as ignored

)

Features

Single-player

Steam Achievements

Steam Workshop

Steam Cloud

Family Sharing

Languages:",,release date,40,medium,Exact title match (+20); Keywords ['release date'] (+20),general
4530370,steam_news,inside_extended_window,https://steamstore-a.akamaihd.net/news/externalpost/steam_community_announcements/1845383656377458,FM27: An Elevated Match Day Atmosphere ,,"If you’re to truly believe that you’re stepping into the shoes of a football manager, the world you’re immersed in needs to feel authentic to you as a fan. That's true of both the way the matches play but also the visual representation of the whole Match Day experience.  The beauty of FM is as much ",,35,medium,Inside extended window (+15); Official Steam News (+20),
4530370,steam_news,inside_extended_window,https://steamstore-a.akamaihd.net/news/externalpost/steam_community_announcements/1844751498224235,Deeper Football World: Increased Immersion in FM27,,"At the heart of the Football Manager experience is being part of a living, breathing football universe that exists well beyond the confines of your club. In tandem with navigation improvements that make exploring the football world easier, for FM27 we needed to elevate your curiosity levels with mor",,35,medium,Inside extended window (+15); Official Steam News (+20),
4530370,youtube_video,outside_window,https://www.youtube.com/watch?v=aHkhiHBrTqc,Let&#39;s Play Pro Soccer Manager 27 | First Look,,"Let's play a brand new game, as we try the demo of Pro Soccer Manager 27. Today, I have a first look at and walkthrough the ...",demo,35,medium,YouTube (+15); Keywords ['demo'] (+20),
4530370,youtube_video,outside_window,https://www.youtube.com/watch?v=O60rrgARBPY,Probamos la DEMO de PRO SOCCER MANAGER 27 | Primeras Impresiones,,Hoy nos ponemos el traje de entrenador para probar la DEMO de Pro Soccer Manager '27! Analizamos a fondo este nuevo ...,demo,35,medium,YouTube (+15); Keywords ['demo'] (+20),
4530370,youtube_video,outside_window,https://www.youtube.com/watch?v=kW9E6YQ7ydQ,Pro Soccer Manager 27 (Demo) - Nuevo manager de fútbol al estilo Football Manager,,"Echamos un ojo a la demo de Pro Soccer Manager 27, nuevo manager de fútbol. Su interfaz nos recuerda a Delta Manager, algo ...",demo,35,medium,YouTube (+15); Keywords ['demo'] (+20),
4530370,reddit_discussion,unknown_date,https://www.reddit.com/r/footballmanager/comments/1utnmjn/when_are_we_getting_football_manager_27_news,When are we getting Football Manager 27 news? 😔,# When are we getting Football Manager 27 news? ## Post details. ## Content. ## Top Comments. - Dont care what people say people hate fm 26 people love it same as every game ever made ill enjoy fm 27 with the people that also love it. - They should spend another year working on 26 before releasing the next one. As it's still broken. - probably a week before it's expected to release to tell us that it's cancelled. - Still on FM24 need a change. - September like it is every year. - Probably when they fix 26 .. that will be in 3 years from now. - We dont even know IF there will be an FM27 yet bro 😭. - Better question is are we finally going to see that big drop in sales after the disaster that was FM26.,,,30,weak,Reddit (+10); Exact title match (+20),social
4530370,youtube_video,inside_extended_window,https://www.youtube.com/watch?v=mzKBI0o5eek,A Deeper Football World | FM27 Feature Deep Dive,,"Our latest FM27 deep dive details the returning, reimagined and new features that bring you closer to the living, breathing football ...",,30,weak,Inside extended window (+15); YouTube (+15),
4530370,youtube_video,inside_extended_window,https://www.youtube.com/watch?v=9rdMzTr0sAg,An Elevated Match Day Atmosphere | FM27 Feature Deep Dive,,"Our latest FM27 deep dive explores the anticipation, the atmosphere, and the on-pitch action that make every fixture feel like a ...",,30,weak,Inside extended window (+15); YouTube (+15),
4530370,youtube_video,inside_extended_window,https://www.youtube.com/watch?v=cMqHJqzAq44,Clearer Interface &amp; Smoother Navigation | FM27 Feature Deep Dive,,"In the first of our FM27 feature deep dives, Associate Game Director Rémy Boicherot and Senior Features Manager Ant Farley ...",,30,weak,Inside extended window (+15); YouTube (+15),
4530370,youtube_video,inside_extended_window,https://www.youtube.com/watch?v=9rdMzTr0sAg,An Elevated Match Day Atmosphere | FM27 Feature Deep Dive,,"Our latest FM27 deep dive explores the anticipation, the atmosphere, and the on-pitch action that make every fixture feel like a ...",,30,weak,Inside extended window (+15); YouTube (+15),
4530370,youtube_video,inside_extended_window,https://www.youtube.com/watch?v=cMqHJqzAq44,Clearer Interface &amp; Smoother Navigation | FM27 Feature Deep Dive,,"In the first of our FM27 feature deep dives, Associate Game Director Rémy Boicherot and Senior Features Manager Ant Farley ...",,30,weak,Inside extended window (+15); YouTube (+15),
4530370,social_post,unknown_date,https://www.tiktok.com/@zimsmula/video/7691303920374795542,Football Manager 27: Brand New Update & News,"The latest news for Football Manager 27 has arrived, bringing a brand new update … new features for career mode, improvements to the game",,,25,weak,Social Index (+5); Exact title match (+20),social
4530370,social_post,unknown_date,https://www.tiktok.com/@footballmanager,Football Manager (@footballmanager) | TikTok,"Image 26: @Harrogate Town AFC, you have a fan in Gian van Veen 😅 PDC pros share their best Football Manager stories 👀 @OfficialPDC #FootballManager #FM26 created by Football Manager with Football Manager’s original sound 96.5K

Image 27: Who better to ask than Curaçao experts about the FIFAe Curaçao challenge. Enter via FIFA.gg before the competition closes! @FIFAe #FootballManager #FM26 #Curacao created by Football Manager with Football Manager’s original sound 7442 [...] Image 11: A clearer, more intuitive experience 🖱️ Let us take you through FM27's evolved interface and how we're making your game world easier to navigate in fewer clicks. Watch our first #FM27 deep dive 🎥 created by Football Manager with Football Manager’s original sound - Football Manager 448.7K Pinned [...] Skip to content feed

TikTok

Log in

TikTok

Search

For You

Explore

Following

Short dramas

LIVE

Upload

Profile

More

Log in

© 2026 TikTok

Image 1

# Football Manager

## footballmanager

### 71Following

344.7KFollowers

5.2MLikes

Follow

Message

## Football Manager 27 - Out from 10 Nov #FM27

www.footballmanager.com/linkinbio

Suggested accounts

View all

Videos

Short dramas

Reposts

Favorites

Liked

Latest

Popular

Oldest

Playlists",,,25,weak,Social Index (+5); Exact title match (+20),social
4530370,social_post,unknown_date,https://www.instagram.com/footballmanager,Football Manager (@footballmanager),The date for your diary Football Manager 27 launches across platforms from 10 November. · Brighton stars reveal the best team talks they've received,,,25,weak,Social Index (+5); Exact title match (+20),social
4530370,social_post,unknown_date,https://www.instagram.com/p/Dd6jy5al5su,Instagram,"footballmanager

The date for your diary 📆  
  
Football Manager 27 launches across platforms from 10 November.

k_ristija_n's profile picture

k\_ristija\_n

Fm has not changed in 10 years, no AI behsviour imorovement and you are a joke now! Even if you sell 5x than before yoy are a laughing stock to all older players!

Reply

themanagerfm234's profile picture

themanagerfm234

Can't wait for this

Reply

obugrino's profile picture

obugrino

Officially selling in Brazil?

Reply [...] Photo by Football Manager on September 08, 2026. May be an illustration of ‎volleyball, basketball, sports equipment and ‎text that says '‎ש L-J‎'‎‎.

Video by Football Manager on August 27, 2026. May be an image of football, soccer, sports equipment, stadium and text.

See more posts

--- [...] Reply

masai2723's profile picture

masai2723

Is there also a mobile Version ?

Reply

christianmudie's profile picture

christianmudie

Let’s hope this is a massive improvement. I’ve been playing since Championship Manager 93/94 every year & FM26 was the worst. It lost sole. Remember what made this game so good

Reply

gary_bwfc16's profile picture

gary\_bwfc16",,,25,weak,Social Index (+5); Exact title match (+20),social
4530370,social_post,unknown_date,https://www.instagram.com/reel/Dd6w75WNnT4,Instagram,"footballmanager

Experience an elevated match day atmosphere in #FM27  
   
Enjoy a richer spectacle through improved crowds, stadiums and dynamic cutscenes that make every fixture feel like a piece of football theatre.  
   
Out from 10 Nov 🗓️

feb.manager26's profile picture

feb.manager26

😍

Reply

f4lca0_'s profile picture

f4lca0\_

pelo menos foram honestos e mostraram o FPS todo cagado KKKKKKK

Reply

kingpinjabba's profile picture

kingpinjabba

Can fans fight too?

Reply [...] pofiozhastam\_

I think its actually it , the end of Football manager , even with all the upgrades i still think they just cant handle this much and i still dont know why change fm24 a game that was just Complete , nothing was bad the only thing they could've done was more detailed in menu actions and more animations in matches and that was it but they decided to change the enitre engine and fm26 and this trailer shows that it just cant be done at least not now

Reply [...] Photo by Football Manager on September 23, 2026.

Video by Football Manager on September 22, 2026. May be an image of football, soccer, card, poster, magazine, sports equipment, ball, stadium and text.

Photo by Football Manager on September 08, 2026. May be an illustration of ‎volleyball, basketball, sports equipment and ‎text that says '‎ש L-J‎'‎‎.

Video by Football Manager on August 27, 2026. May be an image of football, soccer, sports equipment, stadium and text.

See more posts

---",,trailer,25,weak,Social Index (+5); Keywords ['trailer'] (+20),social
4530370,social_post,unknown_date,https://x.com/FootballManager,Football Manager (@FootballManager) / X,"Sep 30

  The date for your diary 📆 Football Manager 27 launches across platforms from 10 November.

  

  ​From footballmanager.com

  139
 @FootballManager

  Football Manager@FootballManager

  Sep 30

  Elevating Your Match Day Atmosphere in #FM27 🏟️ Dive into the changes that breathe more life into every match day 👇

  

  FM27: An Elevated Match Day AtmosphereFrom footballmanager.com

  39
 @FootballManager

  Football Manager@FootballManager

  Sep 30 [...] Football Manager 27 | Wishlist NowFrom footballmanager.com

  26
 @FootballManager

  Football Manager@FootballManager

  Sep 25

  Get swept up in the headlines as the season's narratives unfold around you 📰 Discover how #FM27 makes every decision feel part of something bigger 👇

  

  FM27: A Deeper, More Immersive Football WorldFrom footballmanager.com [...] Sep 30

  Experience an elevated match day atmosphere in #FM27 Enjoy a richer spectacle through improved crowds, stadiums and dynamic cutscenes that make every fixture feel like a piece of football theatre. Out from 10 Nov 🗓️

  

  00:00

  375
 @FootballManager

  Football Manager@FootballManager

  Sep 26

  Flow from the tactics board to the touchline in #FM27 👔 Wishlist Football Manager 27 now to get notified when it’s time to play 🔔",,,25,weak,Social Index (+5); Exact title match (+20),social
4530370,social_post,unknown_date,https://x.com/FootballManager/all,Football Manager (@FootballManager) ...,"Football Manager 27 - Experience an elevated match day atmosphere in #FM27 Enjoy a richer spectacle through improved crowds, stadiums and dynamic cutscenes",,,25,weak,Social Index (+5); Exact title match (+20),social
4530370,social_post,unknown_date,https://www.fmscout.com/a-what-we-know-about-football-manager-2027.html,What we know about Football Manager 2027 | FM Scout,"On September 30th, SI confirmed the exact date: 10 November 2026.  
   
 Football Manager 27 is shaping up to be one of the most critical releases in the history of the franchise.   
   
 Following the heavy criticism surrounding FM26 and its interface, Sports Interactive is shifting focus toward early community feedback and quality control. [...] SI answered questions about the first deep dive on Reddit. Chris Groves later posted a summary on the official forums.
  
 SI says there are no notable changes for skinning and modding compared to FM26. There's still no official support, but no new limits either.
  
 Colours will vary more, often matching the club or competition you are viewing.
  
 The end-of-season review is not returning in FM27, and exporting player data is not supported. [...] |  |

| Football Manager 2027 New Features |

  

#### Official FM Discord Launches - 8 September

 The official Football Manager Discord server went live, as promised in the community update.
  
 It's one of the ways SI plans to stay closer to players during the FM27 cycle. You can join it at fm27.info/Discord.

  
   
   

#### FM27 Community Update - 27 August",,,25,weak,Social Index (+5); Exact title match (+20),social
4530370,social_post,unknown_date,https://www.footballmanager.com,Football Manager 27 | Out November,"Nous avons détecté que votre navigateur est en français, cliquez sur le bouton ci-dessous pour vous rendre sur la version en français du site internet de Football Manager.

Allez vers le site en français

Türkçe

## Türkçe sitemize gitmek ister misiniz?

Tarayıcınızın dilinin Türkçe olduğunu belirledik. Football Manager web sitesinin Türkçe versiyonuna gitmek için aşağıdaki düğmeye tıklayın.

Türkçe sitemize gidin

Italiano

## Vuoi andare al nostro sito in italiano? [...] Abbiamo rilevato che il tuo browser è in italiano, clicca sul pulsante qui sotto per andare alla versione italiana del sito di Football Manager.

Vai al sito italiano

Deutsch

## Zur deutschen Seite?

Wir haben erkannt, dass Ihr Browser auf Deutsch eingestellt ist. Klicken Sie auf die untere Schaltfläche, um zur deutschen Football Manager-Seite zu gelangen.

Zur deutschen Seite

Football Manager Football Manager

Football Manager Football Manager 

Features

 Deeper, More Immersive World [...] English

## Go to our English site?

We’ve detected that your browser is in English, click the button below to go to the dedicated English version of the Football Manager website.

Go to English site

Español

## ¿Quieres ir al sitio web en español?

Hemos detectado que tu navegador está en español. Haz clic en el botón de abajo para ir a la versión del sitio web de Football Manager en este idioma.

Ir al sitio web en español

Français

## Allez vers notre site en français ?",,,25,weak,Social Index (+5); Exact title match (+20),social
4530370,social_post,unknown_date,https://www.footballmanager.com/fm27/wishlist,Football Manager 27 | Wishlist Now,"Nous avons détecté que votre navigateur est en français, cliquez sur le bouton ci-dessous pour vous rendre sur la version en français du site internet de Football Manager.

Allez vers le site en français

Türkçe

## Türkçe sitemize gitmek ister misiniz?

Tarayıcınızın dilinin Türkçe olduğunu belirledik. Football Manager web sitesinin Türkçe versiyonuna gitmek için aşağıdaki düğmeye tıklayın.

Türkçe sitemize gidin

Italiano

## Vuoi andare al nostro sito in italiano? [...] Abbiamo rilevato che il tuo browser è in italiano, clicca sul pulsante qui sotto per andare alla versione italiana del sito di Football Manager.

Vai al sito italiano

Deutsch

## Zur deutschen Seite?

Wir haben erkannt, dass Ihr Browser auf Deutsch eingestellt ist. Klicken Sie auf die untere Schaltfläche, um zur deutschen Football Manager-Seite zu gelangen.

Zur deutschen Seite

Football Manager Football Manager

Football Manager Football Manager 

Features

 Match day spectacle [...] English

## Go to our English site?

We’ve detected that your browser is in English, click the button below to go to the dedicated English version of the Football Manager website.

Go to English site

Español

## ¿Quieres ir al sitio web en español?

Hemos detectado que tu navegador está en español. Haz clic en el botón de abajo para ir a la versión del sitio web de Football Manager en este idioma.

Ir al sitio web en español

Français

## Allez vers notre site en français ?",,,25,weak,Social Index (+5); Exact title match (+20),social
4530370,web_result,unknown_date,https://steamcommunity.com/app/4530370/workshop,Steam Community :: Football Manager 27,"A: FM27 introduces visual changes during a match day that help set a realistic and engrossing scene for the match to unfold. Football fans will know how wintry afternoon games that start in the daylight, but finish in the dark, can add to the spectacle – and a new dynamic time-of-day system captures this. Through the 90 minutes you’ll see the day move forward with lighting changes and realistic shadows on players, stadia and the wider environment. Improvements to the in-game particle system [...] A: Transfer deadline day activity returns as a larger focus for the game, including a redesign of the way agent offers are presented to you. Offers will now be visible and accessible via the Recruitment screen, and they will be present throughout a transfer window, but more will appear on deadline day. A more recognisable and detailed approach to displaying data for players, teams and competitions is also a big focus and will be shown further in upcoming deep dives. [...] In FM27, we’ve enhanced the match day environment to give you the clearest sense of who you’re managing, when, and at what point of the season. That means elevating the crowd, the stadium and the pitch to make every fixture feel like a richer piece of football theatre.

Learn more about the match day atmosphere upgrades you'll soon see in FM27 in the Deep Dive blog [www.footballmanager.com]and check out a list of FAQs related to this update for more details.

FAQ",,,20,weak,Exact title match (+20),general
4530370,web_result,unknown_date,https://store.steampowered.com/app/4540240/International_Football_Manager_27,International Football Manager 27 on Steam,"International Football Manager 27 proposes a new way to experience football management, where every decision has consequences and every season becomes a unique story. Here you don't just manage a club; you define its identity within a shifting environment, full of nuances and constantly evolving situations.

## More personalities and characters, less predictable [...] \ Starting February 15, 2024, the Steam Client will no longer support 32-bit games or macOS 10.14 or lower.

International Football Manager 27. Published and developed by UPLAY Online© UPLAY Online SL. All rights reserved. International Football Manager 27 is a registered trademark of UPLAY Online. All other copyrights and trademarks are the property of their respective owners. [...] In International Football Manager 27 you can manage national teams and compete in international tournaments. Qualify during the season to participate in the most prestigious summer championships and represent your country's colors against the best national teams in the world.

## Take control of every match

Decide how to follow the matches:",,,20,weak,Exact title match (+20),general
4530370,web_result,unknown_date,https://www.youtube.com/watch?v=aHkhiHBrTqc,Let's Play Pro Soccer Manager 27 | First Look,"⚽ Try Pro Soccer Manager 27 on Steam:- 

🎮Earn money playing mobile games and support the channel by signing up to Freecash and installing your first game via this link now - 

⏰ Order FM26 via Fanatical here for a 22% discount - Use code LOADFM26 at checkout for an extra 5% off or click the link! - [...] [30:21] But for now, we're going to leave it here. If you did enjoy this video, a little first look at the Pro Soccer Manager 27 demo, part of the Football Fiesta event for the World Cup on Steam.
[30:32] Please do chuck a thumbs up on it. You can find a link to it in the Steam store in the description below if you want to give it a try. You can subscribe and
[30:39] turn the notification bell on for our regular FM26 content and loads of other things as well, including lots of tries [...] [1:09] It is available on Steam to download now. I'll put a link in the description as always, but let's go and start a new game and have a little look at what we
[1:18] can do. There is a number of leagues available here. There are lots of options from lots of nations and most of them have a few. So, select country.",,demo,20,weak,Keywords ['demo'] (+20),general
4530370,web_result,unknown_date,https://www.fmscout.com/a-football-manager-2027-preview-videos.html,"FM27 Videos: All Official Trailers, Gameplay & Deep Dives | FM Scout","Sports Interactive is showing Football Manager 2027 through a series of deep dive videos before the game comes out on 10 November 2026.  
   
 Here you can watch every official FM27 video in one place. We add each new video on the day it comes out, newest first.  
   
 Last updated: 1 October 2026  
   

|  |

| Football Manager 2027 New Features |

  

### FM27 Official Videos

  

#### 3. Match Day Atmosphere | FM27 Deep Dive [...] 22 September 2026  
 The first look at FM27. All navigation moves to the top menus, the toggle button returns, and messages are colour-coded. It also shows ultrawide support, three scaling modes, custom shortcuts and the new Tactical Effectiveness system.  
  

|  |

| Football Manager 2027 Screenshots |

  

### Coming Next [...] Follow @fmscout
 2768 online

 TotD:
 FM26 Live Editor

 Sign In

On FM Scout you can chat about Football Manager in real time since 2011. Here are 10 reasons to join!

Home › Articles › News ↓

# Football Manager 2027 Preview Videos

Looking for FM27 videos? Watch every official Football Manager 2027 deep dive, trailer and gameplay video released by SI, all in one place.

By Stam on Oct 01, 2026   491 views   0 comments

News - Football Manager 2027 Preview Videos",,"trailer, gameplay",20,weak,"Keywords ['trailer', 'gameplay'] (+20)",general
4530370,web_result,unknown_date,https://www.footballmanager.com/news/football-manager-27-launches-10-november,Football Manager 27 launches from 10 November | Football Manager 27,"Flow from the tactics board to the touchline in Football Manager 27, launching globally from 10 November and available to wishlist now.

Foundations evolve to deliver greater control, smoother discovery and a deeper, more immersive football world, with new, returning and reimagined features that invite discovery from the moment your save begins. [...] So far, you can learn how smarter navigation and a more intuitive full-screen experience make it easier to get what you need with fewer clicks. Or explore how Cup Draws, Transfer Deadline Day, and an overhauled news feed keep you plugged into the world beyond your club. We've also announced upgrades to the match day experience that make every fixture feel like a richer piece of football theatre, with a lot more feature news still to come.

## Early play information [...] Match day spectacle 

  Experience every fixture as a richer piece of football theatre.
 Deeper, More Immersive World

  Deeper, More Immersive World 

  Get lost in the living, breathing universe that exists beyond your club.
 Clearer interface

  Clearer Interface 

  Get what you need with fewer clicks thanks to smarter navigation.

FMFC

News

The Dugout

Wishlist Now

## Select your language

English

English

Español

Español

Français

Français

Türkçe

Türkçe

Italiano

Italiano",,,20,weak,Exact title match (+20),general
4530370,web_result,unknown_date,https://store.steampowered.com/app/4540240/International_Football_Manager_27,International Football Manager 27 on Steam,"In International Football Manager 27 you can manage national teams and compete in international tournaments. Qualify during the season to participate in the most prestigious summer championships and represent your country's colors against the best national teams in the world.

## Take control of every match

Decide how to follow the matches: [...] 3D Mode, to experience the match as if you were on the touchline giving instructions to your players and reacting in the moment.
 2D Mode, to view plays in real time and react instantly with tactical changes.
 Result Mode, for those who prefer to focus on strategy and the final match analysis. [...] Manager intervention mode, where you can decide if you want to intervene during key plays of the match in 3D, 2D, or result simulation.
 3D recreation of the team's stadium with multiple details that you can modify and expand.
 Management and 3D recreation of your team's sports complex. Construct a wide variety of buildings and upgrade them to increase your organization's prestige and financial stability.",,,20,weak,Exact title match (+20),general
4530370,web_result,unknown_date,https://www.fmscout.com/a-what-we-know-about-football-manager-2027.html,What we know about Football Manager 2027 | FM Scout,"Features and Development have been heavily focused around feedback. The main points in improving the game for the FM27 launch include bringing back some key features, making the game easier to navigate and the football world around us feel more alive. The first deep dive covered the interface. The second one brought back Cup Draws and Transfer Deadline Day. The third one showed new crowds, stadiums, weather and player models. [...] SI appoints Chris Groves to lead a new community team ahead of FM27. The plan is to build a better relationship with players.
  
 Starting in September, SI will share detailed blog posts and videos about gameplay, staff interviews, and clear FAQs.
  
 Devs are working to fix the game design, while bringing back popular ideas from older FM games that players loved.
  
 An official FM Discord server was promised for September, and it went live on the 8th. [...] SI made a choice to show real gameplay first in September before asking players to pre-order the game.
  
 Alpha testing already began in the studio, while the playtesting registrations surpassed 40,000 entries and will launch soon.",,gameplay,20,weak,Keywords ['gameplay'] (+20),general
4530370,web_result,unknown_date,https://www.youtube.com/watch?v=cMqHJqzAq44,Clearer Interface & Smoother Navigation | FM27 Feature Deep Dive,"[1:16] We've also updated the main sections of the game to better reflect your core responsibilities as a football manager.
[1:23] your squad, tactics, recruitment, training and club. in the squad screen. You'll see your full squad straight away.
[1:32] Tactics takes you straight to your tactics and training takes you straight to your training and so on. We've reduced the number of extra steps you need to take when you land. [...] From the moment your save begins, you'll discover a more intuitive and familiar experience with primary and secondary navigation changes that empower you to more easily explore the wider game world.  

For FM27, we’ve reworked the logic of the UI to recognise your preferences and adapt to whatever screen size and resolution settings you have. Whether you’re playing on a laptop or with a 4K monitor, you’ll now get a more optimal experience. [...] [5:41] Less clicks, more gameplay, more relevant information in its screen, and more ways to shape how you engage with the game means more control and depth to your experience.
[5:53] There's even more detail in our Deep Dive feature blog, and we'll be answering your questions about our approach in dedicated AMA’s on Reddit.
[6:00] In our next deep dive, we'll showcase the new, improved, and returning elements that make FM27 a deeper and more immersive.
[6:07] Football World",,"gameplay, showcase",20,weak,"Keywords ['gameplay', 'showcase'] (+20)",general
4530370,web_result,unknown_date,https://www.fmscout.com/a-fm27-alpha-testing-first-look.html,FM27 Alpha Testing & FirstLook Platform | FM Scout,"|  |

| FM27 Community Update |

  

### Important: Alpha Testing is Not a Demo

It is important to remember that early play testing is very different from a final demo. Testers will see bugs, placeholders, missing features, and unfinished menus.  
   
 Your main job as a tester is to play the game, report bugs, and answer surveys to help make FM27 better ahead of its November release window.  
   

|  |

| FM27 Set for November Release |

  

### How to Register for FM27 Testing [...] ###### Football Manager 2027 Screenshots

#### Follow Us

YouTube

Subscribe to our channel for insightful videos

Facebook Page

Like the most popular FM fansite page

Twitter

Follow the largest fansite

Facebook Group

Join our discussion group

  
official FM26 Steam key

###### FMS Chat–

Stam  
hey, just wanted to let you know that we have a fb style chat for our members. login or sign up to start chatting.

↑ [...] ###### skogr skin free - October 3 update

[![FM26 Data Tweaks [v4.2 | v6.2]](

###### FM26 Data Tweaks [v4.2 | v6.2]](a-fm26-data-tweaks-by-sirtavares.html)

FM26 Transfers & Data Update Packs by TheNotoriousPr0 + FMTU

###### FM26 Transfers & Data Update Packs by TheNotoriousPr0 + FMTU

What we know about Football Manager 2027

###### What we know about Football Manager 2027

Football Manager 2027 New Features

###### Football Manager 2027 New Features

Football Manager 2027 Screenshots",,demo,20,weak,Keywords ['demo'] (+20),general
4530370,web_result,unknown_date,https://footballmanager.firstlook.gg,Football Manager,"Football Manager

# Sign up to join the waitlist for Football Manager 27 playtesting

In the sign-up form you’ll be asked about your FM experience; please answer honestly as we are looking for players with a variety of game experience.

Please note: Joining the waitlist does not guarantee entry into testing

Log in

If you have received an invite, use the link sent to your email to continue. Already in? Log in to access your dashboard. [...] .8980345%2056.1744,22.2637368%2057.2589333,23.5813817%20C58.3462333,24.8990266%2058.3932667,26.6633307%2057.3668333,27.5287331%20C56.3376333,28.3913438%2054.6250667,28.0228499%2053.5377667,26.7079966%20C52.4532333,25.3903518%2052.4034333,23.623256%2053.4326333,22.7606452%20Z'%20id='Path-2'%3e%3c/path%3e%3c/g%3e%3c/g%3e%3c/g%3e%3c/g%3e%3c/svg%3e)Firstlook.ggPrivacy [...] .8666667,40.4790606%20L60.8666667,26.5209581%20C60.8666667,21.1247651%2056.5312907,16.7502863%2051.1833333,16.7502863%20Z%20M17.4742667,22.7606452%20C18.5034667,21.8980345%2020.2160333,22.2637368%2021.3033333,23.5813817%20C22.3906333,24.8990266%2022.4376667,26.6633307%2021.4084667,27.5287331%20C20.3820333,28.3913438%2018.6667,28.0228499%2017.5821667,26.7079966%20C16.4948667,25.3903518%2016.4478333,23.623256%2017.4742667,22.7606452%20Z%20M53.4326333,22.7606452%20C54.4590667,21.8980345%2056",,,20,weak,Exact title match (+20),general
4530370,web_result,unknown_date,https://www.youtube.com/watch?v=oh9zdU7zQgc,FM27 NEW FEATURES REVEALED! (And Official Release Date),"# FM27 NEW FEATURES REVEALED! (And Official Release Date)
## Channel: FM Scout (verified)
215K subscribers
270 likes

### Description
23,332 views
Posted: 2026-09-30
FM27 is coming, and Jake looks at the the new FM27 FEATURES that have been revealed - and the Official Release Date too for the new football manager game!

👍 Like the video? Let's get 1000 likes and subscribe for more! [...] Football Manager videos you can learn something from. FM Tips & tricks, gameplay, wonderkids, tactic replications & tests, how-to tutorials, experiments & more. The only strictly educational FM channel. Daily Football Manager uploads!

FMSCOUT is the finest Football Manager community. Home of exclusive FM tools & the Scouting Platform. Your #1 source for wonderkids, tactics, tips, player reviews, guides & more.

#FM27 #FootballManager27  #FootballManager [...] Be sure to follow Jake's own channel and Twitter - See his Rebuilds here!
▶ Jake's channel ➜    / jakecooperfm  
▶ Jake's Twitter ➜   / jakecooperfm  

SUBSCRIBE TO OUR CHANNEL (it's FREE)
❤️ To get notified of our new videos, click ➜ 
🔔 Then hit the bell icon and select 'All' to not miss anything

🔗 FOLLOW FMSCOUT
Site → 
Twitter →   / fmscout  
Facebook →   / fmscout  
Discord →   / discord",,"gameplay, release date",20,weak,"Keywords ['gameplay', 'release date'] (+20)",general
4530370,web_result,unknown_date,https://www.footballmanager.com/fm27/features/fm27-clearer-interface-smoother-navigation,FM27 Deep Dive: Navigation Upgrades,"# FM27: Clearer Interface & Smoother Navigation

Elevating game flow and navigation has been at the heart of the work on Football Manager 27’s User Interface and Experience.

Driven by internal reviews and your feedback, FM27 evolves our existing design language while reintroducing familiar behaviours, creating a cleaner, more intuitive experience from the start of every career. [...] FM27 (PC/Mac) will launch on Steam, Epic Games Store and the Xbox PC app, including being available on Xbox handheld devices. FM27 Console will be available on Xbox Series X, Xbox Series S, Xbox handheld devices and PlayStation 5. FM27 Mobile will be available on iOS and Android exclusively via Netflix. Details on further platforms will be confirmed at a later date. We can also confirm that versions of FM27 will not release on Nintendo Switch or Xbox One, Xbox One X, or Xbox One S. This [...] This tile swapping system has also been introduced in the Match Day Interface, which you’ll see more of in our Match Engine deep dives, and is the start of a longer-term project on screen customisation.

FM27 evolves the design language we introduced in FM26 combined with ideas and behaviours that recapture the core navigation and user experience flow from previous titles.",,,20,weak,Exact title match (+20),general
4530370,web_result,unknown_date,https://www.youtube.com/watch?v=XX68nn_pPrw,Football Manager 27 Is Changing How Matches Look...,"### Transcript
[0:00] Football Manager 27 is coming out on the 10th of November and there will be an early access period, but it's not called
[0:07] a beta or early access anymore. Welcome back to the channel. Today we have our first look at the match engine and the match day experience in Football Manager
[0:16] 27. If you missed all the news last week, well, you should go watch all those videos where we've talked about the game thus far. We've seen the UI. [...] ### Description
45,042 views
Posted: 2026-09-30
Football Manager 27 has NEVER looked this good! FM27's Match Day Experience is getting a huge visual upgrade, and today we're taking a look at everything that's changing. Improved crowds, more varied stadiums, dynamic lighting and time of day, weather effects, upgraded pitches, new cutscenes, improved player models and even 3D grass are all coming to FM27.

 #FootballManager27 #FM27 #FootballManager [...] [7:43] show rainfalling. The pitch will now appear wet and when it snows, players might have to navigate.
[7:49] The snow looks good. I hope the snow is actually dynamically being drawn behind the players rather than the marks that you can see on the pitch just being entirely random.
[7:57] A layer of fresh powder upping the stakes for getting those three points.
[8:02] For FM27, we want to better capture the pre-match energy through more dynamic and engaging cutscenes.",,,20,weak,Exact title match (+20),general
4530370,web_result,unknown_date,https://www.footballmanager.com/fm27/features/fm27-clearer-interface-smoother-navigation,FM27 Deep Dive: Navigation Upgrades,"# FM27: Clearer Interface & Smoother Navigation

Elevating game flow and navigation has been at the heart of the work on Football Manager 27’s User Interface and Experience.

Driven by internal reviews and your feedback, FM27 evolves our existing design language while reintroducing familiar behaviours, creating a cleaner, more intuitive experience from the start of every career. [...] For FM27, we’ve refocused them so that their primary use is for information and almost all the navigation you need is in the primary and secondary menus at the top of the screen.

The primary navigation menu has been updated with renamed sections: Portal, Squad, Tactics, Recruitment, Training and Club. Each one better reflects your core responsibilities as a manager, while reducing the number of steps needed to reach the information and actions you use most. [...] Yes. FM27 includes ultrawide monitor support, which appears immediately once you load into the game when using a relevant monitor. Additionally, tables with large amounts of columns and information will rescale to show as much information as possible on ultrawide screens. Including the default option, there are three different scaling modes, available from Preferences, that allow you to load different amounts of information onto the screen, so you can maximise the space available to you.",,,20,weak,Exact title match (+20),general
4530370,web_result,unknown_date,https://www.threads.com/@videogames4news/post/Dd8E5jUnwnO/football-manager-for-pc-steam-epic-games-store-microsoft-store-football-manager,"Football Manager 27 for PC (Steam, Epic Games Store, Microsoft Store), Football Manager 27 Console for PlayStation 5 and Xbox Series, and Football Manager 27 Mobile for iOS and Android (via Netflix) will launch on November 10, publisher SEGA and developer Sports Interactive announced. It will also be available via Game Pass. Source: Gematsu","Source: Gematsu

3

Log in or sign up for ThreadsSee what people are talking about and join the conversation.
Log in with username instead [...] Home

New thread

Search

Messages

Activity

Profile

Insights

Log in

More

# Thread

256 views

videogames4news's profile picture

videogames4news

Football Manager 27 for PC (Steam, Epic Games Store, Microsoft Store), Football Manager 27 Console for PlayStation 5 and Xbox Series, and Football Manager 27 Mobile for iOS and Android (via Netflix) will launch on November 10, publisher SEGA and developer Sports Interactive announced. It will also be available via Game Pass.

Source: Gematsu

3",,,20,weak,Exact title match (+20),general
4530370,web_result,unknown_date,https://en.wikipedia.org/wiki/Football_Manager,Football Manager - Wikipedia,"Football Manager, also known as Worldwide Soccer Manager in North America from 2004 to 2008, also known colloquially as FM, is a series of football management simulation video games developed by British developer Sports Interactive and published by Sega. The game began its life in 1992 as Championship Manager. Following the break-up of their partnership with original publishers Eidos Interactive, triggered by the fiasco release of Championship Manager 4 in 2003, Sports Interactive lost the [...] 26. ↑ Romano, Sal (31 May 2025). ""SEGA Football Club Champions 2025 announced for PS5, PS4, PC, iOS, and Android"". Gematsu. Retrieved 2 June 2025.
27. ↑ Purchese, Robert (17 November 2008). ""Everton signs Football Manager database"". Eurogamer.net. Archived from the original on 19 October 2015. Retrieved 6 October 2024.
28. ↑ ""Football Manager: More Than Just A Game"". FM Scout. 31 October 2010. Archived from the original on 13 July 2012. Retrieved 6 October 2024. [...] On 12 February 2004, after splitting from publishers Eidos Interactive, it was announced that Sports Interactive, developers of the Championship Manager game, had retained the rights to the source code but not the rights to the title Championship Manager, which were held onto by Eidos (who previously acquired the brand rights from Domark upon their merger in 1995). These developments led to a further announcement that future Sports Interactive football management simulation games would be",,announcement,20,weak,Keywords ['announcement'] (+20),general
4530370,web_result,unknown_date,https://www.footballmanager.com/fm27/features/fm27-clearer-interface-smoother-navigation,FM27 Deep Dive: Navigation Upgrades,"The footage shown is from a development build of the game, meaning polish and optimisation will continue to take place before launch. While the layout and direction of the interface will be largely unchanged in the launch version of FM27, final work is ongoing to ensure this is optimised in both its look and feel. This build contains information that is still under approval process by right holders and may contain data that does not, at this time, accurately reflect real world data. [...] # FM27: Clearer Interface & Smoother Navigation

Elevating game flow and navigation has been at the heart of the work on Football Manager 27’s User Interface and Experience.

Driven by internal reviews and your feedback, FM27 evolves our existing design language while reintroducing familiar behaviours, creating a cleaner, more intuitive experience from the start of every career. [...] This tile swapping system has also been introduced in the Match Day Interface, which you’ll see more of in our Match Engine deep dives, and is the start of a longer-term project on screen customisation.

FM27 evolves the design language we introduced in FM26 combined with ideas and behaviours that recapture the core navigation and user experience flow from previous titles.",,,20,weak,Exact title match (+20),general
4530370,reddit_discussion,unknown_date,https://www.reddit.com/r/footballmanagergames/comments/54xvrj/anyone_read_football_manager_stole_my_life,Anyone read Football Manager Stole My Life? : r/footballmanagergames,"Title: Anyone read Football Manager Stole My Life? : r/footballmanagergames
Skip to main contentAnyone read Football Manager Stole My Life? Open menu Open navigationGo to Reddit Home. Sign UpSign up for RedditLog InLog in to Reddit. # Anyone read Football Manager Stole My Life? Image 2: u/ClickUp_App avatarClickUp_App•Ad. ClickUp brings your marketing work into one place so your team can move faster. Pretty funny at parts but I couldn't relate to a lot of it since I never played the older games. *   I got robbed of my best Football Manager moment in my life.Image 10 r/footballmanagergames•2mo ago    ### I got robbed of my best Football Manager moment in my life. *   Someone’s been playing a bit too much Football ManagerImage 13 r/footballmanagergames•3mo ago    ### Someone’s been playing a bit too much Football Manager  Image 14: r/footballmanagergames - Someone’s been playing a bit too much Football Manager   3.3K upvotes ·231 comments. *   Things you love to see in Football ManagerImage 15 r/footballmanagergames•4mo ago    ### Things you love to see in Football Manager    57 upvotes ·16 comments. Image 16 r/footballmanagergames•5mo ago    ### Football Manager 2026 at its finest! *   Football Manager 26 is starting to become hard (in a good way)Image 20 r/footballmanagergames•6mo ago    ### Football Manager 26 is starting to become hard (in a good way)    72 upvotes ·28 comments. *   What's been your biggest overachievement in Football Manager? Image 25 r/footballmanagergames•6mo ago    ### What's been your biggest overachievement in Football Manager? Image 26: r/footballmanagergames - What's been your biggest overachievement in Football Manager? *   What’s the pettiest thing you’ve done in football manager? Image 27 r/footballmanagergames•3mo ago    ### What’s the pettiest thing you’ve done in football manager? *   I've never played a football manager game, is 26 a good starting point? Image 31 r/footballmanagergames•4mo ago    ### I've never played a football manager game, is 26 a good starting point? *   What's the most sudden downfall you've ever experienced in FM? I'll start.Image 37 r/footballmanagergames•3mo ago    ### What's the most sudden downfall you've ever experienced in FM? Image 38: r/footballmanagergames - What's the most sudden downfall you've ever experienced in FM? Image 41 r/footballmanagergames•3mo ago    ### Best fm game of the last few years?",,,10,weak,Reddit (+10),social
4530370,reddit_discussion,unknown_date,https://www.reddit.com/r/totallyswitched/comments/1ndmyz3/football_manager_26_touch_set_for_switch_launch,"Football Manager 26 Touch set for Switch launch on Dec. 4th, 2025 : r/totallyswitched","Title: Football Manager 26 Touch set for Switch launch on Dec. 4th, 2025 : r/totallyswitched
Skip to main contentFootball Manager 26 Touch set for Switch launch on Dec. 4th, 2025 : r/totallyswitched. Sign UpSign up for RedditLog InLog in to Reddit. Image 1 Go to totallyswitched. # Football Manager 26 Touch set for Switch launch on Dec. 4th, 2025. Image 3: r/totallyswitched - Football Manager 26 Touch set for Switch launch on Dec. 4th, 2025Image 4: r/totallyswitched - Football Manager 26 Touch set for Switch launch on Dec. 4th, 2025. Image 5: r/totallyswitched - Football Manager 26 Touch set for Switch launch on Dec. 4th, 2025. 'Football Manager 26 Touch will be released on Switch on Dec. 4th, 2025, setting the stage for soccer fans to define their destiny by taking them to the heart of the beautiful game. Powered by the Unity Engine for the first time, FM26 Touch refreshes the entire managerial experience and sets a bold new standard in Sports Interactive's and SEGA's iconic history. Seamlessly integrated into the FM ecosystem as one soccer playing world, this debut is backed by the most comprehensive database of its kind and a host of licensed competitions set to be revealed in the coming weeks. Despite being on a whole new engine, technology that converts your saved games to the new format means that FM26, FM26 Console and FM26 Touch will all launch with save game compatibility for Football Manager 2024 and Football Manager 2023.'. Best tips for Football Manager 26 on Switch. *   Football Manager 26 TouchImage 13 r/footballmanager•5mo ago    ### Football Manager 26 Touch    8 upvotes ·9 comments. *   FM 26 touch reviewImage 14 r/footballmanagergames•10mo ago    ### FM 26 touch review    9 upvotes ·6 comments. *   FM 26 Touch has to be the most messed up of all! Image 17 r/footballmanagergames•10mo ago    ### FM 26 Touch has to be the most messed up of all! Image 18: r/footballmanagergames - FM 26 Touch has to be the most messed up of all! *   The Touch Version of FM26 is unplayableImage 24 r/footballmanagergames•1y ago    ### The Touch Version of FM26 is unplayable    27 upvotes ·28 comments. *   Fm26 touch switchImage 27 r/footballmanagergames•8mo ago    ### Fm26 touch switch  Image 28: r/footballmanagergames - Fm26 touch switch   20 comments.",,,10,weak,Reddit (+10),social
4530370,reddit_discussion,unknown_date,https://www.reddit.com/r/footballmanagergames/comments/17j0skc/i_made_a_beginners_guide_to_football_manager_2024,I made a Beginner's Guide to Football Manager 2024 - Reddit,"ago : A banner for the subreddit : r/footballmanagergames iconr/footballmanagergames Welcome to FootballManagerGames, the most active Football Manager Community/Forum on the internet. ago : A banner for the subreddit : r/footballmanagergames iconr/footballmanagergames Welcome to FootballManagerGames, the most active Football Manager Community/Forum on the internet. ago : A banner for the subreddit : r/footballmanagergames iconr/footballmanagergames Welcome to FootballManagerGames, the most active Football Manager Community/Forum on the internet. 485K Members Online ### Maybe the real Football Manager 2025 is the friends we made along the way 1.7K upvotes ·90 comments * Promoted : sidebar promoted post thumbnailMy Football Manager 2024 total size: r/footballmanagergames icon r/footballmanagergames•3 mo. ago : A banner for the subreddit : r/footballmanagergames iconr/footballmanagergames Welcome to FootballManagerGames, the most active Football Manager Community/Forum on the internet. 485K Members Online ### My Football Manager 2024 total size : r/footballmanagergames - My Football Manager 2024 total size 163 upvotes ·26 comments * Football Manager 2024 to remain available until March 2025: r/footballmanagergames icon r/footballmanagergames•6 mo. 485K Members Online ### Football Manager 2024 to remain available until March 2025 : r/footballmanagergames - Football Manager 2024 to remain available until March 2025footballmanager 761 upvotes ·271 comments * Football Manager 2025, news this week? : r/footballmanagergames icon r/footballmanagergames•27 days ago : A banner for the subreddit : r/footballmanagergames iconr/footballmanagergames Welcome to FootballManagerGames, the most active Football Manager Community/Forum on the internet. : r/footballmanagergames icon r/footballmanagergames•12 days ago : A banner for the subreddit : r/footballmanagergames iconr/footballmanagergames Welcome to FootballManagerGames, the most active Football Manager Community/Forum on the internet. 485K Members Online ### I was wondering in the history of football manager has anyone here ever completed the game? 485K Members Online ### FM 2024 rigged as always : r/footballmanagergames - FM 2024 rigged as always 29 comments * if u could change anything about Football Manager, what would you change? 90K Members Online ### Beginner's Guide to AoE4 12 upvotes ·2 comments * Why there are no other sport games like Footballmanager: r/footballmanagergames icon r/footballmanagergames•9 mo. 485K Members Online ### Smartest Football Manager player : r/footballmanagergames - Smartest Football Manager player4 80 upvotes ·35 comments * Does anyone know where I can find a cached version of ""The NEET's guide to rdr2 100 completion""?",,,10,weak,Reddit (+10),social
4530370,reddit_discussion,unknown_date,https://www.reddit.com/r/footballmanagergames/comments/sdkk8v/does_football_manager_updates_where_players_after,does football manager updates where players after the january window? : r/footballmanagergames,"Title: does football manager updates where players after the january window? : r/footballmanagergames
# does football manager updates where players after the january window? Skip to main contentdoes football manager updates where players after the january window? Open menu Open navigationGo to Reddit Home. Sign UpSign up for RedditLog InLog in to Reddit. Expand user menu Open settings menu. Image 1 Go to footballmanagergames. I wanna do long term save but im wondering when the IRL transfer window closes if the game changes the players too cause that would help me alot. Create your account and connect with a world of communities. Continue with Google Continue with Google. By continuing, you agree to ourUser Agreementand acknowledge that you understand thePrivacy Policy. # People also ask about section. Most underrated players in Football Manager. Best tactics for lower league success. How to manage player morale effectively. Unique challenges in Football Manager saves. Tips for scouting hidden gems in FM. Anyone can view, post, and comment to this community. ## Top Posts. *   Reddit reReddit: Top posts of January 27, 2022 * * *. *   Reddit reReddit: Top posts of 2022 * * *.",,,10,weak,Reddit (+10),social
4530370,social_post,unknown_date,https://www.tiktok.com/@footballmanager/video/7691332676397305121,Football Manager 2027: enhanced match day atmosphere,"Experience an elevated match day atmosphere in #FM27 Enjoy a richer spectacle through improved crowds, stadiums and dynamic cutscenes",,,5,weak,Social Index (+5),social
4530370,social_post,unknown_date,https://www.tiktok.com/@footballmanager/video/7688317638098881825,"A clearer, more intuitive experience 🖱️ Let us take you ...",Let us take you through FM27's evolved interface and how we're making your game world easier to navigate in fewer clicks.,,,5,weak,Social Index (+5),social
4530370,social_post,unknown_date,https://www.tiktok.com/@footballmanager/video/7689429100452121878,TikTok - Make Your Day,"Image 1: Explore a deeper, more immersive football world in FM27 🌍 Reimagined, returning and new features deliver greater immersion from day one in the dugout 👔 #FM27 #FootballManager 

Video 1

Log in

Log in

Image 2",,,5,weak,Social Index (+5),social
4530370,social_post,unknown_date,https://www.instagram.com/p/Dd4H87eDK-a,More control over how you experience Football Manager ...,"FM27 introduces the new Continue Flow system, allowing you to decide how often the game interrupts processing to show you updates and",,,5,weak,Social Index (+5),social
4530370,social_post,unknown_date,https://www.instagram.com/reel/DdtTcmuNxTJ,"Explore a deeper, more immersive football world in FM27 ...","More control over how you experience Football Manager 2027. ⚙️ FM27 introduces the new Continue Flow system, allowing you to decide how often",,,5,weak,Social Index (+5),social
4530370,social_post,unknown_date,https://x.com/nocontextfm1/status/2103852395750891764,Out of Context Football Manager on X,FM27 now lets you choose how often the game interrupts you when you press Continue. Want to fly through the days? Choose fewer interruptions.,,,5,weak,Social Index (+5),social
4530370,social_post,unknown_date,https://x.com/WorkTheSpace/status/2092951229982810461,"""FM27 is coming in November. Confirmed. ✅ First looks ...","FM27 is coming in November. Confirmed. ✓ First looks and deep dives start in September, covering the new game.",,,5,weak,Social Index (+5),social
4530370,social_post,unknown_date,https://x.com/FootballManager/status/2100896470505242739,Football Manager,"Hear from our Senior Community Manager, Chris, with the latest on FM27 plans and what to expect this year.",,,5,weak,Social Index (+5),social
4530370,social_post,unknown_date,https://www.youtube.com/watch?v=mzKBI0o5eek,A Deeper Football World | FM27 Feature Deep Dive,"# A Deeper Football World | FM27 Feature Deep Dive
## Channel: Football Manager (verified)
130K subscribers
3.7K likes

### Description
119,723 views
Posted: 2026-09-25
Our latest FM27 deep dive details the returning, reimagined and new features that bring you closer to the living, breathing football universe that exists beyond your club, making every decision feel part of something bigger. [...] [1:24] You'll also get a sense of the club's history and squad straight away, as well as key transfers and news. On the news site, the FU algorithm previously
[1:32] populated everything. Now that's been separated and we've got a more distinct separation between news around the world
[1:39] and news on transfers without losing any of the FU content that's tailored to your interests. We've taken a similar approach to the competition site which [...] Revel in the familiar thrill of seeing your team’s name get pulled from the hat as Cup Draws return, and expect more drama and excitement with a restored Transfer Deadline Day which better captures the sense of occasion as you push those last-minute deals over the line. 

To discover more, head to our deep dive blog – FM27.info/ImmersionBlog",,,5,weak,Social Index (+5),social
4530370,web_result,unknown_date,https://www.footballmanager.com/fm27/features/deeper-more-immersive-world,"FM27: A Deeper, More Immersive Football World","Cup Draws are back in a familiar format, starting with a message that takes you into a draw flow with a host. Within this you’ve got options to draw the next team, draw everyone and increase the speed of the automatic draw functionality. Rather than your next assignment now coming to you in a message, you’ll once again get that feeling of seeing your team’s name come out of the proverbial hat – whether it’s to play your local rivals or to take on a possible giant-killing. [...] After hitting Continue, instead of returning to the News feed each time, you’ll be taken to different key game areas, making the save feel more dynamic and encouraging you to explore new information and stories. You can also customise this experience during the game setup, with options to define how you cycle through messages and how often you land in a different space after continuing. This allows you to either streamline or deepen the experience to your preference. [...] From major screen redesigns and the evolution of news content to returning elements like Cup Draws and Transfer Deadline Day, FM27 delivers greater depth and immersion from day one in the dugout.

Your game world will feel bigger and more alive, with your decisions and explorations feeling more consequential to what’s happening around you.",,,0,weak,,general
4530370,web_result,unknown_date,https://www.youtube.com/watch?v=aHkhiHBrTqc,Let's Play Pro Soccer Manager 27 | First Look,"[3:09] Let's go and start the game then and see what it entails. So, very similar to previous FMS prior to 26, you've got the
[3:17] opportunity to mix your attributes and your talents between mental and tactical sides. I've gone more to the mental side because I'd more be a manager than a coach. I always start with the lowest [...] [7:25] Oh, that Jacob Brown. He's earning six times everyone else. Pretty remarkable.
[7:29] You can change the positions there. Move them out and in the starting 11. And if you click on the profile, you're met
[7:36] with this. So, still very similar in terms of the way the roles are set out, you can see all of the ones in green
[7:45] that they can play, whether they're best there or not. They do also seem to be a lot more versatile in this game compared to normal. I mean, Shandon Baptist is [...] [21:12] However, if we go back to the inbox, it's very weird to separate these two because you've got all this weird underground stuff going on. And then in
[21:20] your inbox here, it's just a very normal football management game. Very similar screens to what you would see in FM with the board and fan expectation for the
[21:28] the results. You've got the fitness test. You've got the match preview, squad selection suggestion, training report is even almost identical. Like",,,0,weak,,general
4530370,web_result,unknown_date,https://www.footballmanager.com/fm27/features/deeper-more-immersive-world,"FM27: A Deeper, More Immersive Football World","Transfer deadline day activity returns as a larger focus for the game, including a redesign of the way agent offers are presented to you. Offers will now be visible and accessible via the Recruitment screen, and they will be present throughout a transfer window, but more will appear on deadline day. A more recognisable and detailed approach to displaying data for players, teams and competitions is also a big focus and will be shown further in upcoming deep dives. [...] In tandem with navigation improvements that make exploring the football world easier, for FM27 we needed to elevate your curiosity levels with more relevant and dynamic content to spark greater interest in what’s happening beyond the confines of your club.

The return of Cup Draws and Transfer Deadline Day elevate every season’s big moments, ups and downs further, while giving you additional power in how you flow through the game creates a more connected experience every time you move forward. [...] ## More control over what you see - and how often you see it

Beyond those game features that connect you to the wider world are the things you stumble upon as you progress through your save.

This behaviour and invitation to discovery has been restored in FM27 with changes to the way the game processes. Now, when you click continue, you’ll now regularly land in different game areas outside of your Portal, thereby increasing the depth and breadth of the screens and information you see.",,,0,weak,,general
4530370,web_result,unknown_date,https://www.fmscout.com/a-what-we-know-about-football-manager-2027.html,What we know about Football Manager 2027 | FM Scout,"When does FM27 come out?  
 On 10 November 2026, on all platforms. The physical PS5 version comes out on 20 November.  
   
 Is there an FM27 Beta?  
 Not by that name. This year it's called the Launch Preview. PC/Mac players who pre-purchase from a SEGA-approved digital store can play a near-final version one to two weeks before launch. We expect it on October 29th.  
   
 What are the new features of FM27? [...] Features and Development have been heavily focused around feedback. The main points in improving the game for the FM27 launch include bringing back some key features, making the game easier to navigate and the football world around us feel more alive. The first deep dive covered the interface. The second one brought back Cup Draws and Transfer Deadline Day. The third one showed new crowds, stadiums, weather and player models. [...] There will be no FM27 on Nintendo Switch, and no version for Xbox One, Xbox One X or Xbox One S. SI says this was done to maximise quality on the remaining platforms. Nothing has been said about Switch 2 yet.
  
 There is no Beta this year. It's replaced by the Launch Preview. If you pre-purchase FM27 on PC/Mac from a SEGA-approved digital store, you can play a near-final version one to two weeks before launch. The exact date isn't set yet, but we expect it on October 29th.",,,0,weak,,general
4530370,web_result,unknown_date,https://www.footballmanager.com/fm27/features/deeper-more-immersive-world,"FM27: A Deeper, More Immersive Football World","From major screen redesigns and the evolution of news content to returning elements like Cup Draws and Transfer Deadline Day, FM27 delivers greater depth and immersion from day one in the dugout.

Your game world will feel bigger and more alive, with your decisions and explorations feeling more consequential to what’s happening around you. [...] Transfer deadline day activity returns as a larger focus for the game, including a redesign of the way agent offers are presented to you. Offers will now be visible and accessible via the Recruitment screen, and they will be present throughout a transfer window, but more will appear on deadline day. A more recognisable and detailed approach to displaying data for players, teams and competitions is also a big focus and will be shown further in upcoming deep dives. [...] Cup Draws are back in a familiar format, starting with a message that takes you into a draw flow with a host. Within this you’ve got options to draw the next team, draw everyone and increase the speed of the automatic draw functionality. Rather than your next assignment now coming to you in a message, you’ll once again get that feeling of seeing your team’s name come out of the proverbial hat – whether it’s to play your local rivals or to take on a possible giant-killing.",,,0,weak,,general
4530370,web_result,unknown_date,https://www.youtube.com/watch?v=mzKBI0o5eek,A Deeper Football World | FM27 Feature Deep Dive,"[2:55] game setup flow. [music] Ultimately, this is about giving you more choice. We'll set the starting point, but just as there are new
[3:02] settings allowing you to change where you land in each key screen, it's up for you to determine how you want to play.
[3:09] For FM27, we've reviewed cup draws, transfer deadline day, [music] and made improvements to statistics and
[3:17] data visualization. So, yes, cup draws are returning. That moment of seeing your lower league club draw the [...] # A Deeper Football World | FM27 Feature Deep Dive
## Channel: Football Manager (verified)
130K subscribers
3.7K likes

### Description
119,723 views
Posted: 2026-09-25
Our latest FM27 deep dive details the returning, reimagined and new features that bring you closer to the living, breathing football universe that exists beyond your club, making every decision feel part of something bigger. [...] [2:11] follows the same logic. The real value is in the changes to the personal overview and carrier history. [music]
[2:18] Now, it's a full screen experience which gives you a deeper history of a player's career without the need to scroll. Plus,
[2:27] the improved quick flicks in the secondary navigation bar means it's easier to cycle through your own or other squats. So, that leads me on nicely to another key addition for FM27.
[2:37] [music]",,,0,weak,,general
4530370,web_result,unknown_date,https://www.youtube.com/watch?v=_ddYrGi3l88,FM27 - THE GAME WE WANTED IS FINALLY HERE?!? - LIVE REACTION,"[9:18] It does the job. It does the job, but it as a as a draw as a graphic for the draw.
[9:23] He's back in a smooch underwhelming.
[9:26] In the same vein, FM27 gives you an enhanced transfer deadline day experience with some Oh, that's just got the timing on. Okay.
[9:34] Key differences, you'll now see that agent offers are visible and active on the recruitment screen throughout the window rather than just appearing on [...] [12:49] these are all must have. These are all majorly good improvements just to the way we play the game and the navigation aspect and the overall look and feel and
[12:58] immersion as they said of the game. All good. But there are certain things to get my hype to a 10.
[13:08] I need to see drastic changes from the AI, like massive improvements to how AI manages [...] [0:55] In this deep dive, we go beyond the touchline and into a football world that will feel deeper, more connected, and more alive with upgrades and returning fe.
[1:04] It does look so much cleaner, doesn't it? I don't know if it's just because it's all boxed off a bit more.
[1:10] That bring you closer to everything happening beyond your Again, I'm not going to stop on every frame here and go through it, but if you see stuff, talk about it.",,,0,weak,,general
4530370,web_result,unknown_date,https://steamcommunity.com/app/3551340/discussions/0/670600125430811116,Recommend or Wait for FM27 :: Football Manager 26 General Discussions,"#2

 

I'm enjoying it, the match engine is great. Its not a perfect game at all but the patch today was huge in terms of bug fixes and its only going to get better.  
Its cool to piss on it right now and those people won't see the good because they dont like change...or refuse to use keyboard short cuts to get to screens they cant find or use the brilliant search function.

#3 [...] There's a reason this is the worst game ever in the Football Manager series, and I'm not the one saying it; it's the over 10,000 (out of 13,000) negative reviews currently available on Steam. If you're a masochist, buy it and regret it. [...] maybe to help you decide I would try to be objective: Matche Engine and Tactis improved in the general opinion, but be aware that also it feels not very immersive for most oeople and basically no data analysis no stats no customisable experience, no heatmaps, no pasmaps no dribbling maps...My personal opinion I bought and did not refund it, I try to enjoy it but I don't at the moment... I would wait if I were you because I think it has potential but it depends on what they do with the potential",,,0,weak,,general
4530370,web_result,unknown_date,https://en.wikipedia.org/wiki/Football_Manager,Football Manager - Wikipedia,"Football Manager, also known as Worldwide Soccer Manager in North America from 2004 to 2008, also known colloquially as FM, is a series of football management simulation video games developed by British developer Sports Interactive and published by Sega. The game began its life in 1992 as Championship Manager. Following the break-up of their partnership with original publishers Eidos Interactive, triggered by the fiasco release of Championship Manager 4 in 2003, Sports Interactive lost the [...] Football Manager celebrated its twentieth birthday in the summer of 2012. To celebrate this milestone, Back Page Press released a book including interviews with the creators and players that became legends in-game. Another part of the book included stories about how the game has taken over one's life. In November 2012, Azerbaijani student Vugar Huseynzade was promoted to manager of FC Baku's reserve team based on his success in Football Manager. In 2013, stand-up comedian Tony Jameson performed [...] | Genre | Sports management |
| Developer | Sports Interactive |
| Publisher | Sega |
| Platforms | Microsoft Windows, macOS, Linux, iOS, Android ""Android (operating system)""), PlayStation Portable, PlayStation Vita, Nintendo Switch, Xbox 360, Stadia, Xbox One, Xbox Series X, Xbox Series S, PlayStation 5, Netflix |
| First release | Football Manager 2005 5 November 2004 |
| Latest release | Football Manager 26 4 November 2025 |",,,0,weak,,general
4530370,web_result,unknown_date,https://www.sportsgamersonline.com/games/soccer/fm27-is-almost-done-developers-tease-details-coming-soon,"FM27 Is Almost Done, Developers Tease Details Coming Soon | Sports Gamers Online","Join SGO
 Meet Our Team
 Review Policy

Saturday, October 3, 2026

Sports Gamers Online

 News
 Features
 Guides
 Reviews
 Previews
 Esports

No Result

View All Result

Sports Gamers Online

 News
 Features
 Guides
 Reviews
 Previews
 Esports

PATREON

No Result

View All Result

Sports Gamers Online

No Result

View All Result

 News
 Features
 Guides
 Reviews
 Previews
 Esports

Home » Games » Soccer » FM27 Is Almost Done, Developers Tease Details Coming Soon



© 2014-2022 SGO Entertainment [...] News
 Features
 Guides
 Reviews
 Previews
 Esports

© 2014-2022 SGO Entertainment",,,0,weak,,general
4530370,web_result,unknown_date,https://www.youtube.com/watch?v=mzKBI0o5eek,A Deeper Football World | FM27 Feature Deep Dive,"[1:04] For each of these areas, we task the design team with reviewing the most important narrative aspects. What has happened? What is happening? What will happen next? And who are the key people?
[1:14] So, for the club screens, we were looking to give you a sense of the identity of the club straight away. So you'll immediately see the manager, the top scorer, the highest performing players straight away in the header bar. [...] # A Deeper Football World | FM27 Feature Deep Dive
## Channel: Football Manager (verified)
130K subscribers
3.7K likes

### Description
119,723 views
Posted: 2026-09-25
Our latest FM27 deep dive details the returning, reimagined and new features that bring you closer to the living, breathing football universe that exists beyond your club, making every decision feel part of something bigger. [...] [1:48] have been redesigned to better highlight results, upcoming fixtures, key people, as well as dynamic aspects like team of
[1:56] the week stats and transfers. You will also see an uplift in the new competitions hub screen, [music] which offers a snapshot of what's going
[2:04] on in the various leagues and competitions you have loaded in your save. Our approach to player profiles",,,0,weak,,general
