appid,evidence_type,date_classification,url,title,snippet,contents_preview,matched_keywords,evidence_score,confidence_label,reason_for_score,query_group
2643540,youtube_video,inside_spike_window,https://www.youtube.com/watch?v=q7t814q-ZC8,Age Twisters Co-op Review: Pixar Dreams vs Puzzle Reality,,Age Twisters co-op gameplay features an age-bending mechanic that lets players shift between childhood and old age to solve ...,gameplay,85,strong,Inside spike window (+30); YouTube (+15); Exact title match (+20); Keywords ['gameplay'] (+20),
2643540,steam_news,inside_extended_window,https://steamstore-a.akamaihd.net/news/externalpost/steam_community_announcements/1842212951299355,🗳️ Vote for Age Twisters — Most Wholesome at the gamescom award!,,"🏆WE'RE NOMINATED!Age Twisters is a gamescom award 2026 nominee for Most Wholesome!Being recognized alongside such heartwarming games is an honor — thank you for believing in our little co-op adventure. 🧡Come say hi at Hall 9, and play the demo yourself!and..... Vote for ushttps://www.gamescom.global",demo,75,strong,Inside extended window (+15); Official Steam News (+20); Exact title match (+20); Keywords ['demo'] (+20),
2643540,steam_news,inside_extended_window,https://steamstore-a.akamaihd.net/news/externalpost/steam_community_announcements/1841579228675481,Age Twisters is a gamescom award 2026 nominee for Most Wholesome!,,"🏆WE'RE NOMINATED!Age Twisters is a gamescom award 2026 nominee for Most Wholesome!Being recognized alongside such heartwarming games is an honor — thank you for believing in our little co-op adventure. 🧡Come say hi at Hall 9, and play the demo yourself!and..... Vote for us https://www.gamescom.globa",demo,75,strong,Inside extended window (+15); Official Steam News (+20); Exact title match (+20); Keywords ['demo'] (+20),
2643540,steam_news,inside_extended_window,https://steamstore-a.akamaihd.net/news/externalpost/steam_community_announcements/1841579228668292,Age Twisters Is Coming to gamescom 2026!,,We're taking Age Twisters on a whole new family adventure at gamescom 2026.Join us at Hall 9 to be among the first to go hands-on with our playable demo.See you in Cologne! ,demo,75,strong,Inside extended window (+15); Official Steam News (+20); Exact title match (+20); Keywords ['demo'] (+20),
2643540,youtube_video,inside_extended_window,https://www.youtube.com/watch?v=kjd0giaNIVM,Age Twisters - Official Reveal Trailer | gamescom 2026,,"Here's a look at the Reveal Trailer for Age Twisters, a co-op narrative adventure game developed by Piccolo Studio. Players will ...",trailer,70,strong,Inside extended window (+15); YouTube (+15); Exact title match (+20); Keywords ['trailer'] (+20),
2643540,youtube_video,inside_extended_window,https://www.youtube.com/watch?v=ao8BF1ebHfo,Age Twisters - Official Reveal Trailer | gamescom 2026,,"Looking for a well-crafted co-op game? Play as a grandfather and a granddaughter. Twist your age at will. Play co-op, find a way, ...",trailer,70,strong,Inside extended window (+15); YouTube (+15); Exact title match (+20); Keywords ['trailer'] (+20),
2643540,youtube_video,inside_extended_window,https://www.youtube.com/watch?v=ngUv4S8Hcjo,Age Twisters | Official Trailer -,,"Add to your wishlist today: https://store.steampowered.com/app/2643540/Age_Twisters/ ""Some secrets can only be solved ...",trailer,70,strong,Inside extended window (+15); YouTube (+15); Exact title match (+20); Keywords ['trailer'] (+20),
2643540,youtube_video,inside_extended_window,https://www.youtube.com/watch?v=DljwPeZcpYs,Age Twisters | Reveal Trailer Gamescom 2026,,"Age Twisters | Reveal Trailer Gamescom 2026 If you enjoyed the video, please leave a Like, Subscribe or Share with your friends!",trailer,70,strong,Inside extended window (+15); YouTube (+15); Exact title match (+20); Keywords ['trailer'] (+20),
2643540,youtube_video,inside_extended_window,https://www.youtube.com/watch?v=NEulR-NMDCY,Age Twisters - Official Trailer,,"Step into a unique co-op adventure in Age Twisters, where age is your greatest ability! Team up with a friend and switch between ...",trailer,70,strong,Inside extended window (+15); YouTube (+15); Exact title match (+20); Keywords ['trailer'] (+20),
2643540,youtube_video,inside_extended_window,https://www.youtube.com/watch?v=ao8BF1ebHfo,Age Twisters - Official Reveal Trailer | gamescom 2026,,"Looking for a well-crafted co-op game? Play as a grandfather and a granddaughter. Twist your age at will. Play co-op, find a way, ...",trailer,70,strong,Inside extended window (+15); YouTube (+15); Exact title match (+20); Keywords ['trailer'] (+20),
2643540,youtube_video,inside_extended_window,https://www.youtube.com/watch?v=kjd0giaNIVM,Age Twisters - Official Reveal Trailer | gamescom 2026,,"Here's a look at the Reveal Trailer for Age Twisters, a co-op narrative adventure game developed by Piccolo Studio. Players will ...",trailer,70,strong,Inside extended window (+15); YouTube (+15); Exact title match (+20); Keywords ['trailer'] (+20),
2643540,youtube_video,inside_extended_window,https://www.youtube.com/watch?v=DljwPeZcpYs,Age Twisters | Reveal Trailer Gamescom 2026,,"Age Twisters | Reveal Trailer Gamescom 2026 If you enjoyed the video, please leave a Like, Subscribe or Share with your friends!",trailer,70,strong,Inside extended window (+15); YouTube (+15); Exact title match (+20); Keywords ['trailer'] (+20),
2643540,youtube_video,inside_extended_window,https://www.youtube.com/watch?v=n32d8TxsTPE,"THIS CO-OP GAME LOOKS CUTE, COZY &amp; CHAOTIC | AGE TWISTERS REACTION #gamescom",,shorts #gaming #agetwisters #coopgaming #cozygaming #krafton #gamescom #gametrailers #gamereveal #gamereaction ...,trailer,70,strong,Inside extended window (+15); YouTube (+15); Exact title match (+20); Keywords ['trailer'] (+20),
2643540,youtube_video,inside_extended_window,https://www.youtube.com/watch?v=ao8BF1ebHfo,Age Twisters - Official Reveal Trailer | gamescom 2026,,"Looking for a well-crafted co-op game? Play as a grandfather and a granddaughter. Twist your age at will. Play co-op, find a way, ...",trailer,70,strong,Inside extended window (+15); YouTube (+15); Exact title match (+20); Keywords ['trailer'] (+20),
2643540,youtube_video,inside_extended_window,https://www.youtube.com/watch?v=kjd0giaNIVM,Age Twisters - Official Reveal Trailer | gamescom 2026,,"Here's a look at the Reveal Trailer for Age Twisters, a co-op narrative adventure game developed by Piccolo Studio. Players will ...",trailer,70,strong,Inside extended window (+15); YouTube (+15); Exact title match (+20); Keywords ['trailer'] (+20),
2643540,youtube_video,inside_spike_window,https://www.youtube.com/watch?v=cVyJezunNE0,Age Twisters - Official Reveal,,Age Twisters is a 2-player co-op narrative adventure game that allows you to send a free invite to friends via the Friend's Pass.,,65,strong,Inside spike window (+30); YouTube (+15); Exact title match (+20),
2643540,reddit_discussion,unknown_date,https://www.reddit.com/r/TrailerWorldsGames/comments/1w6601s/age_twisters_official_reveal_trailer,Age Twisters - Official Reveal Trailer : r/TrailerWorldsGames,Age Twisters is a 2-player co-op narrative adventure game that allows you to send a free invite to friends via the Friend's Pass.,,trailer,50,medium,Reddit (+10); Exact title match (+20); Keywords ['trailer'] (+20),general
2643540,social_post,unknown_date,https://x.com/Piccolo_Studio,Piccolo Studio - Age Twisters 🪀🎸🤜🧲 (@Piccolo_Studio) / X,"Aug 25

  Finally we can announce our next game, Age Twisters, coming 2027!

  @agetwisters

  Age Twisters

  @agetwisters

  Aug 25

  Age Twisters - Official Reveal Trailer | gamescom 2026

  

  00:00

  10
 @Piccolo_Studio

  Piccolo Studio - Age Twisters 🪀🎸🤜🧲

  @Piccolo\_Studio

  5h

  Another hands-on article telling how great teamwork feels in #AgeTwisters! The 30 minutes demo totally rocked Gamescom 🪀🎸🤜🧲

  

  @GamerBraves

  GamerBraves

  @GamerBraves

  7h [...] Log inSign up

Piccolo Studio - Age Twisters 🪀🎸🤜🧲

Piccolo Studio - Age Twisters 🪀🎸🤜🧲 profile banner

@Piccolo_Studio

# Piccolo Studio - Age Twisters 🪀🎸🤜🧲

Crafting games from Barcelona. #AgeTwisters coming 2027 for PC, PS5, Xbox Series X|S, Switch 2. #AriseASimpleStory and #AfterUs out now.

Barcelona, España

Joined May 2017

333

Following4,758

Followers

RepliesRepliesRepostsRepostsMediaMedia

 Pinned

  @Piccolo_Studio

  Piccolo Studio - Age Twisters 🪀🎸🤜🧲

  @Piccolo\_Studio

  Aug 25 [...] 7h

  Grandfather and granddaughter, one puzzle at a time. We went hands-on with Age Twisters at gamescom 2026 and came away impressed by how much the co-op design leans on real teamwork. #AgeTwisters gamerbraves.com/age-twisters-p…
 @Piccolo_Studio

  Piccolo Studio - Age Twisters 🪀🎸🤜🧲

  @Piccolo\_Studio

  Sep 2

  Check out first impressions from our playable demo at Gamescom, at @GamereactorUK gamereactor.eu/age-twisters-p…

  
 @Piccolo_Studio

  Piccolo Studio - Age Twisters 🪀🎸🤜🧲",,"trailer, demo",45,medium,"Social Index (+5); Exact title match (+20); Keywords ['trailer', 'demo'] (+20)",social
2643540,social_post,unknown_date,https://steamcommunity.com/app/2643540,Age Twisters - Steam Community,"Store Page

Age Twisters

All Discussions Screenshots Artwork Broadcasts Videos News Guides Reviews

### Age Twisters

Store Page

0 in Group Chat;)

0 in Group Chat;)

Age Twisters is a 2-player co-op narrative adventure game that allows you to send a free invite to friends via the Friend’s Pass. Play as a grandfather and granddaughter to solve puzzles by freely changing your age and reveal the dark secrets hidden beneath a facade of lies.

Visit the Store Page [...] 2

[Crazywabbit

27 Aug @ 2:52am](

General Discussions

Age Twisters is a gamescom award 2026 nominee for Most Wholesome!

24 Aug

🏆WE'RE NOMINATED!

Age Twisters is a gamescom award 2026 nominee for Most Wholesome!

Being recognized alongside such heartwarming games is an honor — thank you for believing in our little co-op adventure. 🧡

Come say hi at Hall 9, and play the demo yourself!

and..... Vote for us  

Age Twisters

6

1

Age Twisters Is Coming to gamescom 2026!

21 Aug [...] Most popular community and official content for the past week.  (?)

🗳️ Vote for Age Twisters — Most Wholesome at the gamescom award!

27 Aug

🏆WE'RE NOMINATED!

Age Twisters is a gamescom award 2026 nominee for Most Wholesome!

Being recognized alongside such heartwarming games is an honor — thank you for believing in our little co-op adventure. 🧡

Come say hi at Hall 9, and play the demo yourself!

and..... Vote for us

Age Twisters

23

1

1 Player game?

Is it a 1 player game?

2",,demo,45,medium,Social Index (+5); Exact title match (+20); Keywords ['demo'] (+20),social
2643540,social_post,unknown_date,https://store.playstation.com/en-cz/concept/10020643,Age Twisters - PlayStation Store,"‘Age Twisters’ is a co-op title designed from start to finish for two players. Communicate and sync with the friend, partner, or family member you trust most. One opens the path; the other seizes the moment and pushes forward. Become each other’s eyes and ears to experience the true essence of cooperation.  
  
“Two players, one copy — local or online.” [...] One day, a package arrives — the last gift left behind by their mother. Inside are the Age Twisters, bracelets that freely change the wearer’s age. Shifting in real time between childhood, adolescence, adulthood, and old age. Different ages come with unique skills that can be combined to overcome hazards.  
  
""Alone, you’re only half. Co-op awaits — where each of you make the other whole.” [...] Grow palm trees in a jungle, drive to beat Holobikes in a desert chase, dance to infiltrate into a goon’s base, teleport chickens in a factory, disguise as a suitcase, ride an animatronic T-Rex, share a flashlight inside a dark spider nest, turn your enemies into babies and much much more. Age Twister is a thrilling adventure with constant gameplay tweaks.  
  
“The journey is being prepared. Start looking for your partner now.”",,gameplay,45,medium,Social Index (+5); Exact title match (+20); Keywords ['gameplay'] (+20),social
2643540,steam_news,outside_window,https://steamstore-a.akamaihd.net/news/externalpost/steam_community_announcements/1835871199301557,Announcing Age Twisters | Wishlist now!,,"Hello!Meet Age Twisters — a 2-player co-op narrative adventure where you become a grandfather and granddaughter, freely switching between ages to solve puzzles together.Wishlist now!Key Features👪 A Family AdventureUncover the mystery of a missing mother through the eyes of a grandfather and granddau",,40,medium,Official Steam News (+20); Exact title match (+20),
2643540,web_result,unknown_date,https://store.steampowered.com/app/2643540/Age_Twisters,Age Twisters on Steam,"All Games > Action Games > Age Twisters

Community Hub

Age Twisters

Age Twisters

Age Twisters

Developer

Piccolo Studio

Publisher

KRAFTON, Inc.

Released

To be announced

Age Twisters is a 2-player co-op narrative adventure game that allows you to send a free invite to friends via the Friend’s Pass. Play as a grandfather and granddaughter to solve puzzles by freely changing your age and reveal the dark secrets hidden beneath a facade of lies.

All Reviews:

No user reviews [...] ""Alone, you’re only half. Co-op awaits — where each of you make the other whole.”

‘Age Twisters’ is a co-op title designed from start to finish for two players. Communicate and sync with the friend, partner, or family member you trust most. One opens the path; the other seizes the moment and pushes forward. Become each other’s eyes and ears to experience the true essence of cooperation.

“Two players, one copy — local or online.” [...] Grow palm trees in a jungle, drive to beat Holobikes in a desert chase, dance to infiltrate into a goon’s base, teleport chickens in a factory, disguise as a suitcase, ride an animatronic T-Rex, share a flashlight inside a dark spider nest, turn your enemies into babies and much much more. Age Twister is a thrilling adventure with constant gameplay tweaks.

“The journey is being prepared. Start looking for your partner now.”",,gameplay,40,medium,Exact title match (+20); Keywords ['gameplay'] (+20),general
2643540,web_result,unknown_date,https://steamcommunity.com/app/2643540,Steam Community :: Age Twisters,"Store Page

Age Twisters

All Discussions Screenshots Artwork Broadcasts Videos News Guides Reviews

### Age Twisters

Store Page

0 in Group Chat;)

0 in Group Chat;)

Age Twisters is a 2-player co-op narrative adventure game that allows you to send a free invite to friends via the Friend’s Pass. Play as a grandfather and granddaughter to solve puzzles by freely changing your age and reveal the dark secrets hidden beneath a facade of lies.

Visit the Store Page [...] 2

[Crazywabbit

27 Aug @ 2:52am](

General Discussions

Age Twisters is a gamescom award 2026 nominee for Most Wholesome!

24 Aug

🏆WE'RE NOMINATED!

Age Twisters is a gamescom award 2026 nominee for Most Wholesome!

Being recognized alongside such heartwarming games is an honor — thank you for believing in our little co-op adventure. 🧡

Come say hi at Hall 9, and play the demo yourself!

and..... Vote for us  

Age Twisters

6

1

Age Twisters Is Coming to gamescom 2026!

21 Aug [...] Most popular community and official content for the past week.  (?)

🗳️ Vote for Age Twisters — Most Wholesome at the gamescom award!

27 Aug

🏆WE'RE NOMINATED!

Age Twisters is a gamescom award 2026 nominee for Most Wholesome!

Being recognized alongside such heartwarming games is an honor — thank you for believing in our little co-op adventure. 🧡

Come say hi at Hall 9, and play the demo yourself!

and..... Vote for us

Age Twisters

23

1

1 Player game?

Is it a 1 player game?

2",,demo,40,medium,Exact title match (+20); Keywords ['demo'] (+20),general
2643540,web_result,unknown_date,https://www.youtube.com/watch?v=xMqSJPZTDJw,Age Twisters - Official Reveal Trailer | gamescom 2026,"### Description
63040 views
Posted: 25 Aug 2026
Here's a look at the Reveal Trailer for Age Twisters, a co-op narrative adventure game developed by Piccolo Studio. Players will solve puzzles and seek the truth of a web of lies in a co-op adventure with a grandfather and granddaughter. Age Twisters is coming soon to PlayStation 5 (PS5), Xbox Series X|S, Nintendo Switch 2, and PC (Steam and Epic Games Store).",,trailer,40,medium,Exact title match (+20); Keywords ['trailer'] (+20),general
2643540,web_result,unknown_date,https://www.ign.com/games/age-twisters/trailers,Age Twisters [Trailers] - IGN,"# Age Twisters

Piccolo Studio

•

Initial Release: TBA

•PlayStation 5Nintendo Switch 2Xbox Series X/SPC

NR

IGN Rating

OverviewPlaylistsReviews

### Images & Screenshots

### Summary

Age Twisters is a 2-player co-op narrative adventure game that allows you to send a free invite to friends via the Friend’s Pass. Play as a grandfather and granddaughter to solve puzzles by freely changing your age and reveal the dark secrets hidden beneath a facade of lies.

Developers

Piccolo Studio [...] Piccolo Studio

Publishers

KRAFTON, Inc.

Features

Online Co-Op Multiplayer, Split-Screen Multiplayer, Online Two-Player Multiplayer

Initial Release

TBA

Platforms

PlayStation 5Nintendo Switch 2Xbox Series X/SPC

Genres

Action, Adventure, Puzzle

HowLongToBeat

#### --

Main Story

#### --

Story + Sides

#### --

#### --

All Styles

Videos

9d ago

Age Twisters - Official Reveal Trailer

9d ago",,trailer,40,medium,Exact title match (+20); Keywords ['trailer'] (+20),general
2643540,web_result,unknown_date,https://www.gamereactor.eu/age-twisters-197943,Age Twisters - Gamereactor UK,"Gamereactor new menu

Gamereactor

Log in member

Gamereactor Games

# Age Twisters

 System: PC
 Genre: Adventure
 Developer: Piccolo Studio
 Publisher: Krafton
 Release date: 2027

 Age Twisters - Official Reveal Trailer

  ### (TRAILERS) AGE TWISTERS - OFFICIAL REVEAL TRAILER

HQ

## News

newest popular

Age Twisters Preview: Age truly is just a number in this charming co-op adventure## Age Twisters Preview: Age truly is just a number in this charming co-op adventure [...] PREVIEW. Written by Ben Lyons

We've been hands-on with Piccolo Studio's two-player cooperative project to see how it's setting itself apart in this increasingly crowded space.",,"trailer, release date",40,medium,"Exact title match (+20); Keywords ['trailer', 'release date'] (+20)",general
2643540,web_result,unknown_date,https://store.steampowered.com/app/2643540/Age_Twisters,Age Twisters on Steam,"Grow palm trees in a jungle, drive to beat Holobikes in a desert chase, dance to infiltrate into a goon’s base, teleport chickens in a factory, disguise as a suitcase, ride an animatronic T-Rex, share a flashlight inside a dark spider nest, turn your enemies into babies and much much more. Age Twister is a thrilling adventure with constant gameplay tweaks.

“The journey is being prepared. Start looking for your partner now.” [...] In Age Twisters, a grandfather and a granddaughter embark on a journey to find her mother, who disappeared years ago.

""Use the Age Twisters to change the age of your characters.”

One day, a package arrives — the last gift left behind by their mother. Inside are the Age Twisters, bracelets that freely change the wearer’s age. Shifting in real time between childhood, adolescence, adulthood, and old age. Different ages come with unique skills that can be combined to overcome hazards. [...] ""Alone, you’re only half. Co-op awaits — where each of you make the other whole.”

‘Age Twisters’ is a co-op title designed from start to finish for two players. Communicate and sync with the friend, partner, or family member you trust most. One opens the path; the other seizes the moment and pushes forward. Become each other’s eyes and ears to experience the true essence of cooperation.

“Two players, one copy — local or online.”",,gameplay,40,medium,Exact title match (+20); Keywords ['gameplay'] (+20),general
2643540,web_result,unknown_date,https://store.steampowered.com/app/2643540/Age_Twisters,Age Twisters on Steam,"Grow palm trees in a jungle, drive to beat Holobikes in a desert chase, dance to infiltrate into a goon’s base, teleport chickens in a factory, disguise as a suitcase, ride an animatronic T-Rex, share a flashlight inside a dark spider nest, turn your enemies into babies and much much more. Age Twister is a thrilling adventure with constant gameplay tweaks.

“The journey is being prepared. Start looking for your partner now.” [...] All Games > Action Games > Age Twisters

Community Hub

Age Twisters

Age Twisters

Age Twisters

Developer

Piccolo Studio

Publisher

KRAFTON, Inc.

Released

To be announced

Age Twisters is a 2-player co-op narrative adventure game that allows you to send a free invite to friends via the Friend’s Pass. Play as a grandfather and granddaughter to solve puzzles by freely changing your age and reveal the dark secrets hidden beneath a facade of lies.

All Reviews:

No user reviews [...] ""Alone, you’re only half. Co-op awaits — where each of you make the other whole.”

‘Age Twisters’ is a co-op title designed from start to finish for two players. Communicate and sync with the friend, partner, or family member you trust most. One opens the path; the other seizes the moment and pushes forward. Become each other’s eyes and ears to experience the true essence of cooperation.

“Two players, one copy — local or online.”",,gameplay,40,medium,Exact title match (+20); Keywords ['gameplay'] (+20),general
2643540,web_result,unknown_date,https://store.playstation.com/en-cz/concept/10020643,Age Twisters - PlayStation Store,"Grow palm trees in a jungle, drive to beat Holobikes in a desert chase, dance to infiltrate into a goon’s base, teleport chickens in a factory, disguise as a suitcase, ride an animatronic T-Rex, share a flashlight inside a dark spider nest, turn your enemies into babies and much much more. Age Twister is a thrilling adventure with constant gameplay tweaks.  
  
“The journey is being prepared. Start looking for your partner now.” [...] ‘Age Twisters’ is a co-op title designed from start to finish for two players. Communicate and sync with the friend, partner, or family member you trust most. One opens the path; the other seizes the moment and pushes forward. Become each other’s eyes and ears to experience the true essence of cooperation.  
  
“Two players, one copy — local or online.” [...] ”Some secrets can only be solved together.”  
  
In Age Twisters, a grandfather and a granddaughter embark on a journey to find her mother, who disappeared years ago.  
  
""Use the Age Twisters to change the age of your characters.”",,gameplay,40,medium,Exact title match (+20); Keywords ['gameplay'] (+20),general
2643540,web_result,unknown_date,https://www.gamereactor.eu/age-twisters-preview-age-truly-is-just-a-number-in-this-charming-co-op-adventure-1765823,Age Twisters Preview: Age truly is just a number in this charming co-op adventure Preview - Gamereactor,"How Age Twisters then proceeds to build on this design is by structuring the gameplay around the four age states. The adult state, for example, is strong and can easily lift items, while the child state is fast and agile, and adding to this are tools and 'power-ups' specific to each age state. During the preview build, I got to go hands-on with the child and teenager powers, with the former acting like a grapple to leap over wide gaps where applicable anchor points are found and to grab items [...] Age Twisters manages this feat in a multitude of manners. For one, it moves away from the split-screen setup to instead favour an isometric camera angle where both players are on the same screen at all times. You can't really move out of each other's vicinity, in part down the level design that encourages players to stick together, but also because the viewing angle is quite wide and leaves enough space to operate. The second design choice comes from the actual gameplay, which is structured to [...] The point is, Age Twisters is shaping up to be one of the most accessible cooperative adventure games I have ever come across. It also manages to be this without sacrificing narrative, wonderful level design, humour, or engaging gameplay, as the demo I tested - alongside game director and studio general manager Alexis Corominas Barrueco - proved to great effect. The preview build consisted of around the opening 30 minutes of Age Twisters, a portion where we meet our protagonists, learn of the",,"gameplay, demo",40,medium,"Exact title match (+20); Keywords ['gameplay', 'demo'] (+20)",general
2643540,web_result,unknown_date,https://www.play-asia.com/en/age-twisters/13/70k36x,Age Twisters STEAM digital for Windows,"The core gameplay revolves around a unique mechanic called the“Age Twisters”, allowing players to switch between different life stages—child, teenager",,gameplay,40,medium,Exact title match (+20); Keywords ['gameplay'] (+20),general
2643540,web_result,unknown_date,https://steamcommunity.com/app/2643540,Age Twisters - Steam Community,"Store Page

Age Twisters

All Discussions Screenshots Artwork Broadcasts Videos News Guides Reviews

### Age Twisters

Store Page

0 in Group Chat;)

0 in Group Chat;)

Age Twisters is a 2-player co-op narrative adventure game that allows you to send a free invite to friends via the Friend’s Pass. Play as a grandfather and granddaughter to solve puzzles by freely changing your age and reveal the dark secrets hidden beneath a facade of lies.

Visit the Store Page [...] Most popular community and official content for the past week.  (?)

🗳️ Vote for Age Twisters — Most Wholesome at the gamescom award!

27 Aug

🏆WE'RE NOMINATED!

Age Twisters is a gamescom award 2026 nominee for Most Wholesome!

Being recognized alongside such heartwarming games is an honor — thank you for believing in our little co-op adventure. 🧡

Come say hi at Hall 9, and play the demo yourself!

and..... Vote for us

Age Twisters

23

1

1 Player game?

Is it a 1 player game?

2 [...] 2

[Crazywabbit

27 Aug @ 2:52am](

General Discussions

Age Twisters is a gamescom award 2026 nominee for Most Wholesome!

24 Aug

🏆WE'RE NOMINATED!

Age Twisters is a gamescom award 2026 nominee for Most Wholesome!

Being recognized alongside such heartwarming games is an honor — thank you for believing in our little co-op adventure. 🧡

Come say hi at Hall 9, and play the demo yourself!

and..... Vote for us  

Age Twisters

6

1

Age Twisters Is Coming to gamescom 2026!

21 Aug",,demo,40,medium,Exact title match (+20); Keywords ['demo'] (+20),general
2643540,web_result,unknown_date,https://steamcommunity.com/app/2643540,Age Twisters - Steam Community,"21 Aug

We're taking Age Twisters on a whole new family adventure at gamescom 2026.

Join us at Hall 9 to be among the first to go hands-on with our playable demo.

See you in Cologne!

Age Twisters

6

1

most buy for me [...] 2

[Crazywabbit

27 Aug @ 2:52am](

General Discussions

Age Twisters is a gamescom award 2026 nominee for Most Wholesome!

24 Aug

🏆WE'RE NOMINATED!

Age Twisters is a gamescom award 2026 nominee for Most Wholesome!

Being recognized alongside such heartwarming games is an honor — thank you for believing in our little co-op adventure. 🧡

Come say hi at Hall 9, and play the demo yourself!

and..... Vote for us  

Age Twisters

6

1

Age Twisters Is Coming to gamescom 2026!

21 Aug [...] Most popular community and official content for the past week.  (?)

🗳️ Vote for Age Twisters — Most Wholesome at the gamescom award!

27 Aug

🏆WE'RE NOMINATED!

Age Twisters is a gamescom award 2026 nominee for Most Wholesome!

Being recognized alongside such heartwarming games is an honor — thank you for believing in our little co-op adventure. 🧡

Come say hi at Hall 9, and play the demo yourself!

and..... Vote for us

Age Twisters

23

1

1 Player game?

Is it a 1 player game?

2",,demo,40,medium,Exact title match (+20); Keywords ['demo'] (+20),general
2643540,web_result,unknown_date,https://www.youtube.com/watch?v=eqFnD5N7TL4,Age Twisters - Official Announcement Trailer,"# Age Twisters - Official Announcement Trailer
## Indie Games Hub
203000 subscribers
1572 likes

### Description
71643 views
Posted: 25 Aug 2026
Age Twisters is a 2-player co-op narrative adventure game that allows you to send a free invite to friends via the Friend’s Pass. Play as a grandfather and granddaughter to solve puzzles by freely changing your age and reveal the dark secrets hidden beneath a facade of lies. 

Wishlist on Steam: 

Developer: Piccolo Studio
X: [...] 88 comments
### Transcript:",,"trailer, announcement",40,medium,"Exact title match (+20); Keywords ['trailer', 'announcement'] (+20)",general
2643540,web_result,unknown_date,https://www.youtube.com/watch?v=xMqSJPZTDJw,Age Twisters - Official Reveal Trailer | gamescom 2026 - YouTube,"### Description
63040 views
Posted: 25 Aug 2026
Here's a look at the Reveal Trailer for Age Twisters, a co-op narrative adventure game developed by Piccolo Studio. Players will solve puzzles and seek the truth of a web of lies in a co-op adventure with a grandfather and granddaughter. Age Twisters is coming soon to PlayStation 5 (PS5), Xbox Series X|S, Nintendo Switch 2, and PC (Steam and Epic Games Store). [...] # Age Twisters - Official Reveal Trailer | gamescom 2026
## GameTrailers
1320000 subscribers
1093 likes [...] Grandpa, what was Mom like? You never talk about her much. She was complicated. Delivery for your special day. Impossible. This was your mother's sigil. What? How? Maybe we should see what's inside. What? You're a little kid. Can we start changing ages yet? I suppose we should learn how it all works. Want to change who you are? Just press a button. Look at me. I'm a kid again. What's all this now? It's a treasure hunt. A birthday treasure hunt from Mom. Or some kind of elder fraud. Where your",,trailer,40,medium,Exact title match (+20); Keywords ['trailer'] (+20),general
2643540,web_result,unknown_date,https://store.steampowered.com/app/2643540/Age_Twisters,Age Twisters on Steam,"All Games > Action Games > Age Twisters

Community Hub

Age Twisters

Age Twisters

Age Twisters

Developer

Piccolo Studio

Publisher

KRAFTON, Inc.

Released

To be announced

Age Twisters is a 2-player co-op narrative adventure game that allows you to send a free invite to friends via the Friend’s Pass. Play as a grandfather and granddaughter to solve puzzles by freely changing your age and reveal the dark secrets hidden beneath a facade of lies.

All Reviews:

No user reviews [...] Grow palm trees in a jungle, drive to beat Holobikes in a desert chase, dance to infiltrate into a goon’s base, teleport chickens in a factory, disguise as a suitcase, ride an animatronic T-Rex, share a flashlight inside a dark spider nest, turn your enemies into babies and much much more. Age Twister is a thrilling adventure with constant gameplay tweaks.

“The journey is being prepared. Start looking for your partner now.” [...] In Age Twisters, a grandfather and a granddaughter embark on a journey to find her mother, who disappeared years ago.

""Use the Age Twisters to change the age of your characters.”

One day, a package arrives — the last gift left behind by their mother. Inside are the Age Twisters, bracelets that freely change the wearer’s age. Shifting in real time between childhood, adolescence, adulthood, and old age. Different ages come with unique skills that can be combined to overcome hazards.",,gameplay,40,medium,Exact title match (+20); Keywords ['gameplay'] (+20),general
2643540,web_result,unknown_date,https://www.youtube.com/watch?v=kjd0giaNIVM,Age Twisters - Official Reveal Trailer | gamescom 2026,"### Description
31823 views
Posted: 25 Aug 2026
Here's a look at the Reveal Trailer for Age Twisters, a co-op narrative adventure game developed by Piccolo Studio. Players will solve puzzles and seek the truth of a web of lies in a co-op adventure with a grandfather and granddaughter. Age Twisters is coming soon to PlayStation 5 (PS5), Xbox Series X|S, Nintendo Switch 2, and PC (Steam and Epic Games Store). [...] # Age Twisters - Official Reveal Trailer | gamescom 2026
## IGN
20000000 subscribers
672 likes [...] Grandpa, what was Mom like? You never talk about her much. She was complicated. Delivery for your special day. Impossible. This was your mother's sigil. What? How? Maybe we should see what's inside. What? You're a little kid. Can we start changing ages yet? I suppose we should learn how it all works. Want to change who you are? Just press a button. Look at me. I'm a kid again. What's all this now? It's a treasure hunt. A birthday treasure hunt from Mom. Or some kind of elder fraud. Where your",,trailer,40,medium,Exact title match (+20); Keywords ['trailer'] (+20),general
2643540,web_result,unknown_date,https://www.gamereactor.eu/age-twisters-197943,Age Twisters,"Gamereactor new menu

Gamereactor

Log in member

Gamereactor Games

# Age Twisters

 System: PC
 Genre: Adventure
 Developer: Piccolo Studio
 Publisher: Krafton
 Release date: 2027

 Age Twisters - Official Reveal Trailer

  ### (TRAILERS) AGE TWISTERS - OFFICIAL REVEAL TRAILER

HQ

## News

newest popular

Age Twisters Preview: Age truly is just a number in this charming co-op adventure## Age Twisters Preview: Age truly is just a number in this charming co-op adventure",,"trailer, release date",40,medium,"Exact title match (+20); Keywords ['trailer', 'release date'] (+20)",general
2643540,web_result,unknown_date,https://www.youtube.com/watch?v=kjd0giaNIVM,Age Twisters - Official Reveal Trailer | gamescom 2026 - YouTube,"### Description
31823 views
Posted: 25 Aug 2026
Here's a look at the Reveal Trailer for Age Twisters, a co-op narrative adventure game developed by Piccolo Studio. Players will solve puzzles and seek the truth of a web of lies in a co-op adventure with a grandfather and granddaughter. Age Twisters is coming soon to PlayStation 5 (PS5), Xbox Series X|S, Nintendo Switch 2, and PC (Steam and Epic Games Store). [...] # Age Twisters - Official Reveal Trailer | gamescom 2026
## IGN
20000000 subscribers
672 likes [...] 25 comments
### Transcript:",,trailer,40,medium,Exact title match (+20); Keywords ['trailer'] (+20),general
2643540,web_result,unknown_date,https://www.youtube.com/watch?v=eqFnD5N7TL4,Age Twisters - Official Announcement Trailer - YouTube,"# Age Twisters - Official Announcement Trailer
## Indie Games Hub
203000 subscribers
1572 likes

### Description
71643 views
Posted: 25 Aug 2026
Age Twisters is a 2-player co-op narrative adventure game that allows you to send a free invite to friends via the Friend’s Pass. Play as a grandfather and granddaughter to solve puzzles by freely changing your age and reveal the dark secrets hidden beneath a facade of lies. 

Wishlist on Steam: 

Developer: Piccolo Studio
X:",,"trailer, announcement",40,medium,"Exact title match (+20); Keywords ['trailer', 'announcement'] (+20)",general
2643540,web_result,unknown_date,https://store.playstation.com/en-cz/concept/10020643,Age Twisters - PlayStation Store,"Publisher:
:   KRAFTON, Inc.

Genres:
:   Unique, Family, Adventure

© 2026 Piccolo Studio, S.L. All rights reserved.  
AGE TWISTERS is a registered trademark of Piccolo Studio, S.L.  
Developed by Piccolo Studio. Published by KRAFTON, Inc. [...] Latest
 Collections
 Deals
 Subscriptions
 Browse

Age Twisters

# Age Twisters

KRAFTON, Inc.

Release date to be determined.

 1 - 2 players
 2 online players
 PS5 Version

  Vibration function required
 Game Help supported

 1 - 2 players
 2 online players
 PS5 Version

  Vibration function required
 Game Help supported",,release date,40,medium,Exact title match (+20); Keywords ['release date'] (+20),general
2643540,web_result,unknown_date,https://store.steampowered.com/app/2643540/Age_Twisters,Age Twisters on Steam,"All Games > Action Games > Age Twisters

Community Hub

Age Twisters

Age Twisters

Age Twisters

Developer

Piccolo Studio

Publisher

KRAFTON, Inc.

Released

To be announced

Age Twisters is a 2-player co-op narrative adventure game that allows you to send a free invite to friends via the Friend’s Pass. Play as a grandfather and granddaughter to solve puzzles by freely changing your age and reveal the dark secrets hidden beneath a facade of lies.

All Reviews:

No user reviews [...] ""Alone, you’re only half. Co-op awaits — where each of you make the other whole.”

‘Age Twisters’ is a co-op title designed from start to finish for two players. Communicate and sync with the friend, partner, or family member you trust most. One opens the path; the other seizes the moment and pushes forward. Become each other’s eyes and ears to experience the true essence of cooperation.

“Two players, one copy — local or online.” [...] No user reviews

Sign in to add this item to your wishlist, follow it, or mark it as ignored

)

Features

Online Co-op

Shared/Split Screen Co-op

Shared/Split Screen

Steam Achievements

Family Sharing

Languages:

English and 2 more

| Interface | Full Audio | Subtitles |
 --- 
| English | ✔ | ✔ | ✔ |
| Korean | ✔ |  | ✔ |
| Spanish - Spain | ✔ |  | ✔ |

Title: Age Twisters  
 Genre: Action, Adventure  

Developer: Piccolo Studio

Publisher: KRAFTON, Inc.

Release Date: To be announced",,release date,40,medium,Exact title match (+20); Keywords ['release date'] (+20),general
2643540,web_result,unknown_date,https://www.ign.com/games/age-twisters,Age Twisters - IGN,"### Summary

Age Twisters is a 2-player co-op narrative adventure game that allows you to send a free invite to friends via the Friend’s Pass. Play as a grandfather and granddaughter to solve puzzles by freely changing your age and reveal the dark secrets hidden beneath a facade of lies.

Developers

Piccolo Studio

Publishers

KRAFTON, Inc.

Features

Online Co-Op Multiplayer, Split-Screen Multiplayer, Online Two-Player Multiplayer

Initial Release

TBA

Platforms [...] TBA

Platforms

PlayStation 5Nintendo Switch 2Xbox Series X/SPC

Genres

Action, Adventure, Puzzle

## Age Twisters News

Videos

1d ago

Age Twisters - Official Reveal Trailer

1d ago [...] IGN LogoIGN Logo

10 hrs

IGN gamescom studio day 2

# Age Twisters

Piccolo Studio

•

Initial Release: TBA

•PlayStation 5Nintendo Switch 2Xbox Series X/SPC

NR

IGN Rating

OverviewPlaylistsReviews

### Images & Screenshots

### Summary",,trailer,40,medium,Exact title match (+20); Keywords ['trailer'] (+20),general
2643540,web_result,unknown_date,https://steamcommunity.com/app/2643540,Age Twisters - Steam Community,"2

[Crazywabbit

27 Aug @ 2:52am](

General Discussions

Age Twisters is a gamescom award 2026 nominee for Most Wholesome!

24 Aug

🏆WE'RE NOMINATED!

Age Twisters is a gamescom award 2026 nominee for Most Wholesome!

Being recognized alongside such heartwarming games is an honor — thank you for believing in our little co-op adventure. 🧡

Come say hi at Hall 9, and play the demo yourself!

and..... Vote for us  

Age Twisters

6

1

Age Twisters Is Coming to gamescom 2026!

21 Aug [...] Store Page

Age Twisters

All Discussions Screenshots Artwork Broadcasts Videos News Guides Reviews

### Age Twisters

Store Page

0 in Group Chat;)

0 in Group Chat;)

Age Twisters is a 2-player co-op narrative adventure game that allows you to send a free invite to friends via the Friend’s Pass. Play as a grandfather and granddaughter to solve puzzles by freely changing your age and reveal the dark secrets hidden beneath a facade of lies.

Visit the Store Page [...] 21 Aug

We're taking Age Twisters on a whole new family adventure at gamescom 2026.

Join us at Hall 9 to be among the first to go hands-on with our playable demo.

See you in Cologne!

Age Twisters

6

1

most buy for me",,demo,40,medium,Exact title match (+20); Keywords ['demo'] (+20),general
2643540,web_result,unknown_date,https://www.gamereactor.eu/age-twisters-preview-age-truly-is-just-a-number-in-this-charming-co-op-adventure-1765823,Age Twisters Preview: Age truly is just a number in this ...,"The point is, Age Twisters is shaping up to be one of the most accessible cooperative adventure games I have ever come across. It also manages to be this without sacrificing narrative, wonderful level design, humour, or engaging gameplay, as the demo I tested - alongside game director and studio general manager Alexis Corominas Barrueco - proved to great effect. The preview build consisted of around the opening 30 minutes of Age Twisters, a portion where we meet our protagonists, learn of the [...] Long story short, Age Twisters follows a grandad and his granddaughter as they set out on a quest to learn the truth about their missing daughter/mother. The whole adventure is set in a colourful and charismatic future city, one where buildings soar high into the clouds, roads twist through the air without any clear support structures, and where quirky robots deliver packages. Bringing all three of these elements together, the story begins when a package is delivered from the long-lost [...] Gamereactor new menu
Gamereactor
Gamereactor

# Age Twisters Preview: Age truly is just a number in this charming co-op adventure

## We've been hands-on with Piccolo Studio's two-player cooperative project to see how it's setting itself apart in this increasingly crowded space.

## Age Twisters

## Subscribe to our newsletter here!",,"gameplay, demo",40,medium,"Exact title match (+20); Keywords ['gameplay', 'demo'] (+20)",general
2643540,web_result,unknown_date,https://www.ign.com/games/age-twisters/trailers,Age Twisters [Trailers],"# Age Twisters

Piccolo Studio

•

Initial Release: TBA

•PlayStation 5Nintendo Switch 2Xbox Series X/SPC

NR

IGN Rating

OverviewPlaylistsReviews

### Images & Screenshots

### Summary

Age Twisters is a 2-player co-op narrative adventure game that allows you to send a free invite to friends via the Friend’s Pass. Play as a grandfather and granddaughter to solve puzzles by freely changing your age and reveal the dark secrets hidden beneath a facade of lies.

Developers

Piccolo Studio [...] Piccolo Studio

Publishers

KRAFTON, Inc.

Features

Online Co-Op Multiplayer, Split-Screen Multiplayer, Online Two-Player Multiplayer

Initial Release

TBA

Platforms

PlayStation 5Nintendo Switch 2Xbox Series X/SPC

Genres

Action, Adventure, Puzzle

HowLongToBeat

#### --

Main Story

#### --

Story + Sides

#### --

#### --

All Styles

Videos

9d ago

Age Twisters - Official Reveal Trailer

9d ago",,trailer,40,medium,Exact title match (+20); Keywords ['trailer'] (+20),general
2643540,web_result,unknown_date,https://store.steampowered.com/app/2643540/Age_Twisters,Age Twisters on Steam,"""Alone, you’re only half. Co-op awaits — where each of you make the other whole.”

‘Age Twisters’ is a co-op title designed from start to finish for two players. Communicate and sync with the friend, partner, or family member you trust most. One opens the path; the other seizes the moment and pushes forward. Become each other’s eyes and ears to experience the true essence of cooperation.

“Two players, one copy — local or online.” [...] All Games > Action Games > Age Twisters

Community Hub

Age Twisters

Age Twisters

Age Twisters

Developer

Piccolo Studio

Publisher

KRAFTON, Inc.

Released

To be announced

Age Twisters is a 2-player co-op narrative adventure game that allows you to send a free invite to friends via the Friend’s Pass. Play as a grandfather and granddaughter to solve puzzles by freely changing your age and reveal the dark secrets hidden beneath a facade of lies.

All Reviews:

No user reviews [...] Grow palm trees in a jungle, drive to beat Holobikes in a desert chase, dance to infiltrate into a goon’s base, teleport chickens in a factory, disguise as a suitcase, ride an animatronic T-Rex, share a flashlight inside a dark spider nest, turn your enemies into babies and much much more. Age Twister is a thrilling adventure with constant gameplay tweaks.

“The journey is being prepared. Start looking for your partner now.”",,gameplay,40,medium,Exact title match (+20); Keywords ['gameplay'] (+20),general
2643540,web_result,unknown_date,https://store.playstation.com/en-cz/concept/10020643,Age Twisters - PlayStation Store,"‘Age Twisters’ is a co-op title designed from start to finish for two players. Communicate and sync with the friend, partner, or family member you trust most. One opens the path; the other seizes the moment and pushes forward. Become each other’s eyes and ears to experience the true essence of cooperation.  
  
“Two players, one copy — local or online.” [...] Grow palm trees in a jungle, drive to beat Holobikes in a desert chase, dance to infiltrate into a goon’s base, teleport chickens in a factory, disguise as a suitcase, ride an animatronic T-Rex, share a flashlight inside a dark spider nest, turn your enemies into babies and much much more. Age Twister is a thrilling adventure with constant gameplay tweaks.  
  
“The journey is being prepared. Start looking for your partner now.” [...] One day, a package arrives — the last gift left behind by their mother. Inside are the Age Twisters, bracelets that freely change the wearer’s age. Shifting in real time between childhood, adolescence, adulthood, and old age. Different ages come with unique skills that can be combined to overcome hazards.  
  
""Alone, you’re only half. Co-op awaits — where each of you make the other whole.”",,gameplay,40,medium,Exact title match (+20); Keywords ['gameplay'] (+20),general
2643540,web_result,unknown_date,https://steamcommunity.com/app/2643540,Age Twisters - Steam Community,"Store Page

Age Twisters

All Discussions Screenshots Artwork Broadcasts Videos News Guides Reviews

### Age Twisters

Store Page

0 in Group Chat;)

0 in Group Chat;)

Age Twisters is a 2-player co-op narrative adventure game that allows you to send a free invite to friends via the Friend’s Pass. Play as a grandfather and granddaughter to solve puzzles by freely changing your age and reveal the dark secrets hidden beneath a facade of lies.

Visit the Store Page [...] 21 Aug

We're taking Age Twisters on a whole new family adventure at gamescom 2026.

Join us at Hall 9 to be among the first to go hands-on with our playable demo.

See you in Cologne!

Age Twisters

6

1

most buy for me [...] 2

[Crazywabbit

27 Aug @ 2:52am](

General Discussions

Age Twisters is a gamescom award 2026 nominee for Most Wholesome!

24 Aug

🏆WE'RE NOMINATED!

Age Twisters is a gamescom award 2026 nominee for Most Wholesome!

Being recognized alongside such heartwarming games is an honor — thank you for believing in our little co-op adventure. 🧡

Come say hi at Hall 9, and play the demo yourself!

and..... Vote for us  

Age Twisters

6

1

Age Twisters Is Coming to gamescom 2026!

21 Aug",,demo,40,medium,Exact title match (+20); Keywords ['demo'] (+20),general
2643540,web_result,unknown_date,https://store.steampowered.com/app/2643540/Age_Twisters,Age Twisters on Steam,"All Games > Action Games > Age Twisters

Community Hub

Age Twisters

Age Twisters

Age Twisters

Developer

Piccolo Studio

Publisher

KRAFTON, Inc.

Released

To be announced

Age Twisters is a 2-player co-op narrative adventure game that allows you to send a free invite to friends via the Friend’s Pass. Play as a grandfather and granddaughter to solve puzzles by freely changing your age and reveal the dark secrets hidden beneath a facade of lies.

All Reviews:

No user reviews [...] ""Alone, you’re only half. Co-op awaits — where each of you make the other whole.”

‘Age Twisters’ is a co-op title designed from start to finish for two players. Communicate and sync with the friend, partner, or family member you trust most. One opens the path; the other seizes the moment and pushes forward. Become each other’s eyes and ears to experience the true essence of cooperation.

“Two players, one copy — local or online.” [...] Grow palm trees in a jungle, drive to beat Holobikes in a desert chase, dance to infiltrate into a goon’s base, teleport chickens in a factory, disguise as a suitcase, ride an animatronic T-Rex, share a flashlight inside a dark spider nest, turn your enemies into babies and much much more. Age Twister is a thrilling adventure with constant gameplay tweaks.

“The journey is being prepared. Start looking for your partner now.”",,gameplay,40,medium,Exact title match (+20); Keywords ['gameplay'] (+20),general
2643540,web_result,unknown_date,https://store.playstation.com/en-cz/concept/10020643,Age Twisters - PlayStation Store,"‘Age Twisters’ is a co-op title designed from start to finish for two players. Communicate and sync with the friend, partner, or family member you trust most. One opens the path; the other seizes the moment and pushes forward. Become each other’s eyes and ears to experience the true essence of cooperation.  
  
“Two players, one copy — local or online.” [...] Grow palm trees in a jungle, drive to beat Holobikes in a desert chase, dance to infiltrate into a goon’s base, teleport chickens in a factory, disguise as a suitcase, ride an animatronic T-Rex, share a flashlight inside a dark spider nest, turn your enemies into babies and much much more. Age Twister is a thrilling adventure with constant gameplay tweaks.  
  
“The journey is being prepared. Start looking for your partner now.” [...] One day, a package arrives — the last gift left behind by their mother. Inside are the Age Twisters, bracelets that freely change the wearer’s age. Shifting in real time between childhood, adolescence, adulthood, and old age. Different ages come with unique skills that can be combined to overcome hazards.  
  
""Alone, you’re only half. Co-op awaits — where each of you make the other whole.”",,gameplay,40,medium,Exact title match (+20); Keywords ['gameplay'] (+20),general
2643540,web_result,unknown_date,https://store.steampowered.com/app/2643540/Age_Twisters,Age Twisters on Steam,"All Games > Action Games > Age Twisters

Community Hub

Age Twisters

Age Twisters

Age Twisters

Developer

Piccolo Studio

Publisher

KRAFTON, Inc.

Released

To be announced

Age Twisters is a 2-player co-op narrative adventure game that allows you to send a free invite to friends via the Friend’s Pass. Play as a grandfather and granddaughter to solve puzzles by freely changing your age and reveal the dark secrets hidden beneath a facade of lies.

All Reviews:

No user reviews [...] No user reviews

Sign in to add this item to your wishlist, follow it, or mark it as ignored

)

Features

Online Co-op

Shared/Split Screen Co-op

Shared/Split Screen

Steam Achievements

Family Sharing

Languages:

English and 2 more

| Interface | Full Audio | Subtitles |
 --- 
| English | ✔ | ✔ | ✔ |
| Korean | ✔ |  | ✔ |
| Spanish - Spain | ✔ |  | ✔ |

Title: Age Twisters  
 Genre: Action, Adventure  

Developer: Piccolo Studio

Publisher: KRAFTON, Inc.

Release Date: To be announced [...] No user reviews

Release Date:

To be announced

Developer:

Piccolo Studio

Publisher:

KRAFTON, Inc.

Tags

Popular user-defined tags for this product:

Co-op  Local Co-Op  Online Co-Op  Adventure  Action-Adventure  Puzzle  Story Rich  Emotional  Puzzle Platformer  Platformer  Co-op Campaign  Local Multiplayer  Multiplayer  Action  Minigames  Female Protagonist  Third Person  Funny  Time Manipulation  Family Friendly 

+

Reviews

All Reviews:

No user reviews",,release date,40,medium,Exact title match (+20); Keywords ['release date'] (+20),general
2643540,web_result,unknown_date,https://store.playstation.com/en-cz/concept/10020643,Age Twisters - PlayStation Store,"Publisher:
:   KRAFTON, Inc.

Genres:
:   Unique, Family, Adventure

© 2026 Piccolo Studio, S.L. All rights reserved.  
AGE TWISTERS is a registered trademark of Piccolo Studio, S.L.  
Developed by Piccolo Studio. Published by KRAFTON, Inc. [...] Latest
 Collections
 Deals
 Subscriptions
 Browse

Age Twisters

# Age Twisters

KRAFTON, Inc.

Release date to be determined.

 1 - 2 players
 2 online players
 PS5 Version

  Vibration function required
 Game Help supported

 1 - 2 players
 2 online players
 PS5 Version

  Vibration function required
 Game Help supported [...] ‘Age Twisters’ is a co-op title designed from start to finish for two players. Communicate and sync with the friend, partner, or family member you trust most. One opens the path; the other seizes the moment and pushes forward. Become each other’s eyes and ears to experience the true essence of cooperation.  
  
“Two players, one copy — local or online.”",,release date,40,medium,Exact title match (+20); Keywords ['release date'] (+20),general
2643540,web_result,unknown_date,https://gamerant.com/steam-co-op-games-like-it-takes-two-age-twisters,New Co-Op Game on Steam Has Serious It Takes Two Vibes,"Age Twisters is developed by Piccolo Studio, which has previously released two games, including Arise: A Simple Story. Released in 2020, Arise features both local and online co-op, and it currently holds a Very Positive user review rating on Valve's storefront, with 91% of players recommending it. The indie studio's previous titles were all published by Untold Tales. However, Age Twisters will be published by Krafton, a relatively larger company known for games like PUBG. [...] Publisher Krafton has confirmed that it will reveal more details about Age Twisters at Gamescom 2026. Players may also get access to a playable demo at the event, though this has not been officially confirmed. In the meantime, fans of co-op games can wishlist the title on Steam and follow the developer to stay updated on future announcements. It is also worth noting that Steam is currently the only confirmed platform for Age Twisters.

It Takes Two Tag Page Cover Art

### It Takes Two

Follow [...] Genre: Co-Op, Adventure, Platformer, Puzzle
 Release Date: N/A
 Developer: Piccolo Studio
 Publisher: Krafton
 Wishlist Age Twisters on Steam",,"demo, announcement, release date",40,medium,"Exact title match (+20); Keywords ['demo', 'announcement', 'release date'] (+20)",general
2643540,web_result,unknown_date,https://store.steampowered.com/app/2643540/Age_Twisters,Age Twisters on Steam,"All Games > Action Games > Age Twisters

Community Hub

Age Twisters

Age Twisters

Age Twisters

Developer

Piccolo Studio

Publisher

KRAFTON, Inc.

Released

To be announced

Age Twisters is a 2-player co-op narrative adventure game that allows you to send a free invite to friends via the Friend’s Pass. Play as a grandfather and granddaughter to solve puzzles by freely changing your age and reveal the dark secrets hidden beneath a facade of lies.

All Reviews:

No user reviews [...] No user reviews

Sign in to add this item to your wishlist, follow it, or mark it as ignored

)

Features

Online Co-op

Shared/Split Screen Co-op

Shared/Split Screen

Steam Achievements

Family Sharing

Languages:

English and 2 more

| Interface | Full Audio | Subtitles |
 --- 
| English | ✔ | ✔ | ✔ |
| Korean | ✔ |  | ✔ |
| Spanish - Spain | ✔ |  | ✔ |

Title: Age Twisters  
 Genre: Action, Adventure  

Developer: Piccolo Studio

Publisher: KRAFTON, Inc.

Release Date: To be announced [...] No user reviews

Release Date:

To be announced

Developer:

Piccolo Studio

Publisher:

KRAFTON, Inc.

Tags

Popular user-defined tags for this product:

Co-op  Local Co-Op  Online Co-Op  Adventure  Action-Adventure  Puzzle  Story Rich  Emotional  Puzzle Platformer  Platformer  Co-op Campaign  Local Multiplayer  Multiplayer  Action  Minigames  Female Protagonist  Third Person  Funny  Time Manipulation  Family Friendly 

+

Reviews

All Reviews:

No user reviews",,release date,40,medium,Exact title match (+20); Keywords ['release date'] (+20),general
2643540,web_result,unknown_date,https://gamerant.com/steam-co-op-games-like-it-takes-two-age-twisters,New Co-Op Game on Steam Has Serious It Takes Two Vibes,"Age Twisters is developed by Piccolo Studio, which has previously released two games, including Arise: A Simple Story. Released in 2020, Arise features both local and online co-op, and it currently holds a Very Positive user review rating on Valve's storefront, with 91% of players recommending it. The indie studio's previous titles were all published by Untold Tales. However, Age Twisters will be published by Krafton, a relatively larger company known for games like PUBG. [...] Genre: Co-Op, Adventure, Platformer, Puzzle
 Release Date: N/A
 Developer: Piccolo Studio
 Publisher: Krafton
 Wishlist Age Twisters on Steam [...] Publisher Krafton has confirmed that it will reveal more details about Age Twisters at Gamescom 2026. Players may also get access to a playable demo at the event, though this has not been officially confirmed. In the meantime, fans of co-op games can wishlist the title on Steam and follow the developer to stay updated on future announcements. It is also worth noting that Steam is currently the only confirmed platform for Age Twisters.

It Takes Two Tag Page Cover Art

### It Takes Two

Follow",,"demo, announcement, release date",40,medium,"Exact title match (+20); Keywords ['demo', 'announcement', 'release date'] (+20)",general
2643540,web_result,unknown_date,https://www.gamereactor.eu/age-twisters-197943,Age Twisters,"Gamereactor new menu

Gamereactor

Log in member

Gamereactor Games

# Age Twisters

 System: PC
 Genre: Adventure
 Developer: Piccolo Studio
 Publisher: Krafton
 Release date: 2027

 Age Twisters - Official Reveal Trailer

  ### (TRAILERS) AGE TWISTERS - OFFICIAL REVEAL TRAILER

HQ

## News

newest popular

Age Twisters Preview: Age truly is just a number in this charming co-op adventure## Age Twisters Preview: Age truly is just a number in this charming co-op adventure [...] PREVIEW. Written by Ben Lyons

We've been hands-on with Piccolo Studio's two-player cooperative project to see how it's setting itself apart in this increasingly crowded space.",,"trailer, release date",40,medium,"Exact title match (+20); Keywords ['trailer', 'release date'] (+20)",general
2643540,web_result,unknown_date,https://store.playstation.com/en-cz/concept/10020643,Age Twisters - PlayStation Store,"Publisher:
:   KRAFTON, Inc.

Genres:
:   Unique, Family, Adventure

© 2026 Piccolo Studio, S.L. All rights reserved.  
AGE TWISTERS is a registered trademark of Piccolo Studio, S.L.  
Developed by Piccolo Studio. Published by KRAFTON, Inc. [...] Latest
 Collections
 Deals
 Subscriptions
 Browse

Age Twisters

# Age Twisters

KRAFTON, Inc.

Release date to be determined.

 1 - 2 players
 2 online players
 PS5 Version

  Vibration function required
 Game Help supported

 1 - 2 players
 2 online players
 PS5 Version

  Vibration function required
 Game Help supported [...] ‘Age Twisters’ is a co-op title designed from start to finish for two players. Communicate and sync with the friend, partner, or family member you trust most. One opens the path; the other seizes the moment and pushes forward. Become each other’s eyes and ears to experience the true essence of cooperation.  
  
“Two players, one copy — local or online.”",,release date,40,medium,Exact title match (+20); Keywords ['release date'] (+20),general
2643540,youtube_video,outside_window,https://www.youtube.com/watch?v=gNypZzXdGI4,Age Twisters  #coopgaming #whattoplay #splitscreen #ittakestwo,,Age Twisters Grandad & granddaughter swap ages to solve puzzles and track down her missing mum — total It Takes Two energy ...,,35,medium,YouTube (+15); Exact title match (+20),
2643540,youtube_video,outside_window,https://www.youtube.com/watch?v=gNypZzXdGI4,Age Twisters  #coopgaming #whattoplay #splitscreen #ittakestwo,,Age Twisters Grandad & granddaughter swap ages to solve puzzles and track down her missing mum — total It Takes Two energy ...,,35,medium,YouTube (+15); Exact title match (+20),
2643540,web_result,unknown_date,https://www.instagram.com/age_twisters,Age Twisters (@age_twisters) • Instagram photos and videos,"Log In

Sign Up

## age\_twisters

 559 followers
 2 following

Age Twisters

💙💛 A 2-player co-op narrative adventure game,  
by @piccolostudiobcn & @krafton.today  
👇Add to Steam Wishlist

store.steampowered.com/app/2643540/?utm\_source=instagram

 age_twisters's highlight story picture

  gamescom2026
 age_twisters's highlight story picture

  Vote plz!
 age_twisters's highlight story picture

  ✨️

Photo by Age Twisters on June 17, 2026. May be an image of Sonic the Hedgehog and poster.",,,25,weak,Social Index (+5); Exact title match (+20),general
2643540,social_post,unknown_date,https://www.tiktok.com/discover/twisters-lawton-reference,Twisters Lawton Reference | TikTok,"Did you notice any of these easter eggs in Twisters that paid reference to the original Twister movie? Check out this thrilling survival movie recommendation with #filmtok #moviereviews #whattowatch #twisters. Twisters movie easter eggs, hidden easter eggs in Twisters, Twisters 2024 easter eggs, Easter eggs in Twisters 2024, Twisters movie review, movie recommendations, survival movies, natural disaster movies, Glen Powell, Oklahoma. The new one was good and all of that but the old one screamed oklahoma @twistersmovie #twisters #movies #phonk #fyp #viral #edit. Twisters | Movie Review This movie certainly didn't blow... #movies #twister #moviereview #twisters #tornado #disastermovie #newrelease #glenpowell #storm #filmtok. Twisters Movie Now Playing in Theaters. Twisters Movie now playing, twisters movie in theaters, twisters movie 2024, new movies in theaters, Twister movie 1996, movie theater, Glen Powell in Twisters Movie, running time of twisters movie, when is twisters coming to theaters, who starts siren in Twisters. i love them your honor #fyp #fypage #fyppppppppppppppppppppppp #twisters🌪️ #twistersmovie2024 #twistersedit #twistersedits #movieedit #movie #edit #capcut #capcutedit #textedit Twisters Movie 2024: Exciting Edits and Fan Tributes. Dive into creative edits and tributes for Twisters Movie 2024! Twisters movie 2024 edits, Twisters edits CapCut, movie editing tutorials, creative movie edits, fan tributes to Twisters, top Twisters edits 2024, CapCut movie edit tips, Twisters movie highlights, Twisters movie fan edits, exciting Twisters fan tributes. bro edited a truck #fyp #viral #twisters #editing #edit #aftereffects #glennpowell #twisters2024 #twistersmovie Exploring Twisters Movie Edits Featuring Glen Powell. Discover stunning edits of the Twisters movie with Glen Powell showcasing advanced editing techniques. Twisters movie edits, Glen Powell in Twisters, Twisters 2024 movie, Twisters film editing, Glen Powell Twister edit, After Effects Twisters edit, Twisters 2024 trailers, Twisters visual effects, Glen Powell film edits, Twisters movie visuals. Explore the captivating edits of storm twisters with Raxpol's unique style. The plot of twisters!#twistersmovie. 4 Vehicle 3 Movies #foryou #elrenotornado #intothestorm #twister #titus #stormchaserEditing #reedtimmer #fypシ #tiv1 #tiv2 #fypシ #foryou #twistedroblox #twisters Tornado Adventure in Roblox: Twister Game Highlights. Roblox tornado car game, storm chaser Roblox animation, tornado adventure in Roblox, gameplay of Twister Roblox, thrilling storm chasing experience, tornado chasing in Roblox game, epic Roblox tornado moments, Roblox game animation tips, intense tornadoes in Roblox, Twister game highlights.",,"trailer, gameplay",25,weak,"Social Index (+5); Keywords ['trailer', 'gameplay'] (+20)",social
2643540,social_post,unknown_date,https://x.com/NoisyPixelNews/status/2092316352275218822,"Noisy Pixel on X: ""Age Twisters Announced as 2-Player Co-Op ...",Age Twisters Announced as 2-Player Co-Op Adventure Where You Change Your Age to Solve Puzzles. Your dedicated gaming and manga outlet.,,,25,weak,Social Index (+5); Exact title match (+20),social
2643540,social_post,unknown_date,https://x.com/agetwisters,Age Twisters (@agetwisters) / X,"Log inSign up

Age Twisters

Age Twisters profile banner

@agetwisters

# Age Twisters

A 2-player co-op narrative adventure game, by Piccolo Studio & KRAFTON

store.steampowered.com/app/2643540/?u…

Joined June 2026

1

Following120

Followers

RepliesRepliesRepostsRepostsMediaMedia

 @agetwisters

  Age Twisters

  @agetwisters

  5h

  Age Twisters — Coming 2027 💙💛, Wishlist on Steam & PlayStation Now! 👇👇 agetwisters.com

  

  00:00
 @agetwisters

  Age Twisters

  @agetwisters

  Aug 31 [...] Aug 31

  This was Age Twister at Gamescom 🎮🙌 #agetwisters #coop #narrative #adventure #gamescom2026

  

  00:00

  1
 @agetwisters

  Age Twisters

  @agetwisters

  Aug 31

  How’d your teammate really do? 😏 #agetwisters #coop #narrative #adventure #gamescom2026

  

  00:00
 @agetwisters

  Age Twisters

  @agetwisters

  Aug 31

  Everything that happened at our booth! 🎁 #agetwisters #coop #narrative #adventure #gamescom2026

  

  00:00
 @agetwisters

  Age Twisters

  @agetwisters [...] @agetwisters

  Aug 30

  1 to 10 — how’d your partner do? 🧐 #agetwisters #coop #narrative #adventure #gamescom2026

  

  00:00",,,25,weak,Social Index (+5); Exact title match (+20),social
2643540,social_post,unknown_date,https://x.com/NinEverything/status/2092310495076503570,"Nintendo Everything on X: ""Age Twisters announced for Nintendo ...","Age Twisters announced for Nintendo Switch 2. Member of the Amazon, Best Buy and GameStop affiliate programs.",,,25,weak,Social Index (+5); Exact title match (+20),social
2643540,social_post,unknown_date,https://x.com/Wario64/status/2092309491039801482,"Wario64 on X: ""Age Twisters"" / X","""Age Twisters"" @Wario64. Fiance and I have another co-op game! More friendship games from krafton's. Nip twisters. 1 775",,,25,weak,Social Index (+5); Exact title match (+20),social
2643540,social_post,unknown_date,https://www.co-optimus.com/game/18836/pc/age-twisters.html,Co-Optimus - Age Twisters (PC) Co-Op Information,"Age Twisters is a 2-player co-op narrative adventure game. Play as a grandfather and granddaughter to solve puzzles by freely changing your age and reveal the dark secrets hidden beneath a facade of lies.

This page contains co-op info for Age Twisters on the PC. All information about Age Twisters was correct at the time of posting. Information is subject to change. If you see any errors please email us.

### 

### Comments

### Site Information

### Resources

### Co-Op Game Lists [...] # Co-Optimus

### Find Co-Op Games

#### By Feature

### Browse the Site

#### Co-Optimus

# Age Twisters

#### Core Features

#### Co-Op Extras

### The Co-Op Experience

Age Twisters is a co-op title designed from start to finish for two players. Communicate and sync with the friend, partner, or family member you trust most. One opens the path; the other seizes the moment and pushes forward. Become each other’s eyes and ears to experience the true essence of cooperation. [...] Age Twisters is a co-op title designed from start to finish for two players. Communicate and sync with the friend, partner, or family member you trust most. One opens the path; the other seizes the moment and pushes forward. Become each other’s eyes and ears to experience the true essence of cooperation.",,,25,weak,Social Index (+5); Exact title match (+20),social
2643540,social_post,unknown_date,https://store.steampowered.com/app/2643540/Age_Twisters,Age Twisters on Steam,"All Games > Action Games > Age Twisters

Community Hub

Age Twisters

Age Twisters

Age Twisters

Developer

Piccolo Studio

Publisher

KRAFTON, Inc.

Released

To be announced

Age Twisters is a 2-player co-op narrative adventure game that allows you to send a free invite to friends via the Friend’s Pass. Play as a grandfather and granddaughter to solve puzzles by freely changing your age and reveal the dark secrets hidden beneath a facade of lies.

All Reviews:

No user reviews [...] ""Alone, you’re only half. Co-op awaits — where each of you make the other whole.”

‘Age Twisters’ is a co-op title designed from start to finish for two players. Communicate and sync with the friend, partner, or family member you trust most. One opens the path; the other seizes the moment and pushes forward. Become each other’s eyes and ears to experience the true essence of cooperation.

“Two players, one copy — local or online.” [...] In Age Twisters, a grandfather and a granddaughter embark on a journey to find her mother, who disappeared years ago.

""Use the Age Twisters to change the age of your characters.”

One day, a package arrives — the last gift left behind by their mother. Inside are the Age Twisters, bracelets that freely change the wearer’s age. Shifting in real time between childhood, adolescence, adulthood, and old age. Different ages come with unique skills that can be combined to overcome hazards.",,,25,weak,Social Index (+5); Exact title match (+20),social
2643540,social_post,unknown_date,https://www.ign.com/games/age-twisters,Age Twisters - IGN,"### Summary

Age Twisters is a 2-player co-op narrative adventure game that allows you to send a free invite to friends via the Friend’s Pass. Play as a grandfather and granddaughter to solve puzzles by freely changing your age and reveal the dark secrets hidden beneath a facade of lies.

Developers

Piccolo Studio

Publishers

KRAFTON, Inc.

Features

Online Co-Op Multiplayer, Split-Screen Multiplayer, Online Two-Player Multiplayer

Initial Release

TBA

Platforms",,,25,weak,Social Index (+5); Exact title match (+20),social
2643540,web_result,unknown_date,https://www.pcgamer.com/games/adventure/age-twisters-is-a-simple-yet-charming-spin-on-the-co-op-adventure-that-aims-to-feel-like-watching-a-pixar-movie,Age Twisters is a simple yet charming spin on the co-op adventure that aims to feel like watching a Pixar movie | PC Gamer,"Keep up to date with the most important stories and the best deals, as picked by the PC Gamer team.

Age Twisters is set to release on Steam in 2027.

Mollie Taylor [...] be used to push or pull objects. [...] Age Twisters is the studio's attempt at a game like It Takes Two or Split Fiction, albeit much lower on the toughness scale—something which the developer itself admits, instead going for a game that's constantly evolving and different rather than outright difficult. It takes a granddaughter-grandfather duo and slaps a couple of age-bending bracelets on them, allowing each one to age up or down all the way from a young child to a hobbling old bean.

Age Twisters

Age Twisters",,,20,weak,Exact title match (+20),general
2643540,web_result,unknown_date,https://en.wikipedia.org/wiki/Twisters_(film),Twisters (film) - Wikipedia,"| Cinematography | Dan Mindel |
| Edited by | Terilyn A. Shropshire |
| Music by | Benjamin Wallfisch |
| Production companies |  Universal Pictures  Warner Bros. Pictures  Amblin Entertainment  The Kennedy/Marshall Company |
| Distributed by |  Universal Pictures (United States and Canada)  Warner Bros. Pictures (International) |
| Release dates |  July 8, 2024 (2024-07-08) (Cineworld Leicester Square)  July 19, 2024 (2024-07-19) (United States) |
| Running time | 122 minutes | [...] Twisters premiered at Cineworld Leicester Square in London on July 8, 2024. Notably attending the event was Tom Cruise, who worked with Powell on Top Gun: Maverick in 2022. The film also screened at the Taormina Film Fest in Italy in July 2024. The film was released in the United States by Universal Pictures on July 19, 2024, and early in some international markets by Warner Bros. Pictures, beginning on July 10. It was also released through digital formats by Universal Pictures Home [...] Twisters premiered at the Empire Leicester Square in London on July 8, 2024, and was released internationally by Warner Bros. Pictures on July 10, and in the United States and Canada by Universal Pictures on July 19. It received generally positive reviews from critics and grossed over $372 million worldwide on a $155 million budget.

## Plot

[edit&action=edit&section=1 ""Edit section: Plot"")]",,release date,20,weak,Keywords ['release date'] (+20),general
2643540,web_result,unknown_date,https://www.bluesnews.com/s/302279/age-twisters-announced,Age Twisters Announced,"[Aug 26, 2026, 1:18 pm ET] – 1 Comment. KRAFTON and Piccolo Studio announce Age Twisters, a co-op adventure coming to PC and console next year.",,,20,weak,Exact title match (+20),general
2643540,web_result,unknown_date,https://agetwisters.com,Age Twisters - WISHLIST NOW!,"Coming in 2027

WISHLIST NOW!

Also coming to

© 2026 Piccolo Studio, S.L. All rights reserved.   |   AGE TWISTERS is a trademark of Piccolo Studio, S.L.   |   Developed by Piccolo Studio, S.L.   |   Published by KRAFTON, Inc.",,,20,weak,Exact title match (+20),general
2643540,web_result,unknown_date,https://www.metacritic.com/game/age-twisters/details,Age Twisters details - Metacritic,"Age Twisters

# Details

 Critic Reviews
 User Reviews
 Details

Description: Age Twisters is a 2-player co-op narrative adventure game that allows you to send a free invite to friends via the Friend’s Pass. Play as a grandfather and granddaughter to solve puzzles by freely changing your age and reveal the dark secrets hidden beneath a facade of lies.

## Overview

Platforms:

 PC
 PlayStation 5

Publisher:

 KRAFTON Inc.

Genres:

 Action Adventure

Advertisement",,,20,weak,Exact title match (+20),general
2643540,web_result,unknown_date,https://www.metacritic.com/game/age-twisters/details,Age Twisters details - Metacritic,"Age Twisters

# Details

 Critic Reviews
 User Reviews
 Details

Description: Age Twisters is a 2-player co-op narrative adventure game that allows you to send a free invite to friends via the Friend’s Pass. Play as a grandfather and granddaughter to solve puzzles by freely changing your age and reveal the dark secrets hidden beneath a facade of lies.

## Overview

Platforms:

 PC
 PlayStation 5

Publisher:

 KRAFTON Inc.

Genres:

 Action Adventure

Advertisement",,,20,weak,Exact title match (+20),general
2643540,web_result,unknown_date,https://www.pcgamer.com/games/adventure/age-twisters-is-a-simple-yet-charming-spin-on-the-co-op-adventure-that-aims-to-feel-like-watching-a-pixar-movie,Age Twisters is a simple yet charming spin on the co-op adventure ...,"PC Gamer is part of Future plc, an international media group and leading digital publisher. Visit our corporate site.

Add as a preferred source on Google

©
Future Publishing Limited Quay House, The Ambury,
Bath
BA1 1UA. All rights reserved. England and Wales company registration number 2008885.

Please login or signup to comment

Please wait... [...] Age Twisters

As I'm making my way through the beginning of two-player co-op adventure Age Twisters alongside the founders of developer Piccolo Studios, I'm told the goal was to create a game that evokes the same feelings as watching a Pixar movie with your child. Now I am admittedly sprogless, but it wasn't difficult to latch onto those similar fuzzy feelings of nostalgia and familial love even as I completed puzzles alongside a man I'd only met minutes prior. [...] Keep up to date with the most important stories and the best deals, as picked by the PC Gamer team.

Age Twisters is set to release on Steam in 2027.

Mollie Taylor",,,20,weak,Exact title match (+20),general
2643540,web_result,unknown_date,https://www.ign.com/games/age-twisters,Age Twisters - IGN,"### Summary

Age Twisters is a 2-player co-op narrative adventure game that allows you to send a free invite to friends via the Friend’s Pass. Play as a grandfather and granddaughter to solve puzzles by freely changing your age and reveal the dark secrets hidden beneath a facade of lies.

Developers

Piccolo Studio

Publishers

KRAFTON, Inc.

Features

Online Co-Op Multiplayer, Split-Screen Multiplayer, Online Two-Player Multiplayer

Initial Release

TBA

Platforms [...] IGN LogoIGN Logo

10 hrs

IGN gamescom studio day 2

# Age Twisters

Piccolo Studio

•

Initial Release: TBA

•PlayStation 5Nintendo Switch 2Xbox Series X/SPC

NR

IGN Rating

OverviewPlaylistsReviews

### Images & Screenshots

### Summary",,,20,weak,Exact title match (+20),general
2643540,reddit_discussion,unknown_date,https://www.reddit.com/r/tornado/comments/1jgafv7/just_finished_watching_twisters_caught_in_the,Just Finished watching (Twisters caught in the Storm) on ...,"Just Finished watching (Twisters caught in the Storm) on Netflix thought it was a good watch. (spoilers about the Film in here, Not about stating the obvious) : r/tornado Skip to main contentJust Finished watching (Twisters caught in the Storm) on Netflix thought it was a good watch. Just Finished watching (Twisters caught in the Storm) on Netflix thought it was a good watch. (spoilers about the Film in here, Not about stating the obvious) I was 23 Years old in 2011 I remember watching the news and going on youtube and other social media platforms and seeing the destruction from the Tornado Outbreak that happened and how aweful it was. I love most of the stories even if they might have been skewed a little for ""movie drama"" and that thankful for the kids that had a bad feeling and saved additional peoples lives kinda like the somewhere recent post I shared about the little girl saving her family by telling them they need to leave their Mobile home. I still don't think that one girl SEEN the eye of the tornado and by no means down playing that horrific time that they all had to endure and somehow made it out. I did like towards the end how the gay guy was like I love Joplin and stayed there always comes to mind in my head how its like why do people live so close to Hurricane territory and still stay after seeing so much destruction and not wanting to leave how much you can still love a location after its been through hell time and time again. Also what always comes to mind is sometimes I take some of my favorite music artist/Music songs/albums and music and compare them to times in my life and I think one of my most favorite bands August Burns Red came out with a Album in 2011 (Leveler) and I think its a pretty fitting album for that year. Recommendations for tornado movies on Netflix Best documentaries about tornadoes on Netflix Overview of Twisters Caught in the Storm Lifehacks for watching Netflix documentaries Create your account and connect with a world of communities.",,,10,weak,Reddit (+10),social
2643540,reddit_discussion,unknown_date,https://www.reddit.com/r/Korean/comments/jxj7xw/korean_tongue_twisters_%ED%95%9C%EA%B5%AD%EC%96%B4_%EC%9E%B0%EB%A7%90%EB%86%80%EC%9D%B4?tl=ko,Korean Tongue Twisters 한국어 잰말놀이 : r/Korean,"# Korean Tongue Twisters 한국어 잰말놀이 : r/Korean. Skip to main contentKorean Tongue Twisters 한국어 잰말놀이 : r/Korean. Open menu Open navigationGo to Reddit Home. Get App Get the Reddit app Log InLog in to Reddit. Expand user menu Open settings menu. ## Thanks for the feedback! Tell us more about why this content is not helpful. Post is not relevant Bad translation I don't need translations. # Korean Tongue Twisters 한국어 잰말놀이. 내가 한국어로 15개의 혀 꼬는 문장들을 (시도하며) 읽는 짧은 영상을 만들었어. (프랑스어로 짧게 소개했는데, 1:07부터 바로 보시면 돼요!). 다 같이 따라 읽어봐도 좋고, 발음 연습에 확실히 도움 될 거야! - 한국어 수업 시작하기 전이나 한국어로 말할 일 있을 때마다 읽어봐 :D. 영상에서 내가 읽은 문장들은 이거야 >. 1. 저 분은 백 법학박사이고 이 분은 박 법학박사이다. 2. 저기 저 뜀틀이 내가 뛸 뜀틀인가 내가 안 뛸 뜀틀인가. 3. 앞 집 팥죽은 붉은 팥 풋팥죽이고 , 뒷집 콩죽은 햇콩단콩 콩죽, 우리집 깨죽은 검은깨 깨죽인데 사람들은 햇콩 단콩 콩죽 깨죽 죽먹기를 싫어하더라. 4. 우리집 옆집 앞집 뒷창살은 홑겹창살이고, 우리집 뒷집 앞집 옆창살은 겹홑창살이다. 5. 내가 그린 기린 그림은 긴 기린 그림이고 니가 그린 기린 그림은 안 긴 기린 그림이다. 6. 고려고 교복은 고급 교복이고 고려고 교복은 고급 원단을 사용했다. 7. 인천 간장공장 공장장은 장공장장이고, 부천 강장공장 공장장은 양공장장이다. 8. 김서방네 지붕위에 콩깍지가 깐콩깍지냐 안깐콩깍지이냐? 9. 철수 책상 새 책상, 철수 책장 헌 책장 칠수 책상 새 책상, 칠수 책장 헌 책장. 양양역앞 양장점은 양양양장점이고 영양역앞 영화관은 영양영화관이다. 앞집 꽃집은 장미꽃 꽃집이고 옆집 꽃꽃이집은 튤립꽃 꽃꽃이집이다. 우리집 옆에 간장 공장이 있고 간장 공장 옆에 된장 공장이 있고 된장 공장 옆에 고추장 공장이 있고 간장공장, 된장 공장, 고추 장공장에는 공장장들이 있습니다. 가랑 가랑 가랑비 오면 가갸거겨 개구리가 노래를 하고 개구리가 가갸거겨 노래를 하면 가랑 비가 가랑가랑 내린답니다. 그 집 콩밭은 검정 콩밭이고 내 집 콩밭은 강낭콩밭이며 검정 콩밭 옆에 강낭콩밭이 있고 강낭콩밭 옆에 검정콩밭이 있다. 우유성분 함유율은 칼슘함유량이 철분함유랑보다 높은가? 재밌게 봐줬으면 좋겠고, 어떤 게 제일 발음하기 어려웠는지 알려줘! Create your account and connect with a world of communities. By continuing, you agree to ourUser Agreementand acknowledge that you understand thePrivacy Policy. Anyone can view, post, and comment to this community. Reddit RulesPrivacy PolicyUser AgreementYour Privacy ChoicesAccessibilityReddit, Inc.",,,10,weak,Reddit (+10),social
2643540,reddit_discussion,unknown_date,https://www.reddit.com/r/Spanish/comments/177dagi/tongue_twisters,Tongue twisters : r/Spanish - Reddit,"379K Members 84 Online ### Is there a tongue twister which is full of rolling r's？ 70 upvotes ·42 comments * Tongue-Twisters: A funny way to challenge your Spanish speaking skills: r/Spanish icon r/Spanish•6 yr. 379K Members 84 Online ### Tongue-Twisters: A funny way to challenge your Spanish speaking skills 8 upvotes ·10 comments * Tongue twisters: r/learnspanish icon r/learnspanish•6 yr. 16K Members 6 Online ### The tongue trick 11 upvotes ·9 comments * Trabalenguas / tongue-twisters: r/Spanish icon r/Spanish•12 yr. 379K Members 84 Online ### Trabalenguas / tongue-twisters 6 upvotes ·11 comments * Honest use of tongues: r/ExPentecostal icon r/ExPentecostal•6 mo. 269K Members 7 Online ### Any tongue twisters in Spanish I could use to practice rolling my r? ago : r/thanksihateit iconr/thanksihateit The original Thanks I Hate It 349K Members 17 Online ### Thanks, I hate cracked tongue : r/thanksihateit - Thanks, I hate cracked tongue 714 upvotes ·89 comments * Tongue issues: r/Cervicalinstability icon r/Cervicalinstability•8 mo. 1.6K Members 4 Online ### Tongue issues 7 upvotes ·4 comments * My tongue is too big for my mouth AMA: r/AMA icon r/AMA•1 mo. 2.6M Members 162 Online [### [TOMT] Reddit page that’s like tip of my tongue, but it’s for true crime?]() 2 upvotes ·5 comments * [[TOMT][REDDIT POST] Tip Of My Tongue post from a couple years ago where OP is looking for a cartoon and acting strange](): r/tipofmytongue icon r/tipofmytongue•8 mo. 2.6M Members 162 Online [### [TOMT][REDDIT POST] Tip Of My Tongue post from a couple years ago where OP is looking for a cartoon and acting strange]() 121 upvotes ·39 comments * another tongue left unsucked: r/CuratedTumblr icon r/CuratedTumblr•21 days ago : r/CuratedTumblr iconr/CuratedTumblr r/Tumblr but smaller and with better moderation 460K Members 744 Online ### another tongue left unsucked : r/CuratedTumblr - another tongue left unsucked 1.2K upvotes ·25 comments * My tongue kinda big: r/notinteresting icon r/notinteresting•11 days ago : r/notinteresting iconr/notinteresting For things that are not interesting at all 1.1M Members 171 Online ### My tongue kinda big : r/notinteresting - My tongue kinda big 244 upvotes ·41 comments * How to clean tongue well?",,,10,weak,Reddit (+10),social
2643540,reddit_discussion,unknown_date,https://www.reddit.com/r/puzzlevideogames/comments/1l66gwx/daily_logic_puzzles_quick_brain_twisters,Daily logic puzzles - quick brain twisters : r/puzzlevideogames,"Title: Daily logic puzzles - quick brain twisters : r/puzzlevideogames
Daily logic puzzles - quick brain twisters : r/puzzlevideogames. Skip to main contentDaily logic puzzles - quick brain twisters : r/puzzlevideogames. Open menu Open navigationGo to Reddit Home. Get App Get the Reddit app Log InLog in to Reddit. Expand user menu Open settings menu. Daily logic puzzles - quick brain twisters. Image 1: r/puzzlevideogames - Daily logic puzzles - quick brain twistersImage 2: r/puzzlevideogames - Daily logic puzzles - quick brain twisters. Image 3: r/puzzlevideogames - Daily logic puzzles - quick brain twisters. White circles represent digits that exist in the answer but are in the wrong position. Black circles represent digits that exist and are correctly positioned. You need to figure out the correct three digits. Medium has 4 digits, hard has 5. Top puzzle games of the year. Best puzzle mechanics in video games. Unique puzzle game concepts to explore. How to create engaging puzzle levels. Most challenging puzzles in gaming history. Create your account and connect with a world of communities. By continuing, you agree to ourUser Agreementand acknowledge that you understand thePrivacy Policy. Anyone can view, post, and comment to this community. *   Reddit reReddit: Top posts of June 8, 2025 * * *. *   Reddit reReddit: Top posts of June 2025 * * *. *   Reddit reReddit: Top posts of 2025 * * *. Reddit RulesPrivacy PolicyUser AgreementYour Privacy ChoicesAccessibilityReddit, Inc.",,,10,weak,Reddit (+10),social
2643540,reddit_discussion,unknown_date,https://www.reddit.com/r/Yugioh101/comments/gu0fg7/can_i_use_the_effect_of_a_card_that_is_targeted,Can I use the effect of a card that is targeted by Twin Twisters in chain of Twin Twisters? : r/Yugioh101,"Title: Can I use the effect of a card that is targeted by Twin Twisters in chain of Twin Twisters? : r/Yugioh101
Can I use the effect of a card that is targeted by Twin Twisters in chain of Twin Twisters? Skip to main contentCan I use the effect of a card that is targeted by Twin Twisters in chain of Twin Twisters? Open menu Open navigationGo to Reddit Home. Get App Get the Reddit app Log InLog in to Reddit. Expand user menu Open settings menu. Image 1: r/Yugioh101 icon Go to Yugioh101. Can I use the effect of a card that is targeted by Twin Twisters in chain of Twin Twisters? Top beginner strategies for winning duels. Essential cards for a starter deck. How to build a balanced Yu-Gi-Oh deck. Best resources for learning Yu-Gi-Oh rules. Tips for mastering card combos. Create your account and connect with a world of communities. By continuing, you agree to ourUser Agreementand acknowledge that you understand thePrivacy Policy. Anyone can view, post, and comment to this community. *   Reddit reReddit: Top posts of May 31, 2020 * * *. *   Reddit reReddit: Top posts of May 2020 * * *. *   Reddit reReddit: Top posts of 2020 * * *. Reddit RulesPrivacy PolicyUser AgreementYour Privacy ChoicesAccessibilityReddit, Inc.",,,10,weak,Reddit (+10),social
2643540,social_post,unknown_date,https://www.tiktok.com/discover/tyler-owens-age,Tyler Owens Age | TikTok,"# Tyler Owens Age. Discover Tyler Owens' age and achievements in college football and more. tyler owens twisters age, Tyler Owens college football, Tyler Owens age 2023. ## Discover Tyler Owens' age and achievements in college football and more. tyler owens twisters age, Tyler Owens college football, Tyler Owens age 2023. 🐇🐇🐇 #tylerowens #nfl #nflcombine Tyler Owens NFL Combine Records Second Longest Broad Jump in History. Witness Tyler Owens' incredible performance at the NFL Combine where he achieved the second longest broad jump in history, surpassing all expectations. #Commanders S Tyler Owens Most snaps in career (25) Most coverage snaps in career (15) 3 sacks 1 STOP 2 targets 2 receptions long 18yds #RaiseHail #tylerowens Tyler Owens: Career Milestones and Performance Highlights. Explore Tyler Owens' impressive career stats, featuring 3 sacks and record snaps in coverage. Tyler Owens career milestones, Tyler Owens football stats, most coverage snaps Tyler Owens, Tyler Owens performance highlights, football player career stats, Tyler Owens career achievements, Tyler Owens defensive stats, football position player records, most snaps in career, Tyler Owens defensive performance. #FANFICEDIT - another tyler owens fic because i couldn’t help myself. #tylerowensfanfic #tylerowens #tylerowensfanfiction #tylerowenswattpad #glenpowellfanfic #glenpowell #glenpowelledit #alyciadebnamcarey #alyciadebnamcareyedit #wattpadstory #fanfic #like #comment #fyp #foryoupage #fypシ゚ #fypviralシ #ocedit #originalcharacter #originalcharacteredit #capcutvelocity #capcut\_edit #capcutedit Tyler Owens Fanfic Edit: A Protective Romance. Dive into a captivating Tyler Owens fanfic edit with an original character twist. Tyler Owens fanfiction, fanfic edit with original character, Glen Powell fanfic, Tyler Owens romance story, Wattpad Tyler Owens narrative, protective Tyler Owens theme, Alycia Debnam-Carey edit, character overlay techniques, popular fanfiction edits, fandom storytelling styles. Tyler Owen's // hi // #fyp #edit #viral #thesaq #glenpowell. tyler owens the man you are 😍 #glenpowell #glenpowelledit #twisters #twistersmovie #twistersedit #tylerowens #tylerowensedit Tyler Owens in Twisters Movie: The Man You Are. Discover more about Tyler Owens in the Twisters movie, portrayed by Glen Powell. Tyler Owens Twisters movie, Glen Powell, Twisters 2024, Glen Powell Twisters, Tyler Owens character, Twisters movie scenes, Twisters movie edits, Twisters truck, movie 1996, Tyler Owens sunglasses. ### Related to Tyler Owens Age. ## How old is Tyler Owens? ## What is Tyler Owens' age?",,,5,weak,Social Index (+5),social
2643540,social_post,unknown_date,https://www.tiktok.com/discover/twin-twisters,Twin Twisters | TikTok,"Mi hijo de 4 años quiso subirse al twin twister... #fiestasdeoctubre #twintwister #juegosmecanicos🎢🎡🎠 #diversiones Diversión en el Twin Twister con mi hijo de 4 años. Mi hijo se sube al Twin Twister y se divierte a lo grande. ¡No te lo pierdas! #fiestasdeoctubre #twintwister #diversiones. Twin Twister juegos mecánicos para niños, diversión en parque de atracciones, juegos mecánicos para niños de 4 años, experiencias de juego familiar, juegos de fiesta infantiles, atracciones para niños, hijos y [...] Image 1: 1281 Likes, 53 Comments. TikTok video from Alyssa Cerda (@alyssacerda7): ""Mi hijo de 4 años quiso subirse al twin twister... #fiestasdeoctubre #twintwister #juegosmecanicos🎢🎡🎠 #diversiones"" 1281 [...] and granddaughters, happy family activities",,,5,weak,Social Index (+5),social
2643540,social_post,unknown_date,https://www.tiktok.com/discover/building-the-twisters-truck?lang=en,Building The Twisters Truck | TikTok,"# Building The Twisters Truck. Discover how to build the Twisters truck! building the Twisters truck, tips for Twisters truck build, Twisters truck modification guide. ## Discover how to build the Twisters truck! building the Twisters truck, tips for Twisters truck build, Twisters truck modification guide. If you have concerns，please report at: Feedback and help - TikTok. My 9 year old is obsessed with all things Twisters so for his school Valentines Day box he recreated the Twisters truck on top of a remote control car 💯 @Universal Pictures @Warner Bros. #CapCut #fy #fypage #CapCut #twisters #glenpowell #twister #ram #dodge #dodgeram #tornado #tornadowrangler #stormchaser. I try to make the twisters truck. I built the truck from Twister! Full tutorial is live on YouTube: #lego #legocar #speedchampions #legospeedchampions #speedchampionslego #dodge #dodgeram #dodgeram2500 #ram2500 #twister #90smovies #90s #fyp #foryoupage Construí el camión de Twister: ¡Tutorial completo!. tutorial camión Twister, cómo construir camión Lego, tutorial Lego Dodge Ram, camión Lego Speed Champions, camión de juguete Twister, construcción de Lego en YouTube, camiones de los 90, Lego de películas de los 90, proyecto de Lego divertido. Tornado wrangler adventures, cool trucks for kids, storm chasing fun, tornado activities for children, tornado documentary for kids, weather enthusiasts kids, tornado fascination stories, youth storm chasers, excitement in storm wrangling, understanding tornadoes for kids. New Truck 👀🤠🌪️ | #twisted #roblox #truck #twisters #tornado #stormchaser #storm #fyp #ftpシ #fypシ #viral #viralvideo #moot #moots @twistersmovie New Truck for Tornado Adventures in Roblox. Please enjoy…💯💯💯 Building a Twister Movie Experience. #twister #twister1996 #dodge #ram #twisters #twisters2024 Twister 1996 Dodge Ram Truck Restoration Process. Follow the restoration journey of a Twister 1996 Dodge Ram truck from Wisconsin to Iowa. Twister 1996 Dodge Ram, Truck restoration, Rust removal, Bed lining, Iowa, Wisconsin, Transformation, Twister truck, Dodge Ram truck, Twister movie truck. ### Related to Building The Twisters Truck. ## What is the Twisters Truck? ## How is the Twisters Truck built? ## Why is the Twisters Truck popular for tornado chasing? The Truck from TwistersTruck from TwistersTruck Build TakuacheTruck from TwisterBuilding A Truck in GreenvilleTwisters Scene of The Truck Flipped overHow Yo Make The Twisters Truck in TwistedTwisters Truck AnchorTwisters Auger TruckTwisters Truck Dig into Ground.",,,5,weak,Social Index (+5),social
2643540,social_post,unknown_date,https://www.tiktok.com/discover/book-for-if-you-like-twisters,Book for If You Like Twisters | TikTok,"Book for If You Like Twisters | TikTok. Book for If You Like Twisters. Discover captivating books like Twisters that fans rave about! best books like Twisters, Twisters book recommendations, Twisters series reading list. Discover captivating books like Twisters that fans rave about! best books like Twisters, Twisters book recommendations, Twisters series reading list. If you have concerns，please report at: Feedback and help - TikTok. cowgirl summer FULL FORCE #booktok #books #bookish #bookclub #book #bookworm #booklover #chestnutsprings #doneanddusted #elsiesilver #cowgirl #twisters Cowgirl Summer: A Chestnut Springs Tale. Explore the world of Chestnut Springs in this captivating book about cowgirls, twisters, and love. #booktok #books #bookish #bookclub #bookworm #booklover #chestnutsprings #doneanddusted #elsiesilver #cowgirl #twisters. cowgirl summer book, chestnut springs, cowgirl club, twisters, elsie silver, books like twisters, country girl book, eye of the storm book, cowboy by heart book, books about twisters. books inspired by Twisters movie, thrilling romance novels, emotional resilience books, storm chasing fiction, dramatic reads for romance lovers, small-town secrets novels, adrenaline-pumping books, weather-themed romances, contemporary romance recommendations, must-read books like movies. ""Twisters"" vibe book 😍 Looking for a Tornado chasing romance? This one is for you 🫶🏻🥰 Any other Twister/Tornado book recs, drop them in the comments Whirlwind by @Kayla Grosse | Romance Author #twisters #book #booktok #books #bookworm #reading #bookrecommendations Romance in the Eye of the Twister: Whirlwind. Share your top Twister book recommendations! Tornado chasing romance book, Whirlwind Kayla Grosse review, best tornado romance novels, Twister themed book recommendations, romance novels about storms, books for storm chasers, bookworm recommendations, reading tornado-themed stories, must-read romance novels, Twister movie inspired books. twister-inspired romance books, Kayla G romance novel, storm chaser professor romance, age gap romance novels, booktok recommendations for romance, thrilling romance adventures, book recommendations for romance readers, adventure romance with k! 15 books to read if you LOVED Glen Powell in Twisters. Explore cowboy romance books like Twisters with Glen Powell and Daisy Edgar Jones. twisters movie, cowboy romance books, glen powell, daisy edgar jones, elsie silver, lyla sage, devney perry, chestnut springs series, flawless elsie silver, the edens series. ### Related to Book for If You Like Twisters. ### Related to Book for If You Like Twisters.",,,5,weak,Social Index (+5),social
2643540,social_post,unknown_date,https://www.instagram.com/p/C3Yfjj_phfS,Spad's Twisters | WE'RE HIRING!! Must be 16 years of ... - Instagram,"✨ Must be 16 years of age to apply. DUTIES INCLUDE: making ice cream, working the cash register, stocking and cleaning!! 🧹🧽 Message us if you or someone you know is interested in making some money this summer as we’ll be opening within the next couple weeks!! There are applications to print off on our website ✨✨🍦🍦 #nowhiring#spadstwisters#twistersofwilliamston#softserveicecream Log in to like or comment.",,,5,weak,Social Index (+5),social
2643540,social_post,unknown_date,https://www.instagram.com/p/C9kdjwFpmXp,"One Of Us on Instagram: ""Highly Suspect Reviews: Twisters

In this age of rapidly changing weather, as disasters begin to significantly increase, it’s par for the course for Hollywood to parallel it with action films. So let’s resurrect a film from 1996, beloved by some, make it plural, and largely ..."," no other connection to the original. It’s Twisters and now there are...more tornadoes. Kate Cooper (Daisy Edgar-Jones) is an ex-storm chaser (after a seriously terrible mistake that took out 90% of her friends) with a sixth sense for storm movement, much like Bill Paxton’s character in the original. Despite her understandable trauma, she is convinced to come back out to the field by her one surviving friend Javi (Anthony Ramos) who has hooked up with a well-funded group who are using military tech to get enormous amounts of new data on the tornados. But, of course, it means getting up close. Storm chasing is a hobby at this point with lots of amateur teams piling into their RVs and looking to get famous for YouTube weather videos. The king of this is Tyler Owens (Glen Powell), a well-known and beloved adrenaline junky who pulls stunts like launching fireworks into the tornadoes. But he might be more than he appears, and Javi’s funders might not be as altruistic as they present themselves. So it’s more rural fast driving, goofy side characters, dangerous storms, and hand-wringing ‘but the science!’. Only now it’s got 100% more bad country music. This film may be best remembered for being the dawn of Glen Powell (to wide audiences) as the massive movie star he’s certainly going to become, but Chris, Wright, Nathan, and Ben were mixed about the rest.

https://oneofus.net/2024/07/highly-suspect-reviews-twisters/

#Twisters #GlenPowell #DaisyEdgarJones #MovieReview #Podcast #HighlySuspectReviews #OneOfUs""
In this age of rapidly changing weather, as disasters begin to significantly increase, it’s par for the course for Hollywood to parallel it with action films. It’s Twisters and now there are...more tornadoes. Kate Cooper (Daisy Edgar-Jones) is an ex-storm chaser (after a seriously terrible mistake that took out 90% of her friends) with a sixth sense for storm movement, much like Bill Paxton’s character in the original. Despite her understandable trauma, she is convinced to come back out to the field by her one surviving friend Javi (Anthony Ramos) who has hooked up with a well-funded group who are using military tech to get enormous amounts of new data on the tornados. The king of this is Tyler Owens (Glen Powell), a well-known and beloved adrenaline junky who pulls stunts like launching fireworks into the tornadoes. So it’s more rural fast driving, goofy side characters, dangerous storms, and hand-wringing ‘but the science!’. [![: Photo by One Of Us in Violet Crown Cinemas with @violetcrowncinemas. 5th 7PM I VIOLET CROWN CINEMA for tickets'.]()](). In this age of rapidly changing weather, as disasters begin to significantly increase, it’s par for the course for Hollywood to parallel it with action films. It’s Twisters and now there are...more tornadoes. Kate Cooper (Daisy Edgar-Jones) is an ex-storm chaser (after a seriously terrible mistake that took out 90% of her friends) with a sixth sense for storm movement, much like Bill Paxton’s character in the original. Despite her understandable trauma, she is convinced to come back out to the field by her one surviving friend Javi (Anthony Ramos) who has hooked up with a well-funded group who are using military tech to get enormous amounts of new data on the tornados. The king of this is Tyler Owens (Glen Powell), a well-known and beloved adrenaline junky who pulls stunts like launching fireworks into the tornadoes. So it’s more rural fast driving, goofy side characters, dangerous storms, and hand-wringing ‘but the science!’. [![: Photo by One Of Us in Violet Crown Cinemas with @violetcrowncinemas. 5th 7PM I VIOLET CROWN CINEMA for tickets'.]()](). See photos, videos and more fr...",,,5,weak,Social Index (+5),social
2643540,social_post,unknown_date,https://www.instagram.com/p/DMrXwlnO5Qx,Twisters Volleyball Club🌪️ on Instagram,"Title: Twisters Volleyball Club🌪️ on Instagram
Image 1: twisters.vball.club's profile picture. Never miss a post from twisters.vball.club. Sign up for Instagram to stay in the loop. Image 2: Photo by Twisters Volleyball Club🌪️ on July 28, 2025. Image 3: twisters.vball.club's profile picture. Log in to like or comment. More posts from twisters.vball.club. Image 4: Photo by Twisters Volleyball Club🌪️ on January 31, 2026. May be an image of volleyball and text. Image 5: Photo by Twisters Volleyball Club🌪️ on January 19, 2026. May be an image of volleyball and text. Image 6: Photo by Twisters Volleyball Club🌪️ on January 19, 2026. May be an image of volleyball and text. Image 7: Photo by Twisters Volleyball Club🌪️ on January 19, 2026. May be an image of volleyball and text. Image 8: Photo by Twisters Volleyball Club🌪️ on January 19, 2026. May be an image of volleyball and text. Image 9: Photo by Twisters Volleyball Club🌪️ on January 18, 2026. May be an image of volleyball and text that says '23 LACEE 1 2 44 3 12 22 13 LLEYBALL VISTERS RIES PERS 1425 14 25'. Image 10: Photo by Twisters Volleyball Club🌪️ on January 17, 2026. May be an image of volleyball and text. Image 11: Photo by Twisters Volleyball Club🌪️ on January 17, 2026. May be an image of volleyball and text. Image 12: Photo by Twisters Volleyball Club🌪️ on January 11, 2026. May be an image of volleyball and text.",,,5,weak,Social Index (+5),social
2643540,social_post,unknown_date,https://www.instagram.com/explore/locations/191559311192148/twisters-ice-cream,Twisters Ice Cream,"327 S Waverly Rd , Lansing, MI 48917. Ice Cream Shop•46 posts. $$$$•Closed until 12:00 PM. See more from Twisters Ice Cream. See photos and videos taken here and places nearby.",,,5,weak,Social Index (+5),social
2643540,social_post,unknown_date,https://www.instagram.com/popular/balloon-twisters-colorado-springs,Balloon Twisters Colorado Springs,"# Balloon Twisters Colorado Springs. ## Allow the use of cookies from Instagram on this browser? We use cookies and similar technologies to help provide and improve content on Meta Products. We also use them to provide a safer experience by using information we receive from cookies on and off Instagram, and to provide and improve Meta Products for people who have an account. * Essential cookies: These cookies are required to use Meta Products and are necessary for our sites to work as intended. * Cookies from other companies: We use these cookies to show you ads off of Meta Products and to provide features like maps and videos on Meta Products. You have control over the optional cookies we use. Learn more about cookies and how we use them, and review or change your choices at any time in our Cookies Policy. Why do we use cookies? We use cookies from other companies in order to show you ads off of our Products, and provide features like maps, payment services and video. #### Choose cookies by category. ##### How we use these cookies. ##### If you allow these cookies. ##### If you don't allow these cookies. Other ways you can control your information. ##### Manage your ad experience in Accounts Center. ##### More information about online advertising. ##### Controlling cookies with browser settings. Allow all cookies Decline optional cookies.",,,5,weak,Social Index (+5),social
2643540,web_result,unknown_date,https://www.bark.us/content-review/twisters-review,Twisters: A Movie Review for Parents | Bark,"March 3, 2026 - content review · Updated March 3, 2026 · Overall Rating: ⭐ 3.0 / 5 · Recommended Age: 13 and up · Where to watch: Peacock · Calling all storm chasers! The 1996 original Twister film got its sequel after almost three decades, complete",,,0,weak,,general
2643540,web_result,unknown_date,https://www.commonsensemedia.org/movie-reviews/twisters,Twisters - Parents' Guide & Movie Review | Common Sense Media,"See all 45 parent reviews

age 11+      

Based on 66 kid reviews

Kids say this movie is highly entertaining and action-packed, featuring impressive visual effects and a captivating plot centered around tornadoes. While it contains instances of mild swearing and some intense scenes that could be frightening for younger audiences, many viewers appreciate the positive messages about teamwork and bravery, deeming it appropriate for tweens and older children. [...] ### Twisters

 Twisters Movie: Characters look in alarm at something offscreen
 Twisters Movie: A woman is lifted into the air by an invisible force, while a man lies on the ground, holding her by the hand

## Parent and Kid Reviews

See all

 Parents Say (45)
 Kids Say (66)

age 11+      

Based on 45 parent reviews [...] age 12+

Frightening storm scenes in propulsive sequel to 1990s hit.

## Parents Need to Know

## Why Age 12+?

## Any Positive Content?

 ### Parents Need to Know",,,0,weak,,general
