appid,evidence_type,date_classification,url,title,snippet,contents_preview,matched_keywords,evidence_score,confidence_label,reason_for_score,query_group
4910490,steam_news,inside_extended_window,https://steamstore-a.akamaihd.net/news/externalpost/steam_community_announcements/1839041357038988,"Thank you all for 20,000 Wishlists!!!",,"Hey everyone,We're happy to announce that Ignite the Depths has reached 20,000 wishlists in just four days!! That number is unreal and we appreciate every single one of you supporting us.We'll have an announcement in the coming weeks regarding our playtests, so please stay tuned! You can join our Di",announcement,75,strong,Inside extended window (+15); Official Steam News (+20); Exact title match (+20); Keywords ['announcement'] (+20),
4910490,youtube_video,inside_extended_window,https://www.youtube.com/watch?v=nh5FfVmja0o,Ignite the Depths - Official Announcement Trailer,,"Don't miss the Announcement Trailer for Ignite the Depths, a first-person dark-fantasy action dungeon crawler developed by SK ...","trailer, announcement",70,strong,"Inside extended window (+15); YouTube (+15); Exact title match (+20); Keywords ['trailer', 'announcement'] (+20)",
4910490,youtube_video,inside_extended_window,https://www.youtube.com/watch?v=hW8TX6b-d9E,Ignite the Depths - GamePlay Trailer,,"Ignite the Depths is an atmospheric dark-fantasy dungeon crawler set within a sprawling, hand-crafted labyrinth. Descend into the ...","trailer, gameplay",70,strong,"Inside extended window (+15); YouTube (+15); Exact title match (+20); Keywords ['trailer', 'gameplay'] (+20)",
4910490,youtube_video,inside_extended_window,https://www.youtube.com/watch?v=Sgk2pvLZB5Q,Ignite the Depths: Official Announcement Trailer,,Wishlist on Steam: https://store.steampowered.com/app/4910490/Ignite_the_Depths/ Join the discord: ...,"trailer, announcement",70,strong,"Inside extended window (+15); YouTube (+15); Exact title match (+20); Keywords ['trailer', 'announcement'] (+20)",
4910490,youtube_video,inside_extended_window,https://www.youtube.com/watch?v=_eIjv3stW34,Ignite the Depths - Official Announcement Trailer,,Ignite the Depths is a cooperative hack-and-slash dungeon crawler set across three hand-crafted dimensions. Venture into the ...,"trailer, announcement",70,strong,"Inside extended window (+15); YouTube (+15); Exact title match (+20); Keywords ['trailer', 'announcement'] (+20)",
4910490,youtube_video,inside_extended_window,https://www.youtube.com/watch?v=0glCNiTAdLU,Ignite the Depths | Announcement Trailer,,"Ignite the Depths is an atmospheric dark-fantasy dungeon crawler set within a sprawling, hand-crafted labyrinth. Descend into the ...","trailer, announcement",70,strong,"Inside extended window (+15); YouTube (+15); Exact title match (+20); Keywords ['trailer', 'announcement'] (+20)",
4910490,youtube_video,inside_extended_window,https://www.youtube.com/watch?v=_eIjv3stW34,Ignite the Depths - Official Announcement Trailer,,Ignite the Depths is a cooperative hack-and-slash dungeon crawler set across three hand-crafted dimensions. Venture into the ...,"trailer, announcement",70,strong,"Inside extended window (+15); YouTube (+15); Exact title match (+20); Keywords ['trailer', 'announcement'] (+20)",
4910490,youtube_video,inside_extended_window,https://www.youtube.com/watch?v=nh5FfVmja0o,Ignite the Depths - Official Announcement Trailer,,"Don't miss the Announcement Trailer for Ignite the Depths, a first-person dark-fantasy action dungeon crawler developed by SK ...","trailer, announcement",70,strong,"Inside extended window (+15); YouTube (+15); Exact title match (+20); Keywords ['trailer', 'announcement'] (+20)",
4910490,youtube_video,inside_extended_window,https://www.youtube.com/watch?v=Sgk2pvLZB5Q,Ignite the Depths: Official Announcement Trailer,,Wishlist on Steam: https://store.steampowered.com/app/4910490/Ignite_the_Depths/ Join the discord: ...,"trailer, announcement",70,strong,"Inside extended window (+15); YouTube (+15); Exact title match (+20); Keywords ['trailer', 'announcement'] (+20)",
4910490,youtube_video,inside_extended_window,https://www.youtube.com/watch?v=0glCNiTAdLU,Ignite the Depths | Announcement Trailer,,"Ignite the Depths is an atmospheric dark-fantasy dungeon crawler set within a sprawling, hand-crafted labyrinth. Descend into the ...","trailer, announcement",70,strong,"Inside extended window (+15); YouTube (+15); Exact title match (+20); Keywords ['trailer', 'announcement'] (+20)",
4910490,youtube_video,inside_spike_window,https://www.youtube.com/watch?v=l9Cry3mKFHs,Ignite the Depths Might Be the Dungeon Crawler We Needed,,Ignite the Depths is an upcoming first-person dark fantasy dungeon crawler built around solo and four-player co-op PvE. Explore ...,,65,strong,Inside spike window (+30); YouTube (+15); Exact title match (+20),
4910490,youtube_video,inside_spike_window,https://www.youtube.com/watch?v=5zKyDhEdjbc,el dungeon crawler COOP en el que bajáis al abismo repartiéndoos los papeles | Ignite the Depths,,más de 20.000 personas ya lo tienen en su lista de deseados (y lo hicieron en solo cuatro días). ⚔️ Dungeon crawler ...,,65,strong,Inside spike window (+30); YouTube (+15); Exact title match (+20),
4910490,youtube_video,inside_spike_window,https://www.youtube.com/watch?v=wfxNAX4Ji7U,Nothing Down There Wants Your Loot❗,,Ignite the Depths is a solo or co-op dungeon crawler where your classes change each other's abilities. So bringing a different ...,,65,strong,Inside spike window (+30); YouTube (+15); Exact title match (+20),
4910490,youtube_video,inside_extended_window,https://www.youtube.com/watch?v=d5podDRw8sQ,a co-op dungeon crawl built for squads,,"Ignite the Depths is a first-person hack-and-slash dungeon crawler set in a sprawling, hand-crafted labyrinth. Go solo or team up ...",,50,medium,Inside extended window (+15); YouTube (+15); Exact title match (+20),
4910490,youtube_video,inside_extended_window,https://www.youtube.com/watch?v=rau502koWVA,"We React to the Wildest New Indie Games | Slain 2, Queen Must Die &amp; More",,"Two idiots watch some insane new indie game trailers. Featuring a brutal werewolf hack-and-slash, a haunted castle dark fantasy ...",trailer,50,medium,Inside extended window (+15); YouTube (+15); Keywords ['trailer'] (+20),
4910490,web_result,unknown_date,https://www.instagram.com/p/DbZJM72Ap3D,Instagram,"Ignite the Depths - Official Announcement Trailer  
  
Don't miss the Announcement Trailer for Ignite the Depths, a first-person dark-fantasy action dungeon crawler developed by SK Studios. Players will explore the depths of a sprawling labyrinth to take on monsters, solve puzzles, and master one of the four distinct classes to harness elemental abiliti  
  
#City-Building #IntoTheDepths #PC #Roguelike #Simulation #SmelJey #Strategy #IgnitetheDepths  
  
🎮 Yeni video: oyunfragmanlari.com [...] Log In

Sign Up

oyunfragmanlaricom's profile picture

Never miss a post from oyunfragmanlaricom

Sign up for Instagram to stay in the loop.

By continuing, you agree to Instagram's Terms of Use and Privacy Policy.

Sign up

Log in

Photo by oyunfragmanlari on July 29, 2026. May be a video game screenshot of poster and text that says 'Ighite ተከይ Depths ተአይ. ฮ OFFICIAL TRAILER'.

oyunfragmanlaricom's profile picture

oyunfragmanlaricom

•

Follow

oyunfragmanlaricom's profile picture [...] ## No comments yet.

Start the conversation.

Log in to like or comment.

More posts from oyunfragmanlaricom

Photo by oyunfragmanlari on August 09, 2026. May be a video game screenshot of poster and text.

Photo by oyunfragmanlari on August 09, 2026. May be an image of poster and text.

Photo by oyunfragmanlari on August 09, 2026. May be a cartoon of poster and text that says ': ヒ· th:mblo dungcon OFFICIAL TRAILER'.",,"trailer, announcement",45,medium,"Social Index (+5); Exact title match (+20); Keywords ['trailer', 'announcement'] (+20)",general
4910490,web_result,unknown_date,https://www.instagram.com/reel/Db37iePCpoq,🔥 Ignite the Depths is a fast-paced first-person dark-fantasy ...,"🔥 Ignite the Depths is a fast-paced first-person dark-fantasy dungeon crawler built for solo or 4-player co-op. Explore hand-crafted dungeons, fight monsters, solve puzzles, and create powerful class synergies across Warrior, Tank, Mage, and Healer.  
  
🎮 Genre: First-Person Dungeon Crawler / Dark Fantasy / Co-op  
💻 Platform: PC / Steam  
📅 Release: TBA  
👥 Players: Solo + up to 4-player co-op  
  
No forced PvP. No extraction. Just pure PvE dungeon-crawling adventure. 🔥 [...] Log In

Sign Up

lazyfoxplays's profile picture

Never miss a post from lazyfoxplays

Sign up for Instagram to stay in the loop.

Sign up

Log in

Video by LazyFoxPlays on August 10, 2026. May be a video game screenshot of poster and text that says 'A fast-pacedfirst-persondungeor fast paced first person dungeon crawler with solo play, 4- 4-player co- op, and pure PVE. Ignite IgnitetheDepths the Depths Wishlist it now On Steam!'.

lazyfoxplays's profile picture

lazyfoxplays

•

Follow [...] Video by LazyFoxPlays on August 10, 2026. May be a video game screenshot of text that says 'A cozy horror job simulator where your 9-to-5 is sorting mail... mail...inHell. in Hell. ိင်််ခး THE MAILROOM MAIL Play Demo on Steam'.

Video by LazyFoxPlays on August 09, 2026. May be an image of text.",,demo,45,medium,Social Index (+5); Exact title match (+20); Keywords ['demo'] (+20),general
4910490,web_result,unknown_date,https://www.instagram.com/reel/Db3xMTGNrBU,Instagram,"AD 🔥 Ignite the Depths is a first-person dark fantasy dungeon crawler built around fast-paced PvE combat, whether you play solo or with up to three friends.   
  
Choose between four classes, combine abilities with your teammates to create powerful synergies, explore three fully hand-crafted dimensions, solve environmental puzzles, discover secrets and take on unique bosses.  
  
🎮 Ignite the Depths  
📅 Release Date: Coming soon  
🏢 Publisher: TBA  
  
#indiegames #dungeoncrawler #gaming [...] Video by Zoadle on August 08, 2026. May be a cartoon of video games, screen and text that says 'ZOADLE PLAY IN 2D AND 3D AT THE SAME ATTHESAMETIME?? TIME??'.

Video by Zoadle on August 06, 2026. May be a video game screenshot of text that says 'ZOADLE YOU'RE CONFINED ΤΟ A NEWSROOM...'.

Video by Zoadle on August 05, 2026. May be an image of phone and text that says 'ZOADLE 2 14:01 2 2 . YOU CAN 3D MODEL YOUR OWN DISGUISE?'. [...] Video by Zoadle on August 05, 2026. May be a meme of ambulance, stethoscope, bandage, hospital and text.

Video by Zoadle on August 04, 2026. May be a cartoon of poster and text.

Video by Zoadle on August 04, 2026. May be a cartoon of poster, card and text that says 'ZOADLE IF STANLEY PARABLE WAS A TRIPPY FPS?'.

Video by Zoadle on August 03, 2026. May be a video game screenshot of buggy and text that says 'ZOADLE THIS LOGISTICS GAME HAS ROTTING GODS'.

See more posts

---",,release date,45,medium,Social Index (+5); Exact title match (+20); Keywords ['release date'] (+20),general
4910490,web_result,unknown_date,https://www.instagram.com/reel/Db3xMTGNrBU,"Zoadle on Instagram: ""AD Ignite the Depths is a first-person ...","AD 🔥 Ignite the Depths is a first-person dark fantasy dungeon crawler built around fast-paced PvE combat, whether you play solo or with up to three friends.   
  
Choose between four classes, combine abilities with your teammates to create powerful synergies, explore three fully hand-crafted dimensions, solve environmental puzzles, discover secrets and take on unique bosses.  
  
🎮 Ignite the Depths  
📅 Release Date: Coming soon  
🏢 Publisher: TBA  
  
#indiegames #dungeoncrawler #gaming [...] olivier_girard's profile picture

olivier\_girard

Will it be on console? It looks nice!

Reply

mar.celo_art's profile picture

mar.celo\_art

Now this one seems actually nice

1 like

Reply

zoadle's profile picture

zoadle

Do you lean more towards realistic visuals or do you enjoy retro-ish, nostalgic aesthetics?

1 like

Reply

zoadle's profile picture

zoadle

Feel free to stick around if you wanna discover more cool indie games like this one here 🙌

Reply

4709 [...] Video by Zoadle on August 08, 2026. May be a cartoon of video games, screen and text that says 'ZOADLE PLAY IN 2D AND 3D AT THE SAME ATTHESAMETIME?? TIME??'.

Video by Zoadle on August 06, 2026. May be a video game screenshot of text that says 'ZOADLE YOU'RE CONFINED ΤΟ A NEWSROOM...'.

Video by Zoadle on August 05, 2026. May be an image of phone and text that says 'ZOADLE 2 14:01 2 2 . YOU CAN 3D MODEL YOUR OWN DISGUISE?'.",,release date,45,medium,Social Index (+5); Exact title match (+20); Keywords ['release date'] (+20),general
4910490,web_result,unknown_date,https://www.instagram.com/p/DbZJM72Ap3D,Ignite the Depths - Official Announcement Trailer Don't ...,"Ignite the Depths - Official Announcement Trailer  
  
Don't miss the Announcement Trailer for Ignite the Depths, a first-person dark-fantasy action dungeon crawler developed by SK Studios. Players will explore the depths of a sprawling labyrinth to take on monsters, solve puzzles, and master one of the four distinct classes to harness elemental abiliti  
  
#City-Building #IntoTheDepths #PC #Roguelike #Simulation #SmelJey #Strategy #IgnitetheDepths  
  
🎮 Yeni video: oyunfragmanlari.com",,"trailer, announcement",45,medium,"Social Index (+5); Exact title match (+20); Keywords ['trailer', 'announcement'] (+20)",general
4910490,social_post,unknown_date,https://www.gamespress.com/Ignite-the-Depths-Announcement,Ignite the Depths Announcement,"The three-person team at Seattle-based SK Studios has announced Ignite the Depths, an atmospheric dark-fantasy dungeon crawler where players descend through three handcrafted dimensions, combining unique class abilities to overcome raid-inspired bosses and environmental puzzles in solo or four-player co-op. [...] Everything in Ignite the Depths is designed around deep co-op synergy, rewarding creative teamwork and ability combinations to overcome the Abyss's many dangers. Annihilating barrels and uncovering hidden treasure will reward you with resources that can be spent at Pickle and Po's shop to craft powerful builds and customize each class. [...] Ignite the Depths features four distinct classes. Players can choose to bombard enemies with magic, protect allies through timed parries, or master other combat styles built around cooperative play. 

Ignite the Depths features a dreamy retro-inspired art style that blends classic visuals with modern rendering techniques to create a distinctive aesthetic.",,announcement,45,medium,Social Index (+5); Exact title match (+20); Keywords ['announcement'] (+20),social
4910490,social_post,unknown_date,https://store.steampowered.com/app/4910490/Ignite_the_Depths,Ignite the Depths,"All Games > RPG Games > Ignite the Depths

Community Hub

Ignite the Depths

Ignite the Depths

Ignite the Depths

Developer

SK Studios

Publisher

SK Studios

Release

2026

Ignite the Depths is an atmospheric dark-fantasy dungeon crawler set within a sprawling, hand-crafted labyrinth. Descend into the darkness alone, or unite with up to four players in co-op. Will you conquer the Abyss?

All Reviews:

No user reviews

Release Date:

2026

Developer:

SK Studios

Publisher:

SK Studios [...] Steam Cloud

Family Sharing

Languages:

English and 8 more

| Interface | Full Audio | Subtitles |
 --- 
| English | ✔ | ✔ | ✔ |
| French | ✔ |  | ✔ |
| Italian | ✔ |  | ✔ |
| German | ✔ |  | ✔ |
| Spanish - Spain | ✔ |  | ✔ |
| Japanese | ✔ |  | ✔ |
| Portuguese - Brazil | ✔ |  | ✔ |
| Russian | ✔ |  | ✔ |
| Simplified Chinese | ✔ |  | ✔ |

See all 9 supported languages

Title: Ignite the Depths  
 Genre: Action, Adventure, Indie, RPG  

Developer: SK Studios

Publisher: SK Studios [...] # Planned Release Date: 2026

Interested?  
Add to your wishlist and get notified when it becomes available.

View Community Hub

## About This Game

Ignite the Depths is a cooperative hack-and-slash dungeon crawler set across three hand-crafted dimensions. Venture into the Abyss alone or form a party of up to four players to battle monstrous creatures, solve environmental puzzles, and forge wildly different builds.

## CHOOSE YOUR CLASS",,release date,45,medium,Social Index (+5); Exact title match (+20); Keywords ['release date'] (+20),social
4910490,web_result,unknown_date,https://store.steampowered.com/app/4910490/Ignite_the_Depths,Ignite the Depths on Steam,"All Games > RPG Games > Ignite the Depths

Community Hub

Ignite the Depths

Ignite the Depths

Ignite the Depths

Developer

SK Studios

Publisher

SK Studios

Release

2026

Ignite the Depths is an atmospheric dark-fantasy dungeon crawler set within a sprawling, hand-crafted labyrinth. Descend into the darkness alone, or unite with up to four players in co-op. Will you conquer the Abyss?

All Reviews:

No user reviews

Release Date:

2026

Developer:

SK Studios

Publisher:

SK Studios [...] # Planned Release Date: 2026

Interested?  
Add to your wishlist and get notified when it becomes available.

View Community Hub

## About This Game

Ignite the Depths is a cooperative hack-and-slash dungeon crawler set across three hand-crafted dimensions. Venture into the Abyss alone or form a party of up to four players to battle monstrous creatures, solve environmental puzzles, and forge wildly different builds.

## CHOOSE YOUR CLASS [...] Steam Cloud

Family Sharing

Languages:

English and 8 more

| Interface | Full Audio | Subtitles |
 --- 
| English | ✔ | ✔ | ✔ |
| French | ✔ |  | ✔ |
| Italian | ✔ |  | ✔ |
| German | ✔ |  | ✔ |
| Spanish - Spain | ✔ |  | ✔ |
| Japanese | ✔ |  | ✔ |
| Portuguese - Brazil | ✔ |  | ✔ |
| Russian | ✔ |  | ✔ |
| Simplified Chinese | ✔ |  | ✔ |

See all 9 supported languages

Title: Ignite the Depths  
 Genre: Action, Adventure, Indie, RPG  

Developer: SK Studios

Publisher: SK Studios",,release date,40,medium,Exact title match (+20); Keywords ['release date'] (+20),general
4910490,web_result,unknown_date,https://www.youtube.com/watch?v=hE58WHwiabI,Ignite the Depths Announced – New Dark Fantasy Co-Op Dungeon Crawler Coming to Steam,"### Description
119 views
Posted: 23 Jul 2026
Ignite the Depths is an upcoming dark fantasy dungeon crawler that blends co-op action RPG gameplay with raid-inspired boss battles, environmental puzzles, and deep class synergy. Developed by SK Studios, this atmospheric indie adventure lets players descend into three handcrafted dimensions, battling terrifying enemies and uncovering hidden treasures in either solo play or 4-player online co-op. [...] Featuring a stunning retro-inspired art style enhanced with modern rendering technology, Ignite the Depths delivers a unique visual experience alongside rewarding exploration, hidden loot, and customizable progression.

Ignite the Depths is scheduled to launch in Q3 2026, with upcoming Steam playtests available before release.

🔥 Key Features: [...] Choose from four unique classes, each offering distinct abilities that encourage teamwork, strategic combinations, and creative combat. Craft powerful builds, upgrade your character, and prepare for epic boss encounters inspired by MMO raids—without the endless grind. Every dimension introduces new mechanics, challenging puzzles, and cinematic set pieces that reward coordination as much as skill.",,gameplay,40,medium,Exact title match (+20); Keywords ['gameplay'] (+20),general
4910490,web_result,unknown_date,https://steamcommunity.com/app/4910490?curator_clanid=4777282,Steam Community :: Ignite the Depths,"Store Page

Ignite the Depths

All Discussions Screenshots Artwork Broadcasts Videos News Guides Reviews

### Ignite the Depths

Store Page

0 in Group Chat;)

0 in Group Chat;)

Ignite the Depths is an atmospheric dark-fantasy dungeon crawler set within a sprawling, hand-crafted labyrinth. Descend into the darkness alone, or unite with up to four players in co-op. Will you conquer the Abyss?

Visit the Store Page

Most popular community and official content for the past week.  (?) [...] Thank you all for 20,000 Wishlists!!!

28 Jul

Hey everyone,

We're happy to announce that Ignite the Depths has reached 20,000 wishlists in just four days!! That number is unreal and we appreciate every single one of you supporting us.

We'll have an announcement in the coming weeks regarding our playtests, so please stay tuned! You can join our Discord to get notified the second we announce things :)

Thank you,

SK Studios

Ignite the Depths

36

2

Eww classes",,announcement,40,medium,Exact title match (+20); Keywords ['announcement'] (+20),general
4910490,web_result,unknown_date,https://www.youtube.com/watch?v=_eIjv3stW34,Ignite the Depths - Official Announcement Trailer,"# Ignite the Depths - Official Announcement Trailer
## Indie Games Hub
168000 subscribers
4768 likes

### Description
128813 views
Posted: 24 Jul 2026
Ignite the Depths is a cooperative hack-and-slash dungeon crawler set across three hand-crafted dimensions. Venture into the Abyss alone or form a party of up to four players to battle monstrous creatures, solve environmental puzzles, and forge wildly different builds.

Wishlist on Steam: 

Developer: SK Studios
X:",,"trailer, announcement",40,medium,"Exact title match (+20); Keywords ['trailer', 'announcement'] (+20)",general
4910490,web_result,unknown_date,https://www.youtube.com/watch?v=_eIjv3stW34,Ignite the Depths - Official Announcement Trailer,"# Ignite the Depths - Official Announcement Trailer
## Indie Games Hub
168000 subscribers
4768 likes

### Description
128813 views
Posted: 24 Jul 2026
Ignite the Depths is a cooperative hack-and-slash dungeon crawler set across three hand-crafted dimensions. Venture into the Abyss alone or form a party of up to four players to battle monstrous creatures, solve environmental puzzles, and forge wildly different builds.

Wishlist on Steam: 

Developer: SK Studios
X: [...] 289 comments
### Transcript:
[music] [music] [music] [music] [music] [music] [music] Ah!",,"trailer, announcement",40,medium,"Exact title match (+20); Keywords ['trailer', 'announcement'] (+20)",general
4910490,web_result,unknown_date,https://www.youtube.com/watch?v=0glCNiTAdLU,Ignite the Depths | Announcement Trailer,"### Description
52 views
Posted: 27 Jul 2026
Ignite the Depths is an atmospheric dark-fantasy dungeon crawler set within a sprawling, hand-crafted labyrinth. Descend into the darkness alone, or unite with up to four players in co-op. Will you conquer the Abyss?

Ignite the Depths releases on the following platforms:
- Steam  on 2026 - 

Popular descriptions: Online Co-Op, Dungeon Crawler, Action, RPG, Action RPG [...] Ignite the Depths is a single player game that you can optionally co-op with friends.
Developed & published by SK Studios


Check more upcoming trailers from 
Check for more movie, tv, game, book, comic & anime trailers at 
#IgniteTheDepths #gaming #d468200597b84d9f96eddf6454c98a93 [...] # Ignite the Depths | Announcement Trailer
## TrailerWorlds Games
370 subscribers",,"trailer, announcement",40,medium,"Exact title match (+20); Keywords ['trailer', 'announcement'] (+20)",general
4910490,web_result,unknown_date,https://www.ign.com/games/ignite-the-depths/trailers,Ignite the Depths [Trailers] - IGN,"# Ignite the Depths

SK Studios

•

Initial Release: TBA 2026

•PC

NR

IGN Rating

OverviewPlaylistsReviews

### Images & Screenshots

### Summary

Ignite the Depths is an atmospheric dark-fantasy dungeon crawler set within a sprawling, hand-crafted labyrinth. Descend into the darkness alone, or unite with up to four players in co-op. Will you conquer the Abyss?

Developers

SK Studios

Publishers

SK Studios

Features

Online Co-Op Multiplayer, Online Four-Player Multiplayer

Initial Release [...] Initial Release

TBA 2026

Platforms

PC

Action, Adventure, RPG, First-Person, Dungeon Crawler

Videos

12d ago

Ignite the Depths - Official Announcement Trailer

12d ago",,"trailer, announcement",40,medium,"Exact title match (+20); Keywords ['trailer', 'announcement'] (+20)",general
4910490,web_result,unknown_date,https://in.ign.com/into-the-depths/267587/ignite-the-depths-official-announcement-trailer,Ignite the Depths - Official Announcement Trailer,"IGN Logo

### Reviews

### Gaming

### Anime and Manga

### Follow IGN India

### More

IGN Logo

# Ignite the Depths - Official Announcement Trailer

### Related

Into The Depths - Official Release Date Trailer

### Into The Depths - Official Release Date Trailer

Into The Depths - Official Demo Launch Trailer

### Into The Depths - Official Demo Launch Trailer

Into The Depths - Official Gameplay Trailer

### Into The Depths - Official Gameplay Trailer [...] Swordcery - Official Early Access Launch Trailer

### Swordcery - Official Early Access Launch Trailer

No More Room in Hell 2 - Official Version 1.0 Launch Trailer

### No More Room in Hell 2 - Official Version 1.0 Launch Trailer

Helldivers 2 - Official Warhammer 40,000 Castellan Creed Warbond Trailer

### Helldivers 2 - Official Warhammer 40,000 Castellan Creed Warbond Trailer

Luma Island x Dave the Diver - Official Summer Update Trailer [...] ### Luma Island x Dave the Diver - Official Summer Update Trailer

AFK Journey x Digimon Adventure - Official Collaboration Trailer

### AFK Journey x Digimon Adventure - Official Collaboration Trailer

BRAZILIAN DRUG DEALER BEFORE 4 - Official Release Date Trailer

### BRAZILIAN DRUG DEALER BEFORE 4 - Official Release Date Trailer

##### Comments",,"trailer, gameplay, demo, announcement, release date",40,medium,"Exact title match (+20); Keywords ['trailer', 'gameplay', 'demo', 'announcement', 'release date'] (+20)",general
4910490,web_result,unknown_date,https://www.gamespress.com/Ignite-the-Depths-Announcement,Ignite the Depths Announcement,"Ignite the Depths features four distinct classes. Players can choose to bombard enemies with magic, protect allies through timed parries, or master other combat styles built around cooperative play. 

Ignite the Depths features a dreamy retro-inspired art style that blends classic visuals with modern rendering techniques to create a distinctive aesthetic. [...] The three-person team at Seattle-based SK Studios has announced Ignite the Depths, an atmospheric dark-fantasy dungeon crawler where players descend through three handcrafted dimensions, combining unique class abilities to overcome raid-inspired bosses and environmental puzzles in solo or four-player co-op. [...] Everything in Ignite the Depths is designed around deep co-op synergy, rewarding creative teamwork and ability combinations to overcome the Abyss's many dangers. Annihilating barrels and uncovering hidden treasure will reward you with resources that can be spent at Pickle and Po's shop to craft powerful builds and customize each class.",,announcement,40,medium,Exact title match (+20); Keywords ['announcement'] (+20),general
4910490,web_result,unknown_date,https://store.steampowered.com/app/4910490/Ignite_the_Depths,Ignite the Depths,"# Planned Release Date: 2026

Interested?  
Add to your wishlist and get notified when it becomes available.

View Community Hub

## About This Game

Ignite the Depths is a cooperative hack-and-slash dungeon crawler set across three hand-crafted dimensions. Venture into the Abyss alone or form a party of up to four players to battle monstrous creatures, solve environmental puzzles, and forge wildly different builds.

## CHOOSE YOUR CLASS [...] Every class is designed with deep co-op synergy, rewarding creative teamwork and ability combinations to overcome the Abyss's many dangers. Team up with up to three friends and embrace the chaos as your strategies evolve with every encounter.

## CRAFT YOUR BUILD

Slay enemies, annihilate every barrel in sight, and hunt down secret chests to build your character exactly how you want to play. Level up seven distinct skills and purchase randomized, game-altering buffs from Pickle and Po's shop. [...] All Games > RPG Games > Ignite the Depths

Community Hub

Ignite the Depths

Ignite the Depths

Ignite the Depths

Developer

SK Studios

Publisher

SK Studios

Release

2026

Ignite the Depths is an atmospheric dark-fantasy dungeon crawler set within a sprawling, hand-crafted labyrinth. Descend into the darkness alone, or unite with up to four players in co-op. Will you conquer the Abyss?

All Reviews:

No user reviews

Release Date:

2026

Developer:

SK Studios

Publisher:

SK Studios",,release date,40,medium,Exact title match (+20); Keywords ['release date'] (+20),general
4910490,web_result,unknown_date,https://www.youtube.com/watch?v=_eIjv3stW34,Ignite the Depths - Official Announcement Trailer,"# Ignite the Depths - Official Announcement Trailer
## Indie Games Hub
168000 subscribers
4768 likes

### Description
128813 views
Posted: 24 Jul 2026
Ignite the Depths is a cooperative hack-and-slash dungeon crawler set across three hand-crafted dimensions. Venture into the Abyss alone or form a party of up to four players to battle monstrous creatures, solve environmental puzzles, and forge wildly different builds.

Wishlist on Steam: 

Developer: SK Studios
X:",,"trailer, announcement",40,medium,"Exact title match (+20); Keywords ['trailer', 'announcement'] (+20)",general
4910490,web_result,unknown_date,https://www.gamespress.com/Ignite-the-Depths-Announcement,Ignite the Depths Announcement,"The three-person team at Seattle-based SK Studios has announced Ignite the Depths, an atmospheric dark-fantasy dungeon crawler where players descend through three handcrafted dimensions, combining unique class abilities to overcome raid-inspired bosses and environmental puzzles in solo or four-player co-op. [...] Everything in Ignite the Depths is designed around deep co-op synergy, rewarding creative teamwork and ability combinations to overcome the Abyss's many dangers. Annihilating barrels and uncovering hidden treasure will reward you with resources that can be spent at Pickle and Po's shop to craft powerful builds and customize each class. [...] Ignite the Depths features four distinct classes. Players can choose to bombard enemies with magic, protect allies through timed parries, or master other combat styles built around cooperative play. 

Ignite the Depths features a dreamy retro-inspired art style that blends classic visuals with modern rendering techniques to create a distinctive aesthetic.",,announcement,40,medium,Exact title match (+20); Keywords ['announcement'] (+20),general
4910490,web_result,unknown_date,https://www.youtube.com/watch?v=_eIjv3stW34,Ignite the Depths - Official Announcement Trailer,"# Ignite the Depths - Official Announcement Trailer
## Indie Games Hub
168000 subscribers
4768 likes

### Description
128813 views
Posted: 24 Jul 2026
Ignite the Depths is a cooperative hack-and-slash dungeon crawler set across three hand-crafted dimensions. Venture into the Abyss alone or form a party of up to four players to battle monstrous creatures, solve environmental puzzles, and forge wildly different builds.

Wishlist on Steam: 

Developer: SK Studios
X: [...] 289 comments
### Transcript:
[music] [music] [music] [music] [music] [music] [music] Ah!",,"trailer, announcement",40,medium,"Exact title match (+20); Keywords ['trailer', 'announcement'] (+20)",general
4910490,web_result,unknown_date,https://in.ign.com/into-the-depths/267587/ignite-the-depths-official-announcement-trailer,Ignite the Depths - Official Announcement Trailer,"IGN Logo

### Reviews

### Gaming

### Anime and Manga

### Follow IGN India

### More

IGN Logo

# Ignite the Depths - Official Announcement Trailer

### Related

Into The Depths - Official Release Date Trailer

### Into The Depths - Official Release Date Trailer

Into The Depths - Official Demo Launch Trailer

### Into The Depths - Official Demo Launch Trailer

Into The Depths - Official Gameplay Trailer

### Into The Depths - Official Gameplay Trailer [...] Swordcery - Official Early Access Launch Trailer

### Swordcery - Official Early Access Launch Trailer

No More Room in Hell 2 - Official Version 1.0 Launch Trailer

### No More Room in Hell 2 - Official Version 1.0 Launch Trailer

Helldivers 2 - Official Warhammer 40,000 Castellan Creed Warbond Trailer

### Helldivers 2 - Official Warhammer 40,000 Castellan Creed Warbond Trailer

Luma Island x Dave the Diver - Official Summer Update Trailer [...] ### Luma Island x Dave the Diver - Official Summer Update Trailer

AFK Journey x Digimon Adventure - Official Collaboration Trailer

### AFK Journey x Digimon Adventure - Official Collaboration Trailer

BRAZILIAN DRUG DEALER BEFORE 4 - Official Release Date Trailer

### BRAZILIAN DRUG DEALER BEFORE 4 - Official Release Date Trailer

##### Comments",,"trailer, gameplay, demo, announcement, release date",40,medium,"Exact title match (+20); Keywords ['trailer', 'gameplay', 'demo', 'announcement', 'release date'] (+20)",general
4910490,web_result,unknown_date,https://store.steampowered.com/app/4910490/Ignite_the_Depths,Ignite the Depths,"All Games > RPG Games > Ignite the Depths

Community Hub

Ignite the Depths

Ignite the Depths

Ignite the Depths

Developer

SK Studios

Publisher

SK Studios

Release

2026

Ignite the Depths is an atmospheric dark-fantasy dungeon crawler set within a sprawling, hand-crafted labyrinth. Descend into the darkness alone, or unite with up to four players in co-op. Will you conquer the Abyss?

All Reviews:

No user reviews

Release Date:

2026

Developer:

SK Studios

Publisher:

SK Studios [...] # Planned Release Date: 2026

Interested?  
Add to your wishlist and get notified when it becomes available.

View Community Hub

## About This Game

Ignite the Depths is a cooperative hack-and-slash dungeon crawler set across three hand-crafted dimensions. Venture into the Abyss alone or form a party of up to four players to battle monstrous creatures, solve environmental puzzles, and forge wildly different builds.

## CHOOSE YOUR CLASS [...] Steam Cloud

Family Sharing

Languages:

English and 8 more

| Interface | Full Audio | Subtitles |
 --- 
| English | ✔ | ✔ | ✔ |
| French | ✔ |  | ✔ |
| Italian | ✔ |  | ✔ |
| German | ✔ |  | ✔ |
| Spanish - Spain | ✔ |  | ✔ |
| Japanese | ✔ |  | ✔ |
| Portuguese - Brazil | ✔ |  | ✔ |
| Russian | ✔ |  | ✔ |
| Simplified Chinese | ✔ |  | ✔ |

See all 9 supported languages

Title: Ignite the Depths  
 Genre: Action, Adventure, Indie, RPG  

Developer: SK Studios

Publisher: SK Studios",,release date,40,medium,Exact title match (+20); Keywords ['release date'] (+20),general
4910490,web_result,unknown_date,https://store.steampowered.com/app/4910490/Ignite_the_Depths,Ignite the Depths,"All Games > RPG Games > Ignite the Depths

Community Hub

Ignite the Depths

Ignite the Depths

Ignite the Depths

Developer

SK Studios

Publisher

SK Studios

Release

2026

Ignite the Depths is an atmospheric dark-fantasy dungeon crawler set within a sprawling, hand-crafted labyrinth. Descend into the darkness alone, or unite with up to four players in co-op. Will you conquer the Abyss?

All Reviews:

No user reviews

Release Date:

2026

Developer:

SK Studios

Publisher:

SK Studios [...] # Planned Release Date: 2026

Interested?  
Add to your wishlist and get notified when it becomes available.

View Community Hub

## About This Game

Ignite the Depths is a cooperative hack-and-slash dungeon crawler set across three hand-crafted dimensions. Venture into the Abyss alone or form a party of up to four players to battle monstrous creatures, solve environmental puzzles, and forge wildly different builds.

## CHOOSE YOUR CLASS [...] Release Date: 2026

Discord External   YouTube External   TikTok External   X External   View update history   Read related news   View discussions   Find Community Groups

Embed

Report this Product)

Content

Includes Interactive Elements

In-game chat, Online interactivity

Links & info

# Join the Ignite the Depths Playtest

Request access and you’ll get notified when the developer is ready for more participants.

Request Access

This game is not yet available on Steam",,release date,40,medium,Exact title match (+20); Keywords ['release date'] (+20),general
4910490,web_result,unknown_date,https://www.ign.com/games/ignite-the-depths,Ignite the Depths - IGN,"# Ignite the Depths

SK Studios

•

Initial Release: TBA 2026

•PC

NR

IGN Rating

OverviewPlaylistsReviews

### Images & Screenshots

### Summary

Ignite the Depths is an atmospheric dark-fantasy dungeon crawler set within a sprawling, hand-crafted labyrinth. Descend into the darkness alone, or unite with up to four players in co-op. Will you conquer the Abyss?

Developers

SK Studios

Publishers

SK Studios

Features

Online Co-Op Multiplayer, Online Four-Player Multiplayer

Initial Release [...] Initial Release

TBA 2026

Platforms

PC

Genres

Action, Adventure, RPG, First-Person, Dungeon Crawler

## Ignite the Depths News

Videos

6d ago

Ignite the Depths - Official Announcement Trailer

6d ago",,"trailer, announcement",40,medium,"Exact title match (+20); Keywords ['trailer', 'announcement'] (+20)",general
4910490,web_result,unknown_date,https://www.gamespress.com/Ignite-the-Depths-Announcement,Ignite the Depths Announcement,"""We wanted to recreate the feeling of tackling MMO-style dungeons with a close group of friends without the long grind that usually entails. We hope players will still get the satisfaction of crafting and upgrading their class in preparation for these set pieces,"" said Marcus Klammt, developer at SK Studios. 

Ignite the Depths is expected to launch in Q3 2026. Playtests will be held ahead of release, and players can request access via the Steam page. 

Key Features [...] Close video player
End of video player

Close lightbox

View previous image

View next image

1. Home
2. Press releases
3. Ignite the Depths Announcement

### Press release

23/07/2026

# Ignite the Depths Announcement [...] The three-person team at Seattle-based SK Studios has announced Ignite the Depths, an atmospheric dark-fantasy dungeon crawler where players descend through three handcrafted dimensions, combining unique class abilities to overcome raid-inspired bosses and environmental puzzles in solo or four-player co-op.",,announcement,40,medium,Exact title match (+20); Keywords ['announcement'] (+20),general
4910490,web_result,unknown_date,https://www.youtube.com/watch?v=_eIjv3stW34,Ignite the Depths - Official Announcement Trailer,"# Ignite the Depths - Official Announcement Trailer
## Indie Games Hub
168000 subscribers
4768 likes

### Description
128813 views
Posted: 24 Jul 2026
Ignite the Depths is a cooperative hack-and-slash dungeon crawler set across three hand-crafted dimensions. Venture into the Abyss alone or form a party of up to four players to battle monstrous creatures, solve environmental puzzles, and forge wildly different builds.

Wishlist on Steam: 

Developer: SK Studios
X: [...] 289 comments
### Transcript:
[music] [music] [music] [music] [music] [music] [music] Ah!",,"trailer, announcement",40,medium,"Exact title match (+20); Keywords ['trailer', 'announcement'] (+20)",general
4910490,web_result,unknown_date,https://www.youtube.com/watch?v=_eIjv3stW34,Ignite the Depths - Official Announcement Trailer,"# Ignite the Depths - Official Announcement Trailer
## Indie Games Hub
168000 subscribers
4768 likes

### Description
128813 views
Posted: 24 Jul 2026
Ignite the Depths is a cooperative hack-and-slash dungeon crawler set across three hand-crafted dimensions. Venture into the Abyss alone or form a party of up to four players to battle monstrous creatures, solve environmental puzzles, and forge wildly different builds.

Wishlist on Steam: 

Developer: SK Studios
X:",,"trailer, announcement",40,medium,"Exact title match (+20); Keywords ['trailer', 'announcement'] (+20)",general
4910490,web_result,unknown_date,https://steamcommunity.com/app/4910490?curator_clanid=4777282,Ignite the Depths,"Thank you all for 20,000 Wishlists!!!

28 Jul

Hey everyone,

We're happy to announce that Ignite the Depths has reached 20,000 wishlists in just four days!! That number is unreal and we appreciate every single one of you supporting us.

We'll have an announcement in the coming weeks regarding our playtests, so please stay tuned! You can join our Discord to get notified the second we announce things :)

Thank you,

SK Studios

Ignite the Depths

36

2

Eww classes [...] Store Page

Ignite the Depths

All Discussions Screenshots Artwork Broadcasts Videos News Guides Reviews

### Ignite the Depths

Store Page

0 in Group Chat;)

0 in Group Chat;)

Ignite the Depths is an atmospheric dark-fantasy dungeon crawler set within a sprawling, hand-crafted labyrinth. Descend into the darkness alone, or unite with up to four players in co-op. Will you conquer the Abyss?

Visit the Store Page

Most popular community and official content for the past week.  (?)",,announcement,40,medium,Exact title match (+20); Keywords ['announcement'] (+20),general
4910490,web_result,unknown_date,https://www.youtube.com/watch?v=0glCNiTAdLU,Ignite the Depths | Announcement Trailer,"### Description
52 views
Posted: 27 Jul 2026
Ignite the Depths is an atmospheric dark-fantasy dungeon crawler set within a sprawling, hand-crafted labyrinth. Descend into the darkness alone, or unite with up to four players in co-op. Will you conquer the Abyss?

Ignite the Depths releases on the following platforms:
- Steam  on 2026 - 

Popular descriptions: Online Co-Op, Dungeon Crawler, Action, RPG, Action RPG [...] Ignite the Depths is a single player game that you can optionally co-op with friends.
Developed & published by SK Studios


Check more upcoming trailers from 
Check for more movie, tv, game, book, comic & anime trailers at 
#IgniteTheDepths #gaming #d468200597b84d9f96eddf6454c98a93 [...] # Ignite the Depths | Announcement Trailer
## TrailerWorlds Games
370 subscribers",,"trailer, announcement",40,medium,"Exact title match (+20); Keywords ['trailer', 'announcement'] (+20)",general
4910490,web_result,unknown_date,https://www.ign.com/videos/ignite-the-depths-official-announcement-trailer,Ignite the Depths - Official Announcement Trailer - IGN,"Ignite the Depths•

# Ignite the Depths - Official Announcement Trailer

Don't miss the Announcement Trailer for Ignite the Depths, a first-person dark-fantasy action dungeon crawler developed by SK Studios. Players will explore the depths of a sprawling labyrinth to take on monsters, solve puzzles, and master one of the four distinct classes to harness elemental abilities. Ignite the Depths is coming soon to PC (Steam).

### Did you enjoy this video?

### In This Video [...] ### In This Video

Ignite the DepthsSK Studios

Initial Release: TBA 2026

PC",,"trailer, announcement",40,medium,"Exact title match (+20); Keywords ['trailer', 'announcement'] (+20)",general
4910490,web_result,unknown_date,https://www.youtube.com/watch?v=_eIjv3stW34,Ignite the Depths - Official Announcement Trailer,"# Ignite the Depths - Official Announcement Trailer
## Indie Games Hub
168000 subscribers
4768 likes

### Description
128813 views
Posted: 24 Jul 2026
Ignite the Depths is a cooperative hack-and-slash dungeon crawler set across three hand-crafted dimensions. Venture into the Abyss alone or form a party of up to four players to battle monstrous creatures, solve environmental puzzles, and forge wildly different builds.

Wishlist on Steam: 

Developer: SK Studios
X:",,"trailer, announcement",40,medium,"Exact title match (+20); Keywords ['trailer', 'announcement'] (+20)",general
4910490,web_result,unknown_date,https://www.youtube.com/watch?v=0glCNiTAdLU,Ignite the Depths | Announcement Trailer,"### Description
52 views
Posted: 27 Jul 2026
Ignite the Depths is an atmospheric dark-fantasy dungeon crawler set within a sprawling, hand-crafted labyrinth. Descend into the darkness alone, or unite with up to four players in co-op. Will you conquer the Abyss?

Ignite the Depths releases on the following platforms:
- Steam  on 2026 - 

Popular descriptions: Online Co-Op, Dungeon Crawler, Action, RPG, Action RPG [...] Ignite the Depths is a single player game that you can optionally co-op with friends.
Developed & published by SK Studios


Check more upcoming trailers from 
Check for more movie, tv, game, book, comic & anime trailers at 
#IgniteTheDepths #gaming #d468200597b84d9f96eddf6454c98a93 [...] # Ignite the Depths | Announcement Trailer
## TrailerWorlds Games
370 subscribers",,"trailer, announcement",40,medium,"Exact title match (+20); Keywords ['trailer', 'announcement'] (+20)",general
4910490,web_result,unknown_date,https://www.ign.com/games/ignite-the-depths,Ignite the Depths,"# Ignite the Depths

SK Studios

•

Initial Release: TBA 2026

•PC

NR

IGN Rating

OverviewPlaylistsReviews

### Images & Screenshots

### Summary

Ignite the Depths is an atmospheric dark-fantasy dungeon crawler set within a sprawling, hand-crafted labyrinth. Descend into the darkness alone, or unite with up to four players in co-op. Will you conquer the Abyss?

Developers

SK Studios

Publishers

SK Studios

Features

Online Co-Op Multiplayer, Online Four-Player Multiplayer

Initial Release [...] Initial Release

TBA 2026

Platforms

PC

Genres

Action, Adventure, RPG, First-Person, Dungeon Crawler

## Ignite the Depths News

Videos

6d ago

Ignite the Depths - Official Announcement Trailer

6d ago",,"trailer, announcement",40,medium,"Exact title match (+20); Keywords ['trailer', 'announcement'] (+20)",general
4910490,web_result,unknown_date,https://www.gamespress.com/Ignite-the-Depths-Announcement,Ignite the Depths Announcement,"The three-person team at Seattle-based SK Studios has announced Ignite the Depths, an atmospheric dark-fantasy dungeon crawler where players descend through three handcrafted dimensions, combining unique class abilities to overcome raid-inspired bosses and environmental puzzles in solo or four-player co-op. [...] Everything in Ignite the Depths is designed around deep co-op synergy, rewarding creative teamwork and ability combinations to overcome the Abyss's many dangers. Annihilating barrels and uncovering hidden treasure will reward you with resources that can be spent at Pickle and Po's shop to craft powerful builds and customize each class. [...] Ignite the Depths features four distinct classes. Players can choose to bombard enemies with magic, protect allies through timed parries, or master other combat styles built around cooperative play. 

Ignite the Depths features a dreamy retro-inspired art style that blends classic visuals with modern rendering techniques to create a distinctive aesthetic.",,announcement,40,medium,Exact title match (+20); Keywords ['announcement'] (+20),general
4910490,web_result,unknown_date,https://www.youtube.com/watch?v=234q8l-tOOk,Ignite the Depths - Unfiltered Trailer Review,"### Description
137 views
Posted: 25 Jul 2026
Ignite the Depths takes us into a dark underground survival adventure filled with creepy caves, strange creatures, resource gathering, and co-op chaos. In this unfiltered review, we take an honest and sarcastic look at the trailer, including its interesting atmosphere, awkward combat, and graphics that somehow feel like a PlayStation 2 game wearing modern lighting. [...] Okay, this starts off looking like some dark fantasy nightmare and honestly [music] the atmosphere is doing a pretty good job. Then the gameplay shows up and I immediately had to check if [music] my YouTube quality dropped to 240p. Nope. That's just the art style. It's giving major PlayStation 2 energy and I'm not even sure if that's intentional. To be fair, the lighting, fog and creepy environments actually look pretty cool. Then you start exploring these dungeons, collecting resources, [...] resources, setting up little camps and apparently trying not to become monster food. I do like the co-op idea because getting lost in a haunted cave is always more fun when you can blame your friends. The combat though, everyone swings [music] their weapon like they're trying not to spill their coffee. Somehow the graphics scream 2004 while the lighting [music] screams Unreal Engine 5 and my brain is still trying to process that combination. If you can look past the PS2 looking [music]",,"trailer, gameplay",40,medium,"Exact title match (+20); Keywords ['trailer', 'gameplay'] (+20)",general
4910490,web_result,unknown_date,https://store.steampowered.com/app/4910490/Ignite_the_Depths,Ignite the Depths,"All Games > RPG Games > Ignite the Depths

Community Hub

Ignite the Depths

Ignite the Depths

Ignite the Depths

Developer

SK Studios

Publisher

SK Studios

Release

2026

Ignite the Depths is an atmospheric dark-fantasy dungeon crawler set within a sprawling, hand-crafted labyrinth. Descend into the darkness alone, or unite with up to four players in co-op. Will you conquer the Abyss?

All Reviews:

No user reviews

Release Date:

2026

Developer:

SK Studios

Publisher:

SK Studios [...] You can write your own review for this product to share your experience with the community. Use the area above the purchase buttons on this page to write your review.

You can use this widget-maker to generate a bit of HTML that can be embedded in your website to easily allow customers to purchase this game on Steam.

Enter up to 375 characters to add a description to your widget:

Create widget

Copy and paste the HTML below into your website to make the above widget appear [...] # Planned Release Date: 2026

Interested?  
Add to your wishlist and get notified when it becomes available.

View Community Hub

## About This Game

Ignite the Depths is a cooperative hack-and-slash dungeon crawler set across three hand-crafted dimensions. Venture into the Abyss alone or form a party of up to four players to battle monstrous creatures, solve environmental puzzles, and forge wildly different builds.

## CHOOSE YOUR CLASS",,release date,40,medium,Exact title match (+20); Keywords ['release date'] (+20),general
4910490,web_result,unknown_date,https://store.steampowered.com/app/4910490/Ignite_the_Depths,Ignite the Depths,"All Games > RPG Games > Ignite the Depths

Community Hub

Ignite the Depths

Ignite the Depths

Ignite the Depths

Developer

SK Studios

Publisher

SK Studios

Release

2026

Ignite the Depths is an atmospheric dark-fantasy dungeon crawler set within a sprawling, hand-crafted labyrinth. Descend into the darkness alone, or unite with up to four players in co-op. Will you conquer the Abyss?

All Reviews:

No user reviews

Release Date:

2026

Developer:

SK Studios

Publisher:

SK Studios [...] Steam Cloud

Family Sharing

Languages:

English and 8 more

| Interface | Full Audio | Subtitles |
 --- 
| English | ✔ | ✔ | ✔ |
| French | ✔ |  | ✔ |
| Italian | ✔ |  | ✔ |
| German | ✔ |  | ✔ |
| Spanish - Spain | ✔ |  | ✔ |
| Japanese | ✔ |  | ✔ |
| Portuguese - Brazil | ✔ |  | ✔ |
| Russian | ✔ |  | ✔ |
| Simplified Chinese | ✔ |  | ✔ |

See all 9 supported languages

Title: Ignite the Depths  
 Genre: Action, Adventure, Indie, RPG  

Developer: SK Studios

Publisher: SK Studios [...] SK Studios

Tags

Popular user-defined tags for this product:

Online Co-Op  Dungeon Crawler  Action  RPG  Action RPG  Adventure  Multiplayer  Dark Fantasy  Exploration  Magic  Atmospheric  Action-Adventure  Roguelike  Hack and Slash  First-Person  Indie  Singleplayer  Fantasy  3D  Stylized 

+

Reviews

All Reviews:

No user reviews

Sign in to add this item to your wishlist, follow it, or mark it as ignored

)

Features

Single-player

Online Co-op

Steam Achievements

Steam Cloud",,release date,40,medium,Exact title match (+20); Keywords ['release date'] (+20),general
4910490,web_result,unknown_date,https://www.gamespress.com/Ignite-the-Depths-Announcement,Ignite the Depths Announcement,"The three-person team at Seattle-based SK Studios has announced Ignite the Depths, an atmospheric dark-fantasy dungeon crawler where players descend through three handcrafted dimensions, combining unique class abilities to overcome raid-inspired bosses and environmental puzzles in solo or four-player co-op. [...] ""We wanted to recreate the feeling of tackling MMO-style dungeons with a close group of friends without the long grind that usually entails. We hope players will still get the satisfaction of crafting and upgrading their class in preparation for these set pieces,"" said Marcus Klammt, developer at SK Studios. 

Ignite the Depths is expected to launch in Q3 2026. Playtests will be held ahead of release, and players can request access via the Steam page. 

Key Features [...] Everything in Ignite the Depths is designed around deep co-op synergy, rewarding creative teamwork and ability combinations to overcome the Abyss's many dangers. Annihilating barrels and uncovering hidden treasure will reward you with resources that can be spent at Pickle and Po's shop to craft powerful builds and customize each class.",,announcement,40,medium,Exact title match (+20); Keywords ['announcement'] (+20),general
4910490,web_result,unknown_date,https://www.youtube.com/watch?v=_eIjv3stW34,Ignite the Depths - Official Announcement Trailer,"# Ignite the Depths - Official Announcement Trailer
## Indie Games Hub
168000 subscribers
4768 likes

### Description
128813 views
Posted: 24 Jul 2026
Ignite the Depths is a cooperative hack-and-slash dungeon crawler set across three hand-crafted dimensions. Venture into the Abyss alone or form a party of up to four players to battle monstrous creatures, solve environmental puzzles, and forge wildly different builds.

Wishlist on Steam: 

Developer: SK Studios
X:",,"trailer, announcement",40,medium,"Exact title match (+20); Keywords ['trailer', 'announcement'] (+20)",general
4910490,web_result,unknown_date,https://store.steampowered.com/app/4910490/Ignite_the_Depths,Ignite the Depths,"All Games > RPG Games > Ignite the Depths

Community Hub

Ignite the Depths

Ignite the Depths

Ignite the Depths

Developer

SK Studios

Publisher

SK Studios

Release

2026

Ignite the Depths is an atmospheric dark-fantasy dungeon crawler set within a sprawling, hand-crafted labyrinth. Descend into the darkness alone, or unite with up to four players in co-op. Will you conquer the Abyss?

All Reviews:

No user reviews

Release Date:

2026

Developer:

SK Studios

Publisher:

SK Studios [...] Steam Cloud

Family Sharing

Languages:

English and 8 more

| Interface | Full Audio | Subtitles |
 --- 
| English | ✔ | ✔ | ✔ |
| French | ✔ |  | ✔ |
| Italian | ✔ |  | ✔ |
| German | ✔ |  | ✔ |
| Spanish - Spain | ✔ |  | ✔ |
| Japanese | ✔ |  | ✔ |
| Portuguese - Brazil | ✔ |  | ✔ |
| Russian | ✔ |  | ✔ |
| Simplified Chinese | ✔ |  | ✔ |

See all 9 supported languages

Title: Ignite the Depths  
 Genre: Action, Adventure, Indie, RPG  

Developer: SK Studios

Publisher: SK Studios [...] SK Studios

Tags

Popular user-defined tags for this product:

Online Co-Op  Dungeon Crawler  Action  RPG  Action RPG  Adventure  Multiplayer  Dark Fantasy  Exploration  Magic  Atmospheric  Action-Adventure  Roguelike  Hack and Slash  First-Person  Indie  Singleplayer  Fantasy  3D  Stylized 

+

Reviews

All Reviews:

No user reviews

Sign in to add this item to your wishlist, follow it, or mark it as ignored

)

Features

Single-player

Online Co-op

Steam Achievements

Steam Cloud",,release date,40,medium,Exact title match (+20); Keywords ['release date'] (+20),general
4910490,web_result,unknown_date,https://www.gamespress.com/Ignite-the-Depths-Announcement,Ignite the Depths Announcement,"""We wanted to recreate the feeling of tackling MMO-style dungeons with a close group of friends without the long grind that usually entails. We hope players will still get the satisfaction of crafting and upgrading their class in preparation for these set pieces,"" said Marcus Klammt, developer at SK Studios. 

Ignite the Depths is expected to launch in Q3 2026. Playtests will be held ahead of release, and players can request access via the Steam page. 

Key Features [...] The three-person team at Seattle-based SK Studios has announced Ignite the Depths, an atmospheric dark-fantasy dungeon crawler where players descend through three handcrafted dimensions, combining unique class abilities to overcome raid-inspired bosses and environmental puzzles in solo or four-player co-op. [...] Everything in Ignite the Depths is designed around deep co-op synergy, rewarding creative teamwork and ability combinations to overcome the Abyss's many dangers. Annihilating barrels and uncovering hidden treasure will reward you with resources that can be spent at Pickle and Po's shop to craft powerful builds and customize each class.",,announcement,40,medium,Exact title match (+20); Keywords ['announcement'] (+20),general
4910490,web_result,unknown_date,https://www.youtube.com/watch?v=_eIjv3stW34,Ignite the Depths - Official Announcement Trailer,"# Ignite the Depths - Official Announcement Trailer
## Indie Games Hub
168000 subscribers
4768 likes

### Description
128813 views
Posted: 24 Jul 2026
Ignite the Depths is a cooperative hack-and-slash dungeon crawler set across three hand-crafted dimensions. Venture into the Abyss alone or form a party of up to four players to battle monstrous creatures, solve environmental puzzles, and forge wildly different builds.

Wishlist on Steam: 

Developer: SK Studios
X:",,"trailer, announcement",40,medium,"Exact title match (+20); Keywords ['trailer', 'announcement'] (+20)",general
4910490,youtube_video,inside_extended_window,https://www.youtube.com/watch?v=Wo4sciYRwqU,New co-op dungeom crawler looks crunchy              #dungeoncrawl #coop #multiplayer #gaming #game,,"spónsored This is pickle and po, I love them, and they sell you buffs in this new crunchy dungeon crawler game that you can ...",,30,weak,Inside extended window (+15); YouTube (+15),
4910490,web_result,unknown_date,https://www.instagram.com/reel/Db37iePCpoq,Instagram,"🔥 Ignite the Depths is a fast-paced first-person dark-fantasy dungeon crawler built for solo or 4-player co-op. Explore hand-crafted dungeons, fight monsters, solve puzzles, and create powerful class synergies across Warrior, Tank, Mage, and Healer.  
  
🎮 Genre: First-Person Dungeon Crawler / Dark Fantasy / Co-op  
💻 Platform: PC / Steam  
📅 Release: TBA  
👥 Players: Solo + up to 4-player co-op  
  
No forced PvP. No extraction. Just pure PvE dungeon-crawling adventure. 🔥 [...] Wishlist Ignite the Depths on Steam!  
  
#IgniteTheDepths #DungeonCrawler #DarkFantasy #PCGaming #SteamGames [...] Log In

Sign Up

lazyfoxplays's profile picture

Never miss a post from lazyfoxplays

Sign up for Instagram to stay in the loop.

Sign up

Log in

Video by LazyFoxPlays on August 10, 2026. May be a video game screenshot of poster and text that says 'A fast-pacedfirst-persondungeor fast paced first person dungeon crawler with solo play, 4- 4-player co- op, and pure PVE. Ignite IgnitetheDepths the Depths Wishlist it now On Steam!'.

lazyfoxplays's profile picture

lazyfoxplays

•

Follow",,,25,weak,Social Index (+5); Exact title match (+20),general
4910490,social_post,unknown_date,https://www.tiktok.com/@kickzgaming1/video/7672487088931081505,TikTok - Make Your Day,"![Image 1: [ad] What If Dark And Darker Was PvE Only? | IGNITE THE DEPTHS Paid partnership with IGNITE THE DEPTHS. What if you took the dark fantasy and first-person dungeon crawling of games like Dark and Darker, but removed the forced PvP and extraction mechanics? IGNITE THE DEPTHS is a fast-paced dungeon crawler made by a solo developer, featuring hand-crafted dungeons, four unique classes, fast combat, puzzles, secrets, and powerful co-op synergies. Play solo or team up with up to four [...] up with up to four players and conquer the Abyss together. Wishlist it now on Steam. #ad #IgniteTheDepths #SteamGames #DungeonCrawler #IndieGames](",,,25,weak,Social Index (+5); Exact title match (+20),social
4910490,social_post,unknown_date,https://www.tiktok.com/@iconyc.official/video/7672487962969509153,Nothing Down There Wants Your Loot ⚔️ Ignite the Depths is ...,"video-cover

# Nothing Down There Wants Your Loot ⚔️ Ignite the Depths is a solo or co-op dungeon crawler where your classes change each other's abilities. 🔥 So bringing a different friend genuinely changes what you can do. 🗺️ Every floor was hand-built — no procedural generation, just puzzles, secrets and bosses. 🐸 And your upgrades come from a frog merchant who is definitely trustworthy. ⭐ Wishlist it on Steam and request playtest access. #IgniteTheDepths #coopgame #indiegame

Paid partnership [...] Paid partnership

original sound

author
music",,,25,weak,Social Index (+5); Exact title match (+20),social
4910490,social_post,unknown_date,https://www.tiktok.com/@donindies/video/7672480733260270855,Don indies on TikTok,"© 2026 TikTok

Image 1: Ignite the Depths viene de un estudio de solo 3 personas y su anuncio explotó tanto que juntó 20,000 listas de deseos en 4 días. Es PvE puro con la atmósfera de Dark and Darker pero 100% cooperativa, y corre hasta en PCs modestas. Déjalo en tu wishlist y pide acceso al playtest en Steam. #indiegames #gaming #DonIndies

Video 1

donindies · 18h ago [...] Ignite the Depths viene de un estudio de solo 3 personas y su anuncio explotó tanto que juntó 20,000 listas de deseos en 4 días. Es PvE puro con la atmósfera de Dark and Darker pero 100% cooperativa, y corre hasta en PCs modestas. Déjalo en tu wishlist y pide acceso al playtest en Steam.

#indiegames#gaming#DonIndies

more

See translation

00:02 / 00:52

Image 2: donindies

1371

8

554

503

[]( [...] 8

554

503

[](

Image 3: Crimson Moon empezó como el proyecto personal de un solo desarrollador y terminó siendo el hack n slash gótico que hoy publica el estudio del ex jefe de Bungie. Peleas con parrys, esquives y una transformación angelical que arrasa con todo. Sale el 1 de septiembre a 19,99 dólares, ya puedes agregarlo a tu wishlist. Sponsored by ProbablyMonsters #ad #CrimsonMoon #indiegames #gaming #DonIndies

Video 2

donindies · 2d ago",,,25,weak,Social Index (+5); Exact title match (+20),social
4910490,social_post,unknown_date,https://www.tiktok.com/@soltekl/video/7672495046721015072,Solteki on TikTok,"TikTok

Log in

TikTok

Search

For You

Explore

Following

LIVE

Upload

Profile

More

Log in

© 2026 TikTok

## Notifications

All activity Likes Comments Mentions and tags Followers

All activity

Notifications about your account will appear here.

Image 1: Will You Survive This Fantasy Abyss? (AD) Game Name: Ignite The Depths #gaming #indiegame #indie #newgames #ad

Video 1

Solteki · 1d ago 

Will You Survive This Fantasy Abyss? (AD)

Game Name: Ignite The Depths [...] 60.7K

·7-19

Image 11: Guess The Game From The Steam Review!We found some INSANE Steam reviews and had to guess which game they're talking about, play along in the comments and good luck! #gaming #indiegame #indie #newgames #quiz

Guess The Game From The Steam Review!We found some INSANE Steam reviews and had to guess which game they're talking about, play along in the comments and good luck! #gaming #indiegame #indie #newgames #quiz

Solteki

144

·7-16",,,25,weak,Social Index (+5); Exact title match (+20),social
4910490,social_post,unknown_date,https://www.tiktok.com/@ignitethedepths/video/7666538628981525773,ignitethedepths on TikTok,"TikTok

Log in

TikTok

Search

For You

Explore

Following

LIVE

Upload

Profile

More

Log in

© 2026 TikTok

Image 1: Wishlist “Ignite the Depths” on Steam!  #coop #darkfantasy #indiegames 

Video 1

Comments

You may like

Log in

Log in",,,25,weak,Social Index (+5); Exact title match (+20),social
4910490,social_post,unknown_date,https://www.instagram.com/popular/microsoft-ignite-conference-2026,Microsoft Ignite Conference 2026,"🔍 “MICROSOFT: THIS IS HOW NEW AI INNOVATIONS ARE ANNOUNCED TO THE PUBLIC” Ignite has its own rhythm. Twenty thousand people moving through the halls, another two hundred thousand watching from home — and somewhere in between, the future gets revealed one demo, one keynote, one unexpected hallway conversation at a time. What the livestream shows is only the surface. The real spark happens in the backstage flow, in side rooms, in those quick “come check this out” moments that never reach the [...] 💻
An unforgettable day at the Microsoft AI Tour in Bengaluru! 🚀 This event was a deep dive into the world of artificial intelligence, showcasing the latest advancements and innovations from Microsoft. We were introduced to a suite of powerful tools and platforms: [...] 🔍 “MICROSOFT: THIS IS HOW NEW AI INNOVATIONS ARE ANNOUNCED TO THE PUBLIC”
Ignite has its own rhythm. Twenty thousand people moving through the halls, another two hundred thousand watching from home — and somewhere in between, the future gets revealed one demo, one keynote, one unexpected hallway conversation at a time.",,demo,25,weak,Social Index (+5); Keywords ['demo'] (+20),social
4910490,social_post,unknown_date,https://www.instagram.com/popular/microsoft-2025-ignite-event,Microsoft 2025 Ignite Event,"# Microsoft 2025 Ignite Event. Watch reels about microsoft 2025 ignite event from people around the world. ## microsoft. ## ignite. ## ignite 2025. ## microsoft 2025. ## microsoft. ## microsoft (@microsoft)/? Thank you to everyone who visited us at Microsoft Ignite 2025. Behind the Scenes at the @microsoft Ignite 2025 Keynote 🎬 Grant Harvey and Corey Noles went behind the scenes at the Chase Center for Microsoft Ignite, where Judson Althoff, CEO of Microsoft Commercial Business, and Scott Guthrie, EVP of Cloud and AI, shared Microsoft’s vision for the future of AI. Last week at Microsoft Ignite 2025 we proved that resilience isn’t a checkbox, it’s a movement. ✨Microsoft Ignite Coming to SF✨ The 2025 Microsoft Ignite conference, hosted at the Moscone Center, is expected to provide a significant economic boost to San Francisco. He emphasized that events like Ignite help restore San Francisco’s financial vibrancy and reinforce the city’s role as a hub for innovation and technology. Microsoft’s announcement comes on the heels of Salesforce’s renewed commitment to San Francisco for its annual Dreamforce conference, which brings tens of thousands of visitors and tens of millions of dollars to the local economy. ✨ Estar no Microsoft Ignite 2025 significou trocar experiências com parceiros de toda a região, acompanhar de perto os anúncios que vão moldar o futuro — de IA ao Copilot, passando por segurança, e reforçar parcerias que realmente movem o ecossistema. Learn with us at Microsoft Ignite 2025. Deepi Pryor takes on some fun This or That questions about Microsoft 365 Copilot at this year's Microsoft Ignite! . [ ignite, allgirlsevent, 2025, fun and entertainment, bss, gccf, fsd, firstofitskindinfaisalabad, concert games fun and more, beaconhouse, girls campus, viral, trending, trend, explore page, register, 7&8november, registrations open, register now, meme , meme reference, wah shampy wah, itsatwooo, achajeeeaisahaikya ?, hello gwm open the sunroof, nadiaa trend ] #ignite #ignite25 #allgirlsevent #fsd #funandentertainment #bss #gccf #firstallgirlseventinfaisalabad #beaconhouse #viral #trending #trend #explorepage #instagram #entertainment #instagramreels #schoollife #corporateevent #socialmedia #socialnights #registernow #registrationsopen #nadiaatrend #wahshampywah #jazakallahthankyousomuch #itsatwo #hellogwm #memes #memereference](/popular/microsoft-2025-ignite-event/reels/DQMzS2IiB-N/). @microsoft Ignite 2025 in a nutshell. Check in for the latest Microsoft Ignite event updates this week coming out of San Fransisco!",,announcement,25,weak,Social Index (+5); Keywords ['announcement'] (+20),social
4910490,social_post,unknown_date,https://x.com/IgnitetheDepths,Ignite the Depths (@IgnitetheDepths) / X,"Jul 23

  Our new game, Ignite the depths has just been announced! - class based co-op dungeon crawler, up to four friends - labyrinth-like level design, jump puzzles, secrets - designed for solo and co-op play! Steam link in the comments!

  

  00:00 [...] Log inSign up

Ignite the Depths

Ignite the Depths profile banner

user avatar

# Ignite the Depths

@IgnitetheDepths

The multiplayer dark-fantasy game you and your friends have been waiting for. ⬇️Wishlist on Steam now!

store.steampowered.com/app/4910490/Ig…

Joined June 2026

25

Following78

Followers

RepliesRepliesMediaMedia

 user avatar

  Ignite the Depths

  @IgnitetheDepths

  Jul 26 [...] Jul 26

  Meet Pickle and Po!! They'll supply you with buffs and upgrades throughout your journey in our dark-fantasy co-op dungeon crawler! Is he smug enough? #darkfantasy #coop #indie

  

  00:00
 user avatar

  Ignite the Depths

  @IgnitetheDepths

  Jul 25

  Day 1 of asking what we should add to our dark-fantasy co-op dungeon crawler, ""Ignite the Depths"". Which just so happens to be available to wishlist on Steam :) #coop #darkfantasy #indiegame

  

  00:00
 user avatar",,,25,weak,Social Index (+5); Exact title match (+20),social
4910490,social_post,unknown_date,https://x.com/nexindie/status/2080465555534823630,"Next Indie on X: ""First-person dark fantasy co-op dungeon-crawler for up to 4 players 'Ignite the Depths' has been announced. Steam page: https://t.co/49UKCGtM2s https://t.co/wwHiSlAltK"" / X","Jul 24

  This looks excellent.
 user avatar

  TheLambCloud

  @TheLambCloud1

  Jul 24

  thats a wishlist from me

  
 user avatar

  KC Frostyyy

  @tanguy\_maillot

  Jul 24

  @mellokru @ZantetsukenYami [...] Log inSign up

## Post

# Next Indie on X: ""First-person dark fantasy co-op dungeon-crawler for up to 4 players 'Ignite the Depths' has been announced. Steam page:  

 user avatar

  Next Indie

  @nexindie

  First-person dark fantasy co-op dungeon-crawler for up to 4 players 'Ignite the Depths' has been announced. Steam page: store.steampowered.com/app/4910490

  

  00:00

  1:30 AM · Jul 24, 2026138.5KViews
 user avatar

  Raspberry 👿🔞

  @RazzyDessert

  Jul 24",,,25,weak,Social Index (+5); Exact title match (+20),social
4910490,social_post,unknown_date,https://cogconnected.com/2026/07/ignite-the-depths-revealed-bringing-raid-inspired-co-op-dungeon-crawling-to-pc,"Ignite the Depths Revealed, Bringing Raid-Inspired Co-Op ...","Seattle-based indie developer SK Studios has officially announced Ignite the Depths, a new atmospheric dark-fantasy dungeon crawler that puts teamwork at the center of the experience. Developed by a three-person team, the game lets players descend through three handcrafted dimensions filled with dangerous enemies, environmental puzzles, and raid-inspired boss fights. It can be played solo or with up to four players in co-op. [...] “We wanted to recreate the feeling of tackling MMO-style dungeons with a close group of friends without the long grind that usually entails. We hope players will still get the satisfaction of crafting and upgrading their class in preparation for these set pieces,” said Marcus Klammt, developer at SK Studios.

Ignite the Depths launches in Q3 2026, with playtests planned ahead of release. If you enjoy challenging co-op adventures, this is one to keep an eye on.

SOURCE

## Related Posts [...] Visually, Ignite the Depths embraces a dreamy retro-inspired art style that blends classic aesthetics with modern rendering techniques. Each of the three dimensions concludes with a unique boss battle featuring custom mechanics, environmental challenges, and large-scale encounters that demand both teamwork and individual skill.",,,25,weak,Social Index (+5); Exact title match (+20),social
4910490,social_post,unknown_date,https://www.youtube.com/watch?v=l9Cry3mKFHs,Ignite the Depths Might Be the Dungeon Crawler We Needed,"# Ignite the Depths Might Be the Dungeon Crawler We Needed
## Stridah's Angels
50000 subscribers
50 likes

### Description
1847 views
Posted: 10 Aug 2026
Ignite the Depths is an upcoming first-person dark fantasy dungeon crawler built around solo and four-player co-op PvE. Explore handcrafted dungeons, battle monsters, uncover secrets, solve puzzles, and experiment with different class builds without forced PvP or extraction mechanics. [...] With fast-paced combat, unique class synergies, a retro-inspired visual style, and development being handled by a solo developer, Ignite the Depths could be one of the more interesting new co-op dungeon crawlers to keep an eye on.

#ignitethedepths #gaming 

NEW MERCH:  bonfire.com/store/stridahs-angels/
twitch.tv/stridah
twitter.com/stridah1
tiktok - @stridahsangels
DISCORD!!  
Business: stridahsangels1@gmail.com

Join this channel to get access to perks:",,,25,weak,Social Index (+5); Exact title match (+20),social
4910490,social_post,unknown_date,https://www.ign.com/games/ignite-the-depths,Ignite the Depths,"# Ignite the Depths

SK Studios

•

Initial Release: TBA 2026

•PC

NR

IGN Rating

OverviewPlaylistsReviews

### Images & Screenshots

### Summary

Ignite the Depths is an atmospheric dark-fantasy dungeon crawler set within a sprawling, hand-crafted labyrinth. Descend into the darkness alone, or unite with up to four players in co-op. Will you conquer the Abyss?

Developers

SK Studios

Publishers

SK Studios

Features

Online Co-Op Multiplayer, Online Four-Player Multiplayer

Initial Release",,,25,weak,Social Index (+5); Exact title match (+20),social
4910490,web_result,unknown_date,https://playtester.io/ignite-the-depths,Ignite the Depths Closed Beta on Playtester,"Ignite the Depths: First-person torch raised as three skeletons approach in a foggy forest path.
Ignite the Depths: Co-op fight on stone bridge, fire spell flares as two dragons loom in cavern.
Ignite the Depths: First-person view of a frog idol with tiny creature atop in a dim stone chamber.
Ignite the Depths: Swordfight with a Flame Skeleton in a green-lit stone corridor, boss bar above.
Ignite the Depths: Armored warrior raises a sword toward a glowing door amid purple abyssal fog. [...] Ignite the Depths is an atmospheric dark-fantasy dungeon crawler set within a sprawling, hand-crafted labyrinth. Descend into the darkness alone, or unite with up to four players in co-op. Will you conquer the Abyss?

[](

Ignite the Depths is a cooperative hack-and-slash dungeon crawler set across three hand-crafted dimensions. Venture into the Abyss alone or form a party of up to four players to battle monstrous creatures, solve environmental puzzles, and forge wildly different builds. [...] Ignite the Depths: Hooded figure faces two dragon statues in a torchlit cavern hall with chandeliers.
Ignite the Depths: First-person fight with a Skeleton Knight in a purple-lit stone corridor UI bars visible.
Ignite the Depths: First-person sword raised near blue braziers in a smoky red cavern corridor.
Ignite the Depths: Dragon rears and roars above dark pines under glowing crystals and stormy sky.",,,20,weak,Exact title match (+20),general
4910490,web_result,unknown_date,https://playtester.io/ignite-the-depths,Ignite the Depths Closed Beta on Playtester,"Ignite the Depths is an atmospheric dark-fantasy dungeon crawler set within a sprawling, hand-crafted labyrinth. Descend into the darkness alone, or unite with up to four players in co-op. Will you conquer the Abyss?

[](

Ignite the Depths is a cooperative hack-and-slash dungeon crawler set across three hand-crafted dimensions. Venture into the Abyss alone or form a party of up to four players to battle monstrous creatures, solve environmental puzzles, and forge wildly different builds. [...] Ignite the Depths: First-person torch raised as three skeletons approach in a foggy forest path.
Ignite the Depths: Co-op fight on stone bridge, fire spell flares as two dragons loom in cavern.
Ignite the Depths: First-person view of a frog idol with tiny creature atop in a dim stone chamber.
Ignite the Depths: Swordfight with a Flame Skeleton in a green-lit stone corridor, boss bar above.
Ignite the Depths: Armored warrior raises a sword toward a glowing door amid purple abyssal fog. [...] Ignite the Depths: Hooded figure faces two dragon statues in a torchlit cavern hall with chandeliers.
Ignite the Depths: First-person fight with a Skeleton Knight in a purple-lit stone corridor UI bars visible.
Ignite the Depths: First-person sword raised near blue braziers in a smoky red cavern corridor.
Ignite the Depths: Dragon rears and roars above dark pines under glowing crystals and stormy sky.",,,20,weak,Exact title match (+20),general
4910490,web_result,unknown_date,https://cogconnected.com/2026/07/ignite-the-depths-revealed-bringing-raid-inspired-co-op-dungeon-crawling-to-pc,"Ignite the Depths Revealed, Bringing Raid-Inspired Co-Op Dungeon Crawling to PC - COGconnected","Seattle-based indie developer SK Studios has officially announced Ignite the Depths, a new atmospheric dark-fantasy dungeon crawler that puts teamwork at the center of the experience. Developed by a three-person team, the game lets players descend through three handcrafted dimensions filled with dangerous enemies, environmental puzzles, and raid-inspired boss fights. It can be played solo or with up to four players in co-op. [...] “We wanted to recreate the feeling of tackling MMO-style dungeons with a close group of friends without the long grind that usually entails. We hope players will still get the satisfaction of crafting and upgrading their class in preparation for these set pieces,” said Marcus Klammt, developer at SK Studios.

Ignite the Depths launches in Q3 2026, with playtests planned ahead of release. If you enjoy challenging co-op adventures, this is one to keep an eye on.

SOURCE

## Related Posts [...] Visually, Ignite the Depths embraces a dreamy retro-inspired art style that blends classic aesthetics with modern rendering techniques. Each of the three dimensions concludes with a unique boss battle featuring custom mechanics, environmental challenges, and large-scale encounters that demand both teamwork and individual skill.",,,20,weak,Exact title match (+20),general
4910490,web_result,unknown_date,https://playtester.io/ignite-the-depths,Ignite the Depths Closed Beta on Playtester,"Ignite the Depths: First-person torch raised as three skeletons approach in a foggy forest path.
Ignite the Depths: Co-op fight on stone bridge, fire spell flares as two dragons loom in cavern.
Ignite the Depths: First-person view of a frog idol with tiny creature atop in a dim stone chamber.
Ignite the Depths: Swordfight with a Flame Skeleton in a green-lit stone corridor, boss bar above.
Ignite the Depths: Armored warrior raises a sword toward a glowing door amid purple abyssal fog. [...] Ignite the Depths is an atmospheric dark-fantasy dungeon crawler set within a sprawling, hand-crafted labyrinth. Descend into the darkness alone, or unite with up to four players in co-op. Will you conquer the Abyss?

[](

Ignite the Depths is a cooperative hack-and-slash dungeon crawler set across three hand-crafted dimensions. Venture into the Abyss alone or form a party of up to four players to battle monstrous creatures, solve environmental puzzles, and forge wildly different builds. [...] Ignite the Depths: Hooded figure faces two dragon statues in a torchlit cavern hall with chandeliers.
Ignite the Depths: First-person fight with a Skeleton Knight in a purple-lit stone corridor UI bars visible.
Ignite the Depths: First-person sword raised near blue braziers in a smoky red cavern corridor.
Ignite the Depths: Dragon rears and roars above dark pines under glowing crystals and stormy sky.",,,20,weak,Exact title match (+20),general
4910490,web_result,unknown_date,https://www.ign.com/games/ignite-the-depths,Ignite the Depths,"# Ignite the Depths

SK Studios

•

Initial Release: TBA 2026

•PC

NR

IGN Rating

OverviewPlaylistsReviews

### Images & Screenshots

### Summary

Ignite the Depths is an atmospheric dark-fantasy dungeon crawler set within a sprawling, hand-crafted labyrinth. Descend into the darkness alone, or unite with up to four players in co-op. Will you conquer the Abyss?

Developers

SK Studios

Publishers

SK Studios

Features

Online Co-Op Multiplayer, Online Four-Player Multiplayer

Initial Release",,,20,weak,Exact title match (+20),general
4910490,web_result,unknown_date,https://steamcommunity.com/app/4910490?curator_clanid=4777282,Ignite the Depths,"Store Page

Ignite the Depths

All Discussions Screenshots Artwork Broadcasts Videos News Guides Reviews

### Ignite the Depths

Store Page

0 in Group Chat;)

0 in Group Chat;)

Ignite the Depths is an atmospheric dark-fantasy dungeon crawler set within a sprawling, hand-crafted labyrinth. Descend into the darkness alone, or unite with up to four players in co-op. Will you conquer the Abyss?

Visit the Store Page

Most popular community and official content for the past week.  (?)",,,20,weak,Exact title match (+20),general
4910490,web_result,unknown_date,https://cogconnected.com/2026/07/ignite-the-depths-revealed-bringing-raid-inspired-co-op-dungeon-crawling-to-pc,"Ignite the Depths Revealed, Bringing Raid-Inspired Co-Op ...","Seattle-based indie developer SK Studios has officially announced Ignite the Depths, a new atmospheric dark-fantasy dungeon crawler that puts teamwork at the center of the experience. Developed by a three-person team, the game lets players descend through three handcrafted dimensions filled with dangerous enemies, environmental puzzles, and raid-inspired boss fights. It can be played solo or with up to four players in co-op. [...] Visually, Ignite the Depths embraces a dreamy retro-inspired art style that blends classic aesthetics with modern rendering techniques. Each of the three dimensions concludes with a unique boss battle featuring custom mechanics, environmental challenges, and large-scale encounters that demand both teamwork and individual skill. [...] Cooperation plays a major role in Ignite the Depths. Players need to combine class abilities and coordinate their strategies to survive the Abyss. Along the way, players can destroy barrels, uncover hidden treasure, and collect resources to spend at Pickle and Po’s shop. These materials allow players to craft stronger builds and customize their chosen class before tougher encounters.",,,20,weak,Exact title match (+20),general
4910490,web_result,unknown_date,https://cogconnected.com/2026/07/ignite-the-depths-revealed-bringing-raid-inspired-co-op-dungeon-crawling-to-pc,"Ignite the Depths Revealed, Bringing Raid-Inspired Co-Op ...","Seattle-based indie developer SK Studios has officially announced Ignite the Depths, a new atmospheric dark-fantasy dungeon crawler that puts teamwork at the center of the experience. Developed by a three-person team, the game lets players descend through three handcrafted dimensions filled with dangerous enemies, environmental puzzles, and raid-inspired boss fights. It can be played solo or with up to four players in co-op. [...] “We wanted to recreate the feeling of tackling MMO-style dungeons with a close group of friends without the long grind that usually entails. We hope players will still get the satisfaction of crafting and upgrading their class in preparation for these set pieces,” said Marcus Klammt, developer at SK Studios.

Ignite the Depths launches in Q3 2026, with playtests planned ahead of release. If you enjoy challenging co-op adventures, this is one to keep an eye on.

SOURCE

## Related Posts [...] ## Deepak Chongtham

# Ignite the Depths Revealed, Bringing Raid-Inspired Co-Op Dungeon Crawling to PC

## Descend Into the Darkness in Ignite the Depths",,,20,weak,Exact title match (+20),general
4910490,web_result,unknown_date,https://www.ign.com/games/ignite-the-depths,Ignite the Depths,"# Ignite the Depths

SK Studios

•

Initial Release: TBA 2026

•PC

NR

IGN Rating

OverviewPlaylistsReviews

### Images & Screenshots

### Summary

Ignite the Depths is an atmospheric dark-fantasy dungeon crawler set within a sprawling, hand-crafted labyrinth. Descend into the darkness alone, or unite with up to four players in co-op. Will you conquer the Abyss?

Developers

SK Studios

Publishers

SK Studios

Features

Online Co-Op Multiplayer, Online Four-Player Multiplayer

Initial Release",,,20,weak,Exact title match (+20),general
4910490,reddit_discussion,unknown_date,https://www.reddit.com/r/MicrosoftIgnite/comments/1p2bono/ignite_2026_will_return_to_san_francisco,Ignite 2026 will return to San Francisco : r/MicrosoftIgnite,"Title: Ignite 2026 will return to San Francisco : r/MicrosoftIgnite
Ignite 2026 will return to San Francisco : r/MicrosoftIgnite. Skip to main contentIgnite 2026 will return to San Francisco : r/MicrosoftIgnite. Open menu Open navigationGo to Reddit Home. Get App Get the Reddit app Log InLog in to Reddit. Expand user menu Open settings menu. Image 1: r/MicrosoftIgnite icon Go to MicrosoftIgnite. Ignite 2026 will return to San Francisco. Ignite 2026 will return to San Francisco. I also heard roumors that MS had signed a 5 year deal…. Not really what I hoped for considering the bad logistics/security in regards Moscone center. This was my fifth MSIgnite but it will probably be my last. It’s way too much AI, Agents and Co-Pilot anyway. https://www.sfchronicle.com/sf/article/microsoft-ignite-conference-21197666.php. Details about Microsoft Ignite 2026 location. Must-attend sessions for developers at Ignite. Practices for networking at Microsoft Ignite. How Ignite addresses sustainability in tech. Highlights from Ignite's panel discussions. Create your account and connect with a world of communities. By continuing, you agree to ourUser Agreementand acknowledge that you understand thePrivacy Policy. Image 2: cakeImage 3: cake. Anyone can view, post, and comment to this community. Reddit RulesPrivacy PolicyUser AgreementYour Privacy ChoicesAccessibilityReddit, Inc.",,,10,weak,Reddit (+10),social
4910490,reddit_discussion,unknown_date,https://www.reddit.com/r/classicwow/comments/1l38aa3/how_to_tell_which_lfg_part_of_blackrock_depths,How to tell which LFG part of Blackrock Depths you're in while ...,"How to tell which LFG part of Blackrock Depths you're in while leveling alts. Skip to main contentHow to tell which LFG part of Blackrock Depths you're in while leveling alts. Open menu Open navigationGo to Reddit Home r/classicwow A chip A close button Get App Get the Reddit app Log InLog in to Reddit Expand user menu Open settings menu A community for World of Warcraft: Classic fans. How to tell which LFG part of Blackrock Depths you're in while leveling alts. I looked around a bit with no success so I made my own macro for it that will tell you. `/run local _, _, _, _, _, _, _, _, _, id = GetInstanceInfo(); local name = GetLFGDungeonInfo(id); print(id, name)` Just run this and it will fetch the current instance ID and match it to the name in the LFG pane. 30 Blackrock Depths - Detention Block 276 Blackrock Depths - Upper City This macro should work with any instances like that, though I don't know if there's a use case outside of Blackrock Depths. Create your account and connect with a world of communities. By continuing, you agree to ourUser Agreementand acknowledge that you understand thePrivacy Policy. Anyone can view, post, and comment to this community Reddit RulesPrivacy PolicyUser AgreementAccessibilityReddit, Inc. * Crime, Mystery, & Thriller Movies & Series",,,10,weak,Reddit (+10),social
4910490,reddit_discussion,unknown_date,https://www.reddit.com/r/hiphopheads/comments/a828iv/who_is_larry_fisherman_exploring_the_depths_of,Who is Larry Fisherman? Exploring the depths of Mac ...,"Exploring the depths of Mac Miller's producer Alter-Ego : r/hiphopheads Skip to main contentWho is Larry Fisherman? Exploring the depths of Mac Miller's producer Alter-Ego : r/hiphopheads Open menu Open navigationGo to Reddit Home r/hiphopheads A chip A close button Log InLog in to Reddit Expand user menu Open settings menu The latest music, videos & news relating to your favorite hip-hop & R&B artists. Please read the **Guidelines/FAQ** before posting! Exploring the depths of Mac Miller's producer Alter-Ego Mac Miller's producer names and alter egos Mac Miller's nicknames and aliases How Mac Miller got his stage name Create your account and connect with a world of communities. By continuing, you agree to ourUser Agreementand acknowledge that you understand thePrivacy Policy. Anyone can view, post, and comment to this community * Reddit reReddit: Top posts of December 20, 2018 * * * * Reddit reReddit: Top posts of December 2018 * * * * Reddit reReddit: Top posts of 2018 * * * Reddit RulesPrivacy PolicyUser AgreementAccessibilityReddit, Inc.",,,10,weak,Reddit (+10),social
4910490,reddit_discussion,unknown_date,https://www.reddit.com/r/classicwow/comments/dz5ky4/blackrock_depths_map,Blackrock Depths - Map : r/classicwow - Reddit,"Blackrock Depths - Map : r/classicwow Skip to main contentBlackrock Depths - Map : r/classicwow Open menu Open navigationGo to Reddit Home r/classicwow A chip A close button Get App Get the Reddit app Log InLog in to Reddit Expand user menu Open settings menu A community for World of Warcraft: Classic fans. Hi Reddit, I reinvented the wheel and made these Blackrock Depths maps to use for planning my route through BRD. I couldn't find any others that had the bosses and important locations tagged without having a path drawn all over it. These are blank if you want to use and create your own path guide to help you navigate this long dungeon. I may create more maps showing common dungeons runs of BRD and more maps of other dungeons if these are well received. BRD Floor 1 - Shadowforge Key Path BRD Floor 2 - Shadowforge Key Path BRD Floor 1 - Emperor Lava Run BRD Floor 2 - Emperor Lava Run EDIT: I have updated the maps to include a little more information. Namely, the locked doors which require the shadowforge key and that the dark iron highway path closes when the shadowforge lock is activated (opening the path to angerforge). EDIT2: Credit where credit is due. These maps are heavily influenced by Chris Carnes maps here: (). I copied much of the information from his map, adding a few notes here and there, using full boss names, and keeping the map free from having a path. Hence ""reinventing the wheel"" and ""couldn't find a map with bosses and important locations without a path drawn over it."" He has great maps for all the other dungeons for your viewing pleasure. EDIT3: Added a map for obtaining the shadowforge key and emperor lava run. Locations of bosses in Blackrock Depths Important locations in Blackrock Depths Create your account and connect with a world of communities. Anyone can view, post, and comment to this community * RedditreReddit: Top posts of November 20, 2019 * * * * RedditreReddit: Top posts of November 2019 * * * * RedditreReddit: Top posts of 2019 * * * Reddit RulesPrivacy PolicyUser AgreementAccessibilityReddit, Inc.",,,10,weak,Reddit (+10),social
4910490,reddit_discussion,unknown_date,https://www.reddit.com/r/biology/comments/14gt7yv/what_happens_to_the_human_body_in_the_depths_of,What happens to the human body in the depths of the ocean? - Reddit,"What happens to the human body in the depths of the ocean? Skip to main contentWhat happens to the human body in the depths of the ocean? Open menu Open navigationGo to Reddit Home r/biology A chip A close button Get App Get the Reddit app Log InLog in to Reddit Expand user menu Open settings menu A place to discuss all things biology! We welcome people and content from all related fields. What happens to the human body in the depths of the ocean? Following the Titan disaster, I wonder, what happens to the human body in these depths? Assuming the metal did not hit the human body while the submersible fell apart, but purely the pressure that hits the body in these depths - what happens when being affected by this pressure in a split second? I know that fish that lives in the depths stay intact, but maybe the human body does not react like that? New comments cannot be posted and votes cannot be cast. Effects of ocean depths on the human body What happens if you go too deep in the ocean How deep can you dive without scuba gear Buoyancy effects in deep water Swimming techniques for deep water Create your account and connect with a world of communities. Continue with Google Continue with Google. By continuing, you agree to ourUser Agreementand acknowledge that you understand thePrivacy Policy. Anyone can view, post, and comment to this community * RedditreReddit: Top posts of June 23, 2023 * * * * RedditreReddit: Top posts of June 2023 * * * * RedditreReddit: Top posts of 2023 * * * Reddit RulesPrivacy PolicyUser AgreementAccessibilityReddit, Inc. * Crime, Mystery, & Thriller Movies & Series",,,10,weak,Reddit (+10),social
4910490,social_post,unknown_date,https://www.instagram.com/reel/DDKNXLLuy26?hl=en,"Abarukas / Yoshito Sakuraba on Instagram: ""Delving into the depths of ambition and madness. A glimpse of “The Burning of Lady Macbeth” created with the talented Year 4 students at J&C, premieres next weekend. Their passion and artistry ignite this story in every movement. Big shout to @daniguidoa fo...","eping us on track at every rehearsal and refining this work 🖤 #LadyMacbeth #Choreography #Dancer #DanceEducation #JoffreyBalletSchool""
Never miss a post from abarukas_dance. Sign up for Instagram to stay in the loop. Delving into the depths of ambition and madness. A glimpse of “The Burning of Lady Macbeth” created with the talented Year 4 students at J&C, premieres next weekend. Their passion and artistry ignite this story in every movement. Big shout to @daniguidoa for keeping us on track at every rehearsal and refining this work 🖤 #LadyMacbeth#Choreography#Dancer#DanceEducation#JoffreyBalletSchool. Just saw this performance today with the Teatro CRDance. what an honor to be learning from you and to be working with such talented dancers!!! Log in to like or comment.",,,5,weak,Social Index (+5),social
4910490,social_post,unknown_date,https://www.instagram.com/popular/ignite-2025-conference,Ignite 2025 Conference,"# Ignite 2025 Conference. Watch reels about ignite 2025 conference from people around the world. ## confere. ## ignite. ## ignition. ## conference. ## ignite 2025. ## confers. ## confer. Ignite Trip to Texas for 2026 Passion Conference.](/popular/ignite-2025-conference/reels/DTLCnh6DVZm/). Get ready to ignite new collaborations, experience the groundbreaking discussions and open doors to limitless opportunities. The Indacon International Conference is just 5 days away. #IIChE #HBTUKanpur #ChemEng#Conference #InDACON2025 .](/popular/ignite-2025-conference/reels/DGGAZvtCGpR/). What a powerful conclusion to an unforgettable week at IGNITE Conference 2025! On Sunday, the fire of God fell in a mighty way as voices were lifted in worship, the Word was declared with authority, and hearts were ignited afresh. As we reflect on Sunday’s encounter, we are reminded that IGNITE is not just a conference; it’s a movement. IGNITE 2025 has set the tone for what God is doing in this season, and the fire will not go out! #IGNITEConference #IGNITE2025 #StayIgnited](/popular/ignite-2025-conference/reels/DO86Pc3Duxy/). IGNITE CONFERENCE ’25 is here! I’m personally inviting you to join us for Ignite Conference ‘25. Click the link in my bio or @zoehousehold\_atl to secure your spot. Share with someone you wanna see at the conference. #IgniteConference25 #PastorDolapoLawal #ZoeHouseholdATL #HolyGhostFire #KingdomOnTheMove](/popular/ignite-2025-conference/reels/DJFC0r3JKHX/). #ignite2025 #unbreakable #relationshipconference #conferencehighlights](/popular/ignite-2025-conference/reels/DIFjcxUxyFN/). The Ignite by 4-H 2025 conference in Washington, D.C. has been an unforgettable experience — and Virginia State University College of Agriculture was proud to be part of it! Events like Ignite empower young people to discover their passions, build skills, and bring new ideas back to their communities. VSU College of Agriculture is committed to supporting these future leaders, and we’re excited to see how they’ll use what they’ve learned to make a difference!](/popular/ignite-2025-conference/reels/DHKlx30MJyj/). 🔥 Step into a new season with renewed vision and fresh fire at the Ignite Conference! 🎟️ Secure your spot now at apcignite.com! #OnMissionOnFire #IgniteConference #pittsburghpa](/popular/ignite-2025-conference/reels/DEndveVyBlJ/). Day 1 Highlights – The Light: Ignite Conference 2025. #IGNITE2025 #IGNITE #TheLight #australia #ShalomWorld](/popular/ignite-2025-conference/reels/DPBq-JlD12y/). Connect-X Ignite Conference 2025 Not just an event… a vibe, a spark, a movement! #ConnectX #Ignite2025](/popular/ignite-2025-conference/reels/DN1gEwTZvlZ/). Ignite 2025 has officially launched!! #saltdentalpartners #ignite2025 #phoenix #letsgo](/popular/ignite-2025-conference/reels/DGoF8X8plXC/). #milling #paving #subcontractor #roadwork #networkingevent](/popular/ignite-2025-conference/reels/DSqoCbijxpK/). 🔥 6 days to go for IGNITE 2025 🔥. #Ignite2025 #SJBCYouth #Countdown #FaithJourney #BeBlessed #youthforchrist](/popular/ignite-2025-conference/reels/DNxES8bUsux/).",,,5,weak,Social Index (+5),social
4910490,social_post,unknown_date,https://www.instagram.com/popular/smg-ignite-platform,Smg Ignite Platform,"# Smg Ignite Platform. Watch reels about smg ignite platform from people around the world. ## ignite. ## smg ignite ai platform features. Thank you Ignite - National Technology Fund, NIC Lahore, students and everyone else. As an AI-powered Edtech startup incubated at NIC Lahore Cohort 2, IELTS Karo is revolutionising the way people ace their English language proficiency tests. Time to ignite the passion for startup founders. In Ignite PH, our main goal is to teach our traders how to analyze the charts through tested strategies that actually work - an advantage of having a supportive community. ✨ When I first heard about Katha Ignite, I honestly didn’t believe it was real … But once the collaborations started, I was so impressed! If you’re an influencer with even 2.5k followers — you have to check out @katha\_ignite now !! . (Katha Ignite, influencer collaboration, paid collaboration, influencer marketing, brand collaboration, content creator, micro influencer, nano influencer, influencer opportunities, influencer India, creator community, creator growth, creator journey, influencer life, influencer deals, brand deals, paid campaigns, genuine brands, influencer support, creator platform, influencer partnerships, influencer work, creator opportunities, content creation, digital creator, influencer network, UGC creator, creator collaborations, influencer branding, influencer success, influencer earnings) . SEVEN SET SECONDARY SCHOOL, SHILLONG, YOU DIDN’T JUST TURN UP… YOU IGNITED A MOVEMENT ⚡🔥 The sound, the spark, the raw energy you brought....unforgettable💛!!!! $149 → Straight to a $50,000 account. Are you ready to ignite the visionary within you? Relive the powerful moments from the 12th Bharatiya Chhatra Sansad as Akshata Deshpande @akshatadeshpandee spoke passionately about Freedom of Speech! 🗓️ When: 8th to 10th February 2025 📍 Where: MIT World Peace University Pune Maharashtra Don’t miss this incredible opportunity to be part of a movement shaping the future of Bharat. Click the link in our bio and secure your spot now! INTRODUCING IGNITE 🔥 Step into the heat and feel the shift in our newest MINDBODY concept. 🔥 Live on the schedule next week 📍 PLATFORM DIFC #PLATFORM #DubaiFitness #GroupFitness #DubaiStudio #DXBFitness #IGNITE #Mindbody #NewConcept. 🌟✨ Ignite Your Creative Journey with FLAREkoin! Say hello to FLAREkoin – the heart of our revolutionary content creator platform, FLARE (Fan Loyalty And Rewards Ecosystem)!",,,5,weak,Social Index (+5),social
4910490,social_post,unknown_date,https://x.com/fishgamedevdude,Dive the Depths 🐟FULL RELEASE OUT NOW! (@fishgamedevdude) / X,"Dive The Depths is an action-roguelike set beneath the ocean's surface. As a humble diver, you must navigate the world filled with bizarre sea creatures, submerged ruins, and forgotten histories. Can...
 user avatar

  Dive the Depths 🐟FULL RELEASE OUT NOW!

  @fishgamedevdude

  Apr 15, 2025 [...] Apr 15, 2025

  We are now ONE day left!!! Getting real sentimental over here 🥺🤧 It's crazy how much time has really passed. This has been such a joyous ride with you all and we really can't wait to share our precious creation with you guys 💙GET READY!! #DivetheDepths #Launch #pc

  
 user avatar

  Dive the Depths 🐟FULL RELEASE OUT NOW!

  @fishgamedevdude

  Apr 14, 2025 [...] Apr 16, 2025

  Dive the depths has officially launched on Steam 🥳 store.steampowered.com/app/2751120/Di… Go check out our game! The time is NOW! Go out and kill some sea monsters already 🪼⚔️ #DivetheDepths #FullRelease #Steam #PC

  store.steampowered.com

  Dive The Depths on Steam",,,5,weak,Social Index (+5),social
4910490,social_post,unknown_date,https://x.com/rftdnetwork,Rising from the Depths (@rftdnetwork) / X,"Nov 9, 2022

  Rising from the Depths present #COP27VirtualOceanPavilion, inspiring #climateaction through #marineculturalheritage and #sustainabledevelopment approaches! @HCAatEdinburgh @EdinArch @EdOceanLeaders

  This post is unavailable.
 user avatar

  Rising from the Depths

  @rftdnetwork

  Nov 8, 2022

  Lots of @rftdnetwork projects in this upcoming COP27 meeting.

  This post is unavailable.
 user avatar

  Rising from the Depths

  @rftdnetwork

  Sep 16, 2022 [...] Log inSign up

Rising from the Depths



user avatar

Rising from the Depths

@rftdnetwork

Collaborative research utlising Marine Cultural Heritage to create social, cultural and economic benefits for communities in Eastern Africa @HCAatEdinburgh

PI @drjonchenderson

risingfromthedepths.com

Joined August 2018

889

Following526

Followers

RepliesRepliesMediaMedia

 Pinned

  user avatar

  Rising from the Depths

  @rftdnetwork

  Jan 8, 2021 [...] Jan 8, 2021

  'Bahari Yetu' by @IchumbakiE and @chemical\_tz has been adopted as our official @rftdnetwork theme! No better way to start a Friday than listening to some Bongo Flava grooves 😁🎤while learning something about #Tanzanian #marine heritage. @ahrcpress youtube.com/watch?v=AzDQOs…
 user avatar

  Rising from the Depths

  @rftdnetwork

  Nov 9, 2022",,,5,weak,Social Index (+5),social
4910490,social_post,unknown_date,https://x.com/_animeprincess_?lang=en,AP (@_animeprincess_) / X,"Jul 23

  My Penance Brand Ignite Elementalist League Starter Guide just dropped 🔥 Winter Orb is going to be everywhere this league, but this is a cheaper, tankier alternative with smooth progression, full-screen ignite clear, and plenty of endgame upside.
 user avatar

  AP

  @\_animeprincess\_

  Jul 30 [...] Jul 30

  I have massively overhauled the Herald Stacker mobalytics to have daily pobs (since i deleted my poeninja profile) and have also updated all the leveling trees and added in a level 99 aspirational character

  [

  [3.29] Penance Brand Ignite Elementalist Leaguestarter and Endgame @animeprincess - PoE 3.29 CotA...]( mobalytics.gg
 user avatar

  AP

  @\_animeprincess\_

  Jul 24 [...] Log inSign up



user avatar

AP

🇨🇦Partnered Twitch Streamer & Path of Exile Content Creator Business Inquiries: (/cdn-cgi/l/email-protection)

Ontario, Canada

twitch.tv/animeprincess

Joined September 2014

153

Following283

Followers

RepliesRepliesMediaMedia

 Pinned

  user avatar

  AP

  @\_animeprincess\_

  Jul 23",,,5,weak,Social Index (+5),social
