appid,query,query_group,query_priority,provider,tavily_search_depth,budget_query_number,url,title,snippet,date_classification,evidence_type
4705510,"""Happy Wheels"" Steam",general,1,tavily,basic,1,https://store.steampowered.com/app/4705510/Happy_Wheels,Happy Wheels on Steam,"Interested?  
Add to your wishlist and get notified when it becomes available.

View Community Hub

## About This Game

Happy Wheels is a side-scrolling, physics-based, community driven sandbox game, now (finally) available, ad-free, on Steam. Select your inadequately prepared racer, and disregard severe consequences in your desperate pursuit of short-lived victory. Choose from more than 5 million user created levels or create and share your own.

Features [...] Title: Happy Wheels  
 Genre: Action, Casual, Indie, Racing  

Developer: Jim Bonacci

Publisher: Fancy Force

Release Date: 21 Sep, 2026

Discord External   View update history   Read related news   View discussions   Find Community Groups

Embed

Report this Product)

Content

Includes Interactive Elements

Online interactivity

Links & info

This game is not yet available on Steam

# Planned Release Date: 21 Sep, 2026

This game plans to unlock in approximately 13 days [...] Satirical cartoon violence. Players control a ragdoll character through user-generated obstacle courses and may sustain exaggerated cartoon injuries such as dismemberment and bleeding. No sexual content.

## System Requirements

Windows

SteamOS + Linux

Minimum:",unknown_date,web_result
4705510,"""Happy Wheels"" Steam",general,1,tavily,basic,1,https://www.youtube.com/watch?v=8X7AEML61LI,HAPPY WHEELS IS COMING TO STEAM,"This is not a drill. This is not a drill. Happy Wheels is added to Steam. Official Happy Wheels [music] Discord. If you go to Happy Wheels news, Happy Wheels will be available on Steam on September 21st. Wishlist now. Oh my god. [laughter] What? Okay. Okay. Let's go over everything that we know. All right. This is just a description of the game. It's going to be ad free, which is very nice. Choose from more than 5 million usercreated levels. That mean it's going to be backwards compatible. So [...] compatible. So everything you can do on the Total Jerkface game right now, you're going to be able to do on Steam. That's crazy. Newly added controller support. So you're going to be able to play and bind controller inputs to the Happy Wheels controls. Now, uh the the main moderator for Happy Wheels, not the creator Jim, but uh Kittens Wolf has been talking about this in the Discord, so [music] we'll go through that next. Processor is an i3. This is Anybody's going to be able to run this. Okay, [...] # HAPPY WHEELS IS COMING TO STEAM
## Drayruns
10000 subscribers
217 likes

### Description
8979 views
Posted: 7 Sep 2026
Steam Page: 
New Level: 

Catch me🔴Live on Twitch or Youtube

━ FOLLOW ME ━
    Twitch ➜   / 
    Discord ➜   / 
    YouTube (VODs) ➜  @Dray_Vods  
     or here 

Editor  ►  /  Me
Production & Thumbnail  ►  / Also Me

0:00 Intro
0:18 Steam Page
4:28 Discord QnA
7:20 New Featured Level?
15:10 Outro

Happy Wheels Steam Pork Announced",unknown_date,web_result
4705510,"""Happy Wheels"" Steam",general,1,tavily,basic,1,https://totaljerkface.com/news_comments.tjf?nid=91,Totaljerkface.com - Home Of Happy Wheels - News Comments,"Comments — Page 1

By AlexMiNNS on September 07, 2026  
  
 september 21 will be legendary

By Thegoodyellow22 on September 07, 2026  
  
 Just to remind you that the Steam version of Happy Wheels is coming! view it here: 

By Fan of Gray on September 03, 2026  
  
 Next update: add slow motion panel(for cool effects) and zoom (so people with tablets and phones can create levels easily) to creator [...] Moments before the horrific, blasphemous death of flash, the java script version of Happy Wheels has arrived. That was close. Sorry for the delay. Hopefully the fear of losing Happy Wheels did not prevent your restful sleep. If you didn't even know it was in development, then here is your exciting news. [...] fartfartfartfartfartfartfartfartfartfartfartfartfartfartfartfartfartfartfartfartfartfartfartfartfartfartfartfartfartfartfartfartfartfartfartfartfartfartfartfartfartfartfartfartfartfartfartfartfartfartfartfartfartfartfartfartfartfartfartfartfartfartfartfartfartfartfartfartfartfartfartfartfartfartfartfartfartfartfartfartfartfartfartfartfartfartfartfartfartfartfartfartfartfartfartfartfartfartfartfartfartfartfartfartfartfartfartfartfartfartfartfartfartfartfartfartfartfartfartfartfartfartfartfartfar",unknown_date,web_result
4705510,"""Happy Wheels"" Steam",general,1,tavily,basic,1,https://steamcommunity.com/discussions/forum/7/617336568068630227,Happy Wheels :: Steam Community,"简体中文 (Simplified Chinese)   繁體中文 (Traditional Chinese)   日本語 (Japanese)   한국어 (Korean)   ไทย (Thai)   Bahasa Indonesia (Indonesian)   Bahasa Melayu (Malay) BETA   Български (Bulgarian)   Čeština (Czech)   Dansk (Danish)   Deutsch (German)   Español - España (Spanish - Spain)   Español - Latinoamérica (Spanish - Latin America)   Ελληνικά (Greek)   Français (French)   Italiano (Italian)   Magyar (Hungarian)   Nederlands (Dutch)   Norsk (Norwegian)   Polski (Polish)   Português (Portuguese - [...] STORE 

Home   Discovery Queue   Wishlist   Points Shop   News   Charts

 COMMUNITY 

Home   Discussions   Workshop   Market   Broadcasts

 About   SUPPORT

Install Steam sign in  |  language [...] Sign in   Store 

Home   Discovery Queue   Wishlist   Points Shop   News   Charts

 Community 

Home   Discussions   Workshop   Market   Broadcasts

 About   Support 

Change language

Get the Steam Mobile App

View desktop website

© Valve Corporation. All rights reserved. All trademarks are property of their respective owners in the US and other countries.  Privacy Policy  |  Legal  |  Accessibility  |  Steam Subscriber Agreement  |  Refunds  |  Cookies

STEAM

Link to the Steam Homepage",unknown_date,web_result
4705510,"""Happy Wheels"" Steam",general,1,tavily,basic,1,https://totaljerkface.com,Totaljerkface.com - Home Of Happy Wheels,"Moments before the horrific, blasphemous death of flash, the java script version of Happy Wheels has arrived. That was close. Sorry for the delay. Hopefully the fear of losing Happy Wheels did not prevent your restful sleep. If you didn't even know it was in development, then here is your exciting news. [...] Hello friends. I probably should have made a news post about this a while ago, but surprises are nice I guess. There has been a javascript version of Happy Wheels in the works since early 2019. It will be out before Flash is murdered by Chrome. Was scheduled for this month actually, but I don't see that happening so immediately. I probably didn't want to tell anyone so nobody would ask me when it will be released. [...] 1218 comments

More news here...

The full version of the game Happy Wheels can only be played at Totaljerkface.com  
 © Fancy Force, LLC. All Rights Reserved. Privacy Policy | Terms of Use | Report a Bug",unknown_date,web_result
4705510,"""Happy Wheels"" trailer",general,1,tavily,basic,2,https://www.youtube.com/watch?v=RCyEWnT_Nrc,Happy Wheels: The Series | 2016 | Official Trailer HD (Exclusive),"# Happy Wheels: The Series | 2016 | Official Trailer HD (Exclusive)
## Screambox
98600 subscribers
1853 likes

### Description
115576 views
Posted: 2 Nov 2016
Ready, Set, ROLL! Based on the popular game, Happy Wheels: The Series welcomes you to a magical place where wheels reign supreme and danger is a daily part of life. Happy Wheels: The series drops November 15, only on 

Visit Bloody Disgusting ► 
Like Us on Facebook ► 
Follows Us on Twitter ► 

223 comments
### Transcript:",unknown_date,web_result
4705510,"""Happy Wheels"" trailer",general,1,tavily,basic,2,https://deadline.com/2016/11/happy-wheels-trailer-game-digital-series-go90-1201846589,'Happy Wheels' Trailer: Game Becomes Digital Series With Blood & Guts Galore,"Jim Bonacci created the game — possibly after a weeklong slasher film binge-a-thon — and the series is executive produced by John P. Roberts and Gil Goldschein of BMP Digital. Outside of the U.S., it will launch on SkyQ in the UK, AMC Iberia in Spain and Portugal and Sohu in China.

Check out the trailer above, clear your eyes and tell us what you think. Meanwhile, here is the poster for the series, which lists the cast — mostly by their screen names:

happy-wheels
happy-wheels [...] The Happy Wheels video game app hit the ground bleeding in 2010 and has been played more than a billion — with a “B” — times since. Now it’s making the natural progression to animated series, which will go live November 15 on go90, Verizon’s mobile streaming app. And here’s the first trailer for the cartoon-gory nine-episode series from Machinima and Bunim/Murray Productions. [...] Welcome to Happy Wheels, the most dangerous community in the world. Early on, all seems tranquil and on the up-and-up: a dad teaching his boy to ride a bike, picnickers enjoying an adult beverage, a man enjoying a snack on a park bench. But things are about to get ugly — fast. That kid on the bicycle? Spike fodder. Other folks? Turned to red goo by falling speakers, helpful cops, exploding bounce houses, even the town’s welcome sign. Sense a pattern here?",unknown_date,web_result
4705510,"""Happy Wheels"" trailer",general,1,tavily,basic,2,https://www.yahoo.com/entertainment/happy-wheels-trailer-game-becomes-160043853.html,‘Happy Wheels’ Trailer: Game Becomes Digital Series With Blood & Guts Galore,"Updated

Add Yahoo as a preferred source to see more of our stories on Google.

The Happy Wheels video game app hit the ground bleeding in 2010 and has been played more than a billion — with a ""B"" — times since. Now it's making the natural progression to animated series, which will go live November 15 on go90, Verizon's mobile streaming app. And here's the first trailer for the cartoon-gory nine-episode series from Machinima and Bunim/Murray Productions. [...] Advertisement

Jim Bonacci created the game — possibly after a weeklong slasher film binge-a-thon — and the series is executive produced by John P. Roberts and Gil Goldschein of BMP Digital. Outside of the U.S., it will launch on SkyQ in the UK, AMC Iberia in Spain and Portugal and Sohu in China.

Check out the trailer above, clear your eyes and tell us what you think. Meanwhile, here is the poster for the series, which lists the cast — mostly by their screen names:

[youtube=

Related stories [...] Welcome to Happy Wheels, the most dangerous community in the world. Early on, all seems tranquil and on the up-and-up: a dad teaching his boy to ride a bike, picnickers enjoying an adult beverage, a man enjoying a snack on a park bench. But things are about to get ugly — fast. That kid on the bicycle? Spike fodder. Other folks? Turned to red goo by falling speakers, helpful cops, exploding bounce houses, even the town's welcome sign. Sense a pattern here?",unknown_date,web_result
4705510,"""Happy Wheels"" trailer",general,1,tavily,basic,2,https://en.wikipedia.org/wiki/Happy_(Pharrell_Williams_song),Happy (Pharrell Williams song) - Wikipedia,"### ""Happy"" tribute videos

[edit&action=edit&section=11 ""Edit section: "")] [...] 16. 1 2 ""Pharrell Williams – Happy – The World's First 24 Hour Music Video"". Archived from the original on March 23, 2014. Retrieved March 20, 2014.
17. ↑ ""'Happy' by Pharrell Williams – Digital Sheet Music"". EMI Music Publishing. Retrieved January 26, 2013 – via Musicnotes.
18. 1 2 3 4 Rosen, Jody (June 7, 2013). ""Pharrell – Happy"". Rolling Stone. Archived from the original on June 13, 2013. Retrieved November 23, 2013. [...] ## External links

[edit&action=edit&section=26 ""Edit section: External links"")]

 24 Hours of Happy music video website
 We Are Happy from X tribute video website

|  v  t  e  Despicable Me |",unknown_date,web_result
4705510,"""Happy Wheels"" trailer",general,1,tavily,basic,2,https://simple.wikipedia.org/wiki/Happiness,"Happiness - Simple English Wikipedia, the free encyclopedia","Afrikaans
 العربية
 অসমীয়া
 Asturianu
 Azərbaycanca
 Bikol Central
 Беларуская (тарашкевіца)"")
 Беларуская
 Български
 বাংলা
 བོད་ཡིག
 Brezhoneg
 Català
 閩東語 / Mìng-dĕ̤ng-ngṳ̄
 کوردی
 Čeština
 Чӑвашла
 Cymraeg
 Dansk
 Deutsch
 Ελληνικά
 Emiliàn e rumagnòl
 English
 Esperanto
 Español
 Eesti
 Euskara
 فارسی
 Suomi
 Français
 Gaeilge
 贛語
 Kriyòl gwiyannen
 Galego
 Avañe'ẽ
 Gungbe
 Hausa
 客家語 / Hak-k-ngî
 עברית
 हिन्दी
 Hrvatski
 Magyar
 Հայերեն
 Արեւմտահայերէն
 Interlingua
 Bahasa Indonesia [...] Change links

 Page
 Talk

 Read
 Change
 Change source
 View history

Tools

Actions

 Read
 Change
 Change source
 View history

General

 What links here
 Related changes
 Upload file
 Permanent link
 Page information
 Cite this page
 Get shortened URL
 Switch to legacy parser

Print/export

 Make a book
 Download as PDF
 Page for printing

In other projects

 Abstract Wikipedia
 Wikimedia Commons
 Wikidata item

Appearance

From Simple English Wikipedia, the free encyclopedia

[]( [...] Bahasa Indonesia
 Íslenska
 Italiano
 日本語
 Patois
 La .lojban.
 Jawa
 ქართული
 Gĩkũyũ
 Қазақша
 ಕನ್ನಡ
 한국어
 Кыргызча
 Latina
 Lëtzebuergesch
 Lingua Franca Nova
 Lombard
 Lietuvių
 Latviešu
 Македонски
 മലയാളം
 मराठी
 Bahasa Melayu
 Mirandés
 नेपाली
 नेपाल भाषा
 Nederlands ""Geluk (emotie) – Dutch"")
 Norsk nynorsk
 Norsk bokmål
 IsiNdebele seSewula
 Occitan
 ਪੰਜਾਬੀ
 Polski
 پنجابی
 پښتو
 Português
 Runa Simi
 Romnă
 Русский
 Русиньскый
 Ikinyarwanda
 سنڌي
 Srpskohrvatski / српскохрватски
 සිංහල",unknown_date,web_result
4705510,"""Happy Wheels"" gameplay",general,1,tavily,basic,3,https://en.wikipedia.org/wiki/Happy_Wheels,Happy Wheels - Wikipedia,"Happy Wheels is a side-scrolling ragdoll physics-based platform browser game developed and published by Fancy Force. Created in 2010 by video game designer Jim Bonacci, the game features several player characters using various and often atypical vehicles to traverse the game's many user-generated levels. The game is best known for its graphic violence and the amount of user-generated content its players produce on a regular basis, with game maps shared on a public server. According to Bonacci, [...] ## Gameplay

[edit]

, is making mistakes and seeing the end result."" Bonacci also noted that, because gameplay would often involve the player dying repeatedly, he put a great deal of effort into making that part of the game enjoyable. [...] Happy Wheels has received generally positive reviews. It was recommended by GameSetWatch and considered one of the ""Best Free Games"" by IGN. Its level editor and amount of user-generated content have received praise from reviewers. The over-the-top nature of the violence is a central theme of the game, and some reviewers have considered it humorous; one review stated that ""It is so genuinely difficult to play Happy Wheels and not just laugh and laugh at the ridiculous ways in which your",unknown_date,web_result
4705510,"""Happy Wheels"" gameplay",general,1,tavily,basic,3,https://play.google.com/store/apps/details?id=com.fancyforce.happywheels&hl=en_US,Happy Wheels - Apps on Google Play,"Happy Wheels is a side-scrolling, physics-based, obstacle course game with over a billion plays online and is now available for your mobile devices. Assume the role of your inadequately prepared racer and ignore severe consequences in a desperate search for victory.  
  
Now play as Effective Shopper on an electric shopping cart, Wheelchair Guy on a jet-powered wheelchair, Irresponsible Dad and his son on a bicycle, or as Business Guy on a personal transporter.  
  
Features: [...] Happy Wheels is an intense, side-scrolling, physics-based, obstacle course game.

Updated on

Dec 12, 2025

Available on

Android, Windows\

Racing

Stunt driving

Casual

Single player

Stylized

Vehicles

Bicycle

Offline

\Powered by Intel® technology

## Data safety

arrow\_forward [...] January 28, 2023

This is a very fun game, the levels are difficult but not TOO difficult which makes it fun. And it's the funniest thing to see how many ways your character can die. Honestly there isn't anything much wrong with it. And the adds aren't that annoying, they only pop up once your character dies or if you finish the level which is very good, so it doesn't seem like your forced to buy the add remover. Overall 5 stars.

2,267 people found this review helpful

## What’s new",unknown_date,web_result
4705510,"""Happy Wheels"" gameplay",general,1,tavily,basic,3,https://www.youtube.com/watch?v=cf3T9--ntS4,HAPPY WHEELS [PC Gameplay],"# HAPPY WHEELS [PC Gameplay]
## The8Bittheater
1310000 subscribers
6 likes

### Description
491 views
Posted: 17 Apr 2024
Fall Guys: Hit Parade - FUN WITH RAGDOLLS [PC Gameplay]

Conveyer - PARTY ANIMALS [PC Gameplay]

Animal Mayhem - PARTY ANIMALS [PC Gameplay]

Born to Fly - GUTS and GLORY [PC Gameplay]

Rednecks Loves Skyscrapers - GUTS and GLORY [PC Gameplay]

2 Splat 2 Furious - GUTS and GLORY [PC Gameplay]

Megaman in Happy Wheels - HAPPY WHEELS [PC Gameplay] [...] We Be Stuntin - GUTS and GLORY [PC Gameplay]

LIMBO - HAPPY WHEELS [PC Gameplay]

Two of Our Teammates Dropped Off - FALL GUYS: ULTIMATE KNOCKOUT [PS5 Gameplay]

Soldier Bob Protecting Bob Fisherman [LittleBigPlanet 3] PS5 Gameplay

Rollercoaster Ride - GUTS and GLORY [PC Gameplay]

The Yang's Visit Freddy - GUTS and GLORY [PC Gameplay]

Bob Got Bit - Fallout Bobland Monsters Survival [LittleBigPlanet 3] PS5 Gameplay

Yang go Bang - GUTS and GLORY [PC Gameplay] [...] all righty welcome back to Happy Wheels April 17th 2024 elevator food three oh shoot oh no I'm later for dinner the heck hey what's up Bob I stopped eating food in elevators wow now I know why you should never eat food in elevators click to [Music] [Laughter] finish Pogo mind Chase what the heck is this oh shoot you serious oh shoot that they're going to go out oh n no no no no oh shoot oh my god get off my back oh you know what I would have been safe in there I would have been safe in there",unknown_date,web_result
4705510,"""Happy Wheels"" gameplay",general,1,tavily,basic,3,https://totaljerkface.com/happy_wheels.tjf,Totaljerkface.com - Home Of Happy Wheels - Happy Wheels,"60 fps, some of the heavier levels definitely bog down at that framerate. It is already possible through a setting though, so perhaps I could host a 60 Hz version on another page for those with super beefy processors. Aside from that, Happy Wheels JS should be pretty close in every way to the original. The database of users, levels, and replays remains the same. The only thing lost is the impending doom of the end of existence. [...] This is the first public version of the game, so please allow some time for the remaining bugs to be ironed out. Though I still love flash, what's great about this version is that it performs very well on mobile devices. However, this release does not yet include on screen mobile controls. That will be added in the next update. If you're desperate to try it out on your phone, a bluetooth keyboard works very well. Though I mentioned previously that the game would now run at 60 fps, some of the",unknown_date,web_result
4705510,"""Happy Wheels"" gameplay",general,1,tavily,basic,3,https://totaljerkface.com,Totaljerkface.com - Home Of Happy Wheels,"60 fps, some of the heavier levels definitely bog down at that framerate. It is already possible through a setting though, so perhaps I could host a 60 Hz version on another page for those with super beefy processors. Aside from that, Happy Wheels JS should be pretty close in every way to the original. The database of users, levels, and replays remains the same. The only thing lost is the impending doom of the end of existence. [...] A nice upgrade is that it will run at 60 fps (interpolated, physics will still be 30 fps). Unfortunately all older replays will be inaccurate though as Box2d will have been updated slightly. They'll still be there for the sake of top records. If you somehow play the Flash version, they'll function fine.  
   
 I'm not developing the port, but I hired a company who I thought was most capable. I'll give more details once it's up. I'm still solely working on the sequel (and it is going well). [...] This is the first public version of the game, so please allow some time for the remaining bugs to be ironed out. Though I still love flash, what's great about this version is that it performs very well on mobile devices. However, this release does not yet include on screen mobile controls. That will be added in the next update. If you're desperate to try it out on your phone, a bluetooth keyboard works very well. Though I mentioned previously that the game would now run at 60 fps, some of the",unknown_date,web_result
4705510,"""Happy Wheels"" demo",general,1,tavily,basic,4,https://pexy.io/game/happy-wheels-demo,Happy Wheels Demo 🕹️ Play on pexy.io,"Happy Wheels Demo is a bloody, over-the-top physics-based platformer where you control wildly unqualified characters through deadly obstacle courses. Originally released in 2010, this Flash game became a viral sensation thanks to its brutal ragdoll physics and dark humor. Available on PEXY.IO via standalone Flash support, it’s still gloriously gory and hilariously unpredictable today!

## How to play Happy Wheels

### Basic Controls [...] No, this is the Happy Wheels Demo, which offers a sample of levels and characters. The full version is available on the original creator’s website.

### Can I play this game on mobile?

This Flash version is designed for desktop only. A mobile-optimized version exists but is not currently available on PEXY.IO.

### How do I reset a level?

Press R to instantly restart the level. If you’re really stuck or just want to see the carnage again, this is your go-to.

### What does ejecting do? [...] Happy Wheels is a physics-based ragdoll platformer with gory and comedic overtones. The goal is to navigate obstacle courses with various vehicles and riders while avoiding (or not avoiding) brutal injury.

### Who created Happy Wheels?

The game was created by Jim Bonacci and released on his site, TotalJerkface.com, before expanding to platforms like Newgrounds and now PEXY.IO.

### Is this the full version of the game?",unknown_date,web_result
4705510,"""Happy Wheels"" demo",general,1,tavily,basic,4,https://www.newgrounds.com/portal/view/547504,Happy Wheels,"This is a demo of Happy Wheels. Choose your inadequately prepared racer, and ignore severe consequences in your desperate search for victory.",unknown_date,web_result
4705510,"""Happy Wheels"" demo",general,1,tavily,basic,4,https://www.speedrun.com/hwh/runs/y9v0q3em,Demo in 02:43.367 by Dray - Happy Wheels,"View Happy Wheels speedruns, leaderboards, forums and more on Speedrun.com. Happy Wheels Racing League … be a weekly event, taking place every Saturday at 3pm",unknown_date,web_result
4705510,"""Happy Wheels"" demo",general,1,tavily,basic,4,https://www.crazygames.com/game/happy-wheels,Happy Wheels 🛞 Play on CrazyGames,"31Flash

152

Happy Wheels is a side-scrolling ragdoll physics game. Navigate through the levels using one of several unique characters without being torn limb from limb. Sound easy? Think again. Happy Wheels was one of the earliest browser games to utilize wacky ragdoll physics as a key element of the game.

## How to Play Happy Wheels [...] Happy Wheels emerged in 2010, taking the browser gaming world by storm with its wild mechanics, bizarre characters, and elaborate user-created levels. Still available in its original form today, you can explore the ingenious levels created by players and try out various characters in the game.

### Levels [...] ### Controls

 Arrow keys to move
 Spacebar to shoot or jump
 Ctrl or Shift for secondary actions

## FAQ

### Where can I play Happy Wheels without Flash player?

You can play Happy Wheels on CrazyGames.com without Flash or any additional downloads.

### Do I need to download Happy Wheels to play it?

No, Happy Wheels can be played for free in your web browser.

## Gameplay Video

Apple Store Logo

Play next",unknown_date,web_result
4705510,"""Happy Wheels"" demo",general,1,tavily,basic,4,https://totaljerkface.com,Totaljerkface.com - Home Of Happy Wheels,"This is the first public version of the game, so please allow some time for the remaining bugs to be ironed out. Though I still love flash, what's great about this version is that it performs very well on mobile devices. However, this release does not yet include on screen mobile controls. That will be added in the next update. If you're desperate to try it out on your phone, a bluetooth keyboard works very well. Though I mentioned previously that the game would now run at 60 fps, some of the [...] Moments before the horrific, blasphemous death of flash, the java script version of Happy Wheels has arrived. That was close. Sorry for the delay. Hopefully the fear of losing Happy Wheels did not prevent your restful sleep. If you didn't even know it was in development, then here is your exciting news. [...] Hello pals. I'd like to continue hosting the flash version of Happy Wheels as long as possible. With the loss of certain ad networks, I'm going to try out a few different ad formats on this site as I continue to attempt to regain some of the revenue that went missing. I'll be making a few minor changes here and there to see whatever works best. Nothing should be annoying. This heads up was the main reason for this news post.",unknown_date,web_result
4705510,"""Happy Wheels"" release date",general,1,tavily,basic,5,https://store.steampowered.com/app/4705510/Happy_Wheels,Happy Wheels on Steam,"All Games > Action Games > Happy Wheels

Community Hub

Happy Wheels

Happy Wheels

Happy Wheels

Developer

Jim Bonacci

Publisher

Fancy Force

Release

21 Sep, 2026

Choose your inadequately prepared racer, and disregard severe consequences in your desperate pursuit of short-lived victory.

All Reviews:

No user reviews

Release Date:

21 Sep, 2026

Developer:

Jim Bonacci

Publisher:

Fancy Force

Tags

Popular user-defined tags for this product: [...] Title: Happy Wheels  
 Genre: Action, Casual, Indie, Racing  

Developer: Jim Bonacci

Publisher: Fancy Force

Release Date: 21 Sep, 2026

Discord External   View update history   Read related news   View discussions   Find Community Groups

Embed

Report this Product)

Content

Includes Interactive Elements

Online interactivity

Links & info

This game is not yet available on Steam

# Planned Release Date: 21 Sep, 2026

This game plans to unlock in approximately 13 days [...] Interested?  
Add to your wishlist and get notified when it becomes available.

View Community Hub

## About This Game

Happy Wheels is a side-scrolling, physics-based, community driven sandbox game, now (finally) available, ad-free, on Steam. Select your inadequately prepared racer, and disregard severe consequences in your desperate pursuit of short-lived victory. Choose from more than 5 million user created levels or create and share your own.

Features",unknown_date,web_result
4705510,"""Happy Wheels"" release date",general,1,tavily,basic,5,https://happywheels.fandom.com/wiki/Happy_Wheels_Wiki,Happy Wheels Wiki | Fandom,"on the Total Jerkface website. Jim Bonacci has also been working on a Sequel, but it is unknown when it will be released.  The current version of Happy Wheels is v1.94.2.  You can play Happy Wheels here.  Follow Jim and Jason on Twitter!  Like Happy Wheels on Facebook!  Happy Wheels Release Log ""Release Log (JavaScript)"")    | Version | Date Released | Update Information |  ---  | 1.96 | 17-02-2024 | Added proper touch controls; Touch controls: Fixed character selection; Touch controls: Fixed [...] a JavaScript remake ""Happy Wheels (JavaScript Remake)"") was uploaded on the Total Jerkface website. Jim Bonacci has also been working on a Sequel, but it is unknown when it will be released.  The current version of Happy Wheels is v1.94.2.  You can play Happy Wheels here.  Follow Jim and Jason on Twitter!  Like Happy Wheels on Facebook!  Happy Wheels Release Log ""Release Log (JavaScript)"")    | Version | Date Released | Update Information |  ---  | 1.96 | 17-02-2024 | Added proper touch [...] The demo version of Happy Wheels has been available on many sites including Newgrounds and OneMoreLevel, but you can only play the full version of the game at Total Jerkface (Jim Bonacci's website) since June of 2010. The mobile app was released for iOS devices on August 19th, 2015, and for Android on January 25th, 2020. On December 28th 2020, a JavaScript remake ""Happy Wheels (JavaScript Remake)"") was uploaded on the Total Jerkface website. Jim Bonacci has also been working on a Sequel, but it",unknown_date,web_result
4705510,"""Happy Wheels"" release date",general,1,tavily,basic,5,https://en.wikipedia.org/wiki/Happy_Wheels,Happy Wheels,"This is the latest accepted revision, reviewed on 7 July 2026.

2010 video game

2010 video game

| Happy Wheels |

| Developer | Fancy Force |
| Publisher | Fancy Force |
| Designer | Jim Bonacci |
| Programmer | Jim Bonacci |
| Artist | Jim Bonacci |
| Composer | Jack Zankowski |
| Platforms | Web browser, iOS, Android ""Android (operating system)"") |
| Release |  Browser  June 4, 2010  iOS  August 20, 2015  Android  January 25, 2020 |
| Genres | Platform, racing |
| Mode | Single-player | [...] On September 30, 2014, Schymick announced that iOS and Android ""Android (operating system)"") ports of the game have been in development. The iOS version was released as a free download through the App Store ""App Store (iOS)"") on August 20, 2015. For the Android version, Fancy Force began accepting beta test applications in October 2019. Following a beta testing phase, the finished version was released on January 25, 2020. On January 9, 2020, Bonacci posted on his website that a JavaScript port [...] 17. ↑ Gregson-Wood, Stephen (January 27, 2020). ""Happy Wheels is available now for Android following a brief stint in beta last year"". Pocket Gamer. Archived from the original on January 27, 2020. Retrieved January 30, 2020.
18. ↑ Bonacci, Jim (January 9, 2020). ""Happy Wheels is not dying"". Totaljerkface.com. Archived from the original on October 26, 2020. Retrieved October 28, 2020.",unknown_date,web_result
4705510,"""Happy Wheels"" release date",general,1,tavily,basic,5,https://totaljerkface.com,Totaljerkface.com - Home Of Happy Wheels,"Hello friends. I probably should have made a news post about this a while ago, but surprises are nice I guess. There has been a javascript version of Happy Wheels in the works since early 2019. It will be out before Flash is murdered by Chrome. Was scheduled for this month actually, but I don't see that happening so immediately. I probably didn't want to tell anyone so nobody would ask me when it will be released. [...] 2499 comments

Some Stuff  
 By Jim on March 22, 2018 [...] 2087 comments

Happy Wheels is not dying  
 By Jim on January 09, 2020",unknown_date,web_result
4705510,"""Happy Wheels"" release date",general,1,tavily,basic,5,https://apps.apple.com/us/app/happy-wheels/id648668184,‎Happy Wheels App - App Store,"\\ IMPORTANT - SUPPORTED DEVICES iPhone 4S, iPad 2, iPod Touch 5, iPad Mini 1, or better.\\ Happy Wheels is a side-scrolling, physics-based, obstacle course game with over a billion plays online and is now available for your mobile devices. Assume the role of your inadequately prepared racer and ignore severe consequences in a desperate search for victory. Now play as Pogo Stick Guy, Effective Shopper in an electric motor cart, Wheelchair Guy on a jet-powered wheelchair, Irresponsible Dad and [...] Frank 14283527472649183 [...] iPhone  
      Requires iOS 9.0 or later.  
      • ⁨iPhone 5S⁩  
      • ⁨iPhone 6⁩  
      • ⁨iPhone 6 Plus⁩  
      • ⁨iPhone 6S⁩  
      • ⁨iPhone 6S Plus⁩  
      • ⁨iPhone SE (1st generation)⁩  
      • ⁨iPhone 7⁩  
      • ⁨iPhone 7 Plus⁩  
      • ⁨iPhone 8⁩  
      • ⁨iPhone 8 Plus⁩  
      • ⁨iPhone X⁩  
      • ⁨iPhone XS⁩  
      • ⁨iPhone XS Max⁩  
      • ⁨iPhone XR⁩  
      • ⁨iPhone 11⁩  
      • ⁨iPhone 11 Pro⁩  
      • ⁨iPhone 11 Pro Max⁩",unknown_date,web_result
4705510,"""Happy Wheels"" announcement",general,1,tavily,basic,6,https://en.wikipedia.org/wiki/Happy_Wheels,Happy Wheels,"On September 30, 2014, Schymick announced that iOS and Android ""Android (operating system)"") ports of the game have been in development. The iOS version was released as a free download through the App Store ""App Store (iOS)"") on August 20, 2015. For the Android version, Fancy Force began accepting beta test applications in October 2019. Following a beta testing phase, the finished version was released on January 25, 2020. On January 9, 2020, Bonacci posted on his website that a JavaScript port [...] 15. ↑ Valentin, Christian (August 20, 2015). ""Popular flash game Happy Wheels makes its iOS debut"". Pocket Gamer. Archived from the original on December 31, 2019. Retrieved December 31, 2019.
16. ↑ Gregson-Wood, Stephen (October 14, 2019). ""Happy Wheels developer Fancy Force is bringing their popular game to Android and you can sign up to be part of the beta now"". Pocket Gamer. Archived from the original on December 31, 2019. Retrieved December 31, 2019. [...] 17. ↑ Gregson-Wood, Stephen (January 27, 2020). ""Happy Wheels is available now for Android following a brief stint in beta last year"". Pocket Gamer. Archived from the original on January 27, 2020. Retrieved January 30, 2020.
18. ↑ Bonacci, Jim (January 9, 2020). ""Happy Wheels is not dying"". Totaljerkface.com. Archived from the original on October 26, 2020. Retrieved October 28, 2020.",unknown_date,web_result
4705510,"""Happy Wheels"" announcement",general,1,tavily,basic,6,https://totaljerkface.com/news.tjf,Totaljerkface.com - Home Of Happy Wheels - News!,"Hello pals. I'd like to continue hosting the flash version of Happy Wheels as long as possible. With the loss of certain ad networks, I'm going to try out a few different ad formats on this site as I continue to attempt to regain some of the revenue that went missing. I'll be making a few minor changes here and there to see whatever works best. Nothing should be annoying. This heads up was the main reason for this news post. [...] Moments before the horrific, blasphemous death of flash, the java script version of Happy Wheels has arrived. That was close. Sorry for the delay. Hopefully the fear of losing Happy Wheels did not prevent your restful sleep. If you didn't even know it was in development, then here is your exciting news. [...] Hello friends. I probably should have made a news post about this a while ago, but surprises are nice I guess. There has been a javascript version of Happy Wheels in the works since early 2019. It will be out before Flash is murdered by Chrome. Was scheduled for this month actually, but I don't see that happening so immediately. I probably didn't want to tell anyone so nobody would ask me when it will be released.",unknown_date,web_result
4705510,"""Happy Wheels"" announcement",general,1,tavily,basic,6,https://totaljerkface.com/news_comments.tjf?nid=91,Totaljerkface.com - Home Of Happy Wheels,"By Pale Happy Wheels on June 27, 2026  
  
 Jim, wake up, fans are waiting for Happy Wheels 2 and new news!

By Kennyenneth on June 26, 2026  
  
 JIM.

By jimmyjammers69 on June 26, 2026  
  
 no \\\\ you im not releasing happy wheels 2 (joking :p)

By Pale Happy Wheels on June 26, 2026  
  
 Jim... we will ALWAYS wait (reference to I Know What You Did Last Summer)

By ZiziMakes on June 26, 2026  
  
 JIM we are still waiting...

By MrBrainTurd on June 25, 2026  
  
 E [...] Comments — Page 1

By AlexMiNNS on September 07, 2026  
  
 september 21 will be legendary

By Thegoodyellow22 on September 07, 2026  
  
 Just to remind you that the Steam version of Happy Wheels is coming! view it here: 

By Fan of Gray on September 03, 2026  
  
 Next update: add slow motion panel(for cool effects) and zoom (so people with tablets and phones can create levels easily) to creator [...] Moments before the horrific, blasphemous death of flash, the java script version of Happy Wheels has arrived. That was close. Sorry for the delay. Hopefully the fear of losing Happy Wheels did not prevent your restful sleep. If you didn't even know it was in development, then here is your exciting news.",unknown_date,web_result
4705510,"""Happy Wheels"" announcement",general,1,tavily,basic,6,https://play.google.com/store/apps/details?id=com.fancyforce.happywheels&hl=en_US,Happy Wheels - Apps on Google Play,"Happy Wheels is a side-scrolling, physics-based, obstacle course game with over a billion plays online and is now available for your mobile devices. Assume the role of your inadequately prepared racer and ignore severe consequences in a desperate search for victory.  
  
Now play as Effective Shopper on an electric shopping cart, Wheelchair Guy on a jet-powered wheelchair, Irresponsible Dad and his son on a bicycle, or as Business Guy on a personal transporter.  
  
Features: [...] Happy Wheels is an intense, side-scrolling, physics-based, obstacle course game.

Updated on

Dec 12, 2025

Available on

Android, Windows\

Racing

Stunt driving

Casual

Single player

Stylized

Vehicles

Bicycle

Offline

\Powered by Intel® technology

## Data safety

arrow\_forward",unknown_date,web_result
4705510,"""Happy Wheels"" announcement",general,1,tavily,basic,6,https://totaljerkface.com,Totaljerkface.com - Home Of Happy Wheels,"Moments before the horrific, blasphemous death of flash, the java script version of Happy Wheels has arrived. That was close. Sorry for the delay. Hopefully the fear of losing Happy Wheels did not prevent your restful sleep. If you didn't even know it was in development, then here is your exciting news. [...] Hello friends. I probably should have made a news post about this a while ago, but surprises are nice I guess. There has been a javascript version of Happy Wheels in the works since early 2019. It will be out before Flash is murdered by Chrome. Was scheduled for this month actually, but I don't see that happening so immediately. I probably didn't want to tell anyone so nobody would ask me when it will be released. [...] Hello pals. I'd like to continue hosting the flash version of Happy Wheels as long as possible. With the loss of certain ad networks, I'm going to try out a few different ad formats on this site as I continue to attempt to regain some of the revenue that went missing. I'll be making a few minor changes here and there to see whatever works best. Nothing should be annoying. This heads up was the main reason for this news post.",unknown_date,web_result
4705510,"""Happy Wheels"" preview",general,1,tavily,basic,7,https://www.yahoo.com/entertainment/happy-wheels-trailer-game-becomes-160043853.html,‘Happy Wheels’ Trailer: Game Becomes Digital Series With Blood & Guts Galore,"Welcome to Happy Wheels, the most dangerous community in the world. Early on, all seems tranquil and on the up-and-up: a dad teaching his boy to ride a bike, picnickers enjoying an adult beverage, a man enjoying a snack on a park bench. But things are about to get ugly — fast. That kid on the bicycle? Spike fodder. Other folks? Turned to red goo by falling speakers, helpful cops, exploding bounce houses, even the town's welcome sign. Sense a pattern here? [...] Updated

Add Yahoo as a preferred source to see more of our stories on Google.

The Happy Wheels video game app hit the ground bleeding in 2010 and has been played more than a billion — with a ""B"" — times since. Now it's making the natural progression to animated series, which will go live November 15 on go90, Verizon's mobile streaming app. And here's the first trailer for the cartoon-gory nine-episode series from Machinima and Bunim/Murray Productions. [...] Suffice it so say, Happy Wheels people get mangled in horrific ways. In an effort to reduce the bloodshed, five locals form a safety committee, with predictably epic-fail results. Voices are provided by a clutch of social media/online personalities, including three Minecraft YouTubers (ask your kids) and the co-hosts of Machinima's ETC.

Advertisement

Advertisement

Advertisement

Advertisement",unknown_date,web_result
4705510,"""Happy Wheels"" preview",general,1,tavily,basic,7,https://en.wikipedia.org/wiki/Happy_Wheels,Happy Wheels,"Happy Wheels is a side-scrolling ragdoll physics-based platform browser game developed and published by Fancy Force. Created in 2010 by video game designer Jim Bonacci, the game features several player characters using various and often atypical vehicles to traverse the game's many user-generated levels. The game is best known for its graphic violence and the amount of user-generated content its players produce on a regular basis, with game maps shared on a public server. According to Bonacci, [...] In November 2016, a 9-episode animated web series based on Happy Wheels titled Happy Wheels: The Series premiered on Verizon’s go90. Produced by Machinima, Inc. and Bunim/Murray Productions digital division BMP Digital, Happy Wheels: The Series is set in the title town, dubbed as ""the most dangerous community on Earth"" where ""people are mangled everyday by traps, spikes, mines, cars, unsafe roads and hazards."" Five concerned citizens form a safety awareness committee called D.E.A.T.H.S. to [...] Happy Wheels has received generally positive reviews. It was recommended by GameSetWatch and considered one of the ""Best Free Games"" by IGN. Its level editor and amount of user-generated content have received praise from reviewers. The over-the-top nature of the violence is a central theme of the game, and some reviewers have considered it humorous; one review stated that ""It is so genuinely difficult to play Happy Wheels and not just laugh and laugh at the ridiculous ways in which your",unknown_date,web_result
4705510,"""Happy Wheels"" preview",general,1,tavily,basic,7,https://www.youtube.com/watch?v=RCyEWnT_Nrc,Happy Wheels: The Series | 2016 | Official Trailer HD (Exclusive) - YouTube,"# Happy Wheels: The Series | 2016 | Official Trailer HD (Exclusive)
## Screambox
98600 subscribers
1853 likes

### Description
115576 views
Posted: 2 Nov 2016
Ready, Set, ROLL! Based on the popular game, Happy Wheels: The Series welcomes you to a magical place where wheels reign supreme and danger is a daily part of life. Happy Wheels: The series drops November 15, only on 

Visit Bloody Disgusting ► 
Like Us on Facebook ► 
Follows Us on Twitter ► 

223 comments
### Transcript:",unknown_date,web_result
4705510,"""Happy Wheels"" preview",general,1,tavily,basic,7,https://apps.apple.com/us/app/happy-wheels/id648668184,Happy Wheels - App Store,"\\ IMPORTANT - SUPPORTED DEVICES iPhone 4S, iPad 2, iPod Touch 5, iPad Mini 1, or better.\\ Happy Wheels is a side-scrolling, physics-based, obstacle course game with over a billion plays online and is now available for your mobile devices. Assume the role of your inadequately prepared racer and ignore severe consequences in a desperate search for victory. Now play as Pogo Stick Guy, Effective Shopper in an electric motor cart, Wheelchair Guy on a jet-powered wheelchair, Irresponsible Dad and [...] I personally find this game great, and it’s really fun. I’d be on my phone 24/7 playing this game if it wasn’t for the ads. Every 6 tries or so, you get an ad, which you can skip 5 seconds in, only to wait another 12 seconds while they show it to you as a preview from the App Store. And if you don’t have Internet, they still make you wait 10 seconds while they show you a blue screen showing the timer. But in that case, you get an ad every time you go to another level, and that is simply too [...] View

  

  ### Turbo Dismount®

  A Kinetic Tragedy
 View

  

  ### Bloody Bastards

  Action
 View

  

  ### Building Destruction

  Destruction Simulator
 View

  

  ### Stickmen Falling

  Stunning stickmen physic game
 View

  

  ### Slapstick Fighter: Fight Games

  Stickman Ragdoll Fighting Game
 View

  

  ### Ragdoll Physics Simulator

  Get momentum, hold and release
 View

  

  ### Sandbox City

  Open World Action with Cars
 View

  

  ### Ragdolls Sandbox
 View",unknown_date,web_result
4705510,"""Happy Wheels"" preview",general,1,tavily,basic,7,https://totaljerkface.com,Totaljerkface.com - Home Of Happy Wheels,"Moments before the horrific, blasphemous death of flash, the java script version of Happy Wheels has arrived. That was close. Sorry for the delay. Hopefully the fear of losing Happy Wheels did not prevent your restful sleep. If you didn't even know it was in development, then here is your exciting news. [...] This is the first public version of the game, so please allow some time for the remaining bugs to be ironed out. Though I still love flash, what's great about this version is that it performs very well on mobile devices. However, this release does not yet include on screen mobile controls. That will be added in the next update. If you're desperate to try it out on your phone, a bluetooth keyboard works very well. Though I mentioned previously that the game would now run at 60 fps, some of the [...] Hello friends. I probably should have made a news post about this a while ago, but surprises are nice I guess. There has been a javascript version of Happy Wheels in the works since early 2019. It will be out before Flash is murdered by Chrome. Was scheduled for this month actually, but I don't see that happening so immediately. I probably didn't want to tell anyone so nobody would ask me when it will be released.",unknown_date,web_result
4705510,"""Happy Wheels"" review",general,1,tavily,basic,8,https://play.google.com/store/apps/details?id=com.fancyforce.happywheels&hl=en_US,Happy Wheels - Apps on Google Play,"January 28, 2023

This is a very fun game, the levels are difficult but not TOO difficult which makes it fun. And it's the funniest thing to see how many ways your character can die. Honestly there isn't anything much wrong with it. And the adds aren't that annoying, they only pop up once your character dies or if you finish the level which is very good, so it doesn't seem like your forced to buy the add remover. Overall 5 stars.

2,267 people found this review helpful

## What’s new [...] Icon image

Icon image

# Happy Wheels

James Bonacci

Contains adsIn-app purchases

4.2star

372K reviews

Content rating

Rated for 16+

Google Play Games on PC is required to install this game on Windows. By downloading the app and the game, you agree to the Google Terms of Service and Google Play Terms of Service. Learn more.

Content rating

Rated for 16+

Strong Violence

In-Game Purchases

Learn more

## About this game [...] Happy Wheels is a side-scrolling, physics-based, obstacle course game with over a billion plays online and is now available for your mobile devices. Assume the role of your inadequately prepared racer and ignore severe consequences in a desperate search for victory.  
  
Now play as Effective Shopper on an electric shopping cart, Wheelchair Guy on a jet-powered wheelchair, Irresponsible Dad and his son on a bicycle, or as Business Guy on a personal transporter.  
  
Features:",unknown_date,web_result
4705510,"""Happy Wheels"" review",general,1,tavily,basic,8,https://apps.apple.com/us/app/happy-wheels/id648668184,Happy Wheels - App Store,"\\ IMPORTANT - SUPPORTED DEVICES iPhone 4S, iPad 2, iPod Touch 5, iPad Mini 1, or better.\\ Happy Wheels is a side-scrolling, physics-based, obstacle course game with over a billion plays online and is now available for your mobile devices. Assume the role of your inadequately prepared racer and ignore severe consequences in a desperate search for victory. Now play as Pogo Stick Guy, Effective Shopper in an electric motor cart, Wheelchair Guy on a jet-powered wheelchair, Irresponsible Dad and [...] I personally find this game great, and it’s really fun. I’d be on my phone 24/7 playing this game if it wasn’t for the ads. Every 6 tries or so, you get an ad, which you can skip 5 seconds in, only to wait another 12 seconds while they show it to you as a preview from the App Store. And if you don’t have Internet, they still make you wait 10 seconds while they show you a blue screen showing the timer. But in that case, you get an ad every time you go to another level, and that is simply too [...] that is simply too much.Another really bad thing about this game is the frequency of updates and new added levels. It’s been forever since I’ve been waiting for the levels for pogo stick guy and the couple, but I think the developers forgot about that completely and that’s honestly a bummer. They could’ve nominated levels created by other people as the levels made for those two characters, all while adding more building features for fan-made levels.The final thing that made me change my 5-star",unknown_date,web_result
4705510,"""Happy Wheels"" review",general,1,tavily,basic,8,https://store.steampowered.com/app/4705510/Happy_Wheels,Happy Wheels on Steam,"All Games > Action Games > Happy Wheels

Community Hub

Happy Wheels

Happy Wheels

Happy Wheels

Developer

Jim Bonacci

Publisher

Fancy Force

Release

21 Sep, 2026

Choose your inadequately prepared racer, and disregard severe consequences in your desperate pursuit of short-lived victory.

All Reviews:

No user reviews

Release Date:

21 Sep, 2026

Developer:

Jim Bonacci

Publisher:

Fancy Force

Tags

Popular user-defined tags for this product: [...] Interested?  
Add to your wishlist and get notified when it becomes available.

View Community Hub

## About This Game

Happy Wheels is a side-scrolling, physics-based, community driven sandbox game, now (finally) available, ad-free, on Steam. Select your inadequately prepared racer, and disregard severe consequences in your desperate pursuit of short-lived victory. Choose from more than 5 million user created levels or create and share your own.

Features [...] Sandbox  Indie  Action  Casual  Physics  Level Editor  Dark Humor  Gore  Satire  Racing  Side Scroller  2D  Violent  Cartoony  Singleplayer 

+

Reviews

All Reviews:

No user reviews

Sign in to add this item to your wishlist, follow it, or mark it as ignored

)

Features

Single-player

Includes level editor

Family Sharing

Steam is learning about this game   

Languages:

English

| Interface | Full Audio | Subtitles |
 --- 
| English | ✔ | ✔ |  |",unknown_date,web_result
4705510,"""Happy Wheels"" review",general,1,tavily,basic,8,https://toucharcade.com/2015/08/21/happy-wheels-tops-free-charts,"'Happy Wheels', The Gory Accident Simulator, Currently ...","The basic gameplay is entertaining, but, in my opinion, not entertaining enough for the game to have an average of 4.5 stars and 735 App Store",unknown_date,web_result
4705510,"""Happy Wheels"" review",general,1,tavily,basic,8,https://www.commonsensemedia.org/app-reviews/happy-wheels/user-reviews/adult,Parent reviews for Happy Wheels,"Read Happy Wheels reviews from parents on Common Sense Media. Parents Say age 11+ Based on 10 parent reviews … prepares kids in the digital era,",unknown_date,web_result
4705510,"""Happy Wheels"" publisher",general,1,tavily,basic,9,https://en.wikipedia.org/wiki/Happy_Wheels,Happy Wheels,"Happy Wheels is a side-scrolling ragdoll physics-based platform browser game developed and published by Fancy Force. Created in 2010 by video game designer Jim Bonacci, the game features several player characters using various and often atypical vehicles to traverse the game's many user-generated levels. The game is best known for its graphic violence and the amount of user-generated content its players produce on a regular basis, with game maps shared on a public server. According to Bonacci, [...] This is the latest accepted revision, reviewed on 7 July 2026.

2010 video game

2010 video game

| Happy Wheels |

| Developer | Fancy Force |
| Publisher | Fancy Force |
| Designer | Jim Bonacci |
| Programmer | Jim Bonacci |
| Artist | Jim Bonacci |
| Composer | Jack Zankowski |
| Platforms | Web browser, iOS, Android ""Android (operating system)"") |
| Release |  Browser  June 4, 2010  iOS  August 20, 2015  Android  January 25, 2020 |
| Genres | Platform, racing |
| Mode | Single-player | [...] a JavaScript port by Goodboy Digital was in development and the game would continue to function after Adobe Flash ended at the end of 2020. Eleven months later, on December 28, 2020, the JavaScript port was released, continuing the existence of the game after the end of Flash.",unknown_date,web_result
4705510,"""Happy Wheels"" publisher",general,1,tavily,basic,9,https://happywheels.fandom.com/wiki/Happy_Wheels_Wiki,Happy Wheels Wiki | Fandom,"Happy Wheels is a ragdoll-physics-adventure based Flash game created by Jim Bonacci and launched in June of 2010. Players control a selection of various, unique characters with their goal being to get to the finish line, activate a trigger that triggers victory, or collect a required amount of tokens while avoiding being splattered across the level by many hazards and obstacles. Users may create and share their own custom scenarios using the expansive level editor, play some of the over 10 [...] Wheels logo, also available as a purchasable .   The Happy Wheels logo, also available as a purchasable t-shirt.    Happy Wheels is a ragdoll-physics-adventure based Flash game created by Jim Bonacci and launched in June of 2010. Players control a selection of various, unique characters with their goal being to get to the finish line, activate a trigger that triggers victory, or collect a required amount of tokens while avoiding being splattered across the level by many hazards and obstacles. [...] | The Happy Wheels logo, also available as a purchasable . The Happy Wheels logo, also available as a purchasable .   The Happy Wheels logo, also available as a purchasable t-shirt.    Happy Wheels is a ragdoll-physics-adventure based Flash game created by Jim Bonacci and launched in June of 2010. Players control a selection of various, unique characters with their goal being to get to the finish line, activate a trigger that triggers victory, or collect a required amount of tokens while",unknown_date,web_result
4705510,"""Happy Wheels"" publisher",general,1,tavily,basic,9,https://totaljerkface.com,Totaljerkface.com - Home Of Happy Wheels,"Goodboy Digital are my friends in London responsible for the port of the game, and they have my eternal thanks. This took far more effort than expected, and they even managed to make a custom port of box2d just to maintain all the quirks of the original game. I'd also like to thank site and discord admin Kittenswolf for his help, and everyone else beta testing on discord for the past few months. Thanks to everyone else for still playing Happy Wheels 10 years after its launch, even without [...] 1218 comments

More news here...

The full version of the game Happy Wheels can only be played at Totaljerkface.com  
 © Fancy Force, LLC. All Rights Reserved. Privacy Policy | Terms of Use | Report a Bug [...] Hello friends. I probably should have made a news post about this a while ago, but surprises are nice I guess. There has been a javascript version of Happy Wheels in the works since early 2019. It will be out before Flash is murdered by Chrome. Was scheduled for this month actually, but I don't see that happening so immediately. I probably didn't want to tell anyone so nobody would ask me when it will be released.",unknown_date,web_result
4705510,"""Happy Wheels"" publisher",general,1,tavily,basic,9,https://totaljerkface.com/news_comments.tjf?nid=91,Totaljerkface.com - Home Of Happy Wheels,"Goodboy Digital are my friends in London responsible for the port of the game, and they have my eternal thanks. This took far more effort than expected, and they even managed to make a custom port of box2d just to maintain all the quirks of the original game. I'd also like to thank site and discord admin Kittenswolf for his help, and everyone else beta testing on discord for the past few months. Thanks to everyone else for still playing Happy Wheels 10 years after its launch, even without [...] By Pale Happy Wheels on June 22, 2026  
  
 Well, if we make it to version 2.00, of course MrBrainTurd But I think it's unlikely that there will be a character (well, in my opinion).

The full version of the game Happy Wheels can only be played at Totaljerkface.com  
 © Fancy Force, LLC. All Rights Reserved. Privacy Policy | Terms of Use | Report a Bug [...] tfartfartfartfartfartfartfartfartfartfart",unknown_date,web_result
4705510,"""Happy Wheels"" publisher",general,1,tavily,basic,9,https://apps.apple.com/us/app/happy-wheels/id648668184,Happy Wheels - App Store,"Peter Sammons [...] marcoo’s here [...] Languages
:    English

Age Rating
:   18+ 

     18+
     Learn More
     Frequent  
      Cartoon or Fantasy Violence  
      Realistic Violence  
      Profanity or Crude Humor

In-App Purchases
:   Yes 

     Remove Ads $1.99
     Learn More

Copyright
:    © 2024 Fancy Force, LLC

- Developer Website
- Privacy Policy

## Supports

 

  ### Game Center

  Discover new games and play with friends. This game also features leaderboards and achievements.

## You Might Also Like

 View",unknown_date,web_result
4705510,"""Happy Wheels"" developer",general,1,tavily,basic,10,https://en.wikipedia.org/wiki/Happy_Wheels,Happy Wheels,"Happy Wheels is a side-scrolling ragdoll physics-based platform browser game developed and published by Fancy Force. Created in 2010 by video game designer Jim Bonacci, the game features several player characters using various and often atypical vehicles to traverse the game's many user-generated levels. The game is best known for its graphic violence and the amount of user-generated content its players produce on a regular basis, with game maps shared on a public server. According to Bonacci, [...] This is the latest accepted revision, reviewed on 7 July 2026.

2010 video game

2010 video game

| Happy Wheels |

| Developer | Fancy Force |
| Publisher | Fancy Force |
| Designer | Jim Bonacci |
| Programmer | Jim Bonacci |
| Artist | Jim Bonacci |
| Composer | Jack Zankowski |
| Platforms | Web browser, iOS, Android ""Android (operating system)"") |
| Release |  Browser  June 4, 2010  iOS  August 20, 2015  Android  January 25, 2020 |
| Genres | Platform, racing |
| Mode | Single-player | [...] 15. ↑ Valentin, Christian (August 20, 2015). ""Popular flash game Happy Wheels makes its iOS debut"". Pocket Gamer. Archived from the original on December 31, 2019. Retrieved December 31, 2019.
16. ↑ Gregson-Wood, Stephen (October 14, 2019). ""Happy Wheels developer Fancy Force is bringing their popular game to Android and you can sign up to be part of the beta now"". Pocket Gamer. Archived from the original on December 31, 2019. Retrieved December 31, 2019.",unknown_date,web_result
4705510,"""Happy Wheels"" developer",general,1,tavily,basic,10,https://play.google.com/store/apps/details?id=com.fancyforce.happywheels&hl=en_US,Happy Wheels - Apps on Google Play,"\Might not be available for this game

## App support

public

Website

email

Support email

support@fancyforce.com

shield

Privacy Policy

About the developer

James Bonacci

support@fancyforce.com

162 N 12th St apt PH Brooklyn, NY 11249-1754 United States

## Similar games

arrow\_forward

Thumbnail image

Bike Mayhem Mountain Racing

Best Free Games Inc.

4.1star

5,99 UAH

Thumbnail image

Gravity Rider: Space Bike Race

Vivid Games S.A.

4.5star

Thumbnail image

True Surf

True Axis [...] Icon image

Icon image

# Happy Wheels

James Bonacci

Contains adsIn-app purchases

4.2star

372K reviews

Content rating

Rated for 16+

Google Play Games on PC is required to install this game on Windows. By downloading the app and the game, you agree to the Google Terms of Service and Google Play Terms of Service. Learn more.

Content rating

Rated for 16+

Strong Violence

In-Game Purchases

Learn more

## About this game [...] Data is encrypted in transit
 Icon image

  Data can’t be deleted

See details

## Ratings and reviews

phone\_androidPhone

laptopChromebook

tablet\_androidTablet

4.2

328K reviews

5

4

3

2

1

Christian Bielefeld

 Flag inappropriate

September 6, 2024",unknown_date,web_result
4705510,"""Happy Wheels"" developer",general,1,tavily,basic,10,https://totaljerkface.com,Totaljerkface.com - Home Of Happy Wheels,"Goodboy Digital are my friends in London responsible for the port of the game, and they have my eternal thanks. This took far more effort than expected, and they even managed to make a custom port of box2d just to maintain all the quirks of the original game. I'd also like to thank site and discord admin Kittenswolf for his help, and everyone else beta testing on discord for the past few months. Thanks to everyone else for still playing Happy Wheels 10 years after its launch, even without [...] 1218 comments

More news here...

The full version of the game Happy Wheels can only be played at Totaljerkface.com  
 © Fancy Force, LLC. All Rights Reserved. Privacy Policy | Terms of Use | Report a Bug [...] Moments before the horrific, blasphemous death of flash, the java script version of Happy Wheels has arrived. That was close. Sorry for the delay. Hopefully the fear of losing Happy Wheels did not prevent your restful sleep. If you didn't even know it was in development, then here is your exciting news.",unknown_date,web_result
4705510,"""Happy Wheels"" developer",general,1,tavily,basic,10,https://totaljerkface.com/news_comments.tjf?nid=91,Totaljerkface.com - Home Of Happy Wheels,"Goodboy Digital are my friends in London responsible for the port of the game, and they have my eternal thanks. This took far more effort than expected, and they even managed to make a custom port of box2d just to maintain all the quirks of the original game. I'd also like to thank site and discord admin Kittenswolf for his help, and everyone else beta testing on discord for the past few months. Thanks to everyone else for still playing Happy Wheels 10 years after its launch, even without [...] By Pale Happy Wheels on June 22, 2026  
  
 Well, if we make it to version 2.00, of course MrBrainTurd But I think it's unlikely that there will be a character (well, in my opinion).

The full version of the game Happy Wheels can only be played at Totaljerkface.com  
 © Fancy Force, LLC. All Rights Reserved. Privacy Policy | Terms of Use | Report a Bug [...] Moments before the horrific, blasphemous death of flash, the java script version of Happy Wheels has arrived. That was close. Sorry for the delay. Hopefully the fear of losing Happy Wheels did not prevent your restful sleep. If you didn't even know it was in development, then here is your exciting news.",unknown_date,web_result
4705510,"""Happy Wheels"" developer",general,1,tavily,basic,10,https://totaljerkface.com/profile_levels.tjf?uid=2,Totaljerkface.com - Home Of Happy Wheels - Profile,"Play
 uhhhhhh

  2.6027

  2010-02-16

  Play
 wrecking ball

  2.9496

  2010-02-05

  Play
 crash test

  3.6926

  2010-01-15

  Play
 Rope Swings

  Play
 Play
 Spike Propeller

  Play
 Happy Green Hills

  Play

The full version of the game Happy Wheels can only be played at Totaljerkface.com  
 © Fancy Force, LLC. All Rights Reserved. Privacy Policy | Terms of Use | Report a Bug [...] totaljerkface.com

 

Problems logging in?

Jim Bonacci's Profile

Levels created by Jim Bonacci

 Name

  Rating

  Created

  Link
 test

  3.442

  2018-07-20

  Play
 mouse testy

  2.8607

  2015-10-29

  Play
 test admin vote

  2.5517

  2014-12-04

  Play
 volleyball

  3.6385

  2014-03-20

  Play
 private party

  3.9526

  2014-03-20

  Play
 mushers

  4.1952

  2014-03-20

  Play
 jumpy

  3.6092

  2014-03-20

  Play
 fatspin

  4.3845

  2014-03-20

  Play
 cars

  3.937 [...] 3.937

  2014-03-20

  Play
 save test

  2.2608

  2014-03-11

  Play
 stupid test

  2.2998

  2012-08-02

  Play
 testypants

  2.8191

  2012-03-26

  Play
 polygon tool demo

  4.2964

  2012-01-13

  Play
 token test

  3.4879

  2011-09-30

  Play
 glass example

  3.3832

  2011-03-31

  Play
 npc test

  3.0346

  2011-02-18

  Play
 vehicle example

  3.1448

  2010-06-16

  Play
 Obstacle Course?

  4.1557

  2010-05-19

  Play
 squish

  3.8674

  2010-03-14

  Play
 uhhhhhh",unknown_date,web_result
4705510,"site:reddit.com ""Happy Wheels""",social,3,tavily,basic,11,https://www.reddit.com/r/HotWheels/comments/1lcg7am/happy_fathers_day,Happy Father's Day : r/HotWheels - Reddit,"Happy Father’s Day : r/HotWheels Skip to main contentHappy Father’s Day : r/HotWheels Open menu Open navigationGo to Reddit Home r/HotWheels A chip A close button Get App Get the Reddit app Log InLog in to Reddit Expand user menu Open settings menu Reddit's dedicated Hot Wheels section, welcoming all forms of die-cast, not just Hot Wheels. Create your account and connect with a world of communities. By continuing, you agree to ourUser Agreementand acknowledge that you understand thePrivacy Policy. Anyone can view, post, and comment to this community Reddit RulesPrivacy PolicyUser AgreementReddit, Inc. * Crime, Mystery, & Thriller Movies & Series",unknown_date,reddit_discussion
4705510,"site:reddit.com ""Happy Wheels""",social,3,tavily,basic,11,https://www.reddit.com/r/bicycling/comments/xqkqk7/my_specialized_allez_elite_happy_with_how_it_is,My Specialized allez elite - happy with how it is for now,"My Specialized allez elite - happy with how it is for now : r/bicycling Skip to main contentMy Specialized allez elite - happy with how it is for now : r/bicycling Open menu Open navigationGo to Reddit Home r/bicycling A chip A close button Get App Get the Reddit app Log InLog in to Reddit Expand user menu Open settings menu Two wheels, or three, sometimes one, but never more than twenty. Interested in riding a bicycle? We welcome bicyclists of all skill levels including those who don't yet own a bike. Ask us your questions or meetup with other redditors in your area for local rides. My Specialized allez elite - happy with how it is for now * : r/bicycling - as seen it currently weighs in just over 8kg: r/bicycling - as seen it currently weighs in just over 8kg * : r/bicycling - My Specialized allez elite - happy with how it is for now: r/bicycling - My Specialized allez elite - happy with how it is for now * : r/bicycling - My Specialized allez elite - happy with how it is for now: r/bicycling - My Specialized allez elite - happy with how it is for now * : r/bicycling - My Specialized allez elite - happy with how it is for now: r/bicycling - My Specialized allez elite - happy with how it is for now * : r/bicycling - My Specialized allez elite - happy with how it is for now * : r/bicycling - My Specialized allez elite - happy with how it is for now * : r/bicycling - My Specialized allez elite - happy with how it is for now Create your account and connect with a world of communities. By continuing, you agree to ourUser Agreementand acknowledge that you understand thePrivacy Policy. Anyone can view, post, and comment to this community * RedditreReddit: Top posts of September 28, 2022 * * * * RedditreReddit: Top posts of September 2022 * * * * RedditreReddit: Top posts of 2022 * * * Reddit RulesPrivacy PolicyUser AgreementAccessibilityReddit, Inc. * Crime, Mystery, & Thriller Movies & Series",unknown_date,reddit_discussion
4705510,"site:reddit.com ""Happy Wheels""",social,3,tavily,basic,11,https://www.reddit.com/r/simracing/comments/w9o0cl/cube_controls_users_are_you_happy_with_the_wheel,"Cube Controls users, are you happy with the wheel or did you move ...","Cube Controls users, are you happy with the wheel or did you move on due to their QC issues. Skip to main contentCube Controls users, are you happy with the wheel or did you move on due to their QC issues. Open menu Open navigationGo to Reddit Home r/simracing A chip A close button Log InLog in to Reddit Expand user menu Open settings menu The home of the simracing community on Reddit Cube Controls users, are you happy with the wheel or did you move on due to their QC issues. Split between cube control and ascher. I like the CC aesthetic better, but ascher sounds more dependable For having an “open wheel ecosystem” if you go simucube, to be honest, the options and selection sucks Comparison of Cube Controls and Ascher wheels Best sim racing wheels for reliability Cube Controls wheel options and models Create your account and connect with a world of communities. By continuing, you agree to ourUser Agreementand acknowledge that you understand thePrivacy Policy. Anyone can view, post, and comment to this community * Reddit reReddit: Top posts of July 27, 2022 * * * * Reddit reReddit: Top posts of July 2022 * * * * Reddit reReddit: Top posts of 2022 * * * Reddit RulesPrivacy PolicyUser AgreementAccessibilityReddit, Inc. * Crime, Mystery, & Thriller Movies & Series",unknown_date,reddit_discussion
4705510,"site:reddit.com ""Happy Wheels""",social,3,tavily,basic,11,https://www.reddit.com/r/Simagic/comments/1ehc7sd/what_2_best_simagic_wheels_would_you_get,What 2 best Simagic wheels would you get? - Reddit,"What 2 best Simagic wheels would you get? Open menu Open navigationGo to Reddit Home r/Simagic A chip A close button Log InLog in to Reddit Expand user menu Open settings menu The home of all things SIMAGIC. The official (community-run) subreddit to discuss all things simracing and SIMAGIC gear. What 2 best Simagic wheels would you get? What Simagic GT wheel (GT3, LMP, Hypercar etc) and round wheel (rally, older GT cars, road cars etc) would you buy if you weren't concerned with price and why? In the same vein, Hypercars are a bit much for me as well but I do like them so I'll dabble from time to time so probably wouldn't be interested in smaller wheels. I can't decide between the GTS, GT Neo, GT Pro K (or the other excellent choices for that matter). I want alcantara (I race with gloves and like the look, feel. Shame the GT Pro K only comes in leather). My previous setup was a Fanatec McLaren GT3v2 and Round WRC wheels. The GT3 wheel was fine for the price but didn't get why everyone raved about it. The WRC wheel, well, best forgotten. I race in VR so I don't need screens. I was happy with the 300mm diameter of the WRC wheel. I don't know what 330mm would be like. These wheels will be going on a Simagic Alpha wheelbase (when I order it all). I also ordered the GT Pro (K) round. What was particularly interesting was that he commented on the Alpha just being a stronger version of the Mini but the Alpha U is not only stronger but has better fidelity as well. Top Simagic wheels for GT3 and rally Simagic wheel options for older GT cars Simagic wheel comparison for different styles Best Simagic wheels for non-F1 racing Create your account and connect with a world of communities. Anyone can view, post, and comment to this community * Reddit reReddit: Top posts of August 1, 2024 * * * * Reddit reReddit: Top posts of August 2024 * * * * Reddit reReddit: Top posts of 2024 * * * Reddit RulesPrivacy PolicyUser AgreementAccessibilityReddit, Inc.",unknown_date,reddit_discussion
4705510,"site:reddit.com ""Happy Wheels""",social,3,tavily,basic,11,https://www.reddit.com/r/motorcycles/comments/le1wxw/rip_dale_walksler_founder_of_wheels_through_time,"RIP Dale Walksler, founder of Wheels Through Time Motorcycle Museum in Maggie Valley NC : r/motorcycles","Title: RIP Dale Walksler, founder of Wheels Through Time Motorcycle Museum in Maggie Valley NC : r/motorcycles
RIP Dale Walksler, founder of Wheels Through Time Motorcycle Museum in Maggie Valley NC : r/motorcycles. Skip to main contentRIP Dale Walksler, founder of Wheels Through Time Motorcycle Museum in Maggie Valley NC : r/motorcycles. Open menu Open navigationGo to Reddit Home. Get App Get the Reddit app Log InLog in to Reddit. Expand user menu Open settings menu. Image 1: r/motorcycles icon Go to motorcycles. RIP Dale Walksler, founder of Wheels Through Time Motorcycle Museum in Maggie Valley NC. Mr. Walksler passed on February 3rd. Article here: https://www.cyclenews.com/2021/02/article/ama-motorcycle-hall-of-famer-dale-walksler-succumbs/. I had the pleasure of riding to and visiting several times over the years. I was always impressed with Mr. Walksler's genuine passion for and knowledge of motorcycling and history. When things weren't too busy he was happy to walk folks around, talk in-depth about particular bikes and their restoration, and even start them up. Two particular bikes in his collection that left a great impression on me were the mysterious 1916 Traub that was literally found in a wall; and the 1937 Crocker - a fierce competitor to H-D - that Dale enjoyed riding. I sincerely hope the museum can carry on; IMO it is quite an attraction. Create your account and connect with a world of communities. By continuing, you agree to ourUser Agreementand acknowledge that you understand thePrivacy Policy. Anyone can view, post, and comment to this community. *   Reddit reReddit: Top posts of February 6, 2021 * * *. *   Reddit reReddit: Top posts of February 2021 * * *. *   Reddit reReddit: Top posts of 2021 * * *. Reddit RulesPrivacy PolicyUser AgreementAccessibilityReddit, Inc.",unknown_date,reddit_discussion
4705510,"site:tiktok.com ""Happy Wheels""",social,4,tavily,basic,12,https://www.tiktok.com/@kennyofmurk/video/7580509606544215327,"them happy wheels harpoons where dangerous bro😭games like Raze, Fancy... | TikTok","#### Company. #### Program. #### Terms & Policies. We're having trouble playing this video. Please refresh and try again. Run was Temple run before temple run fr 😂i miss games like Raze, Happy Wheels, Fancy Pants, Sift Heads and the millions of random stickman games out there🥺 #nostalgia #throwback #2000s #childhood #games. Run was Temple run before temple run fr 😂i miss games like Raze, Happy Wheels, Fancy Pants, Sift Heads and the millions of random stickman games out there🥺 #nostalgia #throwback #2000s #childhood #games. lets see if anyone in the algorithm knows about raze, thing thing arena, happy wheels, fancy pants, sift heads, territory war, and many stick games that were out there 🥹 #2000s #game #classic #throwback #nostalgia. It’s over for Fortnite 💀 #fortnite #fortnitefunny #gaming. FORTNITE IS LIFE 🎮🕹️👾 #texasroadhouse #fortnite #food #games #fyp. #Wii #asmr #nintendo #games #satisfyingvideos. #robloxfyp #fyp #roblox #robloxitalia #robloxita @AcquaCroccante. #filtergame #viralfilter #filter #effect #fyp. bear chair pear… i no like this game #yourmom #fypシ #viral #fypシ゚viral. does this hurt the car? | #funny #fyp #tiktok #gta5 #cola. Pass the slime challenge ❤️💚❤️💚 #christmas #familygames #izzyandmary #lifewithbrothers #fypシ. 😂😂😂😂😂😂😂😂😂😂 #stretchtok #juggtok #giftok #fyp #viral. I Shouldn't Have Shot Spongebob 💀 #fortnite #fortnitebr #fortniteclips #fortnitememes #fortnitefunny. bruh the gravel glitched😭 #minecraft #gaming #skit #pov. Evo Skarmy vs 2 Elixir🤍#clashroyale. FaZe Adapt’s Iconic Crane Trickshot🥹💔 #fyp #viral #lacy #adapt.",unknown_date,social_post
4705510,"site:tiktok.com ""Happy Wheels""",social,4,tavily,basic,12,https://www.tiktok.com/@kennyofmurk/video/7569736598280097054,Nostalgic Flash Games: Raze and Happy Wheels Memories | TikTok,"1. #### TikTok Shop is now available on web! We're having trouble playing this video. Please refresh and try again. We all know we shouldn't play Brawlhalla in class, right? Nostalgic Flash Games: Raze and Happy Wheels Memories. Dive into nostalgic memories of classic flash games like Raze and Happy Wheels. #games #throwback #childhood #nostalgia #2000s. Keywords: nostalgic flash games, Raze game memories, Happy Wheels nostalgia, childhood gaming experiences, 2000s online games, Flash games era memories, stickman game fun, computer lab gaming moments, gaming nostalgia clips, throwback gaming experiences. This is an AI-generated summary of the content, and is not intended to provide factual context. If you think it may contain an error, please report at: please report at: Feedback and help - TikTok. We all know we shouldn't play Brawlhalla in class, right? #nostalgia #2000s #y2knostalgia #fyp #2000schildhood. lets see if anyone in the algorithm knows about raze, thing thing arena, happy wheels, fancy pants, sift heads, territory war, and many stick games that were out there 🥹 #2000s #game #classic #throwback #nostalgia. Run was Temple run before temple run fr 😂i miss games like Raze, Happy Wheels, Fancy Pants, Sift Heads and the millions of random stickman games out there🥺 #nostalgia #throwback #2000s #childhood #games. It’s over for Fortnite 💀 #fortnite #fortnitefunny #gaming. FORTNITE IS LIFE 🎮🕹️👾 #texasroadhouse #fortnite #food #games #fyp. #Wii #asmr #nintendo #games #satisfyingvideos. #robloxfyp #fyp #roblox #robloxitalia #robloxita @AcquaCroccante. #filtergame #viralfilter #filter #effect #fyp. bear chair pear… i no like this game #yourmom #fypシ #viral #fypシ゚viral. does this hurt the car? | #funny #fyp #tiktok #gta5 #cola. Pass the slime challenge ❤️💚❤️💚 #christmas #familygames #izzyandmary #lifewithbrothers #fypシ. 😂😂😂😂😂😂😂😂😂😂 #stretchtok #juggtok #giftok #fyp #viral. I Shouldn't Have Shot Spongebob 💀 #fortnite #fortnitebr #fortniteclips #fortnitememes #fortnitefunny. bruh the gravel glitched😭 #minecraft #gaming #skit #pov.",unknown_date,social_post
4705510,"site:tiktok.com ""Happy Wheels""",social,4,tavily,basic,12,https://www.tiktok.com/@jacksepticeye.happywheel/video/7058291945608596741,Jackseticeye fan on TikTok,"#foryou #jacksepticeye #jack #memes #memehub #react

Jackseticeye fan

1373

·2022-2-8

Image 12: #foryou #jacksepticeye #happywheels #foryoupage #fyp #foryourpage #4upageシ #fypシ

#foryou #jacksepticeye #happywheels #foryoupage #fyp #foryourpage #4upageシ #fypシ

Jackseticeye fan

6347

·2022-2-4

Image 13: #foryou #jacksepticeye #happywheels #viral #foryoupage #fyp #blowthisup #fypシ #blowup #memehub #4u #4upage #tiktokunbandinyy [...] 23.2K

·2022-1-18

Image 15: #foryou #jacksepticeye #happywheels #viral #foryoupage #fyp #blowthisup #fypシ #blowup #memehub #4u #4upage #tiktokunbandinyy

@queer_jess #xyzbca #fyp #jacksepticeye #happywheels #foryoupage #memehub #viral #blowup

Jackseticeye fan

2345

·2022-1-17

Image 16: #foryou #jacksepticeye #happywheels #viral #foryoupage #fyp #blowthisup #fypシ #blowup #memehub #4u #4upage #tiktokunbandinyy [...] #foryou #jacksepticeye #happywheels #viral #foryoupage #fyp #blowthisup #fypシ #blowup #memehub #4u #4upage #tiktokunbandinyy

Jackseticeye fan

1013

·2022-1-10

Log in

Log in

Scroll, use the ↑ ↓ keys, or click the arrows on the right to browse your feed.

Got it

Enter full screen",unknown_date,social_post
4705510,"site:tiktok.com ""Happy Wheels""",social,4,tavily,basic,12,https://www.tiktok.com/@chala_4_cars/video/7551795903800102152,Explore New Wheels at Toyota Lanka – Happy Customers | TikTok,"Toyota Raize Z Brand New. Mileage:-Brand New#srilankan\_tik\_tok🇱🇰. 077 225 5858#srilankan\_tik\_tok🇱🇰 #Primeholdings #viral #CarTok"" #EfficientDriving. Explore New Wheels at Toyota Lanka – Happy Customers. Discover the latest SUV offerings at Toyota Lanka with our satisfied customers. Explore your new wheels today! Keywords: Toyota Lanka new SUV models, new wheels SUV, customer satisfaction Toyota, Toyota SUV reviews, best SUV brands Sri Lanka, Toyota new arrivals, exploring Toyota SUVs, happy customers Toyota Lanka, test drive Toyota SUV, finding new wheels Toyota. ## Holiday HaulLaneige Midnight Minis, Hydrating, Mini Lip Care Gift Set. 4.6· seo\_kep\_numSold. 4.4· seo\_kep\_numSold. Toyota Raize Z Brand New 2025 Y.O.M:-2025 Fuel:-Petrol/Hybrid Mileage:-Brand New#srilankan\_tik\_tok🇱🇰 Engine capacity:-1200cc Hybrid Exterior: Black Interior: Black Features Virtual cockpit 4way camera SPDL- Drive assist Performance and Eco drive modes Multifunctional steering Seat heaters Automatic brake hold function Automatic gears with Hill descent control Apple Carplay/Android Auto HDMI input Keyless entry Power mirrors Adaptive cruise control Lane-Keep Assist Traction control Blind Spot Mirrors And many more... For more details pls contact us via Call or WhatsApp: 077 057 5788 077 225 5858#srilankan\_tik\_tok🇱🇰 #Primeholdings #viral #CarTok"" #EfficientDriving. Today's Highlight, It's my very first Hilux delivery in my sales life. 🚗 #foryou #HappyCustomer #hilux #ToyotaLife #brandnew. TOYOTA and Daihatsu Use same platform for some vehicles #autodat #enginecoolant #automobilescanner #obdacademy. 🤔 #honda #vezel #toyota #raize #CapCut. Size: 15 Inch Type:Toyota Bolt pattern:4x100 Will fit Aqua, Fielder, Yaris, Corolla 🚗 DM on Facebook for prices-Southern Wheels Ltd #toyota #yaris #fielder #corolla. 🔥TOYOTA COROLLA🔥 15"" Deep Wheel And Tires.🔥 #fyp #viral #customwheels #tires #wheels. Toyota Taisor 2025 Brand New Starting from 10.8mil Available now for personal imports 078 726 9659 #ToyotaTaisor #Taisor #PersonalImport #TrustedImporter #ColomboMotors. 💰 මිල අඩු උනා ලක්ෂ 95 ට Yaris 💰 ❤️ Toyota Yaris X Grade 2022❤️ 🔥 UNREGISTED 🔥 💥 Location - Anuradhapur 💥 🚘Price - LKR 9500000🚘 👉Mileage - 19000Km 👉Year - 2022 👉Chassis - KSP210 👉Grade - X Smart Key 👉Colour - P/White 👉Safety Break 👉Lane Departure 👉Lane Assist 👉USB Out Put 👉Multifunction Steering Wheel 👉8 Air Bags 👉Smart Key 👉 Power Shutter 👉Power Mirror 👉Auto Head Light 👉Fuel Consumption-15-20Km/L ➡️ For More Details Contact 📞 0713250005 #makat #sl #fy #sell. #viral #viralvideo #tiktok #funny #cold.",unknown_date,social_post
4705510,"site:tiktok.com ""Happy Wheels""",social,4,tavily,basic,12,https://www.tiktok.com/discover/ri-happy-mattel-chaveiros,Ri Happy Mattel Chaveiros | TikTok,"💛 E para tornar o Dia das Crianças ainda mais especial, em comemoração aos 80 anos da Mattel, você pode garantir chaveiros exclusivos que só a Ri Happy tem! Garanta o presente de Dia das Crianças na Ri Happy e aproveite essa exclusividade da Mattel. Descubra a Casa Mágica da Gabby na Ri Happy, o presente perfeito para o Dia das Crianças! Casa Mágica da Gabby Dia das Crianças, presente ideal de brinquedo, chaveiros exclusivos Mattel, diversão com bonecas Gabby, promoções Ri Happy, compras Dia das Crianças, lojas Ri Happy, entrega Turbo brinquedos, promoção de brinquedos, coleção de chaveiros Mattel ✨ #RecebidosMattel Vem comigo conferir a coleção de chaveiros lançada em celebração aos 80 anos da Mattel e ao Dia das Crianças, disponíveis na Ri Happy e PBKids . coleção de chaveiros Mattel, chaveiros Barbie e Hot Wheels, chaveiros em celebração ao Dia das Crianças, chaveiros icônicos Mattel, chaveiros fofos disponíveis na Ri Happy, promoção chaveiros Mattel, chaveiros da Fisher-Price, compra chaveiros Ri Happy, chaveiros 80 anos Mattel, coleção de chaveiros para crianças #vaiprafycaramba #diadascrianças #rihappy #brinquedo #meme Presentes especiais para o Dia das Crianças na Ri Happy. presentes Dia das Crianças, chaveiros exclusivos da Mattel, compras na Ri Happy, promoção Dia das Crianças, brinquedos para crianças, miniaturas Barbie Hot Wheels, entrega rápida Ri Happy, comprar brinquedos online, presente especial crianças, ofertas Ri Happy No mês das crianças, nas compras acima de R$49,99 em lojas Ri Happy ou Pb Kids + R$14,99 você leva para casa um chaveiro colecionável de miniaturas das marcas Hot Wheels, Barbie, Thomas Trem e outros. chaveiro colecionável Mattel, compras Ri Happy crianças, promoção brinquedos Barbie, miniaturas Hot Wheels, diversão com Fisher-Price, ofertas de brinquedos, presente mês das crianças, brinquedos com desconto, loja Ri Happy promoções, chaveiros crianças unhas de unicórnio para crianças, unhas decoradas crianças, ideias de unhas infantis, brinquedos para o Dia das Crianças, chaveiros da Mattel, promoção Ri Happy, unhas mágicas para meninas, presentes criativos para crianças, diversão na loja Ri Happy, colecionáveis de brinquedos Porque brincar é o melhor presente 💕 #RiHappy #Mattel80Anos #DiaDasCrianças #SãoPaulo #ShoppingCidadeSP Diversão no Dia das Crianças com Ri Happy e Mattel.",unknown_date,social_post
4705510,"site:instagram.com ""Happy Wheels""",social,4,tavily,basic,13,https://www.instagram.com/p/DCmgVysJI9l,Instagram,"Spreading Smiles with Happy Wheels!  
  
The Happy Wheels cart delivers comfort and care to families at Lucile Packard Children’s Hospital Stanford and UCSF Benioff Children’s Hospitals in San Francisco and Oakland. Volunteers bring refreshments, toiletries, and toys directly to patient rooms, offering vital support to families staying by their child’s bedside.  
  
Since its launch at #RMHCBayArea, Happy Wheels has served tens of thousands, inspiring RMHC chapters worldwide.",unknown_date,social_post
4705510,"site:instagram.com ""Happy Wheels""",social,4,tavily,basic,13,https://www.instagram.com/hibachionwheelswithcheferic/p/DEVMJ7VPWYN?locale=zh-hans,Instagram,"🎉 Happy New Year from Hibachi on Wheels!🥢✨   
We’re filled with gratitude for all the love and support from our amazing customers. You made 2024 unforgettable, and we can’t thank you enough for letting us be part of your celebrations! 🧡   
Here’s to an even more exciting 2025—filled with good food, great company, and unforgettable moments. 🍱🎉 We’re ready to bring the Hibachi fun to your events this year! Book your next celebration now, and let’s make it the best one yet. [...] Cheers to a new year and new beginnings! 🥂   
#HibachiOnWheels #HappyNewYear #gratefulandexcited✨💫 [...] ## 还没有评论。

发起对话吧。

21

登录即可点赞或评论。

hibachionwheelswithcheferic的更多帖子

Photo by Eric Maldonado on July 20, 2026.

Video by Eric Maldonado on June 22, 2026. 可能是包含下列内容的图片：寿司、生鱼片、奶油芝士和自助餐.

Photo by Eric Maldonado on February 23, 2026.

Photo by Eric Maldonado on February 19, 2026.

Photo by Eric Maldonado on February 12, 2026.

Photo by Eric Maldonado on February 09, 2026.

Photo by Eric Maldonado on February 02, 2026.

Photo by Eric Maldonado on January 27, 2026.",unknown_date,social_post
4705510,"site:instagram.com ""Happy Wheels""",social,4,tavily,basic,13,https://www.instagram.com/p/DPncBADgGVs,Instagram,"𝗦𝘁𝗮𝘆 𝗼𝗻 𝗧𝗼𝗽 𝗼𝗳 𝗬𝗼𝘂𝗿 𝗖𝗮𝗿’𝘀 𝗠𝗮𝗶𝗻𝘁𝗲𝗻𝗮𝗻𝗰𝗲 🛠️  
  
A well-maintained car is a happy car! At Luxury Wheels, we provide the most reliable repair and maintenance services for luxury vehicles in Dubai. 🏎️  
Ready to take care of your luxury car? Let’s book your appointment today! 💬  
📍 Visit us at Al Quoz, Dubai  
📞 971522010003 | ✉️ info@luxury-wheels.ae  
@futuredigital.ae @safalux\_auto\_care @lafta\_group @carmaster\_garage @3almi\_motors [...] 7ub.r's profile picture

7ub.r

🔥🔥

Reply

7m0_0s's profile picture

7m0\_0s

🔥🔥

Reply

112

Log in to like or comment.

More posts from luxurywheels.ae

Video by Luxury Wheels on September 04, 2026. May be an image of sedan and text.

Video by Luxury Wheels on September 04, 2026. May be an image of lighting, signboard, indoors, office and text that says 'Habili coTe to ииxи4и wheels'.

Video by Luxury Wheels on August 19, 2026. May be an image of car, wheel, roadster and text. [...] #CarCare #LuxuryWheels #LuxuryCarMaintenance #DubaiCars #VehicleService",unknown_date,social_post
4705510,"site:instagram.com ""Happy Wheels""",social,4,tavily,basic,13,https://www.instagram.com/p/DTljI-lgHRS,Instagram,"healingmeasuresrx

Love this!!! ❤️

1 like

Reply

71

Log in to like or comment.

More posts from mowetc

Photo by Meals On Wheels, Etc on September 07, 2026. May be an image of text that says 'HAPPY LABOR DAY MEALS ON WHEELS WHEELSETC. ETC.'.

Photo by Meals On Wheels, Etc on September 05, 2026. May be a graphic of ‎heart, poster, card and ‎text that says '‎مك HAPPY INTERNATIONAL DAY OF CHARITY‎'‎‎. [...] Photo by Meals On Wheels, Etc on September 04, 2026. May be an image of table, kitchen table, dining table and text.

Photo by Meals On Wheels, Etc on September 02, 2026. May be an image of poster and text that says 'HAPPY NATIONAL PREPAREDNESS ΜΟΝΤΗ र'.

Photo by Meals On Wheels, Etc on August 31, 2026. May be an image of cake, whipped cream, strawberry and text. [...] Photo by Meals On Wheels, Etc on August 21, 2026. May be an image of text.

Photo by Meals On Wheels, Etc on August 19, 2026. May be an image of text that says 'VOLUNTEERS NEEDED! HOME- DELIVERED MEALS & NEIGHBORHOOD DINING PROGRAMS'.

See more posts

---",unknown_date,social_post
4705510,"site:instagram.com ""Happy Wheels""",social,4,tavily,basic,13,https://www.instagram.com/p/Cmt9_vroQwd?hl=en,Instagram,"equinor

Thank you to all those keeping the wheels in motion while many of us are taking time off 💪 There is no lack of Christmas spirit offshore or at our onshore facilities. Happy holidays and have a Happy New Year, everyone 🎄 ✨

oscar_megin's profile picture

oscar\_megin

❤️❤️❤️❤️

Reply

gurjantsandhu001's profile picture

gurjantsandhu001

Miss😮👏

1 like

Reply

annel1's profile picture

annel1

#stoprosebank

1 like

Reply

palf98's profile picture

palf98

#stoprosebank

1 like

Reply",unknown_date,social_post
4705510,"site:x.com ""Happy Wheels""",social,4,tavily,basic,14,https://x.com/happywheelsy8,Happy Wheels (@happywheelsy8) / X,"Log inSign up

Happy Wheels

Happy Wheels profile banner

@happywheelsy8

# Happy Wheels

@happywheelsy8

Happy Wheels is a bloody physics-based vehicle game. You will be given a real picture of how accidents can occur and lead to bone fractures, loss of

happywheelsy8.com

Joined October 2015

0

Following10

Followers

RepliesRepliesRepostsRepostsMediaMedia

 @happywheelsy8

  Happy Wheels

  @happywheelsy8

  Dec 15, 2016 [...] Dec 15, 2016

  Snail Bob 4 happywheels8.over-blog.com/2016/12/snail-… #HappyWheels #HappyWheels #happywheels
 @happywheelsy8

  Happy Wheels

  @happywheelsy8

  Dec 15, 2016

  Snail Bob 4 #snail\_bob\_4 #happy\_wheels #happywheels #happy\_wheels\_game happywheelsy8.com/snail-bob-4.ht…

  
 @happywheelsy8

  Happy Wheels

  @happywheelsy8

  Dec 15, 2016

  Ninjago games #ninjago\_games #ninjago\_game #ninjago #ninjag\_games ninjago-games.net

  
 @happywheelsy8

  Happy Wheels [...] Happy Wheels

  @happywheelsy8

  Dec 15, 2016

  Snail Bob 4

  happywheels

  Snail Bob 4From happywheels8.wordpress.com
 @happywheelsy8

  Happy Wheels

  @happywheelsy8

  Dec 5, 2016

  Adam And Eve happywheels8.over-blog.com/2016/12/adam-a… #HappyWheels #HappyWheels #happywheels",unknown_date,social_post
4705510,"site:x.com ""Happy Wheels""",social,4,tavily,basic,14,https://x.com/HappyonWheels,Happy on Wheels (@HappyonWheels) / X,"Log inSign up

Happy on Wheels

Happy on Wheels profile banner

@HappyonWheels

# Happy on Wheels

@HappyonWheels

Happy on Wheels is a business in Arlington, Virginia aimed at helping people, with and without disabilities, to identify tools to live happier lives.

Arlington, VA

happyonwheels.com

Joined June 2014

408

Following364

Followers

RepliesRepliesRepostsRepostsMediaMedia

 @HappyonWheels

  Happy on Wheels

  @HappyonWheels

  Jan 13, 2025 [...] Jan 13, 2025

  Simple Strategies to Conquer Workday Stress happify.com/hd/simple-stra… via @Happify
 @HappyonWheels

  Happy on Wheels

  @HappyonWheels

  Jan 13, 2025

  How Mental Rest Recharges Your Brain happify.com/hd/how-mental-… via @Happify
 @HappyonWheels

  Happy on Wheels

  @HappyonWheels

  Jan 13, 2025

  What It Feels Like: I Thought I Was Managing My Anxiety—Then It Came Roaring Back happify.com/hd/what-it-fee… via @Happify
 @HappyonWheels

  Happy on Wheels [...] Happy on Wheels

  @HappyonWheels

  Jan 10, 2025

  5 Mindful Ways to Prepare Your Body and Soul for Sleep happify.com/hd/5-mindful-w… via @Happify
 @HappyonWheels

  Happy on Wheels

  @HappyonWheels

  Jan 10, 2025

  How to Manage Your Racing Thoughts happify.com/hd/how-to-mana… via @Happify",unknown_date,social_post
4705510,"site:x.com ""Happy Wheels""",social,4,tavily,basic,14,https://x.com/HappyWheelsOrg,Happy Wheels (@HappyWheelsOrg) / X,"Log inSign up

Happy Wheels

Happy Wheels profile banner

@HappyWheelsOrg

# Happy Wheels

@HappyWheelsOrg

Non-profit charitable organization that delivers new books and toys to hospitalized children in South Carolina. Yep, we put smiles on kids faces! : )

happywheelsinc.org

Joined August 2012

169

Following393

Followers

RepliesRepliesRepostsRepostsMediaMedia

 @HappyWheelsOrg

  Happy Wheels

  @HappyWheelsOrg

  May 6, 2025 [...] Happy Wheels

  @HappyWheelsOrg

  May 9, 2024

  This is the 10th year that you all have graciously supported Happy Wheels through Midlands Gives. Every year, you blow our goal out of the the water. The way you show love for our Happy Wheels kids is a testament of selflessness. Thank you. Thank you. Thank you! #happywheels [...] Apr 29, 2025

  We want to give a big shout-out to South Carolina Women’s Basketball for their donation of two gigantic bags of stuffed animals for our Happy Wheels kiddos! Thank you to the FAMs for “tossing”these for charity. Give them 👏🏻 in the comments 👇🏻 #happywheels #gamecockswbb #FAMs

  
 @HappyWheelsOrg

  Happy Wheels

  @HappyWheelsOrg

  Apr 7, 2025

  
 @HappyWheelsOrg

  Happy Wheels

  @HappyWheelsOrg

  Nov 13, 2024

  Exciting news! Set your DVRs!

  
 @HappyWheelsOrg",unknown_date,social_post
4705510,"site:x.com ""Happy Wheels""",social,4,tavily,basic,14,https://x.com/HappyWheelsGame,Happy Wheels Game (@HappyWheelsGame) / X,"Log inSign up

Happy Wheels Game

@HappyWheelsGame

# Happy Wheels Game

@HappyWheelsGame

I play games and make video game walkthroughs. happywheels.biz

Happy Vally California

HappyWheels.biz

Joined May 2011

8

Following2,479

Followers

RepliesRepliesRepostsRepostsMediaMedia

 @HappyWheelsGame

  Happy Wheels Game

  @HappyWheelsGame

  Dec 24, 2012

  @forerunnermusic Who is the asian worship leader....Id like to find more of her worship music...she is very anointed!! TY and GB! :D [...] 6
 @HappyWheelsGame

  Happy Wheels Game

  @HappyWheelsGame

  Aug 26, 2011

  happywheels.biz/happy-wheels-w…

  5
 @HappyWheelsGame

  Happy Wheels Game

  @HappyWheelsGame

  Aug 26, 2011

  happywheels.biz/happy-wheels-w…
 @HappyWheelsGame

  Happy Wheels Game

  @HappyWheelsGame

  Aug 26, 2011

  happywheels.biz/happy-wheels-w…

  2
 @HappyWheelsGame

  Happy Wheels Game

  @HappyWheelsGame

  Aug 26, 2011

  happywheels.biz/happy-wheels-w…",unknown_date,social_post
4705510,"site:x.com ""Happy Wheels""",social,4,tavily,basic,14,https://x.com/happywheels41,Happy Wheels 4 (@happywheels41) / X,"Nov 3, 2015

  #happy\_wheels\_4, #happy\_wheels, #happy\_wheels\_game Play game Happy wheels 4 online: happywheels4game.com [...] Apr 28, 2016

  Check out my new blog post - goo.gl/xU0KuC
 @happywheels41

  Happy Wheels 4

  @happywheels41

  Apr 28, 2016

  I've just updated my @yola site: happywheels4.yolasite.com Get one yourself yola.com
 @happywheels41

  Happy Wheels 4

  @happywheels41

  Apr 28, 2016

  happywheels4game.com/daredevil.html Tags: #Happy\_Wheels\_4 #Happy\_Wheels #Happy\_Wheels\_game #Happy\_Wheels\_3 #Happy\_Wheels\_2

  
 @happywheels41

  Happy Wheels 4

  @happywheels41

  Nov 3, 2015 [...] Log inSign up

Happy Wheels 4

@happywheels41

# Happy Wheels 4

@happywheels41

Happy Wheels 4 launch continued successful of previous version the game Happy Wheels happywheels4game.com

happywheels4game.com

Joined October 2015

0

Following3

Followers

RepliesRepliesRepostsRepostsMediaMedia

 @happywheels41

  Happy Wheels 4

  @happywheels41

  Apr 28, 2016

  Daredevil | @scoopit sco.lt/6PuJ6H
 @happywheels41

  Happy Wheels 4

  @happywheels41

  Apr 28, 2016",unknown_date,social_post
4705510,"site: ""Happy Wheels""",social,4,tavily,basic,15,https://happywheels.fandom.com/wiki/Happy_Wheels_Wiki,Happy Wheels Wiki | Fandom,"Happy Wheels is a ragdoll-physics-adventure based Flash game created by Jim Bonacci and launched in June of 2010. Players control a selection of various, unique characters with their goal being to get to the finish line, activate a trigger that triggers victory, or collect a required amount of tokens while avoiding being splattered across the level by many hazards and obstacles. Users may create and share their own custom scenarios using the expansive level editor, play some of the over 10 [...] The demo version of Happy Wheels has been available on many sites including Newgrounds and OneMoreLevel, but you can only play the full version of the game at Total Jerkface (Jim Bonacci's website) since June of 2010. The mobile app was released for iOS devices on August 19th, 2015, and for Android on January 25th, 2020. On December 28th 2020, a JavaScript remake ""Happy Wheels (JavaScript Remake)"") was uploaded on the Total Jerkface website. Jim Bonacci has also been working on a Sequel, but it [...] Wheels logo, also available as a purchasable .   The Happy Wheels logo, also available as a purchasable t-shirt.    Happy Wheels is a ragdoll-physics-adventure based Flash game created by Jim Bonacci and launched in June of 2010. Players control a selection of various, unique characters with their goal being to get to the finish line, activate a trigger that triggers victory, or collect a required amount of tokens while avoiding being splattered across the level by many hazards and obstacles.",unknown_date,social_post
4705510,"site: ""Happy Wheels""",social,4,tavily,basic,15,https://play.google.com/store/apps/details?id=com.fancyforce.happywheels&hl=en_US,Happy Wheels - Apps on Google Play,"Happy Wheels is a side-scrolling, physics-based, obstacle course game with over a billion plays online and is now available for your mobile devices. Assume the role of your inadequately prepared racer and ignore severe consequences in a desperate search for victory.  
  
Now play as Effective Shopper on an electric shopping cart, Wheelchair Guy on a jet-powered wheelchair, Irresponsible Dad and his son on a bicycle, or as Business Guy on a personal transporter.  
  
Features: [...] Happy Wheels is an intense, side-scrolling, physics-based, obstacle course game.

Updated on

Dec 12, 2025

Available on

Android, Windows\

Racing

Stunt driving

Casual

Single player

Stylized

Vehicles

Bicycle

Offline

\Powered by Intel® technology

## Data safety

arrow\_forward [...] Icon image

Icon image

# Happy Wheels

James Bonacci

Contains adsIn-app purchases

4.2star

372K reviews

Content rating

Rated for 16+

Google Play Games on PC is required to install this game on Windows. By downloading the app and the game, you agree to the Google Terms of Service and Google Play Terms of Service. Learn more.

Content rating

Rated for 16+

Strong Violence

In-Game Purchases

Learn more

## About this game",unknown_date,social_post
4705510,"site: ""Happy Wheels""",social,4,tavily,basic,15,https://www.crazygames.com/game/happy-wheels,Happy Wheels 🛞 Play on CrazyGames,"31Flash

152

Happy Wheels is a side-scrolling ragdoll physics game. Navigate through the levels using one of several unique characters without being torn limb from limb. Sound easy? Think again. Happy Wheels was one of the earliest browser games to utilize wacky ragdoll physics as a key element of the game.

## How to Play Happy Wheels [...] Happy Wheels emerged in 2010, taking the browser gaming world by storm with its wild mechanics, bizarre characters, and elaborate user-created levels. Still available in its original form today, you can explore the ingenious levels created by players and try out various characters in the game.

### Levels [...] ### Controls

 Arrow keys to move
 Spacebar to shoot or jump
 Ctrl or Shift for secondary actions

## FAQ

### Where can I play Happy Wheels without Flash player?

You can play Happy Wheels on CrazyGames.com without Flash or any additional downloads.

### Do I need to download Happy Wheels to play it?

No, Happy Wheels can be played for free in your web browser.

## Gameplay Video

Apple Store Logo

Play next",unknown_date,social_post
4705510,"site: ""Happy Wheels""",social,4,tavily,basic,15,https://www.fancyforce.com,Home | Play Happy Wheels for free!,"# Play Happy Wheels for free! Online, Android and iOS

# Links

Play in your browser at totaljerkface.com

Download for Android

Download for iOS

Need help with Happy Wheels mobile? Mobile support website

Legacy mobile support website Legacy support website

> Happy Wheels is a game about feelings, by Jim Bonacci.

 Home
 Advertising
 Mobile Support

© 2025 Fancy Force, LLC",unknown_date,social_post
4705510,"site: ""Happy Wheels""",social,4,tavily,basic,15,https://totaljerkface.com,Totaljerkface.com - Home Of Happy Wheels,"Hello pals. I'd like to continue hosting the flash version of Happy Wheels as long as possible. With the loss of certain ad networks, I'm going to try out a few different ad formats on this site as I continue to attempt to regain some of the revenue that went missing. I'll be making a few minor changes here and there to see whatever works best. Nothing should be annoying. This heads up was the main reason for this news post. [...] Hello friends. I probably should have made a news post about this a while ago, but surprises are nice I guess. There has been a javascript version of Happy Wheels in the works since early 2019. It will be out before Flash is murdered by Chrome. Was scheduled for this month actually, but I don't see that happening so immediately. I probably didn't want to tell anyone so nobody would ask me when it will be released. [...] Goodboy Digital are my friends in London responsible for the port of the game, and they have my eternal thanks. This took far more effort than expected, and they even managed to make a custom port of box2d just to maintain all the quirks of the original game. I'd also like to thank site and discord admin Kittenswolf for his help, and everyone else beta testing on discord for the past few months. Thanks to everyone else for still playing Happy Wheels 10 years after its launch, even without",unknown_date,social_post
