appid,query,query_group,query_priority,provider,tavily_search_depth,budget_query_number,url,title,snippet,date_classification,evidence_type
4530370,"""Football Manager 27"" Steam",general,1,tavily,basic,1,https://steamcommunity.com/app/4530370/workshop,Steam Community :: Football Manager 27,"A: FM27 introduces visual changes during a match day that help set a realistic and engrossing scene for the match to unfold. Football fans will know how wintry afternoon games that start in the daylight, but finish in the dark, can add to the spectacle – and a new dynamic time-of-day system captures this. Through the 90 minutes you’ll see the day move forward with lighting changes and realistic shadows on players, stadia and the wider environment. Improvements to the in-game particle system [...] A: Transfer deadline day activity returns as a larger focus for the game, including a redesign of the way agent offers are presented to you. Offers will now be visible and accessible via the Recruitment screen, and they will be present throughout a transfer window, but more will appear on deadline day. A more recognisable and detailed approach to displaying data for players, teams and competitions is also a big focus and will be shown further in upcoming deep dives. [...] In FM27, we’ve enhanced the match day environment to give you the clearest sense of who you’re managing, when, and at what point of the season. That means elevating the crowd, the stadium and the pitch to make every fixture feel like a richer piece of football theatre.

Learn more about the match day atmosphere upgrades you'll soon see in FM27 in the Deep Dive blog [www.footballmanager.com]and check out a list of FAQs related to this update for more details.

FAQ",unknown_date,web_result
4530370,"""Football Manager 27"" Steam",general,1,tavily,basic,1,https://store.steampowered.com/app/4540240/International_Football_Manager_27,International Football Manager 27 on Steam,"International Football Manager 27 proposes a new way to experience football management, where every decision has consequences and every season becomes a unique story. Here you don't just manage a club; you define its identity within a shifting environment, full of nuances and constantly evolving situations.

## More personalities and characters, less predictable [...] \ Starting February 15, 2024, the Steam Client will no longer support 32-bit games or macOS 10.14 or lower.

International Football Manager 27. Published and developed by UPLAY Online© UPLAY Online SL. All rights reserved. International Football Manager 27 is a registered trademark of UPLAY Online. All other copyrights and trademarks are the property of their respective owners. [...] In International Football Manager 27 you can manage national teams and compete in international tournaments. Qualify during the season to participate in the most prestigious summer championships and represent your country's colors against the best national teams in the world.

## Take control of every match

Decide how to follow the matches:",unknown_date,web_result
4530370,"""Football Manager 27"" Steam",general,1,tavily,basic,1,https://store.steampowered.com/app/4530370/Football_Manager_27,Football Manager 27 on Steam,"All Games > Sports Games > Football Manager 27

Community Hub

Football Manager 27

Football Manager 27

Football Manager 27

Developer

Sports Interactive

Publisher

SEGA

Released

Coming soon

Flow from the tactics board to the touchline in FM27, as foundations evolve to deliver greater control, smoother discovery and a richer footballing world to explore.

All Reviews:

No user reviews

Release Date:

Coming soon

Developer:

Sports Interactive

Publisher:

SEGA

Tags [...] See all 20 supported languages

Content

Includes Interactive Elements

In-game purchases, Online interactivity

Title: Football Manager 27  
 Genre: Simulation, Sports, Strategy  

Developer: Sports Interactive

Publisher: SEGA

Franchise: Football Manager

Release Date: Coming soon [...] ## About This Game

Foundations evolve in FM27, delivering firmer ground for your footballing adventure. From the moment your save begins, you’ll discover a cleaner, more intuitive, and easier to navigate experience, with new and returning features enhancing immersion and decision-making.

## A World that goes further",unknown_date,web_result
4530370,"""Football Manager 27"" Steam",general,1,tavily,basic,1,https://www.instant-gaming.com/en/23818-buy-football-manager-27-pc-mac-steam,Buy Football Manager 27 - PC & Mac (Steam) - Europe,"Foundations evolve in FM27, delivering firmer ground for your footballing adventure. From the moment your save begins, you’ll discover a cleaner, more intuitive, and easier to navigate experience, with new and returning features enhancing immersion and decision-making.A World that goes further Familiar ideas and behaviours shape the evolution of an interface with control and discovery at its core. Get what you need and where you’re going more efficiently with fewer clicks, smarter navigation... [...] ## Game features

Single-player  Multi-Player  Steam Achievements  Steam Cloud  Family Sharing  XBOX Controller Support  DualShock Controller Support  DualSense Controller Support  In-App Purchases

## Description

Foundations evolve in FM27, delivering firmer ground for your footballing adventure. From the moment your save begins, you’ll discover a cleaner, more intuitive, and easier to navigate experience, with new and returning features enhancing immersion and decision-making. [...] Read more

| Country Compatibility: | See the list |
 --- |
| Languages: | See the supported languages |
| Installation: | How to activate your game |
| Developer: | Sports Interactive, |
| Publisher: | SEGA, |
| Release date: | 10 November 2026 |
| Genre: | Simulation,  Sports,  Strategy, |
| Recent Steam reviews: | No user reviews |
| All Steam reviews: | No user reviews |",unknown_date,web_result
4530370,"""Football Manager 27"" Steam",general,1,tavily,basic,1,https://www.dlcompare.com/games/100039911/buy-football-manager-27-steam-key,Buy Football Manager 27 Steam PC,"$20.99

Buy Battlefield 6 Battlefield 6

$43.52

Buy 007 First Light 007 First Light

 ### Technical information
 Official website
 Categories : Simulation, Sports Sim, Strategy
 Editor : Sega
 Developer : Sports Interactive
 Release date : November 10, 2026
 System Requirements
 + Minimum
  + OS: Windows 10 or 11 with all updates
  + RAM : 6 GB
  + Storage : 20 GB
  + Recommended
  + OS: Windows 11 with all updates - 64 bit
  + RAM : 12 GB

Rewards [...] K4G $41.00
 Crimson Desert Enhanced

  GAMESEAL $40.31
 Crown Of Hispania

  GameBoost $10.25
 Tattoo Shop Simulator

  Kinguin $3.29
 Diablo 4 Lord of Hatred

  Eneba $30.57
 007 First Light

  GameBoost $43.52
 Graveyard Keeper 2

  GameBoost $16.01
 Valheim

  GAMESEAL $18.88
 Blood of Dawnwalker

  Kinguin $46.90

 New games
 MXGP 26 The Official Game

  Instant Gaming $36.40
 ACE COMBAT 8 WINGS OF THEVE

  LootBar $56.12
 Dynasty Warriors 3 Complete Edition Remastered [...] Kinguin $44.18
 Football Manager 2020

  Football Manager 2020

  GameBoost $31.31

 Also Published By Sega
 Persona 4 Revival

  Persona 4 Revival

  G2A $58.35
 Stranger Than Heaven

  Stranger Than Heaven

  Instant Gaming $60.87
 Yakuza Kiwami 3 & Dark Ties

  Yakuza Kiwami 3 & Dark Ties

  Eneba $15.91
 Yakuza 0 Director's Cut

  Yakuza 0 Director's Cut

  Kinguin $22.21
 Sonic Racing CrossWorlds

  GreenmanGaming $25.20
 SHINOBI Art of Vengeance

  SHINOBI Art of Vengeance",unknown_date,web_result
4530370,"""Football Manager 27"" trailer",general,1,tavily,basic,2,https://www.youtube.com/watch?v=RJjuOptkJ-M,FM27 Is Going Back To What Made Football Manager Great (Football Manager 27 New Features Trailer),"[13:34] Derby clash with your rivals is back in a familiar format. In the same vein, FM27 gives you an enhanced transfer
[13:42] deadline day experience with some key differences. [music] You'll now see that agent offers are visible and active on the recruitment screen throughout the
[13:50] window rather than just appearing on deadline day itself with offers from agents increasing as the deadline gets closer. [music] Finally, there's data. [...] # FM27 Is Going Back To What Made Football Manager Great (Football Manager 27 New Features Trailer)
## Channel: JohnFMTV (verified)
160K subscribers
20 likes

### Description
3,268 views
Posted: 2026-09-26
Football Manager 27 is starting to feel much more like the Football Manager games fans know and love!

In this latest FM27 Feature Deep Dive, we get another look at the new Football Manager 27 interface, player profiles, club screens and the deeper football world coming to the game. [...] After the negative reaction to FM26, it's interesting to see FM27 combining a modern updated interface with more of the familiar Football Manager feel from previous games. The deeper we get into these feature reveals, the more FM27 is beginning to look like a proper evolution of the classic FM experience rather than something completely different.

In this video, I react to the latest Football Manager 27 features and give my thoughts on the direction Sports Interactive is taking the series.",unknown_date,web_result
4530370,"""Football Manager 27"" trailer",general,1,tavily,basic,2,https://www.youtube.com/watch?v=x5FgvowXlSg,Football Manager is BACK! | FM 27 FIRST TRAILER | Football Manager 27 Feature Deep Dive,"[3:57] your next navigational step is always available  and immediately obvious. We've also updated the   names of the main sections of the game to better  reflect your core responsibilities as a football  
[4:07] manager, your squad, tactics, recruitment,  training, and club. In the squad screen,  
[4:14] you'll see your full squad straight away. Tactics  takes you straight to your tactics. Easy and   training takes you straight to your training  and so on. Perfect. We've reduced the number [...] [1:34] I like it. Uh, I like Yeah, I like the skin.  All the names. Love to see it. Logos. All right,  
[1:42] this is not too bad. Shaping menus. The changes  allow you to focus on what's important. More time  
[1:48] spent shaping your story, exploring the wider  game world, and less time spent navigating the   menus. In practical terms, that means all of your  navigation now takes place in the menus at the [...] [9:47] clicks, more gameplay, more relevant information  in each screen, and more ways to shape how you  
[9:54] engage with the game means more control and depth  to your experience. There's even more detail in  
[10:00] our deep dive feature blog, and we'll be answering  your questions about our approach in dedicated   AMAs on Reddit. In our next deep dive, we'll  showcase the new, improved, and returning elements",unknown_date,web_result
4530370,"""Football Manager 27"" trailer",general,1,tavily,basic,2,https://www.fmscout.com/a-football-manager-2027-preview-videos.html,"FM27 Videos: All Official Trailers, Gameplay & Deep Dives | FM Scout","Sports Interactive is showing Football Manager 2027 through a series of deep dive videos before the game comes out on 10 November 2026.  
   
 Here you can watch every official FM27 video in one place. We add each new video on the day it comes out, newest first.  
   
 Last updated: 1 October 2026  
   

|  |

| Football Manager 2027 New Features |

  

### FM27 Official Videos

  

#### 3. Match Day Atmosphere | FM27 Deep Dive [...] 22 September 2026  
 The first look at FM27. All navigation moves to the top menus, the toggle button returns, and messages are colour-coded. It also shows ultrawide support, three scaling modes, custom shortcuts and the new Tactical Effectiveness system.  
  

|  |

| Football Manager 2027 Screenshots |

  

### Coming Next [...] Follow @fmscout
 2768 online

 TotD:
 FM26 Live Editor

 Sign In

On FM Scout you can chat about Football Manager in real time since 2011. Here are 10 reasons to join!

Home › Articles › News ↓

# Football Manager 2027 Preview Videos

Looking for FM27 videos? Watch every official Football Manager 2027 deep dive, trailer and gameplay video released by SI, all in one place.

By Stam on Oct 01, 2026   491 views   0 comments

News - Football Manager 2027 Preview Videos",unknown_date,web_result
4530370,"""Football Manager 27"" trailer",general,1,tavily,basic,2,https://www.footballmanager.com/news/football-manager-27-launches-10-november,Football Manager 27 launches from 10 November | Football Manager 27,"Flow from the tactics board to the touchline in Football Manager 27, launching globally from 10 November and available to wishlist now.

Foundations evolve to deliver greater control, smoother discovery and a deeper, more immersive football world, with new, returning and reimagined features that invite discovery from the moment your save begins. [...] So far, you can learn how smarter navigation and a more intuitive full-screen experience make it easier to get what you need with fewer clicks. Or explore how Cup Draws, Transfer Deadline Day, and an overhauled news feed keep you plugged into the world beyond your club. We've also announced upgrades to the match day experience that make every fixture feel like a richer piece of football theatre, with a lot more feature news still to come.

## Early play information [...] Match day spectacle 

  Experience every fixture as a richer piece of football theatre.
 Deeper, More Immersive World

  Deeper, More Immersive World 

  Get lost in the living, breathing universe that exists beyond your club.
 Clearer interface

  Clearer Interface 

  Get what you need with fewer clicks thanks to smarter navigation.

FMFC

News

The Dugout

Wishlist Now

## Select your language

English

English

Español

Español

Français

Français

Türkçe

Türkçe

Italiano

Italiano",unknown_date,web_result
4530370,"""Football Manager 27"" trailer",general,1,tavily,basic,2,https://store.steampowered.com/app/4530370/Football_Manager_27,Football Manager 27 on Steam,"## About This Game

Foundations evolve in FM27, delivering firmer ground for your footballing adventure. From the moment your save begins, you’ll discover a cleaner, more intuitive, and easier to navigate experience, with new and returning features enhancing immersion and decision-making.

## A World that goes further [...] See all 20 supported languages

Content

Includes Interactive Elements

In-game purchases, Online interactivity

Title: Football Manager 27  
 Genre: Simulation, Sports, Strategy  

Developer: Sports Interactive

Publisher: SEGA

Franchise: Football Manager

Release Date: Coming soon [...] All Games > Sports Games > Football Manager 27

Community Hub

Football Manager 27

Football Manager 27

Football Manager 27

Developer

Sports Interactive

Publisher

SEGA

Released

Coming soon

Flow from the tactics board to the touchline in FM27, as foundations evolve to deliver greater control, smoother discovery and a richer footballing world to explore.

All Reviews:

No user reviews

Release Date:

Coming soon

Developer:

Sports Interactive

Publisher:

SEGA

Tags",unknown_date,web_result
4530370,"""Football Manager 27"" gameplay",general,1,tavily,basic,3,https://www.youtube.com/watch?v=x5FgvowXlSg,Football Manager is BACK! | FM 27 FIRST TRAILER | Football Manager 27 Feature Deep Dive,"[9:47] clicks, more gameplay, more relevant information  in each screen, and more ways to shape how you  
[9:54] engage with the game means more control and depth  to your experience. There's even more detail in  
[10:00] our deep dive feature blog, and we'll be answering  your questions about our approach in dedicated   AMAs on Reddit. In our next deep dive, we'll  showcase the new, improved, and returning elements [...] [3:57] your next navigational step is always available  and immediately obvious. We've also updated the   names of the main sections of the game to better  reflect your core responsibilities as a football  
[4:07] manager, your squad, tactics, recruitment,  training, and club. In the squad screen,  
[4:14] you'll see your full squad straight away. Tactics  takes you straight to your tactics. Easy and   training takes you straight to your training  and so on. Perfect. We've reduced the number [...] [8:29] other key aspects. We've added the ability for you  to swap some of the tiles you see on the screen.   You'll see here in the portal, as well as various  other game screens, drop downs you can click on to  
[8:39] replace a tile with another of the same size,  allowing you to tailor the information you   see based on your gameplay preferences. This will  apply in the match UI, too, and you'll see more of",unknown_date,web_result
4530370,"""Football Manager 27"" gameplay",general,1,tavily,basic,3,https://www.footballmanager.com/fm27/features/deeper-more-immersive-world,"FM27: A Deeper, More Immersive Football World","Cup Draws are back in a familiar format, starting with a message that takes you into a draw flow with a host. Within this you’ve got options to draw the next team, draw everyone and increase the speed of the automatic draw functionality. Rather than your next assignment now coming to you in a message, you’ll once again get that feeling of seeing your team’s name come out of the proverbial hat – whether it’s to play your local rivals or to take on a possible giant-killing. [...] After hitting Continue, instead of returning to the News feed each time, you’ll be taken to different key game areas, making the save feel more dynamic and encouraging you to explore new information and stories. You can also customise this experience during the game setup, with options to define how you cycle through messages and how often you land in a different space after continuing. This allows you to either streamline or deepen the experience to your preference. [...] From major screen redesigns and the evolution of news content to returning elements like Cup Draws and Transfer Deadline Day, FM27 delivers greater depth and immersion from day one in the dugout.

Your game world will feel bigger and more alive, with your decisions and explorations feeling more consequential to what’s happening around you.",unknown_date,web_result
4530370,"""Football Manager 27"" gameplay",general,1,tavily,basic,3,https://www.youtube.com/watch?v=aHkhiHBrTqc,Let's Play Pro Soccer Manager 27 | First Look,"[3:09] Let's go and start the game then and see what it entails. So, very similar to previous FMS prior to 26, you've got the
[3:17] opportunity to mix your attributes and your talents between mental and tactical sides. I've gone more to the mental side because I'd more be a manager than a coach. I always start with the lowest [...] [7:25] Oh, that Jacob Brown. He's earning six times everyone else. Pretty remarkable.
[7:29] You can change the positions there. Move them out and in the starting 11. And if you click on the profile, you're met
[7:36] with this. So, still very similar in terms of the way the roles are set out, you can see all of the ones in green
[7:45] that they can play, whether they're best there or not. They do also seem to be a lot more versatile in this game compared to normal. I mean, Shandon Baptist is [...] [21:12] However, if we go back to the inbox, it's very weird to separate these two because you've got all this weird underground stuff going on. And then in
[21:20] your inbox here, it's just a very normal football management game. Very similar screens to what you would see in FM with the board and fan expectation for the
[21:28] the results. You've got the fitness test. You've got the match preview, squad selection suggestion, training report is even almost identical. Like",unknown_date,web_result
4530370,"""Football Manager 27"" gameplay",general,1,tavily,basic,3,https://www.fmscout.com/a-football-manager-2027-preview-videos.html,"FM27 Videos: All Official Trailers, Gameplay & Deep Dives | FM Scout","22 September 2026  
 The first look at FM27. All navigation moves to the top menus, the toggle button returns, and messages are colour-coded. It also shows ultrawide support, three scaling modes, custom shortcuts and the new Tactical Effectiveness system.  
  

|  |

| Football Manager 2027 Screenshots |

  

### Coming Next [...] 30 September 2026  
 New crowds that react to big moments, more stadiums, and a match that can start in daylight and finish under the floodlights. Rain and snow now change how the pitch looks, and players get new body types and hair physics. This video also came with the official release date.  
Read more: FM27 Graphics: Crowds, Stadiums and Weather Get a Big Upgrade  
   

#### 2. A Deeper, More Immersive Football World | FM27 Deep Dive [...] Sports Interactive is showing Football Manager 2027 through a series of deep dive videos before the game comes out on 10 November 2026.  
   
 Here you can watch every official FM27 video in one place. We add each new video on the day it comes out, newest first.  
   
 Last updated: 1 October 2026  
   

|  |

| Football Manager 2027 New Features |

  

### FM27 Official Videos

  

#### 3. Match Day Atmosphere | FM27 Deep Dive",unknown_date,web_result
4530370,"""Football Manager 27"" gameplay",general,1,tavily,basic,3,https://store.steampowered.com/app/4530370/Football_Manager_27,Football Manager 27 on Steam,"## About This Game

Foundations evolve in FM27, delivering firmer ground for your footballing adventure. From the moment your save begins, you’ll discover a cleaner, more intuitive, and easier to navigate experience, with new and returning features enhancing immersion and decision-making.

## A World that goes further",unknown_date,web_result
4530370,"""Football Manager 27"" demo",general,1,tavily,basic,4,https://www.youtube.com/watch?v=IOgBDAvUiU4,Let's Play FOOTBALL DIRECTOR | First Look - FD 27,"[30:22] game that I'd give a go and hopefully it'll be able to stay realistic. It'll be able to keep up the interest with enough inbox messages, enough influences
[30:31] to make things playable and fun for a long-term career. We'll find out the answer to that as time goes on.
[30:36] Obviously, a few little glitches in the early demo with some of the translations not carrying across on certain elements of the screen. Would be nice to have the advance button in more spaces and [...] [1:00] are. We're not going to do too much in terms of going in depth with gameplay because saves don't carry over from the demo. But I wanted to have a look at what the features were and whether it
[1:09] was something we'd be interested in. For a lot of us who are Football Manager fans who like the long-term building aspect, this could be a really interesting game. So, let's go over and
[1:18] take a look at the Football Director demo. [...] [16:40] Sports philosophy bet on youth. Club prioritizes developing young players. That's good. Uh what about at the bottom here?
[16:48] Affordable tickets. If you disable this culture, fan angle will increase by 12. But surely I want that on.
[16:57] Affordable season tickets.
[17:01] You're about to enable affordable season tickets. Of course I am. That's not going to make them unhappy, is it? Let's see what happens. It's only the demo. We",unknown_date,web_result
4530370,"""Football Manager 27"" demo",general,1,tavily,basic,4,https://www.youtube.com/watch?v=x5FgvowXlSg,Football Manager is BACK! | FM 27 FIRST TRAILER | Football Manager 27 Feature Deep Dive,"[9:23] defaulting to the overview, you can change it.  FM27 evolves the design language we introduced  
[9:29] in FM26 combined with ideas and behaviors that  recapture the core navigation and user experience  
[9:36] flow from previous titles. Our goal with these  changes is simple for them to feel efficient,  
[9:42] intuitive, so you can focus on discovery and  exploring the wider footballing world. Less [...] [3:57] your next navigational step is always available  and immediately obvious. We've also updated the   names of the main sections of the game to better  reflect your core responsibilities as a football  
[4:07] manager, your squad, tactics, recruitment,  training, and club. In the squad screen,  
[4:14] you'll see your full squad straight away. Tactics  takes you straight to your tactics. Easy and   training takes you straight to your training  and so on. Perfect. We've reduced the number [...] [1:11] core focus as we've evolved the current design  and navigational features from adaptive layouts  
[1:17] and customizable screens to removing unnecessary  clicks and reshaping menus. The changes allow you  
[1:22] to focus on what's important more click obviously.  Yeah, we'll take a look at the key screens because  
[1:29] yeah, then you might yeah pick out I like Yeah,  the foot the the screen looks very full as well.",unknown_date,web_result
4530370,"""Football Manager 27"" demo",general,1,tavily,basic,4,https://www.fmscout.com/a-fm27-alpha-testing-first-look.html,FM27 Alpha Testing & FirstLook Platform | FM Scout,"|  |

| FM27 Community Update |

  

### Important: Alpha Testing is Not a Demo

It is important to remember that early play testing is very different from a final demo. Testers will see bugs, placeholders, missing features, and unfinished menus.  
   
 Your main job as a tester is to play the game, report bugs, and answer surveys to help make FM27 better ahead of its November release window.  
   

|  |

| FM27 Set for November Release |

  

### How to Register for FM27 Testing [...] ###### Football Manager 2027 Screenshots

#### Follow Us

YouTube

Subscribe to our channel for insightful videos

Facebook Page

Like the most popular FM fansite page

Twitter

Follow the largest fansite

Facebook Group

Join our discussion group

  
official FM26 Steam key

###### FMS Chat–

Stam  
hey, just wanted to let you know that we have a fb style chat for our members. login or sign up to start chatting.

↑ [...] ###### skogr skin free - October 3 update

[![FM26 Data Tweaks [v4.2 | v6.2]](

###### FM26 Data Tweaks [v4.2 | v6.2]](a-fm26-data-tweaks-by-sirtavares.html)

FM26 Transfers & Data Update Packs by TheNotoriousPr0 + FMTU

###### FM26 Transfers & Data Update Packs by TheNotoriousPr0 + FMTU

What we know about Football Manager 2027

###### What we know about Football Manager 2027

Football Manager 2027 New Features

###### Football Manager 2027 New Features

Football Manager 2027 Screenshots",unknown_date,web_result
4530370,"""Football Manager 27"" demo",general,1,tavily,basic,4,https://store.steampowered.com/app/4530370/Football_Manager_27,Football Manager 27 on Steam,"All Games > Sports Games > Football Manager 27

Community Hub

Football Manager 27

Football Manager 27

Football Manager 27

Developer

Sports Interactive

Publisher

SEGA

Released

Coming soon

Flow from the tactics board to the touchline in FM27, as foundations evolve to deliver greater control, smoother discovery and a richer footballing world to explore.

All Reviews:

No user reviews

Release Date:

Coming soon

Developer:

Sports Interactive

Publisher:

SEGA

Tags [...] ## About This Game

Foundations evolve in FM27, delivering firmer ground for your footballing adventure. From the moment your save begins, you’ll discover a cleaner, more intuitive, and easier to navigate experience, with new and returning features enhancing immersion and decision-making.

## A World that goes further [...] See all 20 supported languages

Content

Includes Interactive Elements

In-game purchases, Online interactivity

Title: Football Manager 27  
 Genre: Simulation, Sports, Strategy  

Developer: Sports Interactive

Publisher: SEGA

Franchise: Football Manager

Release Date: Coming soon",unknown_date,web_result
4530370,"""Football Manager 27"" demo",general,1,tavily,basic,4,https://www.youtube.com/watch?v=mzKBI0o5eek,A Deeper Football World | FM27 Feature Deep Dive,"[2:55] game setup flow. [music] Ultimately, this is about giving you more choice. We'll set the starting point, but just as there are new
[3:02] settings allowing you to change where you land in each key screen, it's up for you to determine how you want to play.
[3:09] For FM27, we've reviewed cup draws, transfer deadline day, [music] and made improvements to statistics and
[3:17] data visualization. So, yes, cup draws are returning. That moment of seeing your lower league club draw the [...] [2:37] [music]
[2:38] We've changed the default way the game processes. uh meaning that each time you click continue, you'll land in different game areas. This will increase the depth
[2:46] and breadth [music] of what you see throughout your save in a way that feels familiar with past titles. On top of that, you can now define what type of experience you want to have within the [...] # A Deeper Football World | FM27 Feature Deep Dive
## Channel: Football Manager (verified)
130K subscribers
3.7K likes

### Description
119,723 views
Posted: 2026-09-25
Our latest FM27 deep dive details the returning, reimagined and new features that bring you closer to the living, breathing football universe that exists beyond your club, making every decision feel part of something bigger.",unknown_date,web_result
4530370,"""Football Manager 27"" release date",general,1,tavily,basic,5,https://www.radiotimes.com/technology/gaming/fm27-release-date,"FM27 release date, beta, pre-orders and latest news | Radio Times","Football Manager 27 is scheduled to release on 10 November 2026.

This was confirmed through the game's official channels, with that date being confirmed for PC, Mac, PS5, Xbox Series X/S and mobile players via Netflix.

If you're planning to play on Nintendo Switch 2 or Apple Arcade, you will have to wait until a later date to get the game.

But before we get the full release, there's the little matter of the beta to deal with first…

#### Want to see this content? [...] ❚ We may earn commission from links on this page. Our editorial is always independent (learn more).

# FM27 release date, beta, pre-orders and latest news

Third time's the charm?

Sports Interactive

 Alex Raisbeck

Published: Wednesday, 30 September 2026 at 1:17 pm

Stay ahead of the game! Sign up for our FREE gaming newsletter

 Share on facebook
 Share on twitter
 Share on pinterest
 Share on reddit
 Email to a friend [...] Sports Interactive will likely want to forget the last couple of years, and with the FM27 release date coming up, we do too!

Ad

The switch to the Unity engine hasn't gone to plan thus far, but following months of updates, FM26 has set a strong foundation for this year's game.

But when can we expect FM27 to release, when will the beta be, and what can we look forward to in this year's game?

For everything we know about Football Manager 27 so far, read on!

## FM27 release window",unknown_date,web_result
4530370,"""Football Manager 27"" release date",general,1,tavily,basic,5,https://www.youtube.com/watch?v=Jkv9EzWLHiI,FM27 MOBILE RELEASE DATE CONFIRMED! 🤯 | FM27 Mobile,"FM27 Mobile arrives on November 10th, 2026. Get the latest on the release and gameplay details coming to Netflix.

The release date for FM27 Mobile is confirmed for November 10th, 2026, exclusively via Netflix gaming. We examine the latest FM27 gameplay footage, featuring a match between Manchester United and Burnley, to see how the engine handles key moments like yellow cards and missed chances. [...] [0:25] On November the 10th. So yeah, November 10, we're going to be getting the full game. And for the people who use mod
[0:34] APK, you guys are going to get it the exact same day, I think a few hours later or probably the next day, but I don't know. Those models are pretty fast
[0:42] with um with getting the game to you guys. But also, I was just reading the FM mobile forum
[0:50] and Mark Verrian, hell no. That's hell. Oh, that's that's how we call him. We don't [...] # FM27 MOBILE RELEASE DATE CONFIRMED! 🤯 | FM27 Mobile
## Channel: 7avage
5.59K subscribers
N/A likes

### Description
4,326 views
Posted: 2026-09-30
  / discord  

Join this channel to get access to perks:
   / @7avage-z2j  

When is FM27 Mobile coming out? 😳🔥 In this video, we go over the FM27 Mobile release date, when you can start playing, where FM27 Mobile will be available, and everything you need to know before launch.",unknown_date,web_result
4530370,"""Football Manager 27"" release date",general,1,tavily,basic,5,https://www.footballmanager.com/news/getting-ready-football-manager-27,Getting ready for Football Manager 27 | Football Manager 27,"Be the first to know what's next by following us across social media @FootballManager. Same handle, every platform.

Follow on Instagram   Follow on X   Follow on Facebook   Follow on TikTok   Follow on Youtube

27.08.26

FM Admin

# Getting ready for Football Manager 27

As the final stages of development near on Football Manager 27, we are pleased to confirm that the game will launch in November, with the specific launch date alongside confirmed platforms to follow. [...] Plans for a new community channel were also made known with an official Football Manager Discord server due to go live in September, where players can connect deeper with the Studio in the run up to release and beyond.

More Football Manager 27 details will be shared in the coming weeks. In the meantime, catch the Community video in full and check out a list of FAQs related to this update for more details.

## Latest News

## Get 50% off FM26 across platforms

11.06.2026  - FM Admin [...] Getting ready for Football Manager 27

In a new video led by Community Manager, Chris Groves, we revealed that a series of feature deep dives and first looks at gameplay will roll out from September.

Around what players can expect from FM27, Chris shared that “We’re evolving the current design whilst restoring ideas and behaviours you (our players) value and that worked well in previous editions.”",unknown_date,web_result
4530370,"""Football Manager 27"" release date",general,1,tavily,basic,5,https://www.youtube.com/watch?v=oh9zdU7zQgc,FM27 NEW FEATURES REVEALED! (And Official Release Date),"# FM27 NEW FEATURES REVEALED! (And Official Release Date)
## Channel: FM Scout (verified)
215K subscribers
270 likes

### Description
23,332 views
Posted: 2026-09-30
FM27 is coming, and Jake looks at the the new FM27 FEATURES that have been revealed - and the Official Release Date too for the new football manager game!

👍 Like the video? Let's get 1000 likes and subscribe for more! [...] Football Manager videos you can learn something from. FM Tips & tricks, gameplay, wonderkids, tactic replications & tests, how-to tutorials, experiments & more. The only strictly educational FM channel. Daily Football Manager uploads!

FMSCOUT is the finest Football Manager community. Home of exclusive FM tools & the Scouting Platform. Your #1 source for wonderkids, tactics, tips, player reviews, guides & more.

#FM27 #FootballManager27  #FootballManager [...] Be sure to follow Jake's own channel and Twitter - See his Rebuilds here!
▶ Jake's channel ➜    / jakecooperfm  
▶ Jake's Twitter ➜   / jakecooperfm  

SUBSCRIBE TO OUR CHANNEL (it's FREE)
❤️ To get notified of our new videos, click ➜ 
🔔 Then hit the bell icon and select 'All' to not miss anything

🔗 FOLLOW FMSCOUT
Site → 
Twitter →   / fmscout  
Facebook →   / fmscout  
Discord →   / discord",unknown_date,web_result
4530370,"""Football Manager 27"" release date",general,1,tavily,basic,5,https://www.footballmanager.com,Football Manager 27 | Out November,"11.06.2026

Football Manager team up with FIFAe to launch Curaçao Challenge for FIFA World Cup 2026™

## Football Manager team up with FIFAe to launch Curaçao Challenge for FIFA World Cup 2026™

09.06.2026

Football Manager expands licensing agreement with DFB

## Football Manager expands licensing agreement with DFB

05.06.2026

More News

A background image for FM A background image for FM

logo for FM light logo for FM dark

## Join The Squad. Get Rewarded. [...] Sign up to FMFC and get FM27 news delivered straight to your inbox, as well as exclusive prize draws and member-only giveaways.

Join The Squad

## Unparalleled Authenticity

Immerse yourself in an authentic gameplay experience featuring the world’s biggest leagues and iconic competitions.

## Latest From FM

More News

Getting ready for Football Manager 27

## Getting ready for Football Manager 27

27.08.2026

Get 50% off FM26 across platforms

## Get 50% off FM26 across platforms

11.06.2026 [...] Be the first to know what's next by following us across social media @FootballManager. Same handle, every platform.

Follow on Instagram   Follow on X   Follow on Facebook   Follow on TikTok   Follow on Youtube

en         

# FM27 Out November

Greater control. Smoother discovery. Find out how FM27 brings you closer to the living, breathing football universe that exists beyond your club.

Watch Video  Explore Blog

 

# What's New In FM27?",unknown_date,web_result
4530370,"""Football Manager 27"" announcement",general,1,tavily,basic,6,https://www.footballmanager.com/news/football-manager-27-launches-10-november,Football Manager 27 launches from 10 November | Football Manager 27,"Flow from the tactics board to the touchline in Football Manager 27, launching globally from 10 November and available to wishlist now.

Foundations evolve to deliver greater control, smoother discovery and a deeper, more immersive football world, with new, returning and reimagined features that invite discovery from the moment your save begins. [...] You can wishlist FM27 on Steam, Epic Games or the Microsoft Store and get notified when it's time to play.

A Launch Preview version of FM27 will be available to play 1-2 weeks before the street date, with further information on that plus digital pre-purchase and discount incentives to follow.

There’ll be more announcements ahead of release, so join FMFC or follow our community channels to stay up to date.

## Latest News

## Getting ready for Football Manager 27

27.08.2026  - FM Admin [...] So far, you can learn how smarter navigation and a more intuitive full-screen experience make it easier to get what you need with fewer clicks. Or explore how Cup Draws, Transfer Deadline Day, and an overhauled news feed keep you plugged into the world beyond your club. We've also announced upgrades to the match day experience that make every fixture feel like a richer piece of football theatre, with a lot more feature news still to come.

## Early play information",unknown_date,web_result
4530370,"""Football Manager 27"" announcement",general,1,tavily,basic,6,https://www.footballmanager.com,Football Manager 27 | Out November,"11.06.2026

Football Manager team up with FIFAe to launch Curaçao Challenge for FIFA World Cup 2026™

## Football Manager team up with FIFAe to launch Curaçao Challenge for FIFA World Cup 2026™

09.06.2026

Football Manager expands licensing agreement with DFB

## Football Manager expands licensing agreement with DFB

05.06.2026

More News

A background image for FM A background image for FM

logo for FM light logo for FM dark

## Join The Squad. Get Rewarded. [...] Sign up to FMFC and get FM27 news delivered straight to your inbox, as well as exclusive prize draws and member-only giveaways.

Join The Squad

## Unparalleled Authenticity

Immerse yourself in an authentic gameplay experience featuring the world’s biggest leagues and iconic competitions.

## Latest From FM

More News

Getting ready for Football Manager 27

## Getting ready for Football Manager 27

27.08.2026

Get 50% off FM26 across platforms

## Get 50% off FM26 across platforms

11.06.2026",unknown_date,web_result
4530370,"""Football Manager 27"" announcement",general,1,tavily,basic,6,https://www.footballmanager.com/fm27/features/deeper-more-immersive-world,"FM27: A Deeper, More Immersive Football World","Transfer deadline day activity returns as a larger focus for the game, including a redesign of the way agent offers are presented to you. Offers will now be visible and accessible via the Recruitment screen, and they will be present throughout a transfer window, but more will appear on deadline day. A more recognisable and detailed approach to displaying data for players, teams and competitions is also a big focus and will be shown further in upcoming deep dives. [...] In tandem with navigation improvements that make exploring the football world easier, for FM27 we needed to elevate your curiosity levels with more relevant and dynamic content to spark greater interest in what’s happening beyond the confines of your club.

The return of Cup Draws and Transfer Deadline Day elevate every season’s big moments, ups and downs further, while giving you additional power in how you flow through the game creates a more connected experience every time you move forward. [...] ## More control over what you see - and how often you see it

Beyond those game features that connect you to the wider world are the things you stumble upon as you progress through your save.

This behaviour and invitation to discovery has been restored in FM27 with changes to the way the game processes. Now, when you click continue, you’ll now regularly land in different game areas outside of your Portal, thereby increasing the depth and breadth of the screens and information you see.",unknown_date,web_result
4530370,"""Football Manager 27"" announcement",general,1,tavily,basic,6,https://store.steampowered.com/app/4530370/Football_Manager_27,Football Manager 27 on Steam,"All Games > Sports Games > Football Manager 27

Community Hub

Football Manager 27

Football Manager 27

Football Manager 27

Developer

Sports Interactive

Publisher

SEGA

Released

Coming soon

Flow from the tactics board to the touchline in FM27, as foundations evolve to deliver greater control, smoother discovery and a richer footballing world to explore.

All Reviews:

No user reviews

Release Date:

Coming soon

Developer:

Sports Interactive

Publisher:

SEGA

Tags [...] See all 20 supported languages

Content

Includes Interactive Elements

In-game purchases, Online interactivity

Title: Football Manager 27  
 Genre: Simulation, Sports, Strategy  

Developer: Sports Interactive

Publisher: SEGA

Franchise: Football Manager

Release Date: Coming soon [...] ## About This Game

Foundations evolve in FM27, delivering firmer ground for your footballing adventure. From the moment your save begins, you’ll discover a cleaner, more intuitive, and easier to navigate experience, with new and returning features enhancing immersion and decision-making.

## A World that goes further",unknown_date,web_result
4530370,"""Football Manager 27"" announcement",general,1,tavily,basic,6,https://www.youtube.com/watch?v=oh9zdU7zQgc,FM27 NEW FEATURES REVEALED! (And Official Release Date),"# FM27 NEW FEATURES REVEALED! (And Official Release Date)
## Channel: FM Scout (verified)
215K subscribers
270 likes

### Description
23,332 views
Posted: 2026-09-30
FM27 is coming, and Jake looks at the the new FM27 FEATURES that have been revealed - and the Official Release Date too for the new football manager game!

👍 Like the video? Let's get 1000 likes and subscribe for more! [...] Football Manager videos you can learn something from. FM Tips & tricks, gameplay, wonderkids, tactic replications & tests, how-to tutorials, experiments & more. The only strictly educational FM channel. Daily Football Manager uploads!

FMSCOUT is the finest Football Manager community. Home of exclusive FM tools & the Scouting Platform. Your #1 source for wonderkids, tactics, tips, player reviews, guides & more.

#FM27 #FootballManager27  #FootballManager",unknown_date,web_result
4530370,"""Football Manager 27"" preview",general,1,tavily,basic,7,https://www.youtube.com/watch?v=x5FgvowXlSg,Football Manager is BACK! | FM 27 FIRST TRAILER | Football Manager 27 Feature Deep Dive,"[3:57] your next navigational step is always available  and immediately obvious. We've also updated the   names of the main sections of the game to better  reflect your core responsibilities as a football  
[4:07] manager, your squad, tactics, recruitment,  training, and club. In the squad screen,  
[4:14] you'll see your full squad straight away. Tactics  takes you straight to your tactics. Easy and   training takes you straight to your training  and so on. Perfect. We've reduced the number [...] [9:23] defaulting to the overview, you can change it.  FM27 evolves the design language we introduced  
[9:29] in FM26 combined with ideas and behaviors that  recapture the core navigation and user experience  
[9:36] flow from previous titles. Our goal with these  changes is simple for them to feel efficient,  
[9:42] intuitive, so you can focus on discovery and  exploring the wider footballing world. Less [...] [9:05] side, if you navigate to the preferences menu,  you'll now see that you've got the ability to edit   the shortcuts to whatever you want them to be.  The preferences menu also contains a setting that  
[9:14] allows you to change where you land when you click  on each of the options in the primary navigation   bar. So, if there's something specific you want to  see first within squad or recruitment, rather than",unknown_date,web_result
4530370,"""Football Manager 27"" preview",general,1,tavily,basic,7,https://www.3addedminutes.com/gaming/football-manager-release-date-news-features-9245199,"Football Manager 27: release date, new features, platforms and everything we know so far","There will no longer be an advanced Beta edition coming out before the full game is released. Instead, this year there will be the new ‘FM27 Launch Preview’. This will be exclusively for PC and Mac players who make a pre-purchase to get access to the almost finished article. It is anticipated this will be closer to the final product than in previous years. A date for this release is yet to be announced, but expect it to be one or two weeks before the full release. [...] Football Manager 27 will be released on 10th November 2026 across all supported platforms - this includes Epic Games, Steam, and the Xbox PC app - Xbox Game Pass Ultimate and PC Game Pass subscribers will also have access. The release also covers FM27 Mobile (via Netflix) and FM Console on both Xbox and PS5. [...] Features such as Transfer Deadline Day and cup draws are back on the menu by popular demand, after being axed FM26. There’s also been a more realistic update with sell-on fees, with clubs now set to up their price if a previous seller inserted the clause into the past deal, while further enhancements have been made regarding squad cost ratio rules, AI shortlists and agent interactions.",unknown_date,web_result
4530370,"""Football Manager 27"" preview",general,1,tavily,basic,7,https://www.footballmanager.com/news/football-manager-27-launches-10-november,Football Manager 27 launches from 10 November | Football Manager 27,"You can wishlist FM27 on Steam, Epic Games or the Microsoft Store and get notified when it's time to play.

A Launch Preview version of FM27 will be available to play 1-2 weeks before the street date, with further information on that plus digital pre-purchase and discount incentives to follow.

There’ll be more announcements ahead of release, so join FMFC or follow our community channels to stay up to date.

## Latest News

## Getting ready for Football Manager 27

27.08.2026  - FM Admin [...] Flow from the tactics board to the touchline in Football Manager 27, launching globally from 10 November and available to wishlist now.

Foundations evolve to deliver greater control, smoother discovery and a deeper, more immersive football world, with new, returning and reimagined features that invite discovery from the moment your save begins. [...] So far, you can learn how smarter navigation and a more intuitive full-screen experience make it easier to get what you need with fewer clicks. Or explore how Cup Draws, Transfer Deadline Day, and an overhauled news feed keep you plugged into the world beyond your club. We've also announced upgrades to the match day experience that make every fixture feel like a richer piece of football theatre, with a lot more feature news still to come.

## Early play information",unknown_date,web_result
4530370,"""Football Manager 27"" preview",general,1,tavily,basic,7,https://www.footballmanager.com/fm27/features/deeper-more-immersive-world,"FM27: A Deeper, More Immersive Football World","From major screen redesigns and the evolution of news content to returning elements like Cup Draws and Transfer Deadline Day, FM27 delivers greater depth and immersion from day one in the dugout.

Your game world will feel bigger and more alive, with your decisions and explorations feeling more consequential to what’s happening around you. [...] Transfer deadline day activity returns as a larger focus for the game, including a redesign of the way agent offers are presented to you. Offers will now be visible and accessible via the Recruitment screen, and they will be present throughout a transfer window, but more will appear on deadline day. A more recognisable and detailed approach to displaying data for players, teams and competitions is also a big focus and will be shown further in upcoming deep dives. [...] Cup Draws are back in a familiar format, starting with a message that takes you into a draw flow with a host. Within this you’ve got options to draw the next team, draw everyone and increase the speed of the automatic draw functionality. Rather than your next assignment now coming to you in a message, you’ll once again get that feeling of seeing your team’s name come out of the proverbial hat – whether it’s to play your local rivals or to take on a possible giant-killing.",unknown_date,web_result
4530370,"""Football Manager 27"" preview",general,1,tavily,basic,7,https://www.fmscout.com/a-football-manager-2027-preview-videos.html,"FM27 Videos: All Official Trailers, Gameplay & Deep Dives | FM Scout","22 September 2026  
 The first look at FM27. All navigation moves to the top menus, the toggle button returns, and messages are colour-coded. It also shows ultrawide support, three scaling modes, custom shortcuts and the new Tactical Effectiveness system.  
  

|  |

| Football Manager 2027 Screenshots |

  

### Coming Next [...] Sports Interactive is showing Football Manager 2027 through a series of deep dive videos before the game comes out on 10 November 2026.  
   
 Here you can watch every official FM27 video in one place. We add each new video on the day it comes out, newest first.  
   
 Last updated: 1 October 2026  
   

|  |

| Football Manager 2027 New Features |

  

### FM27 Official Videos

  

#### 3. Match Day Atmosphere | FM27 Deep Dive [...] Follow @fmscout
 2768 online

 TotD:
 FM26 Live Editor

 Sign In

On FM Scout you can chat about Football Manager in real time since 2011. Here are 10 reasons to join!

Home › Articles › News ↓

# Football Manager 2027 Preview Videos

Looking for FM27 videos? Watch every official Football Manager 2027 deep dive, trailer and gameplay video released by SI, all in one place.

By Stam on Oct 01, 2026   491 views   0 comments

News - Football Manager 2027 Preview Videos",unknown_date,web_result
4530370,"""Football Manager 27"" review",general,1,tavily,basic,8,https://www.youtube.com/watch?v=RJjuOptkJ-M,FM27 Is Going Back To What Made Football Manager Great (Football Manager 27 New Features Trailer),"[11:51] Okay, it just it looks really nice. It looks really nice. Please don't have gamebreaking bugs. Like if it's just
[11:59] like a usual older FM how the game would play out, that would that that would be perfect because it's looking really good, man. I like it. Yes, I'm excited.
[12:11] Improved quick flicks in the second navigation means it's easier to cycle through your own or other squats. [...] [2:11] More connected and more alive with upgrades and returning features that bring you closer to everything happening beyond your club. From your feedback and
[2:19] our internal reviews, we know we needed to make it easier and more enjoyable to explore the wider football world that exists around your team. One of the many
[2:28] changes to help achieve this is enhancing the wider news content within the game. For FM27, we've designed bespoke news content related to each [...] [12:41] Ultimately, this is about giving you more choice. We'll set the starting point, but just as there are new settings allowing you to change where you land in each key screen, it's up for you to determine how you want to play.
[12:52] [music]
[12:53] For FM27, we've reviewed cup draws, transfer deadline, date.
[12:58] Okay, hold on. What's a cup What's the cup draw looking like? Okay. Yeah, a bit of facelift. I like how that's looking where you get a visual represent. Let's",unknown_date,web_result
4530370,"""Football Manager 27"" review",general,1,tavily,basic,8,https://www.footballmanager.com/fm27/features/fm27-clearer-interface-smoother-navigation,FM27 Deep Dive: Navigation Upgrades,"# FM27: Clearer Interface & Smoother Navigation

Elevating game flow and navigation has been at the heart of the work on Football Manager 27’s User Interface and Experience.

Driven by internal reviews and your feedback, FM27 evolves our existing design language while reintroducing familiar behaviours, creating a cleaner, more intuitive experience from the start of every career. [...] For FM27, we’ve refocused them so that their primary use is for information and almost all the navigation you need is in the primary and secondary menus at the top of the screen.

The primary navigation menu has been updated with renamed sections: Portal, Squad, Tactics, Recruitment, Training and Club. Each one better reflects your core responsibilities as a manager, while reducing the number of steps needed to reach the information and actions you use most. [...] Yes. FM27 includes ultrawide monitor support, which appears immediately once you load into the game when using a relevant monitor. Additionally, tables with large amounts of columns and information will rescale to show as much information as possible on ultrawide screens. Including the default option, there are three different scaling modes, available from Preferences, that allow you to load different amounts of information onto the screen, so you can maximise the space available to you.",unknown_date,web_result
4530370,"""Football Manager 27"" review",general,1,tavily,basic,8,https://store.steampowered.com/app/4530370/Football_Manager_27,Football Manager 27 on Steam,"All Games > Sports Games > Football Manager 27

Community Hub

Football Manager 27

Football Manager 27

Football Manager 27

Developer

Sports Interactive

Publisher

SEGA

Released

Coming soon

Flow from the tactics board to the touchline in FM27, as foundations evolve to deliver greater control, smoother discovery and a richer footballing world to explore.

All Reviews:

No user reviews

Release Date:

Coming soon

Developer:

Sports Interactive

Publisher:

SEGA

Tags [...] ## About This Game

Foundations evolve in FM27, delivering firmer ground for your footballing adventure. From the moment your save begins, you’ll discover a cleaner, more intuitive, and easier to navigate experience, with new and returning features enhancing immersion and decision-making.

## A World that goes further [...] See all 20 supported languages

Content

Includes Interactive Elements

In-game purchases, Online interactivity

Title: Football Manager 27  
 Genre: Simulation, Sports, Strategy  

Developer: Sports Interactive

Publisher: SEGA

Franchise: Football Manager

Release Date: Coming soon",unknown_date,web_result
4530370,"""Football Manager 27"" review",general,1,tavily,basic,8,https://www.youtube.com/watch?v=_ddYrGi3l88,FM27 - THE GAME WE WANTED IS FINALLY HERE?!? - LIVE REACTION,"[9:18] It does the job. It does the job, but it as a as a draw as a graphic for the draw.
[9:23] He's back in a smooch underwhelming.
[9:26] In the same vein, FM27 gives you an enhanced transfer deadline day experience with some Oh, that's just got the timing on. Okay.
[9:34] Key differences, you'll now see that agent offers are visible and active on the recruitment screen throughout the window rather than just appearing on [...] [12:49] these are all must have. These are all majorly good improvements just to the way we play the game and the navigation aspect and the overall look and feel and
[12:58] immersion as they said of the game. All good. But there are certain things to get my hype to a 10.
[13:08] I need to see drastic changes from the AI, like massive improvements to how AI manages [...] [0:55] In this deep dive, we go beyond the touchline and into a football world that will feel deeper, more connected, and more alive with upgrades and returning fe.
[1:04] It does look so much cleaner, doesn't it? I don't know if it's just because it's all boxed off a bit more.
[1:10] That bring you closer to everything happening beyond your Again, I'm not going to stop on every frame here and go through it, but if you see stuff, talk about it.",unknown_date,web_result
4530370,"""Football Manager 27"" review",general,1,tavily,basic,8,https://steamcommunity.com/app/3551340/discussions/0/670600125430811116,Recommend or Wait for FM27 :: Football Manager 26 General Discussions,"#2

 

I'm enjoying it, the match engine is great. Its not a perfect game at all but the patch today was huge in terms of bug fixes and its only going to get better.  
Its cool to piss on it right now and those people won't see the good because they dont like change...or refuse to use keyboard short cuts to get to screens they cant find or use the brilliant search function.

#3 [...] There's a reason this is the worst game ever in the Football Manager series, and I'm not the one saying it; it's the over 10,000 (out of 13,000) negative reviews currently available on Steam. If you're a masochist, buy it and regret it. [...] maybe to help you decide I would try to be objective: Matche Engine and Tactis improved in the general opinion, but be aware that also it feels not very immersive for most oeople and basically no data analysis no stats no customisable experience, no heatmaps, no pasmaps no dribbling maps...My personal opinion I bought and did not refund it, I try to enjoy it but I don't at the moment... I would wait if I were you because I think it has potential but it depends on what they do with the potential",unknown_date,web_result
4530370,"""Football Manager 27"" publisher",general,1,tavily,basic,9,https://www.threads.com/@videogames4news/post/Dd8E5jUnwnO/football-manager-for-pc-steam-epic-games-store-microsoft-store-football-manager,"Football Manager 27 for PC (Steam, Epic Games Store, Microsoft Store), Football Manager 27 Console for PlayStation 5 and Xbox Series, and Football Manager 27 Mobile for iOS and Android (via Netflix) will launch on November 10, publisher SEGA and developer Sports Interactive announced. It will also be available via Game Pass. Source: Gematsu","Source: Gematsu

3

Log in or sign up for ThreadsSee what people are talking about and join the conversation.
Log in with username instead [...] Home

New thread

Search

Messages

Activity

Profile

Insights

Log in

More

# Thread

256 views

videogames4news's profile picture

videogames4news

Football Manager 27 for PC (Steam, Epic Games Store, Microsoft Store), Football Manager 27 Console for PlayStation 5 and Xbox Series, and Football Manager 27 Mobile for iOS and Android (via Netflix) will launch on November 10, publisher SEGA and developer Sports Interactive announced. It will also be available via Game Pass.

Source: Gematsu

3",unknown_date,web_result
4530370,"""Football Manager 27"" publisher",general,1,tavily,basic,9,https://store.steampowered.com/app/4530370/Football_Manager_27,Football Manager 27 on Steam,"All Games > Sports Games > Football Manager 27

Community Hub

Football Manager 27

Football Manager 27

Football Manager 27

Developer

Sports Interactive

Publisher

SEGA

Released

Coming soon

Flow from the tactics board to the touchline in FM27, as foundations evolve to deliver greater control, smoother discovery and a richer footballing world to explore.

All Reviews:

No user reviews

Release Date:

Coming soon

Developer:

Sports Interactive

Publisher:

SEGA

Tags [...] See all 20 supported languages

Content

Includes Interactive Elements

In-game purchases, Online interactivity

Title: Football Manager 27  
 Genre: Simulation, Sports, Strategy  

Developer: Sports Interactive

Publisher: SEGA

Franchise: Football Manager

Release Date: Coming soon [...] SEGA

Tags

Popular user-defined tags for this product:

Simulation  Sports  Strategy  eSports  Strategy RPG  Immersive Sim  Real Time Tactics  Tactical RPG  2D  3D  Football (Soccer)  Management  Character Customization  Choices Matter  PvE  Text-Based  Multiplayer  Singleplayer 

+

Reviews

All Reviews:

No user reviews

Sign in to add this item to your wishlist, follow it, or mark it as ignored

)

Features

Single-player

Multi-player

Steam Achievements

Steam Workshop

In-App Purchases",unknown_date,web_result
4530370,"""Football Manager 27"" publisher",general,1,tavily,basic,9,https://en.wikipedia.org/wiki/Football_Manager,Football Manager - Wikipedia,"Football Manager, also known as Worldwide Soccer Manager in North America from 2004 to 2008, also known colloquially as FM, is a series of football management simulation video games developed by British developer Sports Interactive and published by Sega. The game began its life in 1992 as Championship Manager. Following the break-up of their partnership with original publishers Eidos Interactive, triggered by the fiasco release of Championship Manager 4 in 2003, Sports Interactive lost the [...] Football Manager celebrated its twentieth birthday in the summer of 2012. To celebrate this milestone, Back Page Press released a book including interviews with the creators and players that became legends in-game. Another part of the book included stories about how the game has taken over one's life. In November 2012, Azerbaijani student Vugar Huseynzade was promoted to manager of FC Baku's reserve team based on his success in Football Manager. In 2013, stand-up comedian Tony Jameson performed [...] | Genre | Sports management |
| Developer | Sports Interactive |
| Publisher | Sega |
| Platforms | Microsoft Windows, macOS, Linux, iOS, Android ""Android (operating system)""), PlayStation Portable, PlayStation Vita, Nintendo Switch, Xbox 360, Stadia, Xbox One, Xbox Series X, Xbox Series S, PlayStation 5, Netflix |
| First release | Football Manager 2005 5 November 2004 |
| Latest release | Football Manager 26 4 November 2025 |",unknown_date,web_result
4530370,"""Football Manager 27"" publisher",general,1,tavily,basic,9,https://www.radiotimes.com/technology/gaming/fm27-release-date-confirmed-newsupdate,"FM27 release date is confirmed, but some players will have to wait | Radio Times","#### Want to see this content?

This page contains content provided by Google reCAPTCHA. We ask for your permission before anything is loaded, as Google reCAPTCHA may use cookies and other technologies. To view this content, choose 'Accept and continue' to allow Google reCAPTCHA and its required purposes.

In the announcement, Sports Interactive also promised that FM27 will deliver ""greater control, smoother discovery and a more enticing football world"". [...] As the 10 November release date for FM27 nears, we'll be sure to keep you updated with all things FM27. Sports Interactive has also promised a preview version that will launch a couple of weeks before. Until then, watch this space! And you can watch the latest deep dive below.

#### Want to see this content? [...] ❚ We may earn commission from links on this page. Our editorial is always independent (learn more).

# Football Manager 27 release date confirmed, but some players will have to wait

Ready to go again?

Sports Interactive

 Rob Leane

Published: Wednesday, 30 September 2026 at 2:28 pm

Stay ahead of the game! Sign up for our FREE gaming newsletter

 Share on facebook
 Share on twitter
 Share on pinterest
 Share on reddit
 Email to a friend",unknown_date,web_result
4530370,"""Football Manager 27"" publisher",general,1,tavily,basic,9,https://www.youtube.com/watch?v=x5FgvowXlSg,Football Manager is BACK! | FM 27 FIRST TRAILER | Football Manager 27 Feature Deep Dive,"[0:49] Follow also on this channel. I've made Football  Manager videos for so long now, over 10 years. So,  
[0:55] yeah, definitely excited for the new game. Hello,  I'm Remy. I'm the associate game director for  
[1:00] Sports Interactive. And I'm an senior features  manager at Sports Interactive. Today, we're diving   into the user experience and interface. Elevating  your experience and the flow of FM has been the [...] [9:23] defaulting to the overview, you can change it.  FM27 evolves the design language we introduced  
[9:29] in FM26 combined with ideas and behaviors that  recapture the core navigation and user experience  
[9:36] flow from previous titles. Our goal with these  changes is simple for them to feel efficient,  
[9:42] intuitive, so you can focus on discovery and  exploring the wider footballing world. Less",unknown_date,web_result
4530370,"""Football Manager 27"" developer",general,1,tavily,basic,10,https://store.steampowered.com/app/4530370/Football_Manager_27,Football Manager 27 on Steam,"All Games > Sports Games > Football Manager 27

Community Hub

Football Manager 27

Football Manager 27

Football Manager 27

Developer

Sports Interactive

Publisher

SEGA

Released

Coming soon

Flow from the tactics board to the touchline in FM27, as foundations evolve to deliver greater control, smoother discovery and a richer footballing world to explore.

All Reviews:

No user reviews

Release Date:

Coming soon

Developer:

Sports Interactive

Publisher:

SEGA

Tags [...] See all 20 supported languages

Content

Includes Interactive Elements

In-game purchases, Online interactivity

Title: Football Manager 27  
 Genre: Simulation, Sports, Strategy  

Developer: Sports Interactive

Publisher: SEGA

Franchise: Football Manager

Release Date: Coming soon [...] SEGA

Tags

Popular user-defined tags for this product:

Simulation  Sports  Strategy  eSports  Strategy RPG  Immersive Sim  Real Time Tactics  Tactical RPG  2D  3D  Football (Soccer)  Management  Character Customization  Choices Matter  PvE  Text-Based  Multiplayer  Singleplayer 

+

Reviews

All Reviews:

No user reviews

Sign in to add this item to your wishlist, follow it, or mark it as ignored

)

Features

Single-player

Multi-player

Steam Achievements

Steam Workshop

In-App Purchases",unknown_date,web_result
4530370,"""Football Manager 27"" developer",general,1,tavily,basic,10,https://www.footballmanager.com/fm27/features/fm27-clearer-interface-smoother-navigation,FM27 Deep Dive: Navigation Upgrades,"The footage shown is from a development build of the game, meaning polish and optimisation will continue to take place before launch. While the layout and direction of the interface will be largely unchanged in the launch version of FM27, final work is ongoing to ensure this is optimised in both its look and feel. This build contains information that is still under approval process by right holders and may contain data that does not, at this time, accurately reflect real world data. [...] # FM27: Clearer Interface & Smoother Navigation

Elevating game flow and navigation has been at the heart of the work on Football Manager 27’s User Interface and Experience.

Driven by internal reviews and your feedback, FM27 evolves our existing design language while reintroducing familiar behaviours, creating a cleaner, more intuitive experience from the start of every career. [...] This tile swapping system has also been introduced in the Match Day Interface, which you’ll see more of in our Match Engine deep dives, and is the start of a longer-term project on screen customisation.

FM27 evolves the design language we introduced in FM26 combined with ideas and behaviours that recapture the core navigation and user experience flow from previous titles.",unknown_date,web_result
4530370,"""Football Manager 27"" developer",general,1,tavily,basic,10,https://www.sportsgamersonline.com/games/soccer/fm27-is-almost-done-developers-tease-details-coming-soon,"FM27 Is Almost Done, Developers Tease Details Coming Soon | Sports Gamers Online","Join SGO
 Meet Our Team
 Review Policy

Saturday, October 3, 2026

Sports Gamers Online

 News
 Features
 Guides
 Reviews
 Previews
 Esports

No Result

View All Result

Sports Gamers Online

 News
 Features
 Guides
 Reviews
 Previews
 Esports

PATREON

No Result

View All Result

Sports Gamers Online

No Result

View All Result

 News
 Features
 Guides
 Reviews
 Previews
 Esports

Home » Games » Soccer » FM27 Is Almost Done, Developers Tease Details Coming Soon



© 2014-2022 SGO Entertainment [...] News
 Features
 Guides
 Reviews
 Previews
 Esports

© 2014-2022 SGO Entertainment",unknown_date,web_result
4530370,"""Football Manager 27"" developer",general,1,tavily,basic,10,https://www.youtube.com/watch?v=mzKBI0o5eek,A Deeper Football World | FM27 Feature Deep Dive,"[1:04] For each of these areas, we task the design team with reviewing the most important narrative aspects. What has happened? What is happening? What will happen next? And who are the key people?
[1:14] So, for the club screens, we were looking to give you a sense of the identity of the club straight away. So you'll immediately see the manager, the top scorer, the highest performing players straight away in the header bar. [...] # A Deeper Football World | FM27 Feature Deep Dive
## Channel: Football Manager (verified)
130K subscribers
3.7K likes

### Description
119,723 views
Posted: 2026-09-25
Our latest FM27 deep dive details the returning, reimagined and new features that bring you closer to the living, breathing football universe that exists beyond your club, making every decision feel part of something bigger. [...] [1:48] have been redesigned to better highlight results, upcoming fixtures, key people, as well as dynamic aspects like team of
[1:56] the week stats and transfers. You will also see an uplift in the new competitions hub screen, [music] which offers a snapshot of what's going
[2:04] on in the various leagues and competitions you have loaded in your save. Our approach to player profiles",unknown_date,web_result
4530370,"""Football Manager 27"" developer",general,1,tavily,basic,10,https://www.reddit.com/r/footballmanagergames/comments/1wh6z6u/what_do_you_realistically_expect_of_fm27,What do you realistically expect of FM27?,"Review-wise, feature-wise?

I’m getting twitchy feet wanting to play an FM game again after so long. I passed on 26 after the hoo-har of that whole saga.",unknown_date,reddit_discussion
4530370,"site:reddit.com ""Football Manager 27""",social,3,tavily,basic,11,https://www.reddit.com/r/footballmanager/comments/1utnmjn/when_are_we_getting_football_manager_27_news,When are we getting Football Manager 27 news? 😔,# When are we getting Football Manager 27 news? ## Post details. ## Content. ## Top Comments. - Dont care what people say people hate fm 26 people love it same as every game ever made ill enjoy fm 27 with the people that also love it. - They should spend another year working on 26 before releasing the next one. As it's still broken. - probably a week before it's expected to release to tell us that it's cancelled. - Still on FM24 need a change. - September like it is every year. - Probably when they fix 26 .. that will be in 3 years from now. - We dont even know IF there will be an FM27 yet bro 😭. - Better question is are we finally going to see that big drop in sales after the disaster that was FM26.,unknown_date,reddit_discussion
4530370,"site:reddit.com ""Football Manager 27""",social,3,tavily,basic,11,https://www.reddit.com/r/footballmanagergames/comments/54xvrj/anyone_read_football_manager_stole_my_life,Anyone read Football Manager Stole My Life? : r/footballmanagergames,"Title: Anyone read Football Manager Stole My Life? : r/footballmanagergames
Skip to main contentAnyone read Football Manager Stole My Life? Open menu Open navigationGo to Reddit Home. Sign UpSign up for RedditLog InLog in to Reddit. # Anyone read Football Manager Stole My Life? Image 2: u/ClickUp_App avatarClickUp_App•Ad. ClickUp brings your marketing work into one place so your team can move faster. Pretty funny at parts but I couldn't relate to a lot of it since I never played the older games. *   I got robbed of my best Football Manager moment in my life.Image 10 r/footballmanagergames•2mo ago    ### I got robbed of my best Football Manager moment in my life. *   Someone’s been playing a bit too much Football ManagerImage 13 r/footballmanagergames•3mo ago    ### Someone’s been playing a bit too much Football Manager  Image 14: r/footballmanagergames - Someone’s been playing a bit too much Football Manager   3.3K upvotes ·231 comments. *   Things you love to see in Football ManagerImage 15 r/footballmanagergames•4mo ago    ### Things you love to see in Football Manager    57 upvotes ·16 comments. Image 16 r/footballmanagergames•5mo ago    ### Football Manager 2026 at its finest! *   Football Manager 26 is starting to become hard (in a good way)Image 20 r/footballmanagergames•6mo ago    ### Football Manager 26 is starting to become hard (in a good way)    72 upvotes ·28 comments. *   What's been your biggest overachievement in Football Manager? Image 25 r/footballmanagergames•6mo ago    ### What's been your biggest overachievement in Football Manager? Image 26: r/footballmanagergames - What's been your biggest overachievement in Football Manager? *   What’s the pettiest thing you’ve done in football manager? Image 27 r/footballmanagergames•3mo ago    ### What’s the pettiest thing you’ve done in football manager? *   I've never played a football manager game, is 26 a good starting point? Image 31 r/footballmanagergames•4mo ago    ### I've never played a football manager game, is 26 a good starting point? *   What's the most sudden downfall you've ever experienced in FM? I'll start.Image 37 r/footballmanagergames•3mo ago    ### What's the most sudden downfall you've ever experienced in FM? Image 38: r/footballmanagergames - What's the most sudden downfall you've ever experienced in FM? Image 41 r/footballmanagergames•3mo ago    ### Best fm game of the last few years?",unknown_date,reddit_discussion
4530370,"site:reddit.com ""Football Manager 27""",social,3,tavily,basic,11,https://www.reddit.com/r/totallyswitched/comments/1ndmyz3/football_manager_26_touch_set_for_switch_launch,"Football Manager 26 Touch set for Switch launch on Dec. 4th, 2025 : r/totallyswitched","Title: Football Manager 26 Touch set for Switch launch on Dec. 4th, 2025 : r/totallyswitched
Skip to main contentFootball Manager 26 Touch set for Switch launch on Dec. 4th, 2025 : r/totallyswitched. Sign UpSign up for RedditLog InLog in to Reddit. Image 1 Go to totallyswitched. # Football Manager 26 Touch set for Switch launch on Dec. 4th, 2025. Image 3: r/totallyswitched - Football Manager 26 Touch set for Switch launch on Dec. 4th, 2025Image 4: r/totallyswitched - Football Manager 26 Touch set for Switch launch on Dec. 4th, 2025. Image 5: r/totallyswitched - Football Manager 26 Touch set for Switch launch on Dec. 4th, 2025. 'Football Manager 26 Touch will be released on Switch on Dec. 4th, 2025, setting the stage for soccer fans to define their destiny by taking them to the heart of the beautiful game. Powered by the Unity Engine for the first time, FM26 Touch refreshes the entire managerial experience and sets a bold new standard in Sports Interactive's and SEGA's iconic history. Seamlessly integrated into the FM ecosystem as one soccer playing world, this debut is backed by the most comprehensive database of its kind and a host of licensed competitions set to be revealed in the coming weeks. Despite being on a whole new engine, technology that converts your saved games to the new format means that FM26, FM26 Console and FM26 Touch will all launch with save game compatibility for Football Manager 2024 and Football Manager 2023.'. Best tips for Football Manager 26 on Switch. *   Football Manager 26 TouchImage 13 r/footballmanager•5mo ago    ### Football Manager 26 Touch    8 upvotes ·9 comments. *   FM 26 touch reviewImage 14 r/footballmanagergames•10mo ago    ### FM 26 touch review    9 upvotes ·6 comments. *   FM 26 Touch has to be the most messed up of all! Image 17 r/footballmanagergames•10mo ago    ### FM 26 Touch has to be the most messed up of all! Image 18: r/footballmanagergames - FM 26 Touch has to be the most messed up of all! *   The Touch Version of FM26 is unplayableImage 24 r/footballmanagergames•1y ago    ### The Touch Version of FM26 is unplayable    27 upvotes ·28 comments. *   Fm26 touch switchImage 27 r/footballmanagergames•8mo ago    ### Fm26 touch switch  Image 28: r/footballmanagergames - Fm26 touch switch   20 comments.",unknown_date,reddit_discussion
4530370,"site:reddit.com ""Football Manager 27""",social,3,tavily,basic,11,https://www.reddit.com/r/footballmanagergames/comments/17j0skc/i_made_a_beginners_guide_to_football_manager_2024,I made a Beginner's Guide to Football Manager 2024 - Reddit,"ago : A banner for the subreddit : r/footballmanagergames iconr/footballmanagergames Welcome to FootballManagerGames, the most active Football Manager Community/Forum on the internet. ago : A banner for the subreddit : r/footballmanagergames iconr/footballmanagergames Welcome to FootballManagerGames, the most active Football Manager Community/Forum on the internet. ago : A banner for the subreddit : r/footballmanagergames iconr/footballmanagergames Welcome to FootballManagerGames, the most active Football Manager Community/Forum on the internet. 485K Members Online ### Maybe the real Football Manager 2025 is the friends we made along the way 1.7K upvotes ·90 comments * Promoted : sidebar promoted post thumbnailMy Football Manager 2024 total size: r/footballmanagergames icon r/footballmanagergames•3 mo. ago : A banner for the subreddit : r/footballmanagergames iconr/footballmanagergames Welcome to FootballManagerGames, the most active Football Manager Community/Forum on the internet. 485K Members Online ### My Football Manager 2024 total size : r/footballmanagergames - My Football Manager 2024 total size 163 upvotes ·26 comments * Football Manager 2024 to remain available until March 2025: r/footballmanagergames icon r/footballmanagergames•6 mo. 485K Members Online ### Football Manager 2024 to remain available until March 2025 : r/footballmanagergames - Football Manager 2024 to remain available until March 2025footballmanager 761 upvotes ·271 comments * Football Manager 2025, news this week? : r/footballmanagergames icon r/footballmanagergames•27 days ago : A banner for the subreddit : r/footballmanagergames iconr/footballmanagergames Welcome to FootballManagerGames, the most active Football Manager Community/Forum on the internet. : r/footballmanagergames icon r/footballmanagergames•12 days ago : A banner for the subreddit : r/footballmanagergames iconr/footballmanagergames Welcome to FootballManagerGames, the most active Football Manager Community/Forum on the internet. 485K Members Online ### I was wondering in the history of football manager has anyone here ever completed the game? 485K Members Online ### FM 2024 rigged as always : r/footballmanagergames - FM 2024 rigged as always 29 comments * if u could change anything about Football Manager, what would you change? 90K Members Online ### Beginner's Guide to AoE4 12 upvotes ·2 comments * Why there are no other sport games like Footballmanager: r/footballmanagergames icon r/footballmanagergames•9 mo. 485K Members Online ### Smartest Football Manager player : r/footballmanagergames - Smartest Football Manager player4 80 upvotes ·35 comments * Does anyone know where I can find a cached version of ""The NEET's guide to rdr2 100 completion""?",unknown_date,reddit_discussion
4530370,"site:reddit.com ""Football Manager 27""",social,3,tavily,basic,11,https://www.reddit.com/r/footballmanagergames/comments/sdkk8v/does_football_manager_updates_where_players_after,does football manager updates where players after the january window? : r/footballmanagergames,"Title: does football manager updates where players after the january window? : r/footballmanagergames
# does football manager updates where players after the january window? Skip to main contentdoes football manager updates where players after the january window? Open menu Open navigationGo to Reddit Home. Sign UpSign up for RedditLog InLog in to Reddit. Expand user menu Open settings menu. Image 1 Go to footballmanagergames. I wanna do long term save but im wondering when the IRL transfer window closes if the game changes the players too cause that would help me alot. Create your account and connect with a world of communities. Continue with Google Continue with Google. By continuing, you agree to ourUser Agreementand acknowledge that you understand thePrivacy Policy. # People also ask about section. Most underrated players in Football Manager. Best tactics for lower league success. How to manage player morale effectively. Unique challenges in Football Manager saves. Tips for scouting hidden gems in FM. Anyone can view, post, and comment to this community. ## Top Posts. *   Reddit reReddit: Top posts of January 27, 2022 * * *. *   Reddit reReddit: Top posts of 2022 * * *.",unknown_date,reddit_discussion
4530370,"site:tiktok.com ""Football Manager 27""",social,4,tavily,basic,12,https://www.tiktok.com/@footballmanager,Football Manager (@footballmanager) | TikTok,"Image 26: @Harrogate Town AFC, you have a fan in Gian van Veen 😅 PDC pros share their best Football Manager stories 👀 @OfficialPDC #FootballManager #FM26 created by Football Manager with Football Manager’s original sound 96.5K

Image 27: Who better to ask than Curaçao experts about the FIFAe Curaçao challenge. Enter via FIFA.gg before the competition closes! @FIFAe #FootballManager #FM26 #Curacao created by Football Manager with Football Manager’s original sound 7442 [...] Image 11: A clearer, more intuitive experience 🖱️ Let us take you through FM27's evolved interface and how we're making your game world easier to navigate in fewer clicks. Watch our first #FM27 deep dive 🎥 created by Football Manager with Football Manager’s original sound - Football Manager 448.7K Pinned [...] Skip to content feed

TikTok

Log in

TikTok

Search

For You

Explore

Following

Short dramas

LIVE

Upload

Profile

More

Log in

© 2026 TikTok

Image 1

# Football Manager

## footballmanager

### 71Following

344.7KFollowers

5.2MLikes

Follow

Message

## Football Manager 27 - Out from 10 Nov #FM27

www.footballmanager.com/linkinbio

Suggested accounts

View all

Videos

Short dramas

Reposts

Favorites

Liked

Latest

Popular

Oldest

Playlists",unknown_date,social_post
4530370,"site:tiktok.com ""Football Manager 27""",social,4,tavily,basic,12,https://www.tiktok.com/discover/football-manager-2025,Football Manager 2025 | TikTok,"Image 27: 135.5K Likes, 375 Comments. TikTok video from ITV News (@itvnews): ""If you’ve ever played the game Football Manager, you’ve probably wondered if you could cut it in real life. This week 23-year-old Pardoe Kendrick from Hereford got the chance to find out. Having guided Suffolk non-league side Kings Park Rangers to a history sextuple (on the small screen), he was invited into the dugout to lead the real-life team for one match only. With the Kings chasing promotion, could he maintain [...] Image 5: 239 Likes, 2 Comments. TikTok video from FLASH⚡️ (@epf_murxflashy): Discover the top eFootball managers for 2025–27, their tactics, and best player picks to win games. 239

Top class e football managers of 2025-27… #fyp #viral #edit #konami #efootball Top eFootball Managers 2025-27: Best Tactics & Picks. Discover the top eFootball managers for 2025–27, their tactics, and best player picks to win games.

Image 6 FLASH⚡️27K [...] Image 6 FLASH⚡️27K

Image 7: 197 Likes, 7 Comments. TikTok video from FMInside (@fminside): Explore the new In-Between Highlights screen in Football Manager 2025, featuring a live 2D match view and an enhanced subs panel for crucial match information. 197",unknown_date,social_post
4530370,"site:tiktok.com ""Football Manager 27""",social,4,tavily,basic,12,https://www.tiktok.com/discover/football-manager-tactics-for-2024,Football Manager Tactics for 2024 | TikTok,"Image 27: 211 Likes, 6 Comments. TikTok video from ZIMS (@zimsmulaa): Discover the ultimate tactics for Football Manager that will elevate your game! Get insights for lower leagues and the Championship. 211 [...] Luis Enrique’s PSG Tactic Analysis #footballmanager #fm24 #footballmanager2024 #psg #luisenrique #fm24tactics @Football Manager Luis Enrique's Innovative Tactics at PSG Explained. Discover Luis Enrique's tactical genius in PSG. Uncover strategies for FM24 that can elevate your gameplay!

Image 26 FM.addicted12.6K [...] The Best Football Manager Tactic?! YOU need to try it ASAP! Cooked in Lower Leagues and Championship 🔥🔥🔥 #FootballManager #Tactic #FM24 Best Football Manager Tactics to Try Now. Discover the ultimate tactics for Football Manager that will elevate your game! Get insights for lower leagues and the Championship.

Image 28 ZIMS4691",unknown_date,social_post
4530370,"site:tiktok.com ""Football Manager 27""",social,4,tavily,basic,12,https://www.tiktok.com/discover/football-manager-corner-tactic,Football Manager Corner Tactic | TikTok,"The BEST CORNER in EA FC 27! ⛳️ - #eafc #eafc27 #fc27 #easportsfc #corner The BEST Corner in EA FC 27. Short video demonstrating the BEST corner in EA FC 27, labeled “THE BEST CORNER IN EA FC 27! ⛳️”.

Image 18 Liquid FC | EA FC 2770.5K

Image 19: 68K Likes, 244 Comments. TikTok video from ShellGOAT (@shellgoatplayz): Learn a corner routine that converts most set-pieces into goals in FC26. Step-by-step tips, player lock setup, and finishing with Watkins. 68K [...] Image 26 EA FC 26 Baller Tutorial1.5M

Image 27: 24.2K Likes, 143 Comments. TikTok video from bigrobbo14 (@bigrobbo14): Discover 50 incredible goals from corners in Football Manager 2024. Join the challenge now and elevate your game! 24.2K

50 goals from corners uno 😭💀 #footballmanager2024 #fm24 #bigrobbo #xybcza 50 Goals from Corners in Football Manager 2024. Discover 50 incredible goals from corners in Football Manager 2024. Join the challenge now and elevate your game! [...] Corner tactic omg #insidethemind #fc27 #ultimateteam #smelly #tactics Corner tactic omg — InsideTheMind FC27 Ultimate Team. Video clip showing a corner tactic labeled “Corner tactic omg” for FC27 Ultimate Team.

Image 22 Smelly28.6K

Image 23: 7 Likes, 1 Comments. TikTok video from SsorLoser (@ssorloserfm): Descubre la mejor táctica de esquina en Football Manager 2024 y mejora tu juego. Aprende estrategias efectivas para ganar partidos. 7",unknown_date,social_post
4530370,"site:tiktok.com ""Football Manager 27""",social,4,tavily,basic,12,https://www.tiktok.com/discover/football-manager-girlfriend,Football Manager Girlfriend | TikTok,"Image 27: 291 Likes, 50 Comments. TikTok video from Saka Pes (@saka.pes5): ""Tutorial ⚙️✅ #efootballmobile #pesmobile #tutorial #fyp"" 291

Tutorial ⚙️✅ #efootballmobile #pesmobile #tutorial #fyp 

Image 28 Saka Pes14.8K

Image 29: 41.5K Likes, 120 Comments. TikTok video from ... (@footballergirlss2024): ""Cubarsi's girlfriend is very cute😭💓💘 #paucubarsi #fy #martinariera #footballcouple #fcbarcelona"" 41.5K [...] Top 10 CFs: Updated Builds for 90 Proficiency Managers in efootball. Photo by Amadeusz and translation by Mehrubon. #efootball #efootballmobile #efootball2027 #football #gaming 

Image 32 Chuchunee144.5K [...] Cubarsi's girlfriend is very cute😭💓💘 #paucubarsi #fy #martinariera #footballcouple #fcbarcelona 

Image 30 ...1.4M

Image 31: 9548 Likes, 374 Comments. TikTok video from Chuchunee (@chuchunee_efootball): ""Top 10 CFs: Updated Builds for 90 Proficiency Managers in efootball. Photo by Amadeusz and translation by Mehrubon. #efootball #efootballmobile #efootball2027 #football #gaming"" 9548",unknown_date,social_post
4530370,"site:instagram.com ""Football Manager 27""",social,4,tavily,basic,13,https://www.instagram.com/popular/football-manager-27-release-date,Football Manager 27 Release Date,"Title: Football Manager 27 Release Date
# Football Manager 27 Release Date. Sports Interactive has not announced a release date for Football Manager 27 yet. The most recent entry, Football Manager 26, launched on November 4, 2025 across PC, Mac, PlayStation 5, Xbox Series... FM27 RELEASE DATE CONFIRMED ✅ #footballmanager. FC 27 Career Mode doesn’t need every Football Manager layer. The Football Manager collection - what’s your earliest FM memory? Football Manager is the BEST Football Game EVER 👏 I am sorry but nothing comes close… #football #footballmanager #fifa #fc26 #gaming. Here are my favourite player roles in the new football manager 26. Some overpowered and just some roles that I have enjoyed using on FM26. Some overpowered and just some roles that I have enjoyed using on FM26 #FM26 #FootballManager. Pieface is enjoying life on Football Manager 26 again 😭. Pieface is enjoying life on Football Manager 26 again 😭 📺: @pieface23ttv #fm26 #footballmanager #reels #explorepage. Football Manager 26 Mobile İçin Tanıtım Videosu Geldi. Football Manager 26 Mobile İçin Tanıtım Videosu Geldi Süreyya Hanımın Muhteşem Değişimi #FootballManager #FM26 #FM26Mobile. INICIO DE LA SEGUNDA TEMPORADA EN PREMIER DECEPCIONANTE | Modo Carrera Soccer Manager 2026 #7. INICIO DE LA SEGUNDA TEMPORADA EN PREMIER DECEPCIONANTE | Modo Carrera Soccer Manager 2026 #7 Video completo ya disponible por el canal de Youtube! With a new engine and next-level tactical tools, you’re not just playing the game. 📅 Release date: November 4th (PC, Mac, Xbox, PS5, Mobile via Netflix). ⚽ Unity engine, new matchday graphics, a completely redesigned UI, the Premier League licence, and – at long last – women’s football! Which women’s leagues?), and I’ll be reacting to every new announcement as it happens – so hit follow here and subscribe on YouTube to stay in the loop. 🚨 📅 Release date: November 4th (PC, Mac, Xbox, PS5, Mobile via Netflix) 🎮 Switch Touch: December 4th ⚽ Unity engine, new matchday graphics, a completely redesigned UI, the Premier League licence, and – at long last – women’s football! Release Date: 4 Nov, 2025. We’ve had our first look at gameplay, the brand new UI, confirmation of the release date, and pre-orders are now live. 👉 What are you most excited about: gameplay, new UI, or the release date?",unknown_date,social_post
4530370,"site:instagram.com ""Football Manager 27""",social,4,tavily,basic,13,https://www.instagram.com/footballmanager?hl=en,Football Manager (@footballmanager) • Instagram photos and videos,"Log In

Sign Up

## footballmanager

 426K followers
 363 following

Football Manager

Football Manager 27 - Out from 10 Nov  
#FM27

www.footballmanager.com/linkinbio

Photo by Football Manager on September 30, 2026. May be an image of football, soccer, magazine, sports equipment, ball, stadium and text.

Video by Football Manager on October 03, 2026. May be an image of football, soccer, sports equipment, stadium and text. [...] Video by Football Manager on August 27, 2026. May be an image of football, soccer, sports equipment, stadium and text.

Photo by Football Manager on August 24, 2026. May be an image of poster and text that says 'MOST SIGNED SUMMER TRANSFERS 10,168 GEORGIA STANWAY 4,803 NIAMH CHARLES 3,494 KHIARA KEATING 3,450 ONA BATLLE 3,177 3,177 MARY EARPS 2,949 2,118 ALEXIA PUTELLAS MP LEÓN ผิ 1,341 VIVIEN ENDEMANN 1,077 ANDREA MEDINA 964 ผหั MELVINE MALARD BARCLAYS WSL FM26'. [...] Video by Football Manager on October 01, 2026. May be an image of one or more people, people standing, microphone, magazine and text.

Video by Football Manager on September 30, 2026. May be an image of football, soccer, card, magazine, sports equipment, ball, stadium and text.

Photo by Football Manager on September 26, 2026.

Video by Football Manager on September 25, 2026. May be an image of football, soccer, cleats, magazine, ball, sports equipment, stadium and text.",unknown_date,social_post
4530370,"site:instagram.com ""Football Manager 27""",social,4,tavily,basic,13,https://www.instagram.com/popular/chartered-surveyor-football-27,Chartered Surveyor Football 27,"Title: Chartered Surveyor Football 27
Watch reels about chartered surveyor football 27 from people around the world. Are you up to speed with the latest RICS mandatory CPD requirements? Staying compliant isn't just about ticking boxes - the RICS now require structured learning across three mandatory areas to ensure that surveying professionals are equipped for the future. In this quick clip, we break down:. ✅ The requirement for structured learning. ✅ The 3-year rolling basis timeframe. Watch the full video to ensure you're meeting the minimum standards as an AssocRICS surveyor or MRICS or FRICS Chartered Surveyor! In this quick clip, we break down: ✅ The three mandatory topics ✅ The requirement for structured learning. This new week is your chance to level up, and the MRICS qualification is your passport to global recognition, credibility, and career growth across the UK, USA & beyond 🌍. At @samprecacademy , we guide you step-by-step to achieve your MRICS and position you for global success. 📞 Register for the MRICS program today:. 👔✨ This new week is your chance to level up, and the MRICS qualification is your passport to global recognition, credibility, and career growth across the UK, USA & beyond 🌍 Why start now? • Reduces manual errors and rework. We’re delighted to introduce Ben Burnell as our newest member of the Cifra Solutions team, joining us as a Trainee Quantity Surveyor alongside Noah. 👷We’re on the lookout for a Quantity Surveyor to join the Structa team. Who Should Apply for the CEQS Program? Starting your career, planning a switch, or looking to grow in the construction industry — the MBA in Construction Economics & Quantity Surveying (CEQS) can open doors to roles like Contract Manager, Billing Engineer, Quantity Surveyor and more. 🎓🏗️ Starting your career, planning a switch, or looking to grow in the construction industry — the MBA in Construction Economics & Quantity Surveying (CEQS) can open doors to roles like Contract Manager, Billing Engineer, Quantity Surveyor and more. 📍 Priority High-Demand Locations We are looking for immediate capacity in: Bristol | Hull | Devon | Taunton | Cornwall | Newcastle upon Tyne | Portsmouth | Oxford | Bradford | Swansea (South Wales) | Blackpool.",unknown_date,social_post
4530370,"site:instagram.com ""Football Manager 27""",social,4,tavily,basic,13,https://www.instagram.com/popular/chartered-surveyor-27-football,Chartered Surveyor 27 Football,"Title: Chartered Surveyor 27 Football
Watch reels about chartered surveyor 27 football from people around the world. Are you up to speed with the latest RICS mandatory CPD requirements? Staying compliant isn't just about ticking boxes - the RICS now require structured learning across three mandatory areas to ensure that surveying professionals are equipped for the future. In this quick clip, we break down:. ✅ The requirement for structured learning. ✅ The 3-year rolling basis timeframe. Watch the full video to ensure you're meeting the minimum standards as an AssocRICS surveyor or MRICS or FRICS Chartered Surveyor! In this quick clip, we break down: ✅ The three mandatory topics ✅ The requirement for structured learning. This new week is your chance to level up, and the MRICS qualification is your passport to global recognition, credibility, and career growth across the UK, USA & beyond 🌍. At @samprecacademy , we guide you step-by-step to achieve your MRICS and position you for global success. 📞 Register for the MRICS program today:. 👔✨ This new week is your chance to level up, and the MRICS qualification is your passport to global recognition, credibility, and career growth across the UK, USA & beyond 🌍 Why start now? • Reduces manual errors and rework. We’re delighted to introduce Ben Burnell as our newest member of the Cifra Solutions team, joining us as a Trainee Quantity Surveyor alongside Noah. 👷We’re on the lookout for a Quantity Surveyor to join the Structa team. Who Should Apply for the CEQS Program? Starting your career, planning a switch, or looking to grow in the construction industry — the MBA in Construction Economics & Quantity Surveying (CEQS) can open doors to roles like Contract Manager, Billing Engineer, Quantity Surveyor and more. 🎓🏗️ Starting your career, planning a switch, or looking to grow in the construction industry — the MBA in Construction Economics & Quantity Surveying (CEQS) can open doors to roles like Contract Manager, Billing Engineer, Quantity Surveyor and more. 📍 Priority High-Demand Locations We are looking for immediate capacity in: Bristol | Hull | Devon | Taunton | Cornwall | Newcastle upon Tyne | Portsmouth | Oxford | Bradford | Swansea (South Wales) | Blackpool.",unknown_date,social_post
4530370,"site:instagram.com ""Football Manager 27""",social,4,tavily,basic,13,https://www.instagram.com/popular/football-manager-meme?hl=en,Football Manager Meme,"Title: Football Manager Meme
# Football Manager Meme. ESPN UK posted a viral football manager meme in early 2026 featuring a Premier League coach in a blue puffer jacket staring pensively at a scoreboard showing heavy defeats. The caption “Football is a... ## manager meme. ## footballs memes. ## memes football. ## meme manager. #manager #aura #football #viral #fyp. Manager Aura #manager #aura #football #viral #fyp. #footballmemes #football #soccer #soccermemes #footballmanager. “We trained for that” #footballmemes #football #soccer #soccermemes #footballmanager. I give Jose Mourinho level coaching 💯. Follow us @josemourinho_memes_daily_ for more of the best and most relatable jose mourinho and football memes and join us on our journey to reach 100K 🚀. #memes #footballmemes #soccermemes #football #soccer #fifa #worldcup #relatablememes #boys #men #theboys #bro #brotherhood #relationships #girlfriend #couple #love #dating #advice #relationshipadvice #datingadvice #smart #genius #mastermind #ego #aura #laugh #relatable #josemourinho #cristianoronaldo. José Mourinho, the renowned Portuguese football manager. José Mourinho is widely regarded as one of the greatest football managers of all time, known for his tactical intelligence, charismatic personality, and ability to win trophies with multiple clubs. Despite controversies, Mourinho’s impact on the sport remains undeniable, and he continues to be a respected name in football management. José Mário dos Santos Mourinho Félix is a Portuguese professional football manager and former player, who is currently the head coach of Primeira Liga club Benfica. 2024 · Sports / Internet Meme · Active. In the high-octane world of professional football, few figures possess the volcanic, raw intensity of Italian manager Antonio Conte. His transition from a respected coach to a. His transition from a respected coach to a ""POV"" meme icon has introduced his passionate personality to a global audience far beyond the pitch. This how they be 🤣🤣🤣 COMMENT DOWN BELOW YOUR TOP 3 GREATEST FOOTBALL MANAGERS‼️. Which manager is known for this🤣🤣. Which manager is known for this🤣🤣 #msl #muslimsoccerleague #football #manager #soccer. --------------------------------------- ➡️ Explanation: ---------------- This meme uses a picture of José Mourinho, a famous football manager, to depict the feeling of writing ""as we know that"" in an exam when you actually have no clue about the topic.",unknown_date,social_post
4530370,"site:x.com ""Football Manager 27""",social,4,tavily,basic,14,https://x.com/FootballManager,Football Manager (@FootballManager) / X,"Sep 30

  The date for your diary 📆 Football Manager 27 launches across platforms from 10 November.

  

  ​From footballmanager.com

  139
 @FootballManager

  Football Manager@FootballManager

  Sep 30

  Elevating Your Match Day Atmosphere in #FM27 🏟️ Dive into the changes that breathe more life into every match day 👇

  

  FM27: An Elevated Match Day AtmosphereFrom footballmanager.com

  39
 @FootballManager

  Football Manager@FootballManager

  Sep 30 [...] Football Manager 27 | Wishlist NowFrom footballmanager.com

  26
 @FootballManager

  Football Manager@FootballManager

  Sep 25

  Get swept up in the headlines as the season's narratives unfold around you 📰 Discover how #FM27 makes every decision feel part of something bigger 👇

  

  FM27: A Deeper, More Immersive Football WorldFrom footballmanager.com [...] Sep 30

  Experience an elevated match day atmosphere in #FM27 Enjoy a richer spectacle through improved crowds, stadiums and dynamic cutscenes that make every fixture feel like a piece of football theatre. Out from 10 Nov 🗓️

  

  00:00

  375
 @FootballManager

  Football Manager@FootballManager

  Sep 26

  Flow from the tactics board to the touchline in #FM27 👔 Wishlist Football Manager 27 now to get notified when it’s time to play 🔔",unknown_date,social_post
4530370,"site:x.com ""Football Manager 27""",social,4,tavily,basic,14,https://x.com/nocontextfm1/status/2103852395750891764,Out of Context Football Manager on X,FM27 now lets you choose how often the game interrupts you when you press Continue. Want to fly through the days? Choose fewer interruptions.,unknown_date,social_post
4530370,"site:x.com ""Football Manager 27""",social,4,tavily,basic,14,https://x.com/WorkTheSpace/status/2087134126176432436,"Jack on X: ""FM27 CONFIRMED! And it seems like SI are learning. Really hope that wider playtesting earlier in development makes for a game that is made for FM fans, instead of a game built to chase a new audience. Shows some confidence in what they have which is promising."" / X","Jack@WorkTheSpace

FM27 CONFIRMED! And it seems like SI are learning. Really hope that wider playtesting earlier in development makes for a game that is made for FM fans, instead of a game built to chase a new audience. Shows some confidence in what they have which is promising.

@FootballManager

Football Manager@FootballManager

Aug 11 [...] Log inSign up

## Post

Log inSign up

# Jack on X: ""FM27 CONFIRMED! And it seems like SI are learning. Really hope that wider playtesting earlier in development makes for a game that is made for FM fans, instead of a game built to chase a new audience. Shows some confidence in what they have which is promising.""

@WorkTheSpace

Jack@WorkTheSpace [...] FM27 CONFIRMED! And it seems like SI are learning. Really hope that wider playtesting earlier in development makes for a game that is made for FM fans, instead of a game built to chase a new audience. Shows some confidence in what they have which is promising.

  @FootballManager

  Football Manager@FootballManager

  Aug 11",unknown_date,social_post
4530370,"site:x.com ""Football Manager 27""",social,4,tavily,basic,14,https://x.com/WorkTheSpace/status/2092951229982810461,"""FM27 is coming in November. Confirmed. ✅ First looks ...","FM27 is coming in November. Confirmed. ✓ First looks and deep dives start in September, covering the new game.",unknown_date,social_post
4530370,"site:x.com ""Football Manager 27""",social,4,tavily,basic,14,https://x.com/FootballManager/status/2100896470505242739,Football Manager,"Hear from our Senior Community Manager, Chris, with the latest on FM27 plans and what to expect this year.",unknown_date,social_post
4530370,"site: ""Football Manager 27""",social,4,tavily,basic,15,https://www.footballmanager.com/news/football-manager-27-launches-10-november,Football Manager 27 launches from 10 November | Football Manager 27,"Nous avons détecté que votre navigateur est en français, cliquez sur le bouton ci-dessous pour vous rendre sur la version en français du site internet de Football Manager.

Allez vers le site en français

Türkçe

## Türkçe sitemize gitmek ister misiniz?

Tarayıcınızın dilinin Türkçe olduğunu belirledik. Football Manager web sitesinin Türkçe versiyonuna gitmek için aşağıdaki düğmeye tıklayın.

Türkçe sitemize gidin

Italiano

## Vuoi andare al nostro sito in italiano? [...] English

## Go to our English site?

We’ve detected that your browser is in English, click the button below to go to the dedicated English version of the Football Manager website.

Go to English site

Español

## ¿Quieres ir al sitio web en español?

Hemos detectado que tu navegador está en español. Haz clic en el botón de abajo para ir a la versión del sitio web de Football Manager en este idioma.

Ir al sitio web en español

Français

## Allez vers notre site en français ? [...] Abbiamo rilevato che il tuo browser è in italiano, clicca sul pulsante qui sotto per andare alla versione italiana del sito di Football Manager.

Vai al sito italiano

Deutsch

## Zur deutschen Seite?

Wir haben erkannt, dass Ihr Browser auf Deutsch eingestellt ist. Klicken Sie auf die untere Schaltfläche, um zur deutschen Football Manager-Seite zu gelangen.

Zur deutschen Seite

Football Manager Football Manager

Football Manager Football Manager 

Features

 Match day spectacle",unknown_date,social_post
4530370,"site: ""Football Manager 27""",social,4,tavily,basic,15,https://www.footballmanager.com/fr/news/se-preparer-football-manager-27,Se préparer à Football Manager 27 | Football Manager 27,"Nous avons détecté que votre navigateur est en français, cliquez sur le bouton ci-dessous pour vous rendre sur la version en français du site internet de Football Manager.

Allez vers le site en français

Türkçe

## Türkçe sitemize gitmek ister misiniz?

Tarayıcınızın dilinin Türkçe olduğunu belirledik. Football Manager web sitesinin Türkçe versiyonuna gitmek için aşağıdaki düğmeye tıklayın.

Türkçe sitemize gidin

Italiano

## Vuoi andare al nostro sito in italiano? [...] Abbiamo rilevato che il tuo browser è in italiano, clicca sul pulsante qui sotto per andare alla versione italiana del sito di Football Manager.

Vai al sito italiano

Deutsch

## Zur deutschen Seite?

Wir haben erkannt, dass Ihr Browser auf Deutsch eingestellt ist. Klicken Sie auf die untere Schaltfläche, um zur deutschen Football Manager-Seite zu gelangen.

Zur deutschen Seite

Football Manager Football Manager

Football Manager Football Manager 

Fonctionnalités

 Interface épurée [...] English

## Go to our English site?

We’ve detected that your browser is in English, click the button below to go to the dedicated English version of the Football Manager website.

Go to English site

Español

## ¿Quieres ir al sitio web en español?

Hemos detectado que tu navegador está en español. Haz clic en el botón de abajo para ir a la versión del sitio web de Football Manager en este idioma.

Ir al sitio web en español

Français

## Allez vers notre site en français ?",unknown_date,social_post
4530370,"site: ""Football Manager 27""",social,4,tavily,basic,15,https://www.footballmanager.com/news/getting-ready-football-manager-27,Getting ready for Football Manager 27 | Football Manager 27,"Nous avons détecté que votre navigateur est en français, cliquez sur le bouton ci-dessous pour vous rendre sur la version en français du site internet de Football Manager.

Allez vers le site en français

Türkçe

## Türkçe sitemize gitmek ister misiniz?

Tarayıcınızın dilinin Türkçe olduğunu belirledik. Football Manager web sitesinin Türkçe versiyonuna gitmek için aşağıdaki düğmeye tıklayın.

Türkçe sitemize gidin

Italiano

## Vuoi andare al nostro sito in italiano? [...] Abbiamo rilevato che il tuo browser è in italiano, clicca sul pulsante qui sotto per andare alla versione italiana del sito di Football Manager.

Vai al sito italiano

Deutsch

## Zur deutschen Seite?

Wir haben erkannt, dass Ihr Browser auf Deutsch eingestellt ist. Klicken Sie auf die untere Schaltfläche, um zur deutschen Football Manager-Seite zu gelangen.

Zur deutschen Seite

Football Manager Football Manager

Football Manager Football Manager 

Features

 Deeper, More Immersive World [...] English

## Go to our English site?

We’ve detected that your browser is in English, click the button below to go to the dedicated English version of the Football Manager website.

Go to English site

Español

## ¿Quieres ir al sitio web en español?

Hemos detectado que tu navegador está en español. Haz clic en el botón de abajo para ir a la versión del sitio web de Football Manager en este idioma.

Ir al sitio web en español

Français

## Allez vers notre site en français ?",unknown_date,social_post
4530370,"site: ""Football Manager 27""",social,4,tavily,basic,15,https://www.footballmanager.com/news/football-manager-26-licences,Football Manager 26 Licences | Football Manager 27,"Nous avons détecté que votre navigateur est en français, cliquez sur le bouton ci-dessous pour vous rendre sur la version en français du site internet de Football Manager.

Allez vers le site en français

Türkçe

## Türkçe sitemize gitmek ister misiniz?

Tarayıcınızın dilinin Türkçe olduğunu belirledik. Football Manager web sitesinin Türkçe versiyonuna gitmek için aşağıdaki düğmeye tıklayın.

Türkçe sitemize gidin

Italiano

## Vuoi andare al nostro sito in italiano? [...] Abbiamo rilevato che il tuo browser è in italiano, clicca sul pulsante qui sotto per andare alla versione italiana del sito di Football Manager.

Vai al sito italiano

Deutsch

## Zur deutschen Seite?

Wir haben erkannt, dass Ihr Browser auf Deutsch eingestellt ist. Klicken Sie auf die untere Schaltfläche, um zur deutschen Football Manager-Seite zu gelangen.

Zur deutschen Seite

Football Manager Football Manager 

Features

 Deeper, More Immersive World

  Deeper, More Immersive World [...] English

## Go to our English site?

We’ve detected that your browser is in English, click the button below to go to the dedicated English version of the Football Manager website.

Go to English site

Español

## ¿Quieres ir al sitio web en español?

Hemos detectado que tu navegador está en español. Haz clic en el botón de abajo para ir a la versión del sitio web de Football Manager en este idioma.

Ir al sitio web en español

Français

## Allez vers notre site en français ?",unknown_date,social_post
4530370,"site: ""Football Manager 27""",social,4,tavily,basic,15,https://sortitoutsi.net/football-manager-2027,Football Manager 27,"This site is not endorsed by Sports Interactive or SEGA and is intended for entertainment purposes only. The views expressed on this site are the views of the individual contributors and not those of Sports Interactive or SEGA. [...] ##### Football Manager Shortlists [...] # Football Manager 27

Football Manager 2027

Football Manager 27 Box Art

##### When is Football Manager 27 going to be released?

FM27 Release Date
:   Unknown

FM27 BETA Release Date
:   Unknown

 FM27 Essentials
 FM27 Screenshots
 FM27 Features
 FM27 Database
 FM27 Downloads
 FM27 Graphics
 FM27 Forums
 FM27 Data Update with Latest Transfers and Updated Squads
 FM27 Videos

# Football Manager 27 Essentials

# Football Manager 27 Screenshots

# Football Manager 27 Features",unknown_date,social_post
