appid,evidence_type,date_classification,url,title,snippet,contents_preview,matched_keywords,evidence_score,confidence_label,reason_for_score,query_group
4879420,youtube_video,inside_extended_window,https://www.youtube.com/watch?v=1w0rs3wlCck,BELTFED - Roguelike Factory Defense | Trailer,,BELTFED is a roguelike factory-defense game from Hello World Studios. The bugs are coming. Better get the ammo ...,trailer,70,strong,Inside extended window (+15); YouTube (+15); Exact title match (+20); Keywords ['trailer'] (+20),
4879420,youtube_video,inside_extended_window,https://www.youtube.com/watch?v=1w0rs3wlCck,BELTFED - Roguelike Factory Defense | Trailer,,BELTFED is a roguelike factory-defense game from Hello World Studios. The bugs are coming. Better get the ammo ...,trailer,70,strong,Inside extended window (+15); YouTube (+15); Exact title match (+20); Keywords ['trailer'] (+20),
4879420,youtube_video,inside_spike_window,https://www.youtube.com/watch?v=Ys9-BIMzu0Q,BELTFED – Official Announcement Trailer - Roguelike Factory Defense,,automation #base #building #strategy #resources #management #bugs #trailer #game #belt Steam ...,"trailer, announcement",65,strong,"Inside spike window (+30); YouTube (+15); Keywords ['trailer', 'announcement'] (+20)",
4879420,youtube_video,inside_spike_window,https://www.youtube.com/watch?v=Ys9-BIMzu0Q,BELTFED – Official Announcement Trailer - Roguelike Factory Defense,,automation #base #building #strategy #resources #management #bugs #trailer #game #belt Steam ...,"trailer, announcement",65,strong,"Inside spike window (+30); YouTube (+15); Keywords ['trailer', 'announcement'] (+20)",
4879420,steam_news,inside_spike_window,https://steamstore-a.akamaihd.net/news/externalpost/PlayGround.ru - официальная группа/1844115010499272,Состоялся анонс BELTFED - гибрида симулятора фабрики и рогалика с обороной базы от колоссальных орд жуков,,"Инди-команда Hello World Studios, основанная братьями Тоби и Троем Аткинсонами, официально представила дебютный проект под названием BELTFED. Разработка стартовала еще в октябре 2023 года, однако полноценная презентация состоялась только сейчас вместе с открытием страницы в сервисе Steam. Новинка об",,50,medium,Inside spike window (+30); Official Steam News (+20),
4879420,steam_news,inside_spike_window,https://steamstore-a.akamaihd.net/news/externalpost/GamingOnLinux/1844115010494259,Factory defence in BELTFED looks juicy as you take down millions of bugs,,A genre blending roguelike that casts players as a rogue AI automating an escalating war against waves of bugs - BELTFED is an instant wishlist. Read the full article here: https://www.gamingonlinux.com/2026/09/factory-defence-in-beltfed-looks-juicy-as-you-take-down-millions-of-bugs/ ,,50,medium,Inside spike window (+30); Official Steam News (+20),
4879420,youtube_video,inside_extended_window,https://www.youtube.com/watch?v=aaOLH5xJ4nE,BELTFED - Official Gameplay Reveal | Roguelike Factory Defense,,WISHLIST BELTFED ON STEAM: https://store.steampowered.com/app/4879420/BELTFED__Roguelike_Factory_Defense Get ...,gameplay,50,medium,Inside extended window (+15); YouTube (+15); Keywords ['gameplay'] (+20),
4879420,social_post,unknown_date,https://store.steampowered.com/app/4879420/BELTFED__Roguelike_Factory_Defense,BELTFED - Roguelike Factory Defense on Steam,"Interested?  
Add to your wishlist and get notified when it becomes available.

View Community Hub

## About This Game

BELTFED is a roguelike factory-defense game of rapid, brutal runs and absurd scale. Lay belts, wire up smelters and assemblers, and balance your power grid, turning raw ore into raw firepower. All the while a planet's worth of bugs descends upon your factory. This is automation fused with total war.

## AUTOMATE DEATH [...] English and 5 more

| Interface | Full Audio | Subtitles |
 --- 
| English | ✔ |  |  |
| French | ✔ |  |  |
| Italian | ✔ |  |  |
| German | ✔ |  |  |
| Spanish - Spain | ✔ |  |  |
| Traditional Chinese | ✔ |  |  |

See all 6 supported languages

Title: BELTFED - Roguelike Factory Defense  
 Genre: Strategy  

Developer: Hello World Studios

Publisher: Hello World Studios

Release Date: 2027 [...] Release

2027

You are a rogue AI with one directive: AUTOMATE DEATH. Shred, burn and vaporize overwhelming swarms of ravenous bugs as your part factory, part war machine lays waste to one world after another. In BELTFED, the factory is your weapon.

All Reviews:

No user reviews

Release Date:

2027

Developer:

Hello World Studios

Publisher:

Hello World Studios

Tags

Popular user-defined tags for this product:",,release date,45,medium,Social Index (+5); Exact title match (+20); Keywords ['release date'] (+20),social
4879420,social_post,unknown_date,https://store.steampowered.com/app/4879420/BELTFED__Roguelike_Factory_Defense,BELTFED - Roguelike Factory Defense on Steam,"Interested?  
Add to your wishlist and get notified when it becomes available.

View Community Hub

## About This Game

BELTFED is a roguelike factory-defense game of rapid, brutal runs and absurd scale. Lay belts, wire up smelters and assemblers, and balance your power grid, turning raw ore into raw firepower. All the while a planet's worth of bugs descends upon your factory. This is automation fused with total war.

## AUTOMATE DEATH [...] English and 5 more

| Interface | Full Audio | Subtitles |
 --- 
| English | ✔ |  |  |
| French | ✔ |  |  |
| Italian | ✔ |  |  |
| German | ✔ |  |  |
| Spanish - Spain | ✔ |  |  |
| Traditional Chinese | ✔ |  |  |

See all 6 supported languages

Title: BELTFED - Roguelike Factory Defense  
 Genre: Strategy  

Developer: Hello World Studios

Publisher: Hello World Studios

Release Date: 2027 [...] Release

2027

You are a rogue AI with one directive: AUTOMATE DEATH. Shred, burn and vaporize overwhelming swarms of ravenous bugs as your part factory, part war machine lays waste to one world after another. In BELTFED, the factory is your weapon.

All Reviews:

No user reviews

Release Date:

2027

Developer:

Hello World Studios

Publisher:

Hello World Studios

Tags

Popular user-defined tags for this product:",,release date,45,medium,Social Index (+5); Exact title match (+20); Keywords ['release date'] (+20),social
4879420,social_post,unknown_date,https://www.bluesnews.com/s/303320/beltfed-roguelike-factory-defense-announced,BELTFED - Roguelike Factory Defense Announced,"> BELTFED is a roguelike factory-defense game of rapid, brutal runs and absurd scale. Lay belts, wire up smelters and assemblers, and balance your power grid, turning raw ore into raw firepower. All the while a planet's worth of bugs descends upon your factory. This is automation fused with total war.  
> [...] Hello World Studios announces BELTFED - Roguelike Factory Defense, an upcoming tower defense/factory automation game. This is coming to PC  on Steam, which lists a 2027 release window.  This post offers a first developer update talking about what to expect. The Official Announcement Trailer shows off combat that expends an awful lot of ammo against huge swarms of invaders. Here's word: [...] # Archives

 News Data - July/96-Present
 News HTML - July/96-Feb/99
 Press Releases & Articles
 .plan Archive
 Logo Archive
 Screenshots Archive

# Departments

 Discussion Forums
 Mail Bag
 Feeds & Services

# Site/Contact

 Submit News
 Contact Blue
 Support the Site!
 Advertising Info
 FAQ
 Privacy Policy
 Site Statistics
 Site Credits

# Customize

 User Settings

 Background:

 Headlines:

## BELTFED - Roguelike Factory Defense Announced [Sep 19, 2026, 12:34 pm ET] – 6 Comments",,"trailer, announcement",45,medium,"Social Index (+5); Exact title match (+20); Keywords ['trailer', 'announcement'] (+20)",social
4879420,social_post,unknown_date,https://store.steampowered.com/app/4879420/BELTFED__Roguelike_Factory_Defense,BELTFED - Roguelike Factory Defense on Steam,"Interested?  
Add to your wishlist and get notified when it becomes available.

View Community Hub

## About This Game

BELTFED is a roguelike factory-defense game of rapid, brutal runs and absurd scale. Lay belts, wire up smelters and assemblers, and balance your power grid, turning raw ore into raw firepower. All the while a planet's worth of bugs descends upon your factory. This is automation fused with total war.

## AUTOMATE DEATH [...] English and 5 more

| Interface | Full Audio | Subtitles |
 --- 
| English | ✔ |  |  |
| French | ✔ |  |  |
| Italian | ✔ |  |  |
| German | ✔ |  |  |
| Spanish - Spain | ✔ |  |  |
| Traditional Chinese | ✔ |  |  |

See all 6 supported languages

Title: BELTFED - Roguelike Factory Defense  
 Genre: Strategy  

Developer: Hello World Studios

Publisher: Hello World Studios

Release Date: 2027 [...] All Games > Strategy Games > BELTFED - Roguelike Factory Defense

Community Hub

BELTFED - Roguelike Factory Defense

BELTFED - Roguelike Factory Defense

BELTFED - Roguelike Factory Defense

Developer

Hello World Studios

Publisher

Hello World Studios

Release

2027",,release date,45,medium,Social Index (+5); Exact title match (+20); Keywords ['release date'] (+20),social
4879420,social_post,unknown_date,https://gamefaqs.gamespot.com/pc/710877-beltfed-roguelike-factory-defense/data,BELTFED - Roguelike Factory Defense – Release Details,"## Release Data

| Box | Title | | | | | |
| Region | Publisher | Product ID | Distribution / Barcode | Release Date | Rating |
|  | BELTFED - Roguelike Factory Defense | | | | | |
| US | Hello World Studios | 4879420 | Steam | TBA |  |

## Description

1. You are a rogue AI with one directive: AUTOMATE DEATH. Shred, burn and vaporize overwhelming swarms of ravenous bugs as your part factory, part war machine lays waste to one world after another. In BELTFED, the factory is your weapon. [...] When you visit any website, it may store or retrieve information on your browser, mostly in the form of cookies. This information might be about you, your preferences, or your device, and is mostly used to make the site work as you expect. The information does not usually identify you directly, but it can give you a more personalized web experience. Because we respect your right to privacy, you can choose not to allow some types of cookies. Click on the different category headings to learn more [...] Home
 Boards
 News
 Q&A
 Community
 Contribute
 Games

  

 3DS
 Android
 Board/Card
 iOS
 PC
 PlayStation 3
 PlayStation 4
 PlayStation 5
 Switch
 Switch 2
 Vita
 Xbox 360
 Xbox One
 Xbox Series
 More Systems

Log In
Sign Up

## Title Data

1. Genre: 
   Strategy > Real-Time > Tactics
2. Developer: 
   Hello World Studios

## Release Data",,release date,45,medium,Social Index (+5); Exact title match (+20); Keywords ['release date'] (+20),social
4879420,web_result,unknown_date,https://store.steampowered.com/app/4879420/BELTFED__Roguelike_Factory_Defense,BELTFED - Roguelike Factory Defense on Steam,"Interested?  
Add to your wishlist and get notified when it becomes available.

View Community Hub

## About This Game

BELTFED is a roguelike factory-defense game of rapid, brutal runs and absurd scale. Lay belts, wire up smelters and assemblers, and balance your power grid, turning raw ore into raw firepower. All the while a planet's worth of bugs descends upon your factory. This is automation fused with total war.

## AUTOMATE DEATH [...] Release

2027

You are a rogue AI with one directive: AUTOMATE DEATH. Shred, burn and vaporize overwhelming swarms of ravenous bugs as your part factory, part war machine lays waste to one world after another. In BELTFED, the factory is your weapon.

All Reviews:

No user reviews

Release Date:

2027

Developer:

Hello World Studios

Publisher:

Hello World Studios

Tags

Popular user-defined tags for this product: [...] Factory Automation. Conveyor belts, smelters and assemblers turn raw resources into a constant supply of ammunition.
 Roguelike Runs. Build up from nothing and reach the end game inside a single run. Experience the full automation arc in one sitting.
 Tower Defense Combat. Guns, flamethrowers, rocket launchers, mortars, lasers, drones and mines, all supplied by your own production lines.",,release date,40,medium,Exact title match (+20); Keywords ['release date'] (+20),general
4879420,web_result,unknown_date,https://www.bluesnews.com/s/303320/beltfed-roguelike-factory-defense-announced,BELTFED - Roguelike Factory Defense Announced,"Hello World Studios announces BELTFED - Roguelike Factory Defense, an upcoming tower defense/factory automation game. This is coming to PC  on Steam, which lists a 2027 release window.  This post offers a first developer update talking about what to expect. The Official Announcement Trailer shows off combat that expends an awful lot of ammo against huge swarms of invaders. Here's word: [...] > BELTFED is a roguelike factory-defense game of rapid, brutal runs and absurd scale. Lay belts, wire up smelters and assemblers, and balance your power grid, turning raw ore into raw firepower. All the while a planet's worth of bugs descends upon your factory. This is automation fused with total war.  
> [...] # Popular Threads

 20 Steam Frame Signups
 11 OotB: Zoom!
 11 Game and Mod Development
 10 Control Resonant Reviews
 8 AI Yi-Yi!
 7 Game Crossovers and Collaborations
 7 Comings and Goings
 7 OotB: Trafficking
 7 Battlefield 6 Free Trial
 7 RuneScape: Dragonwilds Leaves Early Access

 3 Crystal Crisis - Free …
 1 Star Control II Sequel…

# Search News

 Advanced Search

# Archives",,"trailer, announcement",40,medium,"Exact title match (+20); Keywords ['trailer', 'announcement'] (+20)",general
4879420,web_result,unknown_date,https://gamefaqs.gamespot.com/pc/710877-beltfed-roguelike-factory-defense/data,BELTFED - Roguelike Factory Defense – Release Details,"## Release Data

| Box | Title | | | | | |
| Region | Publisher | Product ID | Distribution / Barcode | Release Date | Rating |
|  | BELTFED - Roguelike Factory Defense | | | | | |
| US | Hello World Studios | 4879420 | Steam | TBA |  |

## Description

1. You are a rogue AI with one directive: AUTOMATE DEATH. Shred, burn and vaporize overwhelming swarms of ravenous bugs as your part factory, part war machine lays waste to one world after another. In BELTFED, the factory is your weapon. [...] Home
 Boards
 News
 Q&A
 Community
 Contribute
 Games

  

 3DS
 Android
 Board/Card
 iOS
 PC
 PlayStation 3
 PlayStation 4
 PlayStation 5
 Switch
 Switch 2
 Vita
 Xbox 360
 Xbox One
 Xbox Series
 More Systems

Log In
Sign Up

## Title Data

1. Genre: 
   Strategy > Real-Time > Tactics
2. Developer: 
   Hello World Studios

## Release Data [...] Privacy Policy",,release date,40,medium,Exact title match (+20); Keywords ['release date'] (+20),general
4879420,web_result,unknown_date,https://www.bluesnews.com/s/303320/beltfed-roguelike-factory-defense-announced,BELTFED - Roguelike Factory Defense Announced,"Hello World Studios announces BELTFED - Roguelike Factory Defense, an upcoming tower defense/factory automation game. This is coming to PC  on Steam, which lists a 2027 release window.  This post offers a first developer update talking about what to expect. The Official Announcement Trailer shows off combat that expends an awful lot of ammo against huge swarms of invaders. Here's word: [...] > BELTFED is a roguelike factory-defense game of rapid, brutal runs and absurd scale. Lay belts, wire up smelters and assemblers, and balance your power grid, turning raw ore into raw firepower. All the while a planet's worth of bugs descends upon your factory. This is automation fused with total war.  
> [...] >    
>  The swarm arrives in the hundreds of thousands. Meet them with guns, flamethrowers, launchers, mortars, lasers, drones, mines and more - all of it fueled by your own production lines. A single run can push your kill count into the millions. Welcome to slaughter at an industrial scale.",,"trailer, announcement",40,medium,"Exact title match (+20); Keywords ['trailer', 'announcement'] (+20)",general
4879420,web_result,unknown_date,https://store.steampowered.com/app/4879420/BELTFED__Roguelike_Factory_Defense,BELTFED - Roguelike Factory Defense on Steam,"Interested?  
Add to your wishlist and get notified when it becomes available.

View Community Hub

## About This Game

BELTFED is a roguelike factory-defense game of rapid, brutal runs and absurd scale. Lay belts, wire up smelters and assemblers, and balance your power grid, turning raw ore into raw firepower. All the while a planet's worth of bugs descends upon your factory. This is automation fused with total war.

## AUTOMATE DEATH [...] Release

2027

You are a rogue AI with one directive: AUTOMATE DEATH. Shred, burn and vaporize overwhelming swarms of ravenous bugs as your part factory, part war machine lays waste to one world after another. In BELTFED, the factory is your weapon.

All Reviews:

No user reviews

Release Date:

2027

Developer:

Hello World Studios

Publisher:

Hello World Studios

Tags

Popular user-defined tags for this product: [...] Factory Automation. Conveyor belts, smelters and assemblers turn raw resources into a constant supply of ammunition.
 Roguelike Runs. Build up from nothing and reach the end game inside a single run. Experience the full automation arc in one sitting.
 Tower Defense Combat. Guns, flamethrowers, rocket launchers, mortars, lasers, drones and mines, all supplied by your own production lines.",,release date,40,medium,Exact title match (+20); Keywords ['release date'] (+20),general
4879420,web_result,unknown_date,https://www.bluesnews.com/s/303320/beltfed-roguelike-factory-defense-announced,BELTFED - Roguelike Factory Defense Announced,"> BELTFED is a roguelike factory-defense game of rapid, brutal runs and absurd scale. Lay belts, wire up smelters and assemblers, and balance your power grid, turning raw ore into raw firepower. All the while a planet's worth of bugs descends upon your factory. This is automation fused with total war.  
> [...] Hello World Studios announces BELTFED - Roguelike Factory Defense, an upcoming tower defense/factory automation game. This is coming to PC  on Steam, which lists a 2027 release window.  This post offers a first developer update talking about what to expect. The Official Announcement Trailer shows off combat that expends an awful lot of ammo against huge swarms of invaders. Here's word: [...] >    
>  The swarm arrives in the hundreds of thousands. Meet them with guns, flamethrowers, launchers, mortars, lasers, drones, mines and more - all of it fueled by your own production lines. A single run can push your kill count into the millions. Welcome to slaughter at an industrial scale.",,"trailer, announcement",40,medium,"Exact title match (+20); Keywords ['trailer', 'announcement'] (+20)",general
4879420,web_result,unknown_date,https://gamefaqs.gamespot.com/pc/710877-beltfed-roguelike-factory-defense/data,BELTFED - Roguelike Factory Defense – Release Details,"## Release Data

| Box | Title | | | | | |
| Region | Publisher | Product ID | Distribution / Barcode | Release Date | Rating |
|  | BELTFED - Roguelike Factory Defense | | | | | |
| US | Hello World Studios | 4879420 | Steam | TBA |  |

## Description

1. You are a rogue AI with one directive: AUTOMATE DEATH. Shred, burn and vaporize overwhelming swarms of ravenous bugs as your part factory, part war machine lays waste to one world after another. In BELTFED, the factory is your weapon.",,release date,40,medium,Exact title match (+20); Keywords ['release date'] (+20),general
4879420,web_result,unknown_date,https://www.bluesnews.com/s/303320/beltfed-roguelike-factory-defense-announced,BELTFED - Roguelike Factory Defense Announced,"> BELTFED is a roguelike factory-defense game of rapid, brutal runs and absurd scale. Lay belts, wire up smelters and assemblers, and balance your power grid, turning raw ore into raw firepower. All the while a planet's worth of bugs descends upon your factory. This is automation fused with total war.  
> [...] Hello World Studios announces BELTFED - Roguelike Factory Defense, an upcoming tower defense/factory automation game. This is coming to PC  on Steam, which lists a 2027 release window.  This post offers a first developer update talking about what to expect. The Official Announcement Trailer shows off combat that expends an awful lot of ammo against huge swarms of invaders. Here's word: [...] >    
>  The swarm arrives in the hundreds of thousands. Meet them with guns, flamethrowers, launchers, mortars, lasers, drones, mines and more - all of it fueled by your own production lines. A single run can push your kill count into the millions. Welcome to slaughter at an industrial scale.",,"trailer, announcement",40,medium,"Exact title match (+20); Keywords ['trailer', 'announcement'] (+20)",general
4879420,web_result,unknown_date,https://store.steampowered.com/app/4879420/BELTFED__Roguelike_Factory_Defense,BELTFED - Roguelike Factory Defense on Steam,"Interested?  
Add to your wishlist and get notified when it becomes available.

View Community Hub

## About This Game

BELTFED is a roguelike factory-defense game of rapid, brutal runs and absurd scale. Lay belts, wire up smelters and assemblers, and balance your power grid, turning raw ore into raw firepower. All the while a planet's worth of bugs descends upon your factory. This is automation fused with total war.

## AUTOMATE DEATH [...] Factory Automation. Conveyor belts, smelters and assemblers turn raw resources into a constant supply of ammunition.
 Roguelike Runs. Build up from nothing and reach the end game inside a single run. Experience the full automation arc in one sitting.
 Tower Defense Combat. Guns, flamethrowers, rocket launchers, mortars, lasers, drones and mines, all supplied by your own production lines. [...] Release

2027

You are a rogue AI with one directive: AUTOMATE DEATH. Shred, burn and vaporize overwhelming swarms of ravenous bugs as your part factory, part war machine lays waste to one world after another. In BELTFED, the factory is your weapon.

All Reviews:

No user reviews

Release Date:

2027

Developer:

Hello World Studios

Publisher:

Hello World Studios

Tags

Popular user-defined tags for this product:",,release date,40,medium,Exact title match (+20); Keywords ['release date'] (+20),general
4879420,web_result,unknown_date,https://store.steampowered.com/app/4879420/BELTFED__Roguelike_Factory_Defense,BELTFED - Roguelike Factory Defense on Steam,"English and 5 more

| Interface | Full Audio | Subtitles |
 --- 
| English | ✔ |  |  |
| French | ✔ |  |  |
| Italian | ✔ |  |  |
| German | ✔ |  |  |
| Spanish - Spain | ✔ |  |  |
| Traditional Chinese | ✔ |  |  |

See all 6 supported languages

Title: BELTFED - Roguelike Factory Defense  
 Genre: Strategy  

Developer: Hello World Studios

Publisher: Hello World Studios

Release Date: 2027 [...] Release

2027

You are a rogue AI with one directive: AUTOMATE DEATH. Shred, burn and vaporize overwhelming swarms of ravenous bugs as your part factory, part war machine lays waste to one world after another. In BELTFED, the factory is your weapon.

All Reviews:

No user reviews

Release Date:

2027

Developer:

Hello World Studios

Publisher:

Hello World Studios

Tags

Popular user-defined tags for this product: [...] Release Date: 2027

Visit the website External   Discord External   Bluesky External   Facebook External   Instagram External   Threads External   TikTok External   X External   YouTube External   View privacy policy External   View update history   Read related news   View discussions   Find Community Groups

Embed

Report this Product)

Links & info

This game is not yet available on Steam

# Planned Release Date: 2027",,release date,40,medium,Exact title match (+20); Keywords ['release date'] (+20),general
4879420,web_result,unknown_date,https://www.bluesnews.com/s/303320/beltfed-roguelike-factory-defense-announced,BELTFED - Roguelike Factory Defense Announced,"Hello World Studios announces BELTFED - Roguelike Factory Defense, an upcoming tower defense/factory automation game. This is coming to PC  on Steam, which lists a 2027 release window.  This post offers a first developer update talking about what to expect. The Official Announcement Trailer shows off combat that expends an awful lot of ammo against huge swarms of invaders. Here's word: [...] # Archives

 News Data - July/96-Present
 News HTML - July/96-Feb/99
 Press Releases & Articles
 .plan Archive
 Logo Archive
 Screenshots Archive

# Departments

 Discussion Forums
 Mail Bag
 Feeds & Services

# Site/Contact

 Submit News
 Contact Blue
 Support the Site!
 Advertising Info
 FAQ
 Privacy Policy
 Site Statistics
 Site Credits

# Customize

 User Settings

 Background:

 Headlines:

## BELTFED - Roguelike Factory Defense Announced [Sep 19, 2026, 12:34 pm ET] – 6 Comments [...] > BELTFED is a roguelike factory-defense game of rapid, brutal runs and absurd scale. Lay belts, wire up smelters and assemblers, and balance your power grid, turning raw ore into raw firepower. All the while a planet's worth of bugs descends upon your factory. This is automation fused with total war.  
>",,"trailer, announcement",40,medium,"Exact title match (+20); Keywords ['trailer', 'announcement'] (+20)",general
4879420,web_result,unknown_date,https://www.bluesnews.com/cgi-bin/board.pl?action=viewthread&boardid=1&threadid=303320,BELTFED - Roguelike Factory Defense Announced - Blue's News Comments,"Hello World Studios announces BELTFED - Roguelike Factory Defense, an upcoming tower defense/factory automation game. This is coming to PC  on Steam, which lists a 2027 release window.  This post offers a first developer update talking about what to expect. The Official Announcement Trailer shows off combat that expends an awful lot of ammo against huge swarms of invaders. Here's word: [...] Headlines:

## BELTFED - Roguelike Factory Defense Announced [Sep 19, 2026, 12:34 pm ET] – Share – Viewing Comments [...] soundeffects

5.

Re: BELTFED - Roguelike Factory Defense Announced Sep 20, 2026, 14:43

Sep 20, 2026, 14:43

soundeffects

> jacobvandy wrote on Sep 20, 2026, 00:29:  
> Hell yeah! This is pretty much what I wished Factorio would be. Combat was such an afterthought in that game, it might as well not even have existed.",,"trailer, announcement",40,medium,"Exact title match (+20); Keywords ['trailer', 'announcement'] (+20)",general
4879420,web_result,unknown_date,https://gamefaqs.gamespot.com/pc/710877-beltfed-roguelike-factory-defense/data,BELTFED - Roguelike Factory Defense – Release Details,"## Release Data

| Box | Title | | | | | |
| Region | Publisher | Product ID | Distribution / Barcode | Release Date | Rating |
|  | BELTFED - Roguelike Factory Defense | | | | | |
| US | Hello World Studios | 4879420 | Steam | TBA |  |

## Description

1. You are a rogue AI with one directive: AUTOMATE DEATH. Shred, burn and vaporize overwhelming swarms of ravenous bugs as your part factory, part war machine lays waste to one world after another. In BELTFED, the factory is your weapon. [...] Home
 Boards
 News
 Q&A
 Community
 Contribute
 Games

  

 3DS
 Android
 Board/Card
 iOS
 PC
 PlayStation 3
 PlayStation 4
 PlayStation 5
 Switch
 Switch 2
 Vita
 Xbox 360
 Xbox One
 Xbox Series
 More Systems

Log In
Sign Up

## Title Data

1. Genre: 
   Strategy > Real-Time > Tactics
2. Developer: 
   Hello World Studios

## Release Data",,release date,40,medium,Exact title match (+20); Keywords ['release date'] (+20),general
4879420,web_result,unknown_date,https://www.bluesnews.com/s/303320/beltfed-roguelike-factory-defense-announced,BELTFED - Roguelike Factory Defense Announced,"Hello World Studios announces BELTFED - Roguelike Factory Defense, an upcoming tower defense/factory automation game. This is coming to PC  on Steam, which lists a 2027 release window.  This post offers a first developer update talking about what to expect. The Official Announcement Trailer shows off combat that expends an awful lot of ammo against huge swarms of invaders. Here's word: [...] > BELTFED is a roguelike factory-defense game of rapid, brutal runs and absurd scale. Lay belts, wire up smelters and assemblers, and balance your power grid, turning raw ore into raw firepower. All the while a planet's worth of bugs descends upon your factory. This is automation fused with total war.  
> [...] # Archives

 News Data - July/96-Present
 News HTML - July/96-Feb/99
 Press Releases & Articles
 .plan Archive
 Logo Archive
 Screenshots Archive

# Departments

 Discussion Forums
 Mail Bag
 Feeds & Services

# Site/Contact

 Submit News
 Contact Blue
 Support the Site!
 Advertising Info
 FAQ
 Privacy Policy
 Site Statistics
 Site Credits

# Customize

 User Settings

 Background:

 Headlines:

## BELTFED - Roguelike Factory Defense Announced [Sep 19, 2026, 12:34 pm ET] – 6 Comments",,"trailer, announcement",40,medium,"Exact title match (+20); Keywords ['trailer', 'announcement'] (+20)",general
4879420,web_result,unknown_date,https://store.steampowered.com/app/4879420/BELTFED__Roguelike_Factory_Defense,BELTFED - Roguelike Factory Defense on Steam,"Interested?  
Add to your wishlist and get notified when it becomes available.

View Community Hub

## About This Game

BELTFED is a roguelike factory-defense game of rapid, brutal runs and absurd scale. Lay belts, wire up smelters and assemblers, and balance your power grid, turning raw ore into raw firepower. All the while a planet's worth of bugs descends upon your factory. This is automation fused with total war.

## AUTOMATE DEATH [...] English and 5 more

| Interface | Full Audio | Subtitles |
 --- 
| English | ✔ |  |  |
| French | ✔ |  |  |
| Italian | ✔ |  |  |
| German | ✔ |  |  |
| Spanish - Spain | ✔ |  |  |
| Traditional Chinese | ✔ |  |  |

See all 6 supported languages

Title: BELTFED - Roguelike Factory Defense  
 Genre: Strategy  

Developer: Hello World Studios

Publisher: Hello World Studios

Release Date: 2027 [...] Release

2027

You are a rogue AI with one directive: AUTOMATE DEATH. Shred, burn and vaporize overwhelming swarms of ravenous bugs as your part factory, part war machine lays waste to one world after another. In BELTFED, the factory is your weapon.

All Reviews:

No user reviews

Release Date:

2027

Developer:

Hello World Studios

Publisher:

Hello World Studios

Tags

Popular user-defined tags for this product:",,release date,40,medium,Exact title match (+20); Keywords ['release date'] (+20),general
4879420,web_result,unknown_date,https://gamefaqs.gamespot.com/pc/710877-beltfed-roguelike-factory-defense/data,BELTFED - Roguelike Factory Defense – Release Details,"## Release Data

| Box | Title | | | | | |
| Region | Publisher | Product ID | Distribution / Barcode | Release Date | Rating |
|  | BELTFED - Roguelike Factory Defense | | | | | |
| US | Hello World Studios | 4879420 | Steam | TBA |  |

## Description

1. You are a rogue AI with one directive: AUTOMATE DEATH. Shred, burn and vaporize overwhelming swarms of ravenous bugs as your part factory, part war machine lays waste to one world after another. In BELTFED, the factory is your weapon.",,release date,40,medium,Exact title match (+20); Keywords ['release date'] (+20),general
4879420,web_result,unknown_date,https://www.bluesnews.com/s/303320/beltfed-roguelike-factory-defense-announced,BELTFED - Roguelike Factory Defense Announced,"> BELTFED is a roguelike factory-defense game of rapid, brutal runs and absurd scale. Lay belts, wire up smelters and assemblers, and balance your power grid, turning raw ore into raw firepower. All the while a planet's worth of bugs descends upon your factory. This is automation fused with total war.  
> [...] Hello World Studios announces BELTFED - Roguelike Factory Defense, an upcoming tower defense/factory automation game. This is coming to PC  on Steam, which lists a 2027 release window.  This post offers a first developer update talking about what to expect. The Official Announcement Trailer shows off combat that expends an awful lot of ammo against huge swarms of invaders. Here's word: [...] >    
>  The swarm arrives in the hundreds of thousands. Meet them with guns, flamethrowers, launchers, mortars, lasers, drones, mines and more - all of it fueled by your own production lines. A single run can push your kill count into the millions. Welcome to slaughter at an industrial scale.",,"trailer, announcement",40,medium,"Exact title match (+20); Keywords ['trailer', 'announcement'] (+20)",general
4879420,web_result,unknown_date,https://store.steampowered.com/app/4879420/BELTFED__Roguelike_Factory_Defense,BELTFED - Roguelike Factory Defense on Steam,"Interested?  
Add to your wishlist and get notified when it becomes available.

View Community Hub

## About This Game

BELTFED is a roguelike factory-defense game of rapid, brutal runs and absurd scale. Lay belts, wire up smelters and assemblers, and balance your power grid, turning raw ore into raw firepower. All the while a planet's worth of bugs descends upon your factory. This is automation fused with total war.

## AUTOMATE DEATH [...] Release

2027

You are a rogue AI with one directive: AUTOMATE DEATH. Shred, burn and vaporize overwhelming swarms of ravenous bugs as your part factory, part war machine lays waste to one world after another. In BELTFED, the factory is your weapon.

All Reviews:

No user reviews

Release Date:

2027

Developer:

Hello World Studios

Publisher:

Hello World Studios

Tags

Popular user-defined tags for this product: [...] Factory Automation. Conveyor belts, smelters and assemblers turn raw resources into a constant supply of ammunition.
 Roguelike Runs. Build up from nothing and reach the end game inside a single run. Experience the full automation arc in one sitting.
 Tower Defense Combat. Guns, flamethrowers, rocket launchers, mortars, lasers, drones and mines, all supplied by your own production lines.",,release date,40,medium,Exact title match (+20); Keywords ['release date'] (+20),general
4879420,web_result,unknown_date,https://www.bluesnews.com/cgi-bin/board.pl?action=viewthread&boardid=1&threadid=303320,BELTFED - Roguelike Factory Defense Announced,"> BELTFED is a roguelike factory-defense game of rapid, brutal runs and absurd scale. Lay belts, wire up smelters and assemblers, and balance your power grid, turning raw ore into raw firepower. All the while a planet's worth of bugs descends upon your factory. This is automation fused with total war.  
> [...] Hello World Studios announces BELTFED - Roguelike Factory Defense, an upcoming tower defense/factory automation game. This is coming to PC  on Steam, which lists a 2027 release window.  This post offers a first developer update talking about what to expect. The Official Announcement Trailer shows off combat that expends an awful lot of ammo against huge swarms of invaders. Here's word: [...] View :  :  :

Post Comment

Search Log In

Search Log In Post Comment

6 Replies. 1 pages. Viewing page 1.  
 Newer [  1  ] Older

6.

Re: BELTFED - Roguelike Factory Defense Announced  
 Sep 21, 2026, 00:22

FloorPie

6.

Re: BELTFED - Roguelike Factory Defense Announced Sep 21, 2026, 00:22

Sep 21, 2026, 00:22

FloorPie

Flame throwers from a train! Flamingly good idea. Game wishlisted.

Reply Quote Report

5.

Re: BELTFED - Roguelike Factory Defense Announced  
 Sep 20, 2026, 14:43",,"trailer, announcement",40,medium,"Exact title match (+20); Keywords ['trailer', 'announcement'] (+20)",general
4879420,web_result,unknown_date,https://store.steampowered.com/app/4879420/BELTFED__Roguelike_Factory_Defense,BELTFED - Roguelike Factory Defense on Steam,"Interested?  
Add to your wishlist and get notified when it becomes available.

View Community Hub

## About This Game

BELTFED is a roguelike factory-defense game of rapid, brutal runs and absurd scale. Lay belts, wire up smelters and assemblers, and balance your power grid, turning raw ore into raw firepower. All the while a planet's worth of bugs descends upon your factory. This is automation fused with total war.

## AUTOMATE DEATH [...] Release

2027

You are a rogue AI with one directive: AUTOMATE DEATH. Shred, burn and vaporize overwhelming swarms of ravenous bugs as your part factory, part war machine lays waste to one world after another. In BELTFED, the factory is your weapon.

All Reviews:

No user reviews

Release Date:

2027

Developer:

Hello World Studios

Publisher:

Hello World Studios

Tags

Popular user-defined tags for this product: [...] English and 5 more

| Interface | Full Audio | Subtitles |
 --- 
| English | ✔ |  |  |
| French | ✔ |  |  |
| Italian | ✔ |  |  |
| German | ✔ |  |  |
| Spanish - Spain | ✔ |  |  |
| Traditional Chinese | ✔ |  |  |

See all 6 supported languages

Title: BELTFED - Roguelike Factory Defense  
 Genre: Strategy  

Developer: Hello World Studios

Publisher: Hello World Studios

Release Date: 2027",,release date,40,medium,Exact title match (+20); Keywords ['release date'] (+20),general
4879420,web_result,unknown_date,https://store.steampowered.com/app/4879420/BELTFED__Roguelike_Factory_Defense,BELTFED - Roguelike Factory Defense on Steam,"All Games > Strategy Games > BELTFED - Roguelike Factory Defense

Community Hub

BELTFED - Roguelike Factory Defense

BELTFED - Roguelike Factory Defense

BELTFED - Roguelike Factory Defense

Developer

Hello World Studios

Publisher

Hello World Studios

Release

2027 [...] English and 5 more

| Interface | Full Audio | Subtitles |
 --- 
| English | ✔ |  |  |
| French | ✔ |  |  |
| Italian | ✔ |  |  |
| German | ✔ |  |  |
| Spanish - Spain | ✔ |  |  |
| Traditional Chinese | ✔ |  |  |

See all 6 supported languages

Title: BELTFED - Roguelike Factory Defense  
 Genre: Strategy  

Developer: Hello World Studios

Publisher: Hello World Studios

Release Date: 2027 [...] Release

2027

You are a rogue AI with one directive: AUTOMATE DEATH. Shred, burn and vaporize overwhelming swarms of ravenous bugs as your part factory, part war machine lays waste to one world after another. In BELTFED, the factory is your weapon.

All Reviews:

No user reviews

Release Date:

2027

Developer:

Hello World Studios

Publisher:

Hello World Studios

Tags

Popular user-defined tags for this product:",,release date,40,medium,Exact title match (+20); Keywords ['release date'] (+20),general
4879420,web_result,unknown_date,https://www.bluesnews.com/s/303320/beltfed-roguelike-factory-defense-announced,BELTFED - Roguelike Factory Defense Announced,"Hello World Studios announces BELTFED - Roguelike Factory Defense, an upcoming tower defense/factory automation game. This is coming to PC  on Steam, which lists a 2027 release window.  This post offers a first developer update talking about what to expect. The Official Announcement Trailer shows off combat that expends an awful lot of ammo against huge swarms of invaders. Here's word: [...] > BELTFED is a roguelike factory-defense game of rapid, brutal runs and absurd scale. Lay belts, wire up smelters and assemblers, and balance your power grid, turning raw ore into raw firepower. All the while a planet's worth of bugs descends upon your factory. This is automation fused with total war.  
> [...] Blue's News!

Resident News!

User Settings | Customize

Send News · Want a reply? · The FAQ · News Forum · All Forums · RSS Headlines RSS Headlines · Bluesky Bluesky · X X/Twitter

# Stories of Note

 Gears of War: E-Day Specs
 STARCRAFT Announced
 Diablo V Announced
 The Blood of Dawnwalker
 Squadron 42 Delayed
 GTA6 Extended Trailer
 SW Zero Company Released
 The Witcher IV in 2028
 Warren Spector Retires
 Halo: Campaign Evolved

# Popular Threads",,"trailer, announcement",40,medium,"Exact title match (+20); Keywords ['trailer', 'announcement'] (+20)",general
4879420,web_result,unknown_date,https://gamefaqs.gamespot.com/pc/710877-beltfed-roguelike-factory-defense/data,BELTFED - Roguelike Factory Defense – Release Details,"## Release Data

| Box | Title | | | | | |
| Region | Publisher | Product ID | Distribution / Barcode | Release Date | Rating |
|  | BELTFED - Roguelike Factory Defense | | | | | |
| US | Hello World Studios | 4879420 | Steam | TBA |  |

## Description

1. You are a rogue AI with one directive: AUTOMATE DEATH. Shred, burn and vaporize overwhelming swarms of ravenous bugs as your part factory, part war machine lays waste to one world after another. In BELTFED, the factory is your weapon. [...] Home
 Boards
 News
 Q&A
 Community
 Contribute
 Games

  

 3DS
 Android
 Board/Card
 iOS
 PC
 PlayStation 3
 PlayStation 4
 PlayStation 5
 Switch
 Switch 2
 Vita
 Xbox 360
 Xbox One
 Xbox Series
 More Systems

Log In
Sign Up

## Title Data

1. Genre: 
   Strategy > Real-Time > Tactics
2. Developer: 
   Hello World Studios

## Release Data",,release date,40,medium,Exact title match (+20); Keywords ['release date'] (+20),general
4879420,web_result,unknown_date,https://store.steampowered.com/app/4879420/BELTFED__Roguelike_Factory_Defense,BELTFED - Roguelike Factory Defense on Steam,"English and 5 more

| Interface | Full Audio | Subtitles |
 --- 
| English | ✔ |  |  |
| French | ✔ |  |  |
| Italian | ✔ |  |  |
| German | ✔ |  |  |
| Spanish - Spain | ✔ |  |  |
| Traditional Chinese | ✔ |  |  |

See all 6 supported languages

Title: BELTFED - Roguelike Factory Defense  
 Genre: Strategy  

Developer: Hello World Studios

Publisher: Hello World Studios

Release Date: 2027 [...] All Games > Strategy Games > BELTFED - Roguelike Factory Defense

Community Hub

BELTFED - Roguelike Factory Defense

BELTFED - Roguelike Factory Defense

BELTFED - Roguelike Factory Defense

Developer

Hello World Studios

Publisher

Hello World Studios

Release

2027 [...] Release

2027

You are a rogue AI with one directive: AUTOMATE DEATH. Shred, burn and vaporize overwhelming swarms of ravenous bugs as your part factory, part war machine lays waste to one world after another. In BELTFED, the factory is your weapon.

All Reviews:

No user reviews

Release Date:

2027

Developer:

Hello World Studios

Publisher:

Hello World Studios

Tags

Popular user-defined tags for this product:",,release date,40,medium,Exact title match (+20); Keywords ['release date'] (+20),general
4879420,web_result,unknown_date,https://www.bluesnews.com/s/303320/beltfed-roguelike-factory-defense-announced,BELTFED - Roguelike Factory Defense Announced,"Hello World Studios announces BELTFED - Roguelike Factory Defense, an upcoming tower defense/factory automation game. This is coming to PC  on Steam, which lists a 2027 release window.  This post offers a first developer update talking about what to expect. The Official Announcement Trailer shows off combat that expends an awful lot of ammo against huge swarms of invaders. Here's word: [...] > BELTFED is a roguelike factory-defense game of rapid, brutal runs and absurd scale. Lay belts, wire up smelters and assemblers, and balance your power grid, turning raw ore into raw firepower. All the while a planet's worth of bugs descends upon your factory. This is automation fused with total war.  
> [...] Blue's News!

Resident News!

User Settings | Customize

Send News · Want a reply? · The FAQ · News Forum · All Forums · RSS Headlines RSS Headlines · Bluesky Bluesky · X X/Twitter

# Stories of Note

 Gears of War: E-Day Specs
 STARCRAFT Announced
 Diablo V Announced
 The Blood of Dawnwalker
 Squadron 42 Delayed
 GTA6 Extended Trailer
 SW Zero Company Released
 The Witcher IV in 2028
 Warren Spector Retires
 Halo: Campaign Evolved

# Popular Threads",,"trailer, announcement",40,medium,"Exact title match (+20); Keywords ['trailer', 'announcement'] (+20)",general
4879420,web_result,unknown_date,https://gamefaqs.gamespot.com/pc/710877-beltfed-roguelike-factory-defense/data,BELTFED - Roguelike Factory Defense – Release Details,"Home
 Boards
 News
 Q&A
 Community
 Contribute
 Games

  

 3DS
 Android
 Board/Card
 iOS
 PC
 PlayStation 3
 PlayStation 4
 PlayStation 5
 Switch
 Switch 2
 Vita
 Xbox 360
 Xbox One
 Xbox Series
 More Systems

Log In
Sign Up

## Title Data

1. Genre: 
   Strategy > Real-Time > Tactics
2. Developer: 
   Hello World Studios

## Release Data [...] ## Release Data

| Box | Title | | | | | |
| Region | Publisher | Product ID | Distribution / Barcode | Release Date | Rating |
|  | BELTFED - Roguelike Factory Defense | | | | | |
| US | Hello World Studios | 4879420 | Steam | TBA |  |

## Description

1. You are a rogue AI with one directive: AUTOMATE DEATH. Shred, burn and vaporize overwhelming swarms of ravenous bugs as your part factory, part war machine lays waste to one world after another. In BELTFED, the factory is your weapon.",,release date,40,medium,Exact title match (+20); Keywords ['release date'] (+20),general
4879420,steam_news,inside_extended_window,https://steamstore-a.akamaihd.net/news/externalpost/steam_community_announcements/1843481262695661,Developer Update #1: SYSTEMS ONLINE,,"Developer Update #1: SYSTEMS ONLINE WELCOMEHello! If you're reading this then you're one of the very first people to discover BELTFED. And although it's just been announced, it's been in the works since 2023. It's really cool to finally show off what we've been working hard on for the last three yea",,35,medium,Inside extended window (+15); Official Steam News (+20),
4879420,youtube_video,outside_window,https://www.youtube.com/watch?v=fq10M_wIZ0g,The Jump Back Before Vs After The Update - Helldivers 2,,Helldivers 2 gameplay helldivers 2 illuminate helldivers 2 bugs helldivers 2 bots #helldivers2 #helldivers #shorts Helldivers 2 ...,gameplay,35,medium,YouTube (+15); Keywords ['gameplay'] (+20),
4879420,reddit_discussion,unknown_date,https://www.reddit.com/r/Games/comments/1wjjdk6/beltfed_official_announcement_trailer,BELTFED – Official Announcement Trailer : r/Games,"MayoJam

•2h ago

As a fan of factory games I am kind of iffy on the whole roguelike aspect - I prefer constant expansion and improvement instead of resetting and playing from zero every time.

Looks great and interesting nonethenless.

Image 16: u/EriktheRed avatar

EriktheRed

•2h ago• Edited 2h ago

I just took that to mean “you can lose, and will restart on a new map” just like factorio rather than there being some win condition that ends the game. Excited either way [...] I recently played Sir, We Have an Orc Problem, which is an ugly but beautifully-designed tower defense game. It got me in the mood for defense games, so I reinstalled games like Warhammer 40K: Dawn of War and They Are Billions specifically so I could see waves of enemies get annihilated by gigantic bursts of gunfire.

Beltfed looks like it will scratch that specific itch.

[](

MayoJam

•2h ago [...] It looks very cool and I've wishlisted, but I'll predict a problem already now: When making a game that looks like Factorio it will inevitably be played by a lot of players that have played Factorio and it will be compared to Factorio, and the Factorio devs have made literally thousands of quality of life features and optimisations over the years that makes the game feel great to play. Many of these will be missing from this game in the beginning and the contrast will be very jarring. Its an",,"trailer, announcement",30,weak,"Reddit (+10); Keywords ['trailer', 'announcement'] (+20)",social
4879420,web_result,unknown_date,https://www.gamingonlinux.com/2026/09/factory-defence-in-beltfed-looks-juicy-as-you-take-down-millions-of-bugs,Factory defence in BELTFED looks juicy as you take down ...,"More about it - BELTFED is a factory defence game that combines factory automation with large scale wave-based defence. Players take on the role of a rogue AI whose one directive is to automate death - laying conveyor belts, wiring up smelters and assemblers, and arming an ever expanding war machine as waves of giant hostile enemy insects grow larger with every run. Like a much more explosive version of Factorio. The game is built around a roguelike run structure, with a massive number of [...] Factory Automation: Conveyor belts, smelters and assemblers turn raw resources into an endless supply of ammunition.
 Tower Defense Combat: Guns, flamethrowers, rocket launchers, mortars, lasers, drones and mines, all supplied by your own production lines.
 Massive Swarms: Ludicrous amounts of enemies on screen at once, with kill counts reaching the millions in a single run.
 Roguelike Runs: Every run is a fresh build with a defined beginning and end, not a base to maintain indefinitely. [...] Look at all those bugs getting juiced in the trailer below:

YouTube Thumbnail

YouTube videos require cookies, you must accept their cookies to view. View cookie preferences.  
Accept Cookies & Show   Direct Link

They've confirmed that a playable demo will arrive sometime later this year.",,"trailer, demo",25,weak,"Social Index (+5); Keywords ['trailer', 'demo'] (+20)",general
4879420,social_post,unknown_date,https://rogueliker.com/beltfed-roguelike-factory-defense-announcement-trailer-steam,Automation meets tower defense meets the swarm in ...,"Beltfed – Roguelike Factory Defense is exactly what it says on the tin, a factory game built around tower defense mechanics, and then held together with a roguelike progression loop. It sounds like there’ll be mid-run upgrade cards to keep things fresh, and you’ll unlock new tech to use in future runs. [...] Skip to content

 YouTube
 Reddit
 Bluesky
 Google

## Automation meets tower defense meets the swarm in Beltfed, newly announced on Steam

Mike Holmes

If run-of-the-mill automation games are just a bit too cosy for you, then Beltfed – Roguelike Factory Defense might be a game to put on your wishlist, because in this one you’re not just trying to optimise; you’re trying to build a factory capable of wiping out huge swarms of giant insects. [...] If you want to see Beltfed – Roguelike Factory Defense in action, there’s a trailer below that shows off the scale of the insect hordes, and I have to say, it’s impressive stuff, and I look forward to taking a deeper dive when the time comes.

## Would you like to know more?",,trailer,25,weak,Social Index (+5); Keywords ['trailer'] (+20),social
4879420,web_result,unknown_date,https://www.yogomi.com/2026/09/beltfed-brings-factory-automation-and-massive-bug-swarms-to-steam,Yogomi: BELTFED Brings Factory Automation and Massive Bug Swarms to Steam,"Hello World Studios has announced BELTFED, a roguelike factory-defense game that combines automation, base building, and enormous enemy swarms. The studio’s debut title now has a Steam page, with a playable demo planned for later this year. [...] BELTFED is being developed by Hello World Studios, a two-person team founded by brothers Troy and Toby. The studio says its experience in both indie development and distributed systems engineering has helped it target the large enemy counts at the center of the game’s design.

The Steam page currently lists BELTFED for a 2027 release. Players can wishlist the game now, with a demo expected to arrive later this year.

BELTFED FactoryAutomation HelloWorldStudios Roguelike towerdefense [...] Close Menu 

Yogomi

Facebook   Instagram   YouTube   Bluesky   LinkedIn   Twitch   Steam

Yogomi

Yogomi

Gaming

# BELTFED Brings Factory Automation and Massive Bug Swarms to Steam

Hello World Studios’ upcoming roguelike factory-defense game casts players as a rogue AI building an industrial war machine one conveyor belt at a time.

yogomiBy yogomi3 Mins Read

Share

Facebook   Twitter   LinkedIn   Email   Bluesky   Tumblr   Threads   Copy Link",,demo,20,weak,Keywords ['demo'] (+20),general
4879420,web_result,unknown_date,https://games.mxdwn.com/news/beltfed-a-roguelike-factory-defense-game-has-just-been-announced,"Beltfed, a Roguelike ""Factory-Defense"" Game, Has Just Been Announced - mxdwn Games","The trailer places viewers in the heart of the action, showing off the carnage created by the waves of enemies crashing against the factory’s walls. The wall itself is made up of standard weapons one would see in the defense game, such as lightning conductors, turret guns, and flamethrowers. Later on, the factory also makes use a flaming train to clear away enemies on a track. After the preview, the heart of the game is revealed as players begin with a single structure called the Nexus before [...] The developer of Beltfed,Hello World Studios, has received a lot of attention on the announcement trailer given how new the channel is. While no exact release date has been given, the game is set to come during 2027 on PC.

Alexander Jordan

(

© mxdwn.com 2001 - 2026. All rights reserved. Privacy Policy [...] a new trailer and Steam store page.",,"trailer, announcement, release date",20,weak,"Keywords ['trailer', 'announcement', 'release date'] (+20)",general
4879420,web_result,unknown_date,https://rogueliker.com/beltfed-roguelike-factory-defense-announcement-trailer-steam,Automation meets tower defense meets the swarm in ...,"If you want to see Beltfed – Roguelike Factory Defense in action, there’s a trailer below that shows off the scale of the insect hordes, and I have to say, it’s impressive stuff, and I look forward to taking a deeper dive when the time comes.

## Would you like to know more? [...] Beltfed – Roguelike Factory Defense is exactly what it says on the tin, a factory game built around tower defense mechanics, and then held together with a roguelike progression loop. It sounds like there’ll be mid-run upgrade cards to keep things fresh, and you’ll unlock new tech to use in future runs. [...] Skip to content

 YouTube
 Reddit
 Bluesky
 Google

## Automation meets tower defense meets the swarm in Beltfed, newly announced on Steam

Mike Holmes

If run-of-the-mill automation games are just a bit too cosy for you, then Beltfed – Roguelike Factory Defense might be a game to put on your wishlist, because in this one you’re not just trying to optimise; you’re trying to build a factory capable of wiping out huge swarms of giant insects.",,trailer,20,weak,Keywords ['trailer'] (+20),general
4879420,web_result,unknown_date,https://store.steampowered.com/app/4879420/BELTFED__Roguelike_Factory_Defense,BELTFED - Roguelike Factory Defense on Steam,"Interested?  
Add to your wishlist and get notified when it becomes available.

View Community Hub

## About This Game

BELTFED is a roguelike factory-defense game of rapid, brutal runs and absurd scale. Lay belts, wire up smelters and assemblers, and balance your power grid, turning raw ore into raw firepower. All the while a planet's worth of bugs descends upon your factory. This is automation fused with total war.

## AUTOMATE DEATH [...] Balance industry, power and security as you expand your factory and push into the fog for richer veins and rarer resources. More bugs require more bullets, and supply must keep up because demand doesn't wait. As you expand, choose from run-defining upgrade cards that shape how you play, making every factory different from the last.

## THE NEXUS MUST SURVIVE [...] Factory Automation. Conveyor belts, smelters and assemblers turn raw resources into a constant supply of ammunition.
 Roguelike Runs. Build up from nothing and reach the end game inside a single run. Experience the full automation arc in one sitting.
 Tower Defense Combat. Guns, flamethrowers, rocket launchers, mortars, lasers, drones and mines, all supplied by your own production lines.",,,20,weak,Exact title match (+20),general
4879420,web_result,unknown_date,https://nevermoreniche.com/2026/09/15/roguelike-defense-title-beltfed-revealed-demo-coming-soon,Roguelike Defense Title Beltfed Revealed; Demo Coming Soon! - NeverMore Niche,"> “BELTFED is a roguelike factory defense game that combines factory automation with large scale wave based defense. Players take on the role of a rogue AI whose one directive is to automate death – laying conveyor belts, wiring up smelters and assemblers, and arming an ever expanding war machine as waves of giant hostile enemy insects grow larger with every run. The game is built around a roguelike run structure, with a massive number of enemies displayed on screen at once, kill counts [...] Factory Automation: Conveyor belts, smelters and assemblers turn raw resources into an endless supply of ammunition.
 Tower Defense Combat: Guns, flamethrowers, rocket launchers, mortars, lasers, drones and mines, all supplied by your own production lines.
 Massive Swarms: Ludicrous amounts of enemies on screen at once, with kill counts reaching the millions in a single run.
 Roguelike Runs: Every run is a fresh build with a defined beginning and end, not a base to maintain indefinitely. [...] Right now, AI is everywhere, and it’s terrible (you know, outside of video game AI, which is much more focused…), and it makes you cringe at the thought of hearing about ANOTHER piece of AI taking up room in our lives, right? So, it might fill you with a little bit of joy to know that in the upcoming game Beltfed, Hello World Studios is changing things up by having you play as a rogue AI that is trying to kill…a bunch of bugs! Yes! It’s not about killing humanity! It’s about killing swarms of",,demo,20,weak,Keywords ['demo'] (+20),general
4879420,web_result,unknown_date,https://rogueliker.com/beltfed-roguelike-factory-defense-announcement-trailer-steam,Automation meets tower defense meets the swarm in ...,"Beltfed – Roguelike Factory Defense is exactly what it says on the tin, a factory game built around tower defense mechanics, and then held together with a roguelike progression loop. It sounds like there’ll be mid-run upgrade cards to keep things fresh, and you’ll unlock new tech to use in future runs. [...] If you want to see Beltfed – Roguelike Factory Defense in action, there’s a trailer below that shows off the scale of the insect hordes, and I have to say, it’s impressive stuff, and I look forward to taking a deeper dive when the time comes.

## Would you like to know more? [...] Skip to content

 YouTube
 Reddit
 Bluesky
 Google

## Automation meets tower defense meets the swarm in Beltfed, newly announced on Steam

Mike Holmes

If run-of-the-mill automation games are just a bit too cosy for you, then Beltfed – Roguelike Factory Defense might be a game to put on your wishlist, because in this one you’re not just trying to optimise; you’re trying to build a factory capable of wiping out huge swarms of giant insects.",,trailer,20,weak,Keywords ['trailer'] (+20),general
4879420,web_result,unknown_date,https://games.mxdwn.com/news/beltfed-a-roguelike-factory-defense-game-has-just-been-announced,"Beltfed, a Roguelike ""Factory-Defense"" Game, Has Just ...","The developer of Beltfed,Hello World Studios, has received a lot of attention on the announcement trailer given how new the channel is. While no exact release date has been given, the game is set to come during 2027 on PC.

Alexander Jordan

(

© mxdwn.com 2001 - 2026. All rights reserved. Privacy Policy [...] Menu

# Beltfed, a Roguelike “Factory-Defense” Game, Has Just Been Announced

Home

News

 Alexander Jordan September 18th, 2026 - 2:21 PM [...] Despite the popularity that the tower-defense genre has enjoyed over the years, many games with the label primarily make innovations based on the kinds of abilities tower have or what challenges players will need to overcome. The upcoming Beltfedtakes a much more drastic approach by removing towers from the game entirely, instead having players build up a massive factory in a style of game appropriately dubbed “factory-defense”. A few days ago, the game was announced alongside a new trailer and",,"trailer, announcement, release date",20,weak,"Keywords ['trailer', 'announcement', 'release date'] (+20)",general
4879420,web_result,unknown_date,https://rogueliker.com/beltfed-roguelike-factory-defense-announcement-trailer-steam,Automation meets tower defense meets the swarm in ...,"Beltfed – Roguelike Factory Defense is exactly what it says on the tin, a factory game built around tower defense mechanics, and then held together with a roguelike progression loop. It sounds like there’ll be mid-run upgrade cards to keep things fresh, and you’ll unlock new tech to use in future runs. [...] Skip to content

 YouTube
 Reddit
 Bluesky
 Google

## Automation meets tower defense meets the swarm in Beltfed, newly announced on Steam

Mike Holmes

If run-of-the-mill automation games are just a bit too cosy for you, then Beltfed – Roguelike Factory Defense might be a game to put on your wishlist, because in this one you’re not just trying to optimise; you’re trying to build a factory capable of wiping out huge swarms of giant insects. [...] If you want to see Beltfed – Roguelike Factory Defense in action, there’s a trailer below that shows off the scale of the insect hordes, and I have to say, it’s impressive stuff, and I look forward to taking a deeper dive when the time comes.

## Would you like to know more?",,trailer,20,weak,Keywords ['trailer'] (+20),general
4879420,web_result,unknown_date,https://games.mxdwn.com/news/beltfed-a-roguelike-factory-defense-game-has-just-been-announced,"Beltfed, a Roguelike ""Factory-Defense"" Game, Has Just ...","The developer of Beltfed,Hello World Studios, has received a lot of attention on the announcement trailer given how new the channel is. While no exact release date has been given, the game is set to come during 2027 on PC.

Alexander Jordan

(

© mxdwn.com 2001 - 2026. All rights reserved. Privacy Policy [...] Despite the popularity that the tower-defense genre has enjoyed over the years, many games with the label primarily make innovations based on the kinds of abilities tower have or what challenges players will need to overcome. The upcoming Beltfedtakes a much more drastic approach by removing towers from the game entirely, instead having players build up a massive factory in a style of game appropriately dubbed “factory-defense”. A few days ago, the game was announced alongside a new trailer and [...] Menu

# Beltfed, a Roguelike “Factory-Defense” Game, Has Just Been Announced

Home

News

 Alexander Jordan September 18th, 2026 - 2:21 PM",,"trailer, announcement, release date",20,weak,"Keywords ['trailer', 'announcement', 'release date'] (+20)",general
4879420,web_result,unknown_date,https://games.mxdwn.com/news/beltfed-a-roguelike-factory-defense-game-has-just-been-announced,"Beltfed, a Roguelike ""Factory-Defense"" Game, Has Just ...","The trailer places viewers in the heart of the action, showing off the carnage created by the waves of enemies crashing against the factory’s walls. The wall itself is made up of standard weapons one would see in the defense game, such as lightning conductors, turret guns, and flamethrowers. Later on, the factory also makes use a flaming train to clear away enemies on a track. After the preview, the heart of the game is revealed as players begin with a single structure called the Nexus before [...] One of the most unique mechanics shown off is the emphasis on power, forcing players to wire energy to their outer defenses to make sure they work correctly. These defenses will also be a target for the enemy’s attacks, making defense on all fronts vital to ensure stability. The ultimate goal of the player will be to stave off aggression from the Nexus for as long as possible to unlock permanent upgrades such as new buildings, upgrades, and weapons. [...] Despite the popularity that the tower-defense genre has enjoyed over the years, many games with the label primarily make innovations based on the kinds of abilities tower have or what challenges players will need to overcome. The upcoming Beltfedtakes a much more drastic approach by removing towers from the game entirely, instead having players build up a massive factory in a style of game appropriately dubbed “factory-defense”. A few days ago, the game was announced alongside a new trailer and",,trailer,20,weak,Keywords ['trailer'] (+20),general
4879420,web_result,unknown_date,https://rogueliker.com/beltfed-roguelike-factory-defense-announcement-trailer-steam,Automation meets tower defense meets the swarm in ...,"Beltfed – Roguelike Factory Defense is exactly what it says on the tin, a factory game built around tower defense mechanics, and then held together with a roguelike progression loop. It sounds like there’ll be mid-run upgrade cards to keep things fresh, and you’ll unlock new tech to use in future runs. [...] If you want to see Beltfed – Roguelike Factory Defense in action, there’s a trailer below that shows off the scale of the insect hordes, and I have to say, it’s impressive stuff, and I look forward to taking a deeper dive when the time comes.

## Would you like to know more? [...] Skip to content

 YouTube
 Reddit
 Bluesky
 Google

## Automation meets tower defense meets the swarm in Beltfed, newly announced on Steam

Mike Holmes

If run-of-the-mill automation games are just a bit too cosy for you, then Beltfed – Roguelike Factory Defense might be a game to put on your wishlist, because in this one you’re not just trying to optimise; you’re trying to build a factory capable of wiping out huge swarms of giant insects.",,trailer,20,weak,Keywords ['trailer'] (+20),general
4879420,web_result,unknown_date,https://www.metacritic.com/game/beltfed-roguelike-factory-defense/details,BELTFED - Roguelike Factory Defense details,"BELTFED - Roguelike Factory Defense

# Details

 Critic Reviews
 User Reviews
 Details

Description: ?????The Game Apple Tried Rejecting 3 Times For Being Too Bloody & Violent!!! ?????Crazy Jetpack Stickman Terrorists have taken over the city! Camp on the metropolitan rooftops and take them all out in this action-packed sniper arcade game!

## Overview

Platforms:

 PC

Publisher:Hello World Studios

Genres:

 Real-Time Tactics

Advertisement",,,20,weak,Exact title match (+20),general
4879420,web_result,unknown_date,https://rogueliker.com/beltfed-roguelike-factory-defense-announcement-trailer-steam,Automation meets tower defense meets the swarm in ...,"Beltfed – Roguelike Factory Defense is exactly what it says on the tin, a factory game built around tower defense mechanics, and then held together with a roguelike progression loop. It sounds like there’ll be mid-run upgrade cards to keep things fresh, and you’ll unlock new tech to use in future runs. [...] Skip to content

 YouTube
 Reddit
 Bluesky
 Google

## Automation meets tower defense meets the swarm in Beltfed, newly announced on Steam

Mike Holmes

If run-of-the-mill automation games are just a bit too cosy for you, then Beltfed – Roguelike Factory Defense might be a game to put on your wishlist, because in this one you’re not just trying to optimise; you’re trying to build a factory capable of wiping out huge swarms of giant insects. [...] If you want to see Beltfed – Roguelike Factory Defense in action, there’s a trailer below that shows off the scale of the insect hordes, and I have to say, it’s impressive stuff, and I look forward to taking a deeper dive when the time comes.

## Would you like to know more?",,trailer,20,weak,Keywords ['trailer'] (+20),general
4879420,web_result,unknown_date,https://games.mxdwn.com/news/beltfed-a-roguelike-factory-defense-game-has-just-been-announced,"Beltfed, a Roguelike ""Factory-Defense"" Game, Has Just ...","The trailer places viewers in the heart of the action, showing off the carnage created by the waves of enemies crashing against the factory’s walls. The wall itself is made up of standard weapons one would see in the defense game, such as lightning conductors, turret guns, and flamethrowers. Later on, the factory also makes use a flaming train to clear away enemies on a track. After the preview, the heart of the game is revealed as players begin with a single structure called the Nexus before [...] One of the most unique mechanics shown off is the emphasis on power, forcing players to wire energy to their outer defenses to make sure they work correctly. These defenses will also be a target for the enemy’s attacks, making defense on all fronts vital to ensure stability. The ultimate goal of the player will be to stave off aggression from the Nexus for as long as possible to unlock permanent upgrades such as new buildings, upgrades, and weapons. [...] Despite the popularity that the tower-defense genre has enjoyed over the years, many games with the label primarily make innovations based on the kinds of abilities tower have or what challenges players will need to overcome. The upcoming Beltfedtakes a much more drastic approach by removing towers from the game entirely, instead having players build up a massive factory in a style of game appropriately dubbed “factory-defense”. A few days ago, the game was announced alongside a new trailer and",,trailer,20,weak,Keywords ['trailer'] (+20),general
4879420,web_result,unknown_date,https://www.metacritic.com/game/beltfed-roguelike-factory-defense/details,BELTFED - Roguelike Factory Defense details,"BELTFED - Roguelike Factory Defense

# Details

 Critic Reviews
 User Reviews
 Details

Description: ?????The Game Apple Tried Rejecting 3 Times For Being Too Bloody & Violent!!! ?????Crazy Jetpack Stickman Terrorists have taken over the city! Camp on the metropolitan rooftops and take them all out in this action-packed sniper arcade game!

## Overview

Platforms:

 PC

Publisher:Hello World Studios

Genres:

 Real-Time Tactics

Advertisement",,,20,weak,Exact title match (+20),general
4879420,web_result,unknown_date,https://games.mxdwn.com/news/beltfed-a-roguelike-factory-defense-game-has-just-been-announced,"Beltfed, a Roguelike ""Factory-Defense"" Game, Has Just ...","The developer of Beltfed,Hello World Studios, has received a lot of attention on the announcement trailer given how new the channel is. While no exact release date has been given, the game is set to come during 2027 on PC.

Alexander Jordan

(

© mxdwn.com 2001 - 2026. All rights reserved. Privacy Policy [...] Despite the popularity that the tower-defense genre has enjoyed over the years, many games with the label primarily make innovations based on the kinds of abilities tower have or what challenges players will need to overcome. The upcoming Beltfedtakes a much more drastic approach by removing towers from the game entirely, instead having players build up a massive factory in a style of game appropriately dubbed “factory-defense”. A few days ago, the game was announced alongside a new trailer and [...] a new trailer and Steam store page.",,"trailer, announcement, release date",20,weak,"Keywords ['trailer', 'announcement', 'release date'] (+20)",general
4879420,web_result,unknown_date,https://games.mxdwn.com/news/beltfed-a-roguelike-factory-defense-game-has-just-been-announced,"Beltfed, a Roguelike ""Factory-Defense"" Game, Has Just ...","The developer of Beltfed,Hello World Studios, has received a lot of attention on the announcement trailer given how new the channel is. While no exact release date has been given, the game is set to come during 2027 on PC.

Alexander Jordan

(

© mxdwn.com 2001 - 2026. All rights reserved. Privacy Policy [...] Despite the popularity that the tower-defense genre has enjoyed over the years, many games with the label primarily make innovations based on the kinds of abilities tower have or what challenges players will need to overcome. The upcoming Beltfedtakes a much more drastic approach by removing towers from the game entirely, instead having players build up a massive factory in a style of game appropriately dubbed “factory-defense”. A few days ago, the game was announced alongside a new trailer and [...] the Nexus before applying their resources to different areas of the factory. With each new run, players will be able to try different Nexus cores as they unlock them and travel to different planets with unique rules to encourage experimentation.",,"trailer, announcement, release date",20,weak,"Keywords ['trailer', 'announcement', 'release date'] (+20)",general
4879420,reddit_discussion,unknown_date,https://www.reddit.com/r/LowSodiumHellDivers/comments/1qzzigd/am_i_missing_something_about_the_belt_fed_gl,Am I missing something about the belt fed GL : r/LowSodiumHellDivers,"Even without the supply pack, the GL exceeds the BFGL in total damage output of all ammo combined (16000 vs 15000) and even has a bigger blast",,,10,weak,Reddit (+10),social
4879420,web_result,unknown_date,https://www.gamingonlinux.com/2026/09/factory-defence-in-beltfed-looks-juicy-as-you-take-down-millions-of-bugs,Factory defence in BELTFED looks juicy as you take down ...,"More about it - BELTFED is a factory defence game that combines factory automation with large scale wave-based defence. Players take on the role of a rogue AI whose one directive is to automate death - laying conveyor belts, wiring up smelters and assemblers, and arming an ever expanding war machine as waves of giant hostile enemy insects grow larger with every run. Like a much more explosive version of Factorio. The game is built around a roguelike run structure, with a massive number of [...] Factory Automation: Conveyor belts, smelters and assemblers turn raw resources into an endless supply of ammunition.
 Tower Defense Combat: Guns, flamethrowers, rocket launchers, mortars, lasers, drones and mines, all supplied by your own production lines.
 Massive Swarms: Ludicrous amounts of enemies on screen at once, with kill counts reaching the millions in a single run.
 Roguelike Runs: Every run is a fresh build with a defined beginning and end, not a base to maintain indefinitely. [...] 0 comments

A genre blending roguelike that casts players as a rogue AI automating an escalating war against waves of bugs - BELTFED is an instant wishlist.",,,5,weak,Social Index (+5),general
4879420,web_result,unknown_date,https://www.gamingonlinux.com/2026/09/factory-defence-in-beltfed-looks-juicy-as-you-take-down-millions-of-bugs,Factory defence in BELTFED looks juicy as you take down ...,"More about it - BELTFED is a factory defence game that combines factory automation with large scale wave-based defence. Players take on the role of a rogue AI whose one directive is to automate death - laying conveyor belts, wiring up smelters and assemblers, and arming an ever expanding war machine as waves of giant hostile enemy insects grow larger with every run. Like a much more explosive version of Factorio. The game is built around a roguelike run structure, with a massive number of [...] Factory Automation: Conveyor belts, smelters and assemblers turn raw resources into an endless supply of ammunition.
 Tower Defense Combat: Guns, flamethrowers, rocket launchers, mortars, lasers, drones and mines, all supplied by your own production lines.
 Massive Swarms: Ludicrous amounts of enemies on screen at once, with kill counts reaching the millions in a single run.
 Roguelike Runs: Every run is a fresh build with a defined beginning and end, not a base to maintain indefinitely. [...] 0 comments

A genre blending roguelike that casts players as a rogue AI automating an escalating war against waves of bugs - BELTFED is an instant wishlist.",,,5,weak,Social Index (+5),general
4879420,web_result,unknown_date,https://www.gamingonlinux.com/2026/09/factory-defence-in-beltfed-looks-juicy-as-you-take-down-millions-of-bugs,Factory defence in BELTFED looks juicy as you take down ...,"More about it - BELTFED is a factory defence game that combines factory automation with large scale wave-based defence. Players take on the role of a rogue AI whose one directive is to automate death - laying conveyor belts, wiring up smelters and assemblers, and arming an ever expanding war machine as waves of giant hostile enemy insects grow larger with every run. Like a much more explosive version of Factorio. The game is built around a roguelike run structure, with a massive number of [...] Factory Automation: Conveyor belts, smelters and assemblers turn raw resources into an endless supply of ammunition.
 Tower Defense Combat: Guns, flamethrowers, rocket launchers, mortars, lasers, drones and mines, all supplied by your own production lines.
 Massive Swarms: Ludicrous amounts of enemies on screen at once, with kill counts reaching the millions in a single run.
 Roguelike Runs: Every run is a fresh build with a defined beginning and end, not a base to maintain indefinitely. [...] The developer is pretty local to me personally too, which is fun as that doesn't seem to happen very often.

BELTFED

Platform: ⚛ Proton / Wine (Windows)

Devs:Hello World Studios

Official links:SteamBluesky

Article taken from GamingOnLinux.com.

Tags: Proton, Automation, Indie Game, Roguelike, RTS, Steam, Strategy, Upcoming | Apps: BELTFED

2 Likes

Share

Bluesky

Mastodon

Reddit

Facebook

Telegram

About the author - Liam Squires-Hand

author picture",,,5,weak,Social Index (+5),general
4879420,web_result,unknown_date,https://www.gamingonlinux.com/2026/09/factory-defence-in-beltfed-looks-juicy-as-you-take-down-millions-of-bugs,Factory defence in BELTFED looks juicy as you take down ...,"The developer is pretty local to me personally too, which is fun as that doesn't seem to happen very often.

BELTFED

Platform: ⚛ Proton / Wine (Windows)

Devs:Hello World Studios

Official links:SteamBluesky

Article taken from GamingOnLinux.com.

Tags: Proton, Automation, Indie Game, Roguelike, RTS, Steam, Strategy, Upcoming | Apps: BELTFED

2 Likes

Share

Bluesky

Mastodon

Reddit

Facebook

Telegram

About the author - Liam Squires-Hand

author picture [...] More about it - BELTFED is a factory defence game that combines factory automation with large scale wave-based defence. Players take on the role of a rogue AI whose one directive is to automate death - laying conveyor belts, wiring up smelters and assemblers, and arming an ever expanding war machine as waves of giant hostile enemy insects grow larger with every run. Like a much more explosive version of Factorio. The game is built around a roguelike run structure, with a massive number of [...] 0 comments

A genre blending roguelike that casts players as a rogue AI automating an escalating war against waves of bugs - BELTFED is an instant wishlist.",,,5,weak,Social Index (+5),general
4879420,social_post,unknown_date,https://www.youtube.com/watch?v=K-4xhVD7WDQ,I built a belt fed potato cannon,"[3:19] Step one was now complete and the next step was to make it beltfed. And for that I first had to dig around in my closet to find a suitable belt. These
[3:26] spud holsters were made with solid gold tubes. And the idea here is to somehow place this belt between the barrel and chamber and then feed it in one case at
[3:35] a time almost like it's being fed the belt. For the feeding mechanism, I made this star thing, but it had some alignment issues. So, after an intense [...] ### Transcript
[0:00] The fully automatic potato cannon is the holy grail of potato cannons. And what if I told you I made one? It's beltfed and it works.
[0:10] Technically speaking, we'll get to that technically part later, but for now, I'll be strictly following this common four-step plan for creating full auto
[0:17] potato cannons. Starting with building the tuber shooter. I already had this old air cannon lying around, which was originally designed for preparing salads [...] [9:13] But I figured I'd still be able to do some damage to these sodas. So, I loaded four ters for four targets and went to work.
[9:25] [music]
[9:34] All right, this thing technically works and is incredibly cool looking, but it isn't quite what I wanted. So, I'll be redesigning everything in the next video. I also have a Patreon if you want
[9:42] to directly fund the channel and see more expensive projects like this one.",,,5,weak,Social Index (+5),social
4879420,social_post,unknown_date,https://www.youtube.com/watch?v=shwyXUNelis,Helldivers 2 – The Belt-Fed Grenade Launcher Is Kind of Amazing for Solo (Super Helldive Difficulty),"[42:04] right? The belt fed is specifically like a chaff. Um, he's just kind of hanging there.
[42:13] What is it? It's a charger.
[42:17] Actually, I'll just leave you alone if you want to just hang out there since we got a bow titan kind of rushing us down.
[42:24] Yeah, of course you want to bring it with strategy that are going to deal with the bigger guys since the belt fed is designed for the chaff.
[42:34] Holy crap. You're really taking those, huh? [...] ### Transcript
[0:00] The beltfed grenade launcher. I've heard quite a few negative things about it since its release. But personally, I have been having quite a fun time using
[0:07] it on the terminates. If paired with other equipment that are built for getting rid of biotitans, impellers, and chargers, then the beltfed GL can just [...] [9:07] Going to nuke that a little bit. Yeah, just kind of top off here on the grenades. But yeah, dude, who is out there saying the belt fed is not very
[9:16] good, man? It's fantastic. So much fun to use, too. I will say probably, you know, I used it against the automatons
[9:24] like the cyborgs when we were in Cyber Stand. I didn't enjoy it too too much there.
[9:33] That's because against, you know, more armored enemies, it really isn't the greatest.",,,5,weak,Social Index (+5),social
4879420,social_post,unknown_date,https://www.youtube.com/watch?v=f-Yw_3ILzws,Civilian Belt-Fed vs the Legendary M249 SAW | Forced Reset Trigger + FightLite MCR,"[33:36] this is a beltfed AR-15 lower. So, like you guys noticed, this does take magazine still. So, it's still u just a standard AR-15 lower-ish. It just they
[33:45] cut out this part to have belts ride a little bit higher. Uh because if you use the standard AR-15 lower with their adapter, the mags or belts sit really low. So, the gun needs very long bipods.
[33:56] This raises it up about an inch and a half, maybe even 2 in, which is quite a bit. So, um that is really, really nice. [...] [2:14] is going to help you with maneuverability and also just having better defensive positions. Now, recently, as you guys see, there's been a new trend of having forced reset
[2:23] rifles, um whether it's a beltfed or just an I becoming a thing among the civilian defense industry. And now, this topic of conversation is now relevant
[2:31] for us civilians. So before uh recent times I would say having a beltfed machine gun of some sort or something [...] [1:35] Yeah. So, it takes linked ammo and it has a three position safety. It's a machine gun. No, dummy. This is a machine gun.
[2:01] machine guns, belt feds in particular, bring tremendous capability to the unit.
[2:05] And that capability is chiefly in the ability to have a better chance of having fire superiority. And what fire superior already brings you is a number of things. one, fire suppression. This",,,5,weak,Social Index (+5),social
4879420,social_post,unknown_date,https://www.youtube.com/watch?v=K-4xhVD7WDQ,I built a belt fed potato cannon - YouTube,"[3:19] Step one was now complete and the next step was to make it beltfed. And for that I first had to dig around in my closet to find a suitable belt. These
[3:26] spud holsters were made with solid gold tubes. And the idea here is to somehow place this belt between the barrel and chamber and then feed it in one case at
[3:35] a time almost like it's being fed the belt. For the feeding mechanism, I made this star thing, but it had some alignment issues. So, after an intense [...] ### Transcript
[0:00] The fully automatic potato cannon is the holy grail of potato cannons. And what if I told you I made one? It's beltfed and it works.
[0:10] Technically speaking, we'll get to that technically part later, but for now, I'll be strictly following this common four-step plan for creating full auto
[0:17] potato cannons. Starting with building the tuber shooter. I already had this old air cannon lying around, which was originally designed for preparing salads [...] [8:19] discharge. Firing and now I guess minus the discharge part. I was running my chamber pressure way too low and
[8:27] consequently encountered my first jam when a potato got stuck in the barrel.
[8:31] After clearing the jam and reloading, I brought the pressure up to 60 PSI. And if this didn't fire a potato, this cannon was entirely useless.
[8:40] Oh. Oh.
[8:43] My beltfed fully automatic potato cannon worked kind of. Here we go again.",,,5,weak,Social Index (+5),social
4879420,social_post,unknown_date,https://www.youtube.com/watch?v=shwyXUNelis,Helldivers 2 – The Belt-Fed Grenade Launcher Is Kind of ... - YouTube,"[42:04] right? The belt fed is specifically like a chaff. Um, he's just kind of hanging there.
[42:13] What is it? It's a charger.
[42:17] Actually, I'll just leave you alone if you want to just hang out there since we got a bow titan kind of rushing us down.
[42:24] Yeah, of course you want to bring it with strategy that are going to deal with the bigger guys since the belt fed is designed for the chaff.
[42:34] Holy crap. You're really taking those, huh? [...] ### Transcript
[0:00] The beltfed grenade launcher. I've heard quite a few negative things about it since its release. But personally, I have been having quite a fun time using
[0:07] it on the terminates. If paired with other equipment that are built for getting rid of biotitans, impellers, and chargers, then the beltfed GL can just [...] [0:54] So, do as you please. So, with this loadout out of the way, let's explode some terminate cockroaches. Well, hell
[1:01] divers. So, I've been told the beltfed grenade launcher is actually not a very good support weapon, but I'mma be real
[1:09] with you. I think that's just bug propaganda cuz god damn it, do I love it against the goddamn bugs. It feels so
[1:16] damn good. I love using it. I actually do. It's not like the best strategy in the game or anything like that, but boy",,,5,weak,Social Index (+5),social
4879420,social_post,unknown_date,https://www.youtube.com/watch?v=f-Yw_3ILzws,Civilian Belt-Fed vs the Legendary M249 SAW - YouTube,"[2:14] is going to help you with maneuverability and also just having better defensive positions. Now, recently, as you guys see, there's been a new trend of having forced reset
[2:23] rifles, um whether it's a beltfed or just an I becoming a thing among the civilian defense industry. And now, this topic of conversation is now relevant
[2:31] for us civilians. So before uh recent times I would say having a beltfed machine gun of some sort or something [...] [33:36] this is a beltfed AR-15 lower. So, like you guys noticed, this does take magazine still. So, it's still u just a standard AR-15 lower-ish. It just they
[33:45] cut out this part to have belts ride a little bit higher. Uh because if you use the standard AR-15 lower with their adapter, the mags or belts sit really low. So, the gun needs very long bipods.
[33:56] This raises it up about an inch and a half, maybe even 2 in, which is quite a bit. So, um that is really, really nice. [...] [1:35] Yeah. So, it takes linked ammo and it has a three position safety. It's a machine gun. No, dummy. This is a machine gun.
[2:01] machine guns, belt feds in particular, bring tremendous capability to the unit.
[2:05] And that capability is chiefly in the ability to have a better chance of having fire superiority. And what fire superior already brings you is a number of things. one, fire suppression. This",,,5,weak,Social Index (+5),social
4879420,social_post,unknown_date,https://www.youtube.com/watch?v=uBTtlWxgk0s,Everyone will learn something with these 50 tips for alchemy factory.,"[0:48] Um, and I'm just going to kind of rapid fire these, talk about them a little bit, as much as I think I need to. So, number one is going to be using the
[0:57] least amount of belts possible. For anybody following along in this uh crazy build journey that I've been doing, um
[1:05] knows that I had like way too many belts on my previous version of the build. [...] [5:44] instance, candles. Everybody knows you can place candles on the floor, but it wasn't until very late in the game that I realized you could press T and you
[5:52] could switch it to a wall mount version as well. So, there's that. Same thing goes with the bridges.
[6:00] Uh the bridges I thought were just kind of like they could only go that direction, but if you press T, they could actually be reversed. Uh so you [...] [1:36] following this one is try and use boxes to replace some of your belts when you can. And there's really two reasons for
[1:44] this. Reason number one, we are thinking, we don't know 100% for sure, but we are thinking that it will help uh in the current state of the game with lag problems.
[1:55] So, we are using boxes every chance we get. It's not very often that you can do that. Obviously, you don't want to do it with your money lines or your fertilizer",,,5,weak,Social Index (+5),social
4879420,social_post,unknown_date,https://www.youtube.com/watch?v=6utivu7tCEw,How to optimize NURSERIES & more | Alchemy Factory,"[29:45] the belt to where it needs to go. A simple tiered system like I'm making over here, which is layer upon layer of belts kind of creates a bus of flex in
[29:54] this case. And you could stack this up pretty high actually, but you do want to be able to actually get around your factory. So I recommend keeping it to
[30:01] about this level. Uh I'm going to add three more belts on top of this. So this is six belts on top of each other. And this is what this looks like when it's [...] [0:57] money to expand your factory, then things are just going to come to a standstill. So, in order to combat that, there's two different things you can do.
[1:04] You can focus on your shop as option one. And if you do that, then I would recommend you reset your points. It will cost you a little bit of money, but
[1:11] that's not a big problem. And then just put all your points in sales ability. [...] [3:05] in mind that if you have a lot of money, you can always build more factory and improve your factory that way. Now, because I'm going to go down the quest
[3:12] route, I'm going to reoptimize the layout of my shop a little bit. Don't worry, we're going to be doing this a couple of more times throughout the game, so don't worry too much about",,,5,weak,Social Index (+5),social
4879420,social_post,unknown_date,https://www.youtube.com/watch?v=WNKxVudFOpk,Factory Gate - Woods Extract Guide - Escape From Tarkov,"[1:40] it doesn't matter as long as the minimum is required being one scav and one PMC again good luck with this extract let me
[1:49] know what you got down below and now for the video sponsor me go check out cool gaming stuff.com where we got all kind
[1:57] of tacle stuff you can get your personalized name plates keychains as well as a load of other cool in-game
[2:04] items over at cool gaming stuff.com hopefully you guys found that guide useful if you did don't forget to leave [...] The possible Extracts that you can use during your current Raid appear under the timer when you load into the Raid and can be pulled up at any time by holding the O button on your keyboard

Watch more Tarkov Extracts:    • All Tarkov Extract Guides - Escape From Ta... [...] 🔵🟣⚫ Useful Tarkov Links:
Keys:    • All Tarkov Key Guides - Escape From Tarkov...  
Tasks:    • All Tarkov Task Guides - Escape From Tarko...  
Extracts:    • All Tarkov Extract Guides - Escape From Ta...  
Looting:    • All Loot Guides - Escape From Tarkov | Pir...  

Tarkov Wiki: 
Tarkov Maps: 
Tarkov Prices: 
Tarkov Ammo: 

🔵🟣⚫ Stream Schedule:
Streams everyday starting at 8AM GMT
Livestreams: 
Check Discord and Twitter for updates on Streams",,,5,weak,Social Index (+5),social
4879420,social_post,unknown_date,https://www.youtube.com/watch?v=a__I_qjQqyo,From SAND To MEGAPROJECT: SATURN In ALCHEMY FACTORY | 09 | Lets Play,"[5:48] Yeah. And inbound like that. And the same on the other side inbound.
[6:01] Then that is incredibly simple. So all we need to do now is hook up basically
[6:09] this module which we have saved as a blueprint. It is called clav foot belt. Full belt. No it's clay but some kind.
[6:16] Somehow this uh is not working. Uh here. So it's going to be two from this side. [...] [21:28] So that's rock salt for setup for this arcane fountain and rock salt. Yes. And then we can copy it. Then it makes it easier because now it copies the settings as well.
[21:42] here. That one.
[21:46] And we don't want to have it on a belt here with rock salt cuz that's just way too much money. Also, um, another thing
[21:53] is it doesn't really need to go here. So, that and then I'm going to put these as [...] [19:48] So far so good. Then I am going to uh hold on. That's the other way around.
[19:55] This will go out on the ah see that's is this is uh interesting
[20:02] because that is I wanted to go in here but in this case I'm bringing it in from the inside and
[20:11] then crushing it on the way back. But here, if I want it out here, then I have to bring it in from the outside. And that's bad because that's too much. If",,,5,weak,Social Index (+5),social
4879420,social_post,unknown_date,https://www.youtube.com/watch?v=Ss3nlIJg548,Cheesecake Factory Broke Every Rule... And Won,"OTHERS 
Hand Blender: 
Blender: 
Food Grade Gloves: 
Glass Mason Jars 8 Oz.: 
Glass 7 Cup with Lid Container Kit: 

VIDEO EQUIPMENT 
Main Camera: 
Main Lens: 
Zoom Lens: 
Microphone:  
Slider: 
Voice Over Mic: 

My Music 

If you have any questions please leave a comment below and I will reply.  Thank you so much for watching see you on the next video! :-) [...] [2:29] that because vegetable tastes like salad and I don't think it should go on a burger. Let's go ahead and add that top bun right there. Oh, I love it. Looks [music] beautiful. Cheers.
[2:47] [music]
[2:49] Wow, that is an incredible burger. It is delicious, juicy. Look at it. As I'm holding, everything is dripping of juice [...] [4:47] right. And the bacon is not even close to guanchal. I'm going to have to give this one a three because it's edible but it's not carbonara. It's something else.
[4:57] All of this eating is getting me to think, how does a restaurant keep over 250 items on the menu and don't go bankrupt? I think I have the answer.
[5:07] They are sharing ingredients based on their dishes. That way, it's not so personalized for every dish. I also",,,5,weak,Social Index (+5),social
4879420,social_post,unknown_date,https://www.youtube.com/watch?v=g7RjcXz2aeE,Now THIS is a roguelike that will suck you in. | Megabonk,"[39:00] Guess I'm not in a rush to grab that. Plus five shield, huh? Plus 5% armor.
[39:08] Let me see here. Armor is 19%. So that must be damage reduction in some way.
[39:13] Shield, I wonder. It might be a rechargeable defense. Okay, hold on. We got the Mai thing.
[39:23] Consult the MO. Plus 8% XP gain.
[39:26] Definitely not just a normal watch. Yep, we'll do that. Let's grab this vase.
[39:33] Sorry, it's a pot apparently. [...] [43:45] it. I can't tell if I love it yet, but I can definitely throw it in the like category. Looks like there's a lot of crap here, too. There's a lot of things to unlock. Much to do. Thank you so much for watching. Remember to like, comment, subscribe. Wait, I already said that.
[43:55] And I shall see you in another [...] [0:14] than 10 bucks for it. Let us check it out, shall we? And this is definitely going to be a first impression style thing, but from the reviews and what I
[0:22] can read, well, it's 95% positive step one. So, it's really really wellliked.
[0:27] And also that's a lot lot lot lot of reviews for just a few days after launch. I will say I don't think it was in early access or anything. But yeah,",,,5,weak,Social Index (+5),social
4879420,social_post,unknown_date,https://www.youtube.com/watch?v=dUtNLAgXi9o,"Yup, It’s a Sushi Roguelike","[26:35] we're getting from the fish and this is a really strong build. I I mean that's really that's really good. 11,000 is
[26:42] nice. We needed that heavily. You just need 1,000 more. Can you get there? I'm sure you can. Give me something like
[26:50] this. Unfortunately, some stale nonsense is a little bit annoying, but this will be 700 and you'll be happy. Man, am I concerned about the build? Yeah. [...] [4:58] Choose your path. wisely. Remember that path will be different every time. I mean, look, I I like the idea of
[5:07] hitting training, but I like the idea of going to the the Omicaz early.
[5:13] So, I I kind of think we're going to go the top path here, which could be it could be a mistake. I don't know. Before your next service, let's visit the [...] [39:43] all these achievements. I mean look it's a cute little ballotro like I'm I'm with it. It's a fun theme. It's a sushi rogike. Thanks so much for watching. If you enjoyed go check out the game. and
[39:51] leave a like on the video. Subscribe to the channel if you're not subscribed.
[39:54] I'll see you guys later. Have a good one. Bye-bye. [music]",,,5,weak,Social Index (+5),social
4879420,social_post,unknown_date,https://www.youtube.com/watch?v=rLprbptDcwI,I turned Peggle into a Roguelike,"[26:24] 2715. Beautiful. Beautiful. Oh no. It bounced off. That's a bummer. Okay. But we got we we opened a hole. That's what's important. And we got a
[26:32] hat. Okay. Got a free ball. I think 10:30 is a good bet, but I have a hard time with this. We shall unleash our
[26:39] skill and courage to conquer this challenge and etch our victory into the annals of pegle history. We're going to [...] [20:15] the right path, which is a much easier level, but we get a pretty bad hero in return. But because this level is easier, we can risk using our pumpkin hero since he's fairly bad as well.
[20:25] Happy Halloween. Now, let's roll this
[20:29] [Music]
[20:31] nerf. You know what? Of all the ones for this to happen on, it's a pretty good level, I guess. Send photo, please. You [...] [31:37] They're really hard. Okay, we got one. [ __ ] I don't know what we do. I
[31:45] think that's good. We'll see. I don't know. We'll [ __ ] see. Got it. Oh, another orange. Okay, so the way
[31:53] this will work is that wherever we shoot it, it will correct the shot to get as much as possible. Yeah, if we do a 5745, I think it'll adjust and get us these",,,5,weak,Social Index (+5),social
4879420,social_post,unknown_date,https://www.youtube.com/watch?v=G9FB5R4wVno,"Roguelikes, Persistency, and Progression","=== Chapters ===

00:00 - Intro
01:40 - Roguelikes (No Persistent Upgrades)
03:11 - Roguelites (Persistant Upgrades)
04:52 - Giving a Sense of Progression
07:22 - Helping Players Win
08:52 - Rewarding Player Skill
10:28 - Conclusion

=== Games Shown === [...] starting your next run - until you give up all of your unspent money. The idea is, you
can’t save up small amounts of money over the course of multiple runs, and then spend
it all at once on an expensive upgrade. You have to earn a lot of money in a single run
- thus, proving your ability to stay alive long enough to fatten up your wallet. And then in Dead Cells, you don’t actually
keep your money when you die. You have to make sure that you spend your cash at one [...] bosses nets you a special currency that you’ll hold onto - even after you die. And you can
use this money in a shop in the game’s hub world: but it’s not to unlock new powers
for your character like extra health or bigger ammo crates. Instead, it simply adds more
weapons to the game’s already bursting selection of randomly dropped guns. Meaning next time
you go to a treasure chest, there’s now a few more firearms that could pop out. This doesn’t massively affect the balance",,,5,weak,Social Index (+5),social
4879420,social_post,unknown_date,https://www.youtube.com/watch?v=nOh5yB45vjY,Galactic Racer's Roguelike Story Mode is Surprisingly Good,"[6:28] your bike you want to upgrade. Uh, then there's the actual parts where you can add in, okay, I'm going to add in an afterburner recharger. I'm going to add in a better shield or I'm going to add
[6:37] in I'm going to make an upgrade to my my ramjet which is like this uh you have to like arm this turbo button essentially.
[6:46] It feels really cool cuz you have like a meter that slowly charges and then you have to like arm it and then you you",,,5,weak,Social Index (+5),social
4879420,social_post,unknown_date,https://www.gamingonlinux.com/2026/09/factory-defence-in-beltfed-looks-juicy-as-you-take-down-millions-of-bugs,Factory defence in BELTFED looks juicy as you take down ...,"More about it - BELTFED is a factory defence game that combines factory automation with large scale wave-based defence. Players take on the role of a rogue AI whose one directive is to automate death - laying conveyor belts, wiring up smelters and assemblers, and arming an ever expanding war machine as waves of giant hostile enemy insects grow larger with every run. Like a much more explosive version of Factorio. The game is built around a roguelike run structure, with a massive number of [...] 0 comments

A genre blending roguelike that casts players as a rogue AI automating an escalating war against waves of bugs - BELTFED is an instant wishlist. [...] The developer is pretty local to me personally too, which is fun as that doesn't seem to happen very often.

BELTFED

Platform: ⚛ Proton / Wine (Windows)

Devs:Hello World Studios

Official links:SteamBluesky

Article taken from GamingOnLinux.com.

Tags: Proton, Automation, Indie Game, Roguelike, RTS, Steam, Strategy, Upcoming | Apps: BELTFED

2 Likes

Share

Bluesky

Mastodon

Reddit

Facebook

Telegram

About the author - Liam Squires-Hand

author picture",,,5,weak,Social Index (+5),social
4879420,web_result,unknown_date,https://rogueliker.com/beltfed-roguelike-factory-defense-announcement-trailer-steam,Automation meets tower defense meets the swarm in ...,"Beltfed – Roguelike Factory Defense is exactly what it says on the tin, a factory game built around tower defense mechanics, and then held together with a roguelike progression loop. It sounds like there’ll be mid-run upgrade cards to keep things fresh, and you’ll unlock new tech to use in future runs. [...] Skip to content

 YouTube
 Reddit
 Bluesky
 Google

## Automation meets tower defense meets the swarm in Beltfed, newly announced on Steam

Mike Holmes

If run-of-the-mill automation games are just a bit too cosy for you, then Beltfed – Roguelike Factory Defense might be a game to put on your wishlist, because in this one you’re not just trying to optimise; you’re trying to build a factory capable of wiping out huge swarms of giant insects. [...] Hello World Studios is the developer behind this ambitious-sounding game, and the plan is to bring it to PC (Win) at some point in 2027. The new Steam page for Beltfed is also now live, so head over and do the whole wishlisting thing, should the thought of building an automated death factory sound like your idea of a good time.",,,0,weak,,general
4879420,web_result,unknown_date,https://rogueliker.com/beltfed-roguelike-factory-defense-announcement-trailer-steam,Automation meets tower defense meets the swarm in ...,"Beltfed – Roguelike Factory Defense is exactly what it says on the tin, a factory game built around tower defense mechanics, and then held together with a roguelike progression loop. It sounds like there’ll be mid-run upgrade cards to keep things fresh, and you’ll unlock new tech to use in future runs. [...] The game has you playing as a rogue AI, building intricate factories that then rain fire upon massive swarms of insects. I’m not sure why you’ve gone rogue, but you’ll be taking your rampant AI self to various planets, each with its own challenges and rules.

In a game like this, I’m always intrigued by the vast scales that developers aim for, and Beltfed is no different. We’re promised “insane amounts of enemies on screen at once, with kill counts reaching the millions in a single run.” [...] Skip to content

 YouTube
 Reddit
 Bluesky
 Google

## Automation meets tower defense meets the swarm in Beltfed, newly announced on Steam

Mike Holmes

If run-of-the-mill automation games are just a bit too cosy for you, then Beltfed – Roguelike Factory Defense might be a game to put on your wishlist, because in this one you’re not just trying to optimise; you’re trying to build a factory capable of wiping out huge swarms of giant insects.",,,0,weak,,general
